outage_id,feeder_id,start_ts,end_ts,duration_min,cause,crew_id,customers_affected
OG-001652,FD-024,2025-10-08 19:15:00,2025-10-08 20:59:00,104,lightning strike,CR-13,1270
OG-000355,FD-005,2024-05-06 19:45:00,2024-05-06 21:48:00,123,lightning strike,CR-07,3255
OG-002224,FD-020,2026-03-31 05:30:00,2026-03-31 07:49:00,139,storm damage,CR-14,2227
OG-000587,FD-010,2024-01-08 15:15:00,2024-01-08 16:51:00,96,storm damage,CR-03,61
OG-001511,FD-030,2025-10-07 14:15:00,2025-10-07 16:45:00,150,storm damage,CR-10,7841
OG-001222,FD-014,2025-04-14 12:15:00,2025-04-14 16:09:00,234,vegetation contact,,5116
OG-002047,FD-002,2025-11-25 12:15:00,2025-11-25 16:33:00,258,storm damage,CR-04,364
OG-000120,FD-021,2024-03-22 20:30:00,2024-03-22 22:21:00,111,pole collapse,CR-15,2169
OG-001439,FD-032,2025-06-21 11:15:00,2025-06-21 13:00:00,105,pole collapse,CR-07,295
OG-000071,FD-036,2024-01-03 00:45:00,2024-01-03 07:28:00,403,storm damage,CR-17,1594
OG-000908,FD-033,2024-03-10 13:45:00,2024-03-10 15:30:00,105,overload,CR-04,1437
OG-000217,FD-009,2024-04-26 15:30:00,2024-04-26 18:29:00,179,lightning strike,CR-14,2954
OG-001724,FD-001,2025-08-24 02:30:00,2025-08-24 02:38:00,8,pole collapse,CR-18,4511
OG-002075,FD-015,2025-12-19 06:30:00,2025-12-19 08:35:00,125,transformer fault,CR-05,485
OG-002379,FD-017,2026-05-18 17:30:00,2026-05-18 19:50:00,140,vegetation contact,CR-04,2012
OG-000197,FD-015,2024-04-18 08:00:00,2024-04-18 14:05:00,365,storm damage,CR-05,559
OG-000040,FD-017,2024-01-27 01:15:00,2024-01-27 02:10:00,55,planned maintenance,CR-15,1779
OG-002071,FD-021,2025-12-13 21:45:00,2025-12-13 23:51:00,126,lightning strike,CR-02,1621
OG-000199,FD-023,2024-04-19 14:30:00,2024-04-19 16:43:00,133,pole collapse,CR-12,2205
OG-000637,FD-032,2024-11-08 15:30:00,2024-11-08 19:16:00,226,vegetation contact,CR-10,1754
OG-000917,FD-034,2024-05-10 16:30:00,2024-05-10 19:35:00,185,vegetation contact,CR-08,451
OG-001168,FD-034,2025-03-23 09:00:00,2025-03-23 09:08:00,8,planned maintenance,CR-04,293
OG-000707,FD-029,2024-08-24 13:15:00,2024-08-24 16:22:00,187,unknown,CR-12,1506
OG-002411,FD-021,2026-05-25 09:00:00,2026-05-25 12:39:00,219,storm damage,CR-14,2396
OG-001668,FD-022,2025-08-13 17:45:00,2025-08-13 19:22:00,97,pole collapse,CR-13,441
OG-001232,FD-029,2025-04-17 14:45:00,2025-04-17 18:07:00,202,lightning strike,CR-13,2442
OG-001617,FD-037,2025-04-08 01:00:00,2025-04-08 02:06:00,66,storm damage,CR-03,1552
OG-000326,FD-012,2024-05-28 21:15:00,2024-05-28 22:07:00,52,overload,CR-10,1374
OG-000370,FD-002,2024-06-09 13:00:00,2024-06-09 15:27:00,147,vegetation contact,CR-10,4170
OG-000398,FD-026,2024-06-17 20:30:00,2024-06-17 23:38:00,188,vegetation contact,CR-14,3131
OG-002276,FD-006,2026-04-15 10:00:00,2026-04-15 11:24:00,84,vegetation contact,CR-12,3952
OG-001712,FD-009,2025-08-22 16:30:00,2025-08-22 23:13:00,403,lightning strike,CR-06,2838
OG-001333,FD-028,2025-05-19 12:30:00,2025-05-19 14:56:00,146,vegetation contact,CR-04,5565
OG-002365,FD-027,2026-05-12 03:15:00,2026-05-12 05:05:00,110,planned maintenance,CR-13,950
OG-002129,FD-022,2026-02-16 11:00:00,2026-02-16 11:23:00,23,planned maintenance,CR-02,912
OG-000021,FD-015,2024-01-15 09:45:00,2024-01-15 13:02:00,197,planned maintenance,CR-05,969
OG-000439,FD-007,2024-06-27 12:30:00,2024-06-27 13:57:00,87,overload,CR-17,1146
OG-000409,FD-014,2024-06-20 09:30:00,2024-06-20 13:49:00,259,storm damage,CR-17,3396
OG-000986,FD-021,2024-10-28 00:00:00,2024-10-28 03:51:00,231,storm damage,CR-12,169
OG-001171,FD-023,2025-03-25 09:45:00,2025-03-25 13:09:00,204,equipment failure,CR-14,2156
OG-001525,FD-034,2025-07-13 05:30:00,2025-07-13 08:21:00,171,lightning strike,CR-08,761
OG-002234,FD-027,2026-02-04 05:30:00,2026-02-04 08:08:00,158,planned maintenance,CR-08,1091
OG-001547,FD-002,2025-07-17 03:45:00,2025-07-17 05:08:00,83,cable theft,CR-11,3626
OG-000979,FD-007,2024-10-24 22:45:00,2024-10-24 23:22:00,37,lightning strike,CR-09,1573
OG-001678,FD-009,2025-08-15 00:00:00,2025-08-15 00:08:00,8,lightning strike,CR-11,1338
OG-000523,FD-029,2024-07-17 19:00:00,2024-07-17 21:28:00,148,transformer fault,CR-12,2454
OG-002504,FD-035,2026-06-20 13:00:00,2026-06-20 16:09:00,189,vegetation contact,CR-03,823
OG-000580,FD-036,2024-07-30 04:15:00,2024-07-30 06:19:00,124,equipment failure,CR-03,2002
OG-000399,FD-015,2024-06-18 22:30:00,2024-06-18 23:56:00,86,storm damage,CR-04,936
OG-001895,FD-029,2025-09-30 05:30:00,2025-09-30 08:59:00,209,pole collapse,,155
OG-000884,FD-002,2024-09-27 04:00:00,2024-09-27 08:37:00,277,lightning strike,CR-11,4103
OG-001237,FD-034,2025-04-19 10:00:00,2025-04-19 17:58:00,478,pole collapse,CR-13,1302
OG-001729,FD-027,2025-08-26 01:00:00,2025-08-26 03:37:00,157,lightning strike,CR-11,1658
OG-000076,FD-016,2024-03-03 15:15:00,2024-03-03 16:57:00,102,planned maintenance,CR-06,2125
OG-002072,FD-011,2025-12-14 09:30:00,2025-12-14 10:42:00,72,cable theft,CR-05,1435
OG-001973,FD-034,2025-10-21 18:00:00,2025-10-21 21:33:00,213,lightning strike,CR-17,1044
OG-001425,FD-012,2025-06-15 03:00:00,2025-06-15 08:00:00,300,storm damage,CR-03,631
OG-000872,FD-015,2024-09-25 10:00:00,2024-09-25 14:08:00,248,vegetation contact,CR-16,431
OG-001374,FD-008,2025-05-31 06:00:00,2025-05-31 09:46:00,226,storm damage,CR-13,6101
OG-000846,FD-001,2024-09-20 15:15:00,2024-09-20 16:45:00,90,planned maintenance,CR-01,2245
OG-001995,FD-027,2025-10-27 12:15:00,2025-10-27 17:37:00,322,lightning strike,CR-17,156
OG-001070,FD-002,2025-08-01 08:00:00,2025-08-01 08:22:00,22,planned maintenance,CR-11,29
OG-001191,FD-026,2025-02-04 03:00:00,2025-02-04 05:48:00,168,pole collapse,CR-16,2411
OG-002428,FD-003,2026-05-29 04:00:00,2026-05-29 05:24:00,84,pole collapse,CR-14,3344
OG-002044,FD-005,2025-11-23 21:30:00,2025-11-24 01:21:00,231,vegetation contact,CR-17,3542
OG-002366,FD-027,2026-05-13 09:00:00,2026-05-13 12:20:00,200,lightning strike,CR-09,2526
OG-002531,FD-035,2026-06-28 14:30:00,2026-06-28 18:06:00,216,storm damage,CR-18,1277
OG-002135,FD-005,2026-02-19 03:00:00,2026-02-19 06:54:00,234,equipment failure,,3231
OG-000702,FD-031,2024-08-23 10:15:00,2024-08-23 14:57:00,282,storm damage,CR-08,1024
OG-000992,FD-002,2024-10-30 09:45:00,2024-10-30 10:40:00,55,lightning strike,CR-04,5510
OG-000475,FD-023,2024-06-07 14:15:00,2024-06-07 16:13:00,118,storm damage,CR-01,1754
OG-000449,FD-026,2024-06-29 02:00:00,2024-06-29 04:06:00,126,transformer fault,CR-08,3255
OG-001042,FD-019,2024-11-30 00:30:00,2024-11-30 03:29:00,179,unknown,CR-09,3986
OG-001373,FD-032,2025-05-30 08:30:00,2025-05-30 09:54:00,84,pole collapse,CR-18,167
OG-000418,FD-006,2024-06-22 01:30:00,2024-06-22 04:16:00,166,lightning strike,CR-01,6368
OG-001420,FD-016,2025-06-14 18:45:00,2025-06-14 23:12:00,267,lightning strike,CR-06,1724
OG-000035,FD-021,2024-01-24 18:00:00,2024-01-24 19:18:00,78,transformer fault,CR-15,555
OG-002421,FD-016,2026-05-27 05:15:00,2026-05-27 08:45:00,210,storm damage,CR-06,707
OG-000225,FD-026,2024-04-29 01:30:00,2024-04-29 05:48:00,258,lightning strike,CR-10,657
OG-001382,FD-021,2025-02-06 07:30:00,2025-02-06 07:43:00,13,storm damage,CR-14,762
OG-001504,FD-011,2025-07-07 10:45:00,2025-07-07 15:56:00,311,vegetation contact,CR-01,6652
OG-000584,FD-016,2024-07-31 15:00:00,2024-07-31 19:51:00,291,equipment failure,CR-18,1760
OG-001156,FD-002,2025-03-18 08:45:00,2025-03-18 08:53:00,8,equipment failure,CR-05,1731
OG-000756,FD-016,2024-02-09 16:45:00,2024-02-09 20:24:00,219,pole collapse,CR-08,2235
OG-000248,FD-034,2024-06-05 04:45:00,2024-06-05 07:43:00,178,vegetation contact,CR-17,1132
OG-001491,FD-017,2025-05-07 18:15:00,2025-05-07 19:32:00,77,pole collapse,CR-09,1217
OG-001844,FD-025,2025-09-19 14:30:00,2025-09-19 17:05:00,155,cable theft,CR-02,4462
OG-000703,FD-012,2024-08-23 18:00:00,2024-08-23 22:30:00,270,pole collapse,CR-18,875
OG-000514,FD-004,2024-07-14 19:00:00,2024-07-14 22:52:00,232,vegetation contact,CR-02,2451
OG-000292,FD-008,2024-05-18 02:00:00,2024-05-18 02:08:00,8,transformer fault,CR-13,3730
OG-001898,FD-035,2025-09-30 07:30:00,2025-09-30 08:59:00,89,equipment failure,CR-06,41
OG-000142,FD-004,2024-03-30 03:15:00,2024-03-30 05:19:00,124,planned maintenance,CR-11,1231
OG-001521,FD-009,2025-12-07 12:00:00,2025-12-07 14:40:00,160,unknown,CR-01,1643
OG-000588,FD-036,2024-01-08 16:00:00,2024-01-08 20:19:00,259,lightning strike,CR-10,2616
OG-000918,FD-014,2024-05-10 04:30:00,2024-05-10 04:49:00,19,unknown,CR-11,5513
OG-001830,FD-012,2025-09-16 19:45:00,2025-09-16 22:52:00,187,lightning strike,CR-02,899
OG-002535,FD-007,2026-06-29 20:45:00,2026-06-30 01:24:00,279,storm damage,CR-09,696
OG-000893,FD-014,2024-09-29 15:00:00,2024-09-29 21:57:00,417,equipment failure,CR-02,2286
OG-001321,FD-037,2025-05-15 09:45:00,2025-05-15 10:38:00,53,overload,CR-13,788
OG-000671,FD-022,2024-08-18 19:45:00,2024-08-18 22:42:00,177,pole collapse,CR-04,362
OG-002400,FD-033,2026-05-23 09:15:00,2026-05-23 12:44:00,209,planned maintenance,CR-04,1408
OG-001842,FD-025,2025-09-19 02:00:00,2025-09-19 04:42:00,162,equipment failure,CR-02,3206
OG-000865,FD-037,2024-09-23 22:00:00,2024-09-24 00:58:00,178,vegetation contact,CR-05,886
OG-002505,FD-024,2026-06-21 21:15:00,2026-06-22 02:04:00,289,vegetation contact,CR-15,3357
OG-001097,FD-021,2025-09-02 03:15:00,2025-09-02 03:23:00,8,transformer fault,CR-08,2394
OG-002030,FD-006,2025-11-13 18:15:00,2025-11-13 18:57:00,42,vegetation contact,CR-15,3840
OG-000603,FD-025,2024-04-08 12:15:00,2024-04-08 14:37:00,142,lightning strike,CR-18,4482
OG-001149,FD-008,2025-03-16 07:00:00,2025-03-16 11:09:00,249,storm damage,CR-16,837
OG-002242,FD-025,2026-04-04 20:15:00,2026-04-04 22:32:00,137,equipment failure,CR-06,3437
OG-000187,FD-003,2024-04-16 08:30:00,2024-04-16 12:20:00,230,lightning strike,CR-17,6629
OG-000856,FD-014,2024-09-21 16:30:00,2024-09-21 16:38:00,8,transformer fault,CR-03,1775
OG-001775,FD-003,2025-04-09 22:45:00,2025-04-09 22:53:00,8,planned maintenance,,6986
OG-001686,FD-031,2025-08-17 21:15:00,2025-08-18 00:02:00,167,overload,CR-17,1438
OG-002112,FD-036,2026-05-02 01:30:00,2026-05-02 08:14:00,404,storm damage,CR-13,234
OG-000700,FD-031,2024-08-23 20:00:00,2024-08-23 22:25:00,145,lightning strike,,297
OG-000011,FD-009,2024-10-01 09:15:00,2024-10-01 13:56:00,281,storm damage,CR-05,3650
OG-001798,FD-019,2025-10-09 07:00:00,2025-10-09 08:23:00,83,pole collapse,CR-10,1623
OG-002009,FD-012,2025-10-31 05:15:00,2025-10-31 08:29:00,194,pole collapse,CR-09,605
OG-000996,FD-033,2024-01-11 01:00:00,2024-01-11 05:05:00,245,planned maintenance,CR-08,581
OG-001460,FD-004,2025-06-27 03:00:00,2025-06-27 06:07:00,187,pole collapse,CR-16,2380
OG-000080,FD-030,2024-05-03 16:00:00,2024-05-03 17:42:00,102,unknown,CR-18,7267
OG-001173,FD-037,2025-03-25 18:30:00,2025-03-25 19:30:00,60,planned maintenance,CR-14,619
OG-001984,FD-022,2025-10-24 20:15:00,2025-10-24 23:52:00,217,lightning strike,CR-10,709
OG-001266,FD-003,2025-04-30 15:30:00,2025-04-30 15:38:00,8,cable theft,CR-09,1949
OG-001033,FD-027,2024-11-21 13:30:00,2024-11-21 15:32:00,122,lightning strike,CR-17,1678
OG-001564,FD-037,2025-07-21 20:30:00,2025-07-21 21:55:00,85,lightning strike,CR-10,59
OG-001853,FD-017,2025-09-21 15:45:00,2025-09-21 17:58:00,133,pole collapse,CR-11,1974
OG-002298,FD-022,2026-04-24 12:15:00,2026-04-24 13:54:00,99,overload,CR-05,599
OG-000445,FD-022,2024-06-29 23:00:00,2024-06-30 00:25:00,85,unknown,CR-02,91
OG-002079,FD-016,2025-12-21 05:00:00,2025-12-21 06:27:00,87,storm damage,CR-12,2422
OG-002308,FD-014,2026-04-27 23:15:00,2026-04-28 01:15:00,120,lightning strike,CR-17,153
OG-001670,FD-018,2025-08-14 03:45:00,2025-08-14 09:13:00,328,pole collapse,CR-07,38
OG-000431,FD-010,2024-06-25 08:45:00,2024-06-25 12:00:00,195,transformer fault,CR-06,226
OG-000701,FD-013,2024-08-23 00:30:00,2024-08-23 00:38:00,8,unknown,CR-04,4318
OG-002319,FD-004,2026-04-30 10:30:00,2026-04-30 12:52:00,142,lightning strike,CR-13,651
OG-000687,FD-003,2024-08-21 16:15:00,2024-08-21 20:30:00,255,lightning strike,CR-16,1768
OG-000089,FD-019,2024-09-03 16:30:00,2024-09-03 17:12:00,42,planned maintenance,,1034
OG-002211,FD-014,2026-03-24 05:30:00,2026-03-24 07:27:00,117,unknown,CR-07,4079
OG-000023,FD-031,2024-01-17 14:15:00,2024-01-17 15:23:00,68,lightning strike,CR-11,214
OG-001887,FD-026,2025-09-28 20:45:00,2025-09-29 01:15:00,270,vegetation contact,,2716
OG-001501,FD-024,2025-07-07 17:15:00,2025-07-07 17:23:00,8,equipment failure,CR-11,3181
OG-000026,FD-016,2024-01-18 19:30:00,2024-01-18 19:53:00,23,planned maintenance,CR-14,1937
OG-002322,FD-017,2026-02-05 11:15:00,2026-02-05 11:56:00,41,equipment failure,CR-06,1349
OG-000645,FD-006,2024-08-13 00:15:00,2024-08-13 06:16:00,361,vegetation contact,CR-07,6087
OG-000422,FD-003,2024-06-23 08:45:00,2024-06-23 10:20:00,95,vegetation contact,CR-18,5343
OG-000289,FD-037,2024-05-17 20:00:00,2024-05-17 22:46:00,166,vegetation contact,CR-10,1865
OG-001028,FD-020,2024-11-18 06:15:00,2024-11-18 09:29:00,194,overload,CR-18,173
OG-001582,FD-022,2025-07-26 11:45:00,2025-07-26 15:20:00,215,vegetation contact,CR-05,406
OG-002337,FD-015,2026-05-05 20:00:00,2026-05-05 23:01:00,181,lightning strike,,144
OG-002487,FD-001,2026-06-17 08:00:00,2026-06-17 10:33:00,153,vegetation contact,CR-10,1938
OG-001543,FD-035,2025-07-16 09:30:00,2025-07-16 10:47:00,77,storm damage,CR-03,1243
OG-002443,FD-008,2026-03-06 10:15:00,2026-03-06 13:37:00,202,lightning strike,,4446
OG-002293,FD-004,2026-04-22 07:30:00,2026-04-22 11:26:00,236,vegetation contact,CR-06,1577
OG-002145,FD-025,2026-02-25 02:45:00,2026-02-25 03:45:00,60,cable theft,CR-01,2310
OG-000518,FD-004,2024-07-15 21:15:00,2024-07-16 00:28:00,193,storm damage,CR-17,2765
OG-000898,FD-018,2024-09-30 12:00:00,2024-09-30 17:04:00,304,pole collapse,CR-04,4223
OG-000323,FD-023,2024-05-27 00:00:00,2024-05-27 02:59:00,179,pole collapse,CR-02,970
OG-001452,FD-013,2025-06-26 10:00:00,2025-06-26 13:13:00,193,vegetation contact,,2560
OG-002225,FD-012,2026-03-31 16:45:00,2026-03-31 20:48:00,243,storm damage,CR-05,863
OG-001251,FD-006,2025-04-24 14:15:00,2025-04-24 16:31:00,136,storm damage,CR-03,3273
OG-002488,FD-017,2026-06-17 18:30:00,2026-06-17 23:25:00,295,storm damage,CR-05,1471
OG-000839,FD-005,2024-09-19 03:00:00,2024-09-19 04:47:00,107,cable theft,CR-14,6831
OG-000815,FD-035,2024-09-13 02:45:00,2024-09-13 07:39:00,294,lightning strike,CR-02,864
OG-002530,FD-023,2026-06-27 01:15:00,2026-06-27 04:55:00,220,planned maintenance,CR-02,1337
OG-000565,FD-036,2024-07-27 16:00:00,2024-07-27 18:31:00,151,equipment failure,CR-06,882
OG-000348,FD-011,2024-03-06 11:00:00,2024-03-06 11:54:00,54,storm damage,CR-17,4342
OG-002442,FD-014,2026-02-06 20:15:00,2026-02-06 21:29:00,74,cable theft,CR-13,4339
OG-001691,FD-036,2025-08-18 00:00:00,2025-08-18 02:17:00,137,unknown,CR-13,1715
OG-001379,FD-037,2025-06-01 02:00:00,2025-06-01 02:41:00,41,cable theft,CR-14,1108
OG-001259,FD-023,2025-04-27 04:15:00,2025-04-27 06:13:00,118,storm damage,CR-13,2120
OG-001249,FD-009,2025-04-22 01:30:00,2025-04-22 07:16:00,346,pole collapse,CR-01,5561
OG-000145,FD-018,2024-03-31 06:30:00,2024-03-31 07:26:00,56,transformer fault,CR-13,1728
OG-001320,FD-036,2025-05-15 12:15:00,2025-05-15 15:36:00,201,pole collapse,CR-08,2090
OG-002226,FD-002,2026-01-04 18:00:00,2026-01-04 21:38:00,218,lightning strike,CR-09,5605
OG-001701,FD-029,2025-08-20 21:15:00,2025-08-20 23:05:00,110,pole collapse,CR-12,2048
OG-002405,FD-011,2026-05-24 15:45:00,2026-05-24 20:05:00,260,vegetation contact,CR-18,6991
OG-001756,FD-007,2025-01-09 06:15:00,2025-01-09 08:38:00,143,pole collapse,CR-05,1121
OG-000343,FD-034,2024-06-01 04:00:00,2024-06-01 04:54:00,54,vegetation contact,CR-09,543
OG-001449,FD-030,2025-06-25 16:15:00,2025-06-25 21:15:00,300,vegetation contact,CR-06,7080
OG-000469,FD-007,2024-04-07 05:30:00,2024-04-07 10:44:00,314,storm damage,CR-07,299
OG-001571,FD-011,2025-07-23 13:45:00,2025-07-23 18:29:00,284,storm damage,CR-10,2287
OG-000912,FD-016,2024-03-10 01:30:00,2024-03-10 04:43:00,193,pole collapse,,161
OG-001448,FD-021,2025-06-24 03:15:00,2025-06-24 07:29:00,254,lightning strike,CR-18,1038
OG-000140,FD-002,2024-03-29 20:00:00,2024-03-29 21:14:00,74,pole collapse,CR-09,4191
OG-001638,FD-006,2025-08-08 11:00:00,2025-08-08 13:58:00,178,vegetation contact,CR-01,4656
OG-001026,FD-019,2024-11-18 03:45:00,2024-11-18 05:07:00,82,transformer fault,CR-06,2305
OG-002128,FD-032,2026-02-16 01:15:00,2026-02-16 01:23:00,8,planned maintenance,CR-17,1043
OG-001703,FD-021,2025-08-20 07:30:00,2025-08-20 11:46:00,256,lightning strike,CR-10,459
OG-001663,FD-010,2025-12-08 13:00:00,2025-12-08 15:52:00,172,storm damage,CR-03,43
OG-000373,FD-018,2024-09-06 11:00:00,2024-09-06 15:17:00,257,pole collapse,CR-04,2262
OG-001009,FD-015,2024-11-11 00:00:00,2024-11-11 01:19:00,79,planned maintenance,CR-03,752
OG-000264,FD-032,2024-10-05 04:30:00,2024-10-05 06:22:00,112,storm damage,CR-06,990
OG-001659,FD-011,2025-12-08 21:45:00,2025-12-08 23:41:00,116,overload,,5115
OG-000318,FD-005,2024-05-25 08:15:00,2024-05-25 11:57:00,222,storm damage,CR-15,664
OG-000286,FD-004,2024-05-16 05:00:00,2024-05-16 07:34:00,154,vegetation contact,CR-07,424
OG-000161,FD-007,2024-05-04 09:45:00,2024-05-04 14:23:00,278,pole collapse,CR-06,1143
OG-001172,FD-023,2025-03-25 01:15:00,2025-03-25 05:43:00,268,transformer fault,CR-07,2494
OG-001583,FD-015,2025-07-26 03:00:00,2025-07-26 06:20:00,200,pole collapse,,857
OG-000402,FD-003,2024-06-18 09:45:00,2024-06-18 10:42:00,57,unknown,CR-18,6394
OG-001776,FD-032,2025-05-09 17:45:00,2025-05-09 22:26:00,281,pole collapse,CR-17,1611
OG-000759,FD-012,2024-02-09 12:15:00,2024-02-09 13:08:00,53,lightning strike,CR-15,120
OG-001695,FD-006,2025-08-19 06:15:00,2025-08-19 07:21:00,66,pole collapse,CR-05,696
OG-002482,FD-026,2026-06-15 14:30:00,2026-06-15 16:32:00,122,storm damage,CR-14,3280
OG-000277,FD-015,2024-05-13 20:30:00,2024-05-13 21:54:00,84,storm damage,CR-07,1104
OG-000859,FD-025,2024-09-22 22:15:00,2024-09-23 00:49:00,154,vegetation contact,CR-09,3960
OG-000218,FD-020,2024-04-26 00:30:00,2024-04-26 02:20:00,110,vegetation contact,CR-01,2145
OG-001349,FD-004,2025-05-22 16:00:00,2025-05-22 18:19:00,139,cable theft,CR-09,1443
OG-001643,FD-015,2025-09-08 02:45:00,2025-09-08 02:53:00,8,overload,CR-02,736
OG-000662,FD-011,2024-08-17 02:15:00,2024-08-17 05:50:00,215,overload,CR-02,404
OG-001719,FD-021,2025-08-23 16:45:00,2025-08-23 19:50:00,185,pole collapse,CR-13,968
OG-002435,FD-035,2026-05-31 06:30:00,2026-05-31 10:01:00,211,vegetation contact,CR-15,710
OG-000628,FD-037,2024-10-08 18:30:00,2024-10-08 22:08:00,218,storm damage,CR-14,3559
OG-001730,FD-026,2025-08-26 23:00:00,2025-08-27 01:06:00,126,transformer fault,CR-15,1299
OG-001494,FD-010,2025-06-07 15:15:00,2025-06-07 16:42:00,87,transformer fault,CR-04,37
OG-000188,FD-013,2024-04-16 10:45:00,2024-04-16 13:31:00,166,vegetation contact,CR-17,693
OG-002227,FD-013,2026-01-04 01:45:00,2026-01-04 02:19:00,34,storm damage,CR-17,3474
OG-001497,FD-029,2025-06-07 15:00:00,2025-06-07 16:34:00,94,storm damage,CR-01,505
OG-000689,FD-019,2024-08-21 15:00:00,2024-08-21 15:08:00,8,transformer fault,CR-16,3691
OG-002515,FD-024,2026-06-23 11:30:00,2026-06-23 15:16:00,226,equipment failure,CR-15,2569
OG-000375,FD-019,2024-10-06 12:30:00,2024-10-06 15:38:00,188,unknown,CR-07,831
OG-000668,FD-009,2024-08-18 04:15:00,2024-08-18 07:02:00,167,vegetation contact,CR-09,5554
OG-001054,FD-011,2024-12-21 13:00:00,2024-12-21 14:03:00,63,cable theft,CR-02,1232
OG-002368,FD-019,2026-05-15 08:15:00,2026-05-15 10:43:00,148,pole collapse,CR-01,3141
OG-000936,FD-022,2024-09-10 13:00:00,2024-09-10 16:32:00,212,planned maintenance,CR-13,532
OG-001527,FD-001,2025-07-13 21:15:00,2025-07-13 23:17:00,122,storm damage,CR-01,5062
OG-001396,FD-027,2025-07-06 02:30:00,2025-07-06 04:16:00,106,storm damage,CR-18,412
OG-002086,FD-023,2025-12-27 21:30:00,2025-12-27 23:49:00,139,planned maintenance,CR-16,105
OG-000017,FD-014,2024-01-13 09:30:00,2024-01-13 09:46:00,16,overload,CR-10,4298
OG-001894,FD-036,2025-09-29 18:00:00,2025-09-29 22:46:00,286,lightning strike,CR-03,3625
OG-002053,FD-004,2025-02-12 11:00:00,2025-02-12 12:34:00,94,planned maintenance,,2212
OG-000122,FD-030,2024-03-22 17:00:00,2024-03-22 18:55:00,115,unknown,CR-15,7661
OG-000457,FD-032,2024-01-07 18:30:00,2024-01-07 21:21:00,171,lightning strike,CR-16,1897
OG-001334,FD-021,2025-05-19 00:30:00,2025-05-19 04:47:00,257,vegetation contact,CR-04,2286
OG-001561,FD-017,2025-07-21 22:00:00,2025-07-21 23:36:00,96,cable theft,CR-09,2835
OG-001176,FD-018,2025-03-26 17:45:00,2025-03-26 21:33:00,228,transformer fault,CR-02,330
OG-002448,FD-016,2026-04-06 15:15:00,2026-04-06 16:25:00,70,equipment failure,CR-14,1932
OG-001464,FD-017,2025-06-28 09:15:00,2025-06-28 12:16:00,181,lightning strike,CR-13,2785
OG-000265,FD-010,2024-10-05 06:45:00,2024-10-05 09:19:00,154,unknown,CR-02,180
OG-002329,FD-024,2026-03-05 15:30:00,2026-03-05 16:55:00,85,vegetation contact,CR-01,2051
OG-000573,FD-015,2024-07-29 11:00:00,2024-07-29 14:04:00,184,storm damage,CR-02,874
OG-001813,FD-025,2025-12-09 09:30:00,2025-12-09 16:21:00,411,pole collapse,CR-12,395
OG-001962,FD-013,2025-10-18 14:00:00,2025-10-18 16:22:00,142,pole collapse,CR-01,1120
OG-000022,FD-001,2024-01-16 18:30:00,2024-01-16 20:56:00,146,vegetation contact,CR-03,3902
OG-001796,FD-012,2025-09-09 09:45:00,2025-09-09 09:53:00,8,unknown,CR-14,1055
OG-001088,FD-014,2025-01-28 19:30:00,2025-01-28 21:00:00,90,equipment failure,CR-07,3725
OG-001892,FD-019,2025-09-29 01:45:00,2025-09-29 05:53:00,248,vegetation contact,CR-01,1873
OG-002523,FD-027,2026-06-25 18:30:00,2026-06-25 19:45:00,75,pole collapse,CR-07,2275
OG-000137,FD-017,2024-03-27 21:45:00,2024-03-28 00:14:00,149,transformer fault,CR-01,2387
OG-000972,FD-011,2024-10-23 16:30:00,2024-10-23 20:32:00,242,pole collapse,CR-06,5283
OG-000066,FD-015,2024-02-25 04:45:00,2024-02-25 08:43:00,238,transformer fault,CR-12,753
OG-001253,FD-014,2025-04-24 05:45:00,2025-04-24 11:44:00,359,storm damage,CR-12,400
OG-001392,FD-024,2025-05-06 21:00:00,2025-05-06 23:41:00,161,storm damage,CR-11,2550
OG-001889,FD-007,2025-09-28 19:45:00,2025-09-28 23:43:00,238,pole collapse,CR-01,95
OG-000869,FD-019,2024-09-24 16:30:00,2024-09-24 21:21:00,291,pole collapse,CR-01,2734
OG-000307,FD-033,2024-05-22 21:45:00,2024-05-23 00:28:00,163,storm damage,CR-13,1120
OG-002525,FD-022,2026-06-25 14:00:00,2026-06-25 19:10:00,310,vegetation contact,CR-17,444
OG-000212,FD-003,2024-04-23 02:45:00,2024-04-23 05:21:00,156,overload,CR-12,5355
OG-001175,FD-011,2025-03-26 00:30:00,2025-03-26 00:38:00,8,storm damage,CR-17,398
OG-002076,FD-008,2025-12-19 11:30:00,2025-12-19 12:22:00,52,transformer fault,CR-04,2221
OG-001408,FD-003,2025-10-06 19:45:00,2025-10-06 22:50:00,185,vegetation contact,CR-18,6107
OG-000836,FD-032,2024-09-18 03:45:00,2024-09-18 07:09:00,204,lightning strike,CR-07,244
OG-000907,FD-001,2024-03-10 19:15:00,2024-03-10 22:17:00,182,vegetation contact,CR-05,6205
OG-000699,FD-028,2024-08-23 09:15:00,2024-08-23 13:01:00,226,pole collapse,CR-05,1237
OG-002314,FD-025,2026-04-29 22:00:00,2026-04-29 23:31:00,91,lightning strike,CR-02,647
OG-002502,FD-004,2026-06-20 15:30:00,2026-06-20 16:21:00,51,vegetation contact,CR-05,2664
OG-001052,FD-005,2024-12-20 03:30:00,2024-12-20 03:38:00,8,unknown,CR-11,6402
OG-000791,FD-007,2024-09-09 14:30:00,2024-09-09 16:37:00,127,equipment failure,CR-11,1811
OG-000824,FD-032,2024-09-15 21:45:00,2024-09-15 21:59:00,14,storm damage,CR-03,1275
OG-001519,FD-036,2025-11-07 17:30:00,2025-11-07 19:31:00,121,storm damage,CR-02,1775
OG-000214,FD-014,2024-04-24 09:30:00,2024-04-24 11:49:00,139,storm damage,CR-07,2307
OG-001101,FD-032,2025-02-16 10:15:00,2025-02-16 15:40:00,325,overload,,1254
OG-001753,FD-014,2025-08-31 12:30:00,2025-08-31 14:54:00,144,cable theft,CR-17,918
OG-001000,FD-008,2024-02-11 12:45:00,2024-02-11 13:23:00,38,planned maintenance,CR-07,6046
OG-000521,FD-032,2024-07-16 10:30:00,2024-07-16 12:45:00,135,pole collapse,CR-05,1241
OG-000390,FD-005,2024-06-14 23:00:00,2024-06-15 03:42:00,282,pole collapse,CR-12,6421
OG-000379,FD-018,2024-11-06 06:00:00,2024-11-06 11:56:00,356,pole collapse,CR-18,3624
OG-000412,FD-007,2024-06-21 13:15:00,2024-06-21 14:44:00,89,pole collapse,CR-16,875
OG-000567,FD-017,2024-07-28 19:30:00,2024-07-28 21:30:00,120,planned maintenance,CR-05,2372
OG-001522,FD-001,2025-07-12 03:45:00,2025-07-12 04:44:00,59,vegetation contact,CR-17,1089
OG-001955,FD-012,2025-10-16 14:30:00,2025-10-16 16:49:00,139,equipment failure,CR-10,263
OG-000468,FD-020,2024-04-07 22:00:00,2024-04-07 23:57:00,117,vegetation contact,,2673
OG-001096,FD-003,2025-08-02 09:30:00,2025-08-02 13:26:00,236,vegetation contact,CR-08,4537
OG-001423,FD-023,2025-06-15 06:30:00,2025-06-15 10:08:00,218,lightning strike,CR-03,1781
OG-002065,FD-018,2025-10-12 23:30:00,2025-10-12 23:38:00,8,cable theft,CR-10,3304
OG-002171,FD-007,2026-03-06 06:00:00,2026-03-06 07:31:00,91,unknown,CR-11,1384
OG-002143,FD-007,2026-02-25 08:00:00,2026-02-25 09:11:00,71,planned maintenance,CR-07,79
OG-001223,FD-012,2025-04-14 23:15:00,2025-04-15 03:16:00,241,storm damage,CR-08,1302
OG-000874,FD-014,2024-09-25 19:00:00,2024-09-25 22:21:00,201,equipment failure,CR-01,5213
OG-002396,FD-037,2026-05-22 21:45:00,2026-05-22 23:56:00,131,overload,CR-01,1833
OG-001656,FD-003,2025-11-08 13:15:00,2025-11-08 15:32:00,137,lightning strike,CR-15,6527
OG-000052,FD-031,2024-11-02 20:30:00,2024-11-02 22:28:00,118,equipment failure,CR-09,1270
OG-000562,FD-011,2024-07-26 05:15:00,2024-07-26 08:02:00,167,storm damage,CR-08,4267
OG-000400,FD-012,2024-06-18 05:00:00,2024-06-18 08:22:00,202,vegetation contact,CR-16,871
OG-000868,FD-014,2024-09-24 07:15:00,2024-09-24 12:02:00,287,lightning strike,CR-04,3179
OG-000135,FD-002,2024-03-27 13:00:00,2024-03-27 14:20:00,80,cable theft,CR-14,5097
OG-000488,FD-012,2024-08-07 12:00:00,2024-08-07 17:41:00,341,vegetation contact,CR-04,1477
OG-001179,FD-019,2025-03-27 21:30:00,2025-03-28 02:45:00,315,planned maintenance,CR-15,1958
OG-000714,FD-010,2024-08-26 20:00:00,2024-08-26 23:25:00,205,lightning strike,CR-05,121
OG-001394,FD-035,2025-05-06 18:30:00,2025-05-06 21:44:00,194,vegetation contact,CR-11,341
OG-002067,FD-026,2025-12-12 00:15:00,2025-12-12 05:43:00,328,unknown,CR-01,1779
OG-000393,FD-027,2024-06-16 14:15:00,2024-06-16 19:17:00,302,overload,CR-15,181
OG-000906,FD-023,2024-02-10 00:30:00,2024-02-10 01:41:00,71,vegetation contact,CR-05,1993
OG-000655,FD-001,2024-08-15 10:30:00,2024-08-15 14:08:00,218,vegetation contact,CR-07,6610
OG-002131,FD-026,2026-02-17 03:00:00,2026-02-17 03:44:00,44,planned maintenance,CR-11,2987
OG-000828,FD-005,2024-09-17 13:30:00,2024-09-17 17:37:00,247,vegetation contact,CR-02,3593
OG-002163,FD-025,2026-04-03 16:15:00,2026-04-03 18:09:00,114,equipment failure,CR-01,1229
OG-000890,FD-002,2024-09-28 20:15:00,2024-09-29 02:43:00,388,pole collapse,CR-04,4882
OG-002207,FD-008,2026-03-21 04:30:00,2026-03-21 07:24:00,174,lightning strike,CR-14,1506
OG-001271,FD-010,2025-02-05 19:45:00,2025-02-05 21:17:00,92,lightning strike,CR-06,51
OG-000382,FD-010,2024-12-06 20:00:00,2024-12-06 21:59:00,119,storm damage,CR-09,118
OG-000878,FD-033,2024-09-26 04:15:00,2024-09-26 06:28:00,133,storm damage,CR-10,725
OG-002229,FD-020,2026-01-04 00:15:00,2026-01-04 02:21:00,126,overload,CR-04,902
OG-001767,FD-035,2025-03-09 23:00:00,2025-03-09 23:08:00,8,lightning strike,CR-05,673
OG-000055,FD-014,2024-02-14 21:15:00,2024-02-15 01:40:00,265,cable theft,CR-02,1240
OG-002454,FD-013,2026-06-06 16:00:00,2026-06-06 17:22:00,82,transformer fault,CR-14,8789
OG-001549,FD-028,2025-07-18 07:15:00,2025-07-18 08:16:00,61,overload,,647
OG-001130,FD-018,2025-06-03 18:45:00,2025-06-03 22:07:00,202,equipment failure,CR-08,335
OG-000302,FD-001,2024-05-21 08:15:00,2024-05-21 11:28:00,193,lightning strike,CR-11,4203
OG-000610,FD-017,2024-05-08 01:00:00,2024-05-08 06:20:00,320,storm damage,CR-14,2629
OG-001169,FD-017,2025-03-23 23:15:00,2025-03-24 00:56:00,101,storm damage,CR-09,2274
OG-000201,FD-003,2024-04-20 01:30:00,2024-04-20 04:48:00,198,pole collapse,CR-11,6601
OG-002046,FD-010,2025-11-25 18:15:00,2025-11-25 18:23:00,8,overload,CR-14,213
OG-001406,FD-002,2025-09-06 15:45:00,2025-09-06 18:52:00,187,pole collapse,CR-09,1950
OG-002138,FD-017,2026-02-22 04:45:00,2026-02-22 06:50:00,125,pole collapse,CR-04,1429
OG-001117,FD-033,2025-02-28 09:00:00,2025-02-28 09:50:00,50,vegetation contact,,123
OG-001040,FD-021,2024-11-27 03:15:00,2024-11-27 06:16:00,181,overload,CR-04,124
OG-001365,FD-026,2025-05-27 00:00:00,2025-05-27 04:44:00,284,pole collapse,CR-03,2244
OG-000490,FD-025,2024-09-07 20:30:00,2024-09-07 23:07:00,157,unknown,CR-15,2054
OG-001948,FD-028,2025-10-15 07:00:00,2025-10-15 11:15:00,255,pole collapse,CR-07,1964
OG-001677,FD-012,2025-08-15 04:45:00,2025-08-15 09:53:00,308,lightning strike,CR-15,1376
OG-000294,FD-034,2024-05-18 18:00:00,2024-05-18 22:35:00,275,lightning strike,CR-11,1282
OG-000312,FD-018,2024-05-23 02:45:00,2024-05-23 05:00:00,135,planned maintenance,CR-07,4591
OG-001903,FD-027,2025-02-10 08:30:00,2025-02-10 09:45:00,75,vegetation contact,CR-11,1207
OG-001541,FD-037,2025-07-16 00:30:00,2025-07-16 03:23:00,173,vegetation contact,CR-16,557
OG-001361,FD-001,2025-05-25 00:45:00,2025-05-25 03:48:00,183,lightning strike,CR-08,2757
OG-000889,FD-023,2024-09-28 20:45:00,2024-09-28 21:06:00,21,vegetation contact,,1200
OG-001754,FD-023,2025-08-31 11:15:00,2025-08-31 16:36:00,321,storm damage,CR-04,2667
OG-000684,FD-024,2024-08-21 03:15:00,2024-08-21 07:56:00,281,storm damage,CR-06,1297
OG-000969,FD-031,2024-10-21 14:45:00,2024-10-21 18:00:00,195,vegetation contact,CR-06,721
OG-001098,FD-026,2025-09-02 03:30:00,2025-09-02 05:14:00,104,unknown,CR-03,230
OG-002307,FD-032,2026-04-26 20:30:00,2026-04-26 22:51:00,141,vegetation contact,CR-06,107
OG-001888,FD-033,2025-09-28 02:00:00,2025-09-28 06:09:00,249,vegetation contact,CR-03,1111
OG-001936,FD-027,2025-12-10 11:30:00,2025-12-10 16:41:00,311,lightning strike,CR-11,610
OG-000563,FD-009,2024-07-27 03:00:00,2024-07-27 07:10:00,250,lightning strike,CR-16,5822
OG-001604,FD-026,2025-08-01 12:00:00,2025-08-01 13:31:00,91,unknown,CR-16,1389
OG-002140,FD-011,2026-02-23 18:45:00,2026-02-23 20:25:00,100,vegetation contact,CR-03,6857
OG-000713,FD-010,2024-08-25 00:00:00,2024-08-25 02:50:00,170,pole collapse,CR-15,95
OG-000102,FD-021,2024-03-14 17:15:00,2024-03-14 21:14:00,239,storm damage,CR-10,206
OG-001302,FD-033,2025-11-05 09:45:00,2025-11-05 12:45:00,180,pole collapse,CR-16,922
OG-001360,FD-015,2025-05-25 17:15:00,2025-05-25 17:24:00,9,unknown,CR-16,378
OG-000450,FD-002,2024-06-29 09:30:00,2024-06-29 12:00:00,150,equipment failure,CR-07,5738
OG-002223,FD-019,2026-03-30 10:45:00,2026-03-30 13:39:00,174,overload,CR-18,1522
OG-000171,FD-023,2024-08-04 12:15:00,2024-08-04 14:19:00,124,storm damage,CR-09,941
OG-000808,FD-012,2024-12-09 05:45:00,2024-12-09 09:30:00,225,pole collapse,CR-10,1244
OG-000944,FD-037,2024-12-10 12:45:00,2024-12-10 14:08:00,83,storm damage,CR-09,3357
OG-000304,FD-020,2024-05-21 19:30:00,2024-05-21 22:53:00,203,vegetation contact,CR-03,475
OG-000016,FD-006,2024-01-13 10:15:00,2024-01-13 12:29:00,134,storm damage,CR-15,421
OG-001720,FD-007,2025-08-23 15:00:00,2025-08-23 18:38:00,218,storm damage,CR-07,840
OG-000516,FD-036,2024-07-15 09:30:00,2024-07-15 14:18:00,288,storm damage,CR-16,38
OG-000299,FD-036,2024-05-20 02:30:00,2024-05-20 08:40:00,370,lightning strike,CR-13,3235
OG-000608,FD-023,2024-05-08 01:30:00,2024-05-08 03:04:00,94,pole collapse,CR-10,2467
OG-002387,FD-027,2026-05-20 12:30:00,2026-05-20 14:25:00,115,overload,,666
OG-001270,FD-031,2025-01-05 13:15:00,2025-01-05 13:23:00,8,overload,CR-02,434
OG-002427,FD-036,2026-05-29 02:45:00,2026-05-29 07:53:00,308,vegetation contact,CR-16,945
OG-000010,FD-015,2024-10-01 00:30:00,2024-10-01 00:38:00,8,overload,CR-15,217
OG-000739,FD-012,2024-08-30 11:15:00,2024-08-30 14:58:00,223,vegetation contact,CR-02,1324
OG-000648,FD-021,2024-08-13 09:15:00,2024-08-13 11:05:00,110,pole collapse,CR-08,3125
OG-000941,FD-019,2024-11-10 18:00:00,2024-11-10 19:18:00,78,storm damage,CR-11,1731
OG-001964,FD-019,2025-10-19 21:15:00,2025-10-19 21:50:00,35,equipment failure,CR-10,3697
OG-001342,FD-030,2025-05-21 14:15:00,2025-05-21 15:24:00,69,equipment failure,CR-17,2128
OG-001264,FD-030,2025-04-28 14:30:00,2025-04-28 17:43:00,193,lightning strike,CR-12,3996
OG-000905,FD-032,2024-02-10 11:45:00,2024-02-10 16:02:00,257,pole collapse,CR-16,1178
OG-001405,FD-007,2025-09-06 03:30:00,2025-09-06 07:18:00,228,vegetation contact,CR-01,1196
OG-000560,FD-019,2024-07-26 15:00:00,2024-07-26 17:00:00,120,pole collapse,CR-09,2549
OG-000206,FD-010,2024-04-22 13:15:00,2024-04-22 19:18:00,363,pole collapse,CR-06,362
OG-001732,FD-002,2025-08-26 09:30:00,2025-08-26 14:01:00,271,storm damage,,5279
OG-001118,FD-019,2025-02-28 11:00:00,2025-02-28 13:22:00,142,planned maintenance,CR-13,3535
OG-002328,FD-027,2026-03-05 10:45:00,2026-03-05 12:26:00,101,pole collapse,CR-16,1719
OG-001996,FD-033,2025-10-27 01:00:00,2025-10-27 01:55:00,55,transformer fault,CR-08,1355
OG-001313,FD-001,2025-05-13 00:45:00,2025-05-13 02:18:00,93,equipment failure,CR-16,8193
OG-000704,FD-026,2024-08-24 19:45:00,2024-08-24 19:53:00,8,unknown,CR-14,551
OG-002038,FD-011,2025-11-16 02:30:00,2025-11-16 03:12:00,42,equipment failure,CR-14,5309
OG-001970,FD-027,2025-10-20 06:45:00,2025-10-20 07:10:00,25,storm damage,CR-04,451
OG-001006,FD-005,2024-10-11 12:30:00,2024-10-11 13:44:00,74,pole collapse,CR-05,1842
OG-000404,FD-022,2024-06-19 13:45:00,2024-06-19 18:35:00,290,pole collapse,CR-10,305
OG-000314,FD-025,2024-05-23 16:30:00,2024-05-23 19:15:00,165,lightning strike,CR-08,3467
OG-000531,FD-030,2024-07-18 11:45:00,2024-07-18 14:46:00,181,pole collapse,CR-13,3385
OG-001055,FD-020,2024-12-22 16:15:00,2024-12-22 16:23:00,8,vegetation contact,CR-03,4538
OG-000261,FD-004,2024-09-05 07:30:00,2024-09-05 09:37:00,127,unknown,CR-08,3118
OG-000243,FD-020,2024-05-05 23:00:00,2024-05-06 02:14:00,194,lightning strike,CR-15,1382
OG-001943,FD-017,2025-10-14 21:30:00,2025-10-14 23:37:00,127,planned maintenance,CR-14,908
OG-002414,FD-034,2026-05-26 06:30:00,2026-05-26 10:23:00,233,lightning strike,,154
OG-000814,FD-036,2024-09-13 15:30:00,2024-09-13 20:15:00,285,pole collapse,CR-12,1386
OG-000566,FD-001,2024-07-27 17:30:00,2024-07-27 19:42:00,132,vegetation contact,CR-05,380
OG-001459,FD-034,2025-06-27 20:15:00,2025-06-27 21:49:00,94,storm damage,CR-01,685
OG-001515,FD-001,2025-11-07 09:00:00,2025-11-07 10:14:00,74,overload,CR-04,8149
OG-001050,FD-020,2024-12-14 17:15:00,2024-12-14 22:42:00,327,vegetation contact,CR-06,4246
OG-000515,FD-031,2024-07-14 19:45:00,2024-07-15 00:34:00,289,lightning strike,CR-09,1555
OG-000036,FD-016,2024-01-24 19:30:00,2024-01-24 19:38:00,8,equipment failure,CR-08,135
OG-000447,FD-025,2024-06-29 07:00:00,2024-06-29 10:36:00,216,pole collapse,CR-07,3740
OG-000220,FD-035,2024-04-27 11:00:00,2024-04-27 16:38:00,338,vegetation contact,CR-06,520
OG-001706,FD-028,2025-08-21 11:00:00,2025-08-21 15:15:00,255,pole collapse,CR-11,2543
OG-000875,FD-033,2024-09-25 23:15:00,2024-09-26 01:06:00,111,pole collapse,CR-18,963
OG-001112,FD-037,2025-02-25 00:45:00,2025-02-25 02:44:00,119,planned maintenance,CR-10,2981
OG-002059,FD-001,2025-07-12 00:00:00,2025-07-12 02:26:00,146,transformer fault,CR-06,5873
OG-002162,FD-023,2026-03-03 02:00:00,2026-03-03 03:34:00,94,transformer fault,CR-02,2316
OG-002246,FD-015,2026-06-04 19:15:00,2026-06-04 19:35:00,20,transformer fault,CR-18,198
OG-000185,FD-028,2024-04-15 10:15:00,2024-04-15 12:56:00,161,vegetation contact,CR-04,3239
OG-000369,FD-004,2024-08-06 13:45:00,2024-08-06 20:30:00,405,storm damage,CR-04,2599
OG-001574,FD-030,2025-07-24 18:00:00,2025-07-24 21:57:00,237,vegetation contact,CR-18,2930
OG-000752,FD-005,2024-01-09 15:00:00,2024-01-09 17:34:00,154,lightning strike,CR-12,3416
OG-001972,FD-007,2025-10-21 01:15:00,2025-10-21 01:48:00,33,lightning strike,CR-14,1402
OG-002160,FD-036,2026-03-03 03:30:00,2026-03-03 03:38:00,8,overload,CR-06,411
OG-000809,FD-017,2024-12-09 11:30:00,2024-12-09 15:31:00,241,vegetation contact,CR-12,2450
OG-002132,FD-004,2026-02-18 00:45:00,2026-02-18 00:53:00,8,overload,CR-08,423
OG-001102,FD-012,2025-02-18 02:00:00,2025-02-18 03:21:00,81,storm damage,CR-02,429
OG-000290,FD-010,2024-05-17 07:45:00,2024-05-17 10:07:00,142,unknown,CR-06,301
OG-001163,FD-001,2025-03-20 12:00:00,2025-03-20 16:20:00,260,vegetation contact,CR-08,1142
OG-000948,FD-026,2024-10-14 07:30:00,2024-10-14 08:07:00,37,equipment failure,CR-18,3002
OG-002373,FD-019,2026-05-16 08:45:00,2026-05-16 10:57:00,132,vegetation contact,CR-09,2189
OG-000543,FD-015,2024-07-22 02:45:00,2024-07-22 02:53:00,8,unknown,CR-14,171
OG-001514,FD-029,2025-11-07 14:30:00,2025-11-07 17:38:00,188,storm damage,CR-14,1254
OG-001470,FD-023,2025-06-29 13:45:00,2025-06-29 17:14:00,209,pole collapse,CR-02,1976
OG-001265,FD-015,2025-04-29 00:00:00,2025-04-29 00:08:00,8,vegetation contact,CR-03,97
OG-000423,FD-010,2024-06-23 03:00:00,2024-06-23 06:30:00,210,storm damage,CR-07,288
OG-002034,FD-003,2025-11-16 18:15:00,2025-11-16 20:40:00,145,overload,CR-08,4324
OG-001982,FD-022,2025-10-24 02:45:00,2025-10-24 04:56:00,131,lightning strike,CR-01,196
OG-002517,FD-018,2026-06-23 09:30:00,2026-06-23 12:27:00,177,pole collapse,CR-13,713
OG-000351,FD-006,2024-04-06 09:00:00,2024-04-06 11:07:00,127,equipment failure,CR-03,6877
OG-001742,FD-027,2025-08-29 09:30:00,2025-08-29 14:03:00,273,storm damage,CR-11,622
OG-002050,FD-014,2025-11-26 11:00:00,2025-11-26 11:58:00,58,unknown,CR-10,2806
OG-001550,FD-026,2025-07-18 22:15:00,2025-07-19 02:35:00,260,cable theft,CR-05,1826
OG-001726,FD-031,2025-08-25 17:30:00,2025-08-25 20:33:00,183,pole collapse,CR-04,783
OG-002192,FD-007,2026-03-14 19:15:00,2026-03-14 20:32:00,77,unknown,CR-08,730
OG-001867,FD-033,2025-09-24 23:00:00,2025-09-25 02:44:00,224,lightning strike,CR-07,387
OG-001257,FD-009,2025-04-26 11:15:00,2025-04-26 15:29:00,254,lightning strike,CR-16,4323
OG-001735,FD-019,2025-08-27 08:30:00,2025-08-27 10:25:00,115,storm damage,CR-10,709
OG-001918,FD-016,2025-07-10 13:15:00,2025-07-10 13:23:00,8,unknown,,531
OG-001153,FD-016,2025-03-17 19:15:00,2025-03-17 20:25:00,70,overload,CR-08,893
OG-001681,FD-022,2025-08-15 21:45:00,2025-08-16 04:53:00,428,lightning strike,CR-09,141
OG-001427,FD-015,2025-06-16 16:00:00,2025-06-16 18:44:00,164,storm damage,CR-05,827
OG-001850,FD-003,2025-09-20 12:15:00,2025-09-20 16:22:00,247,storm damage,CR-15,2021
OG-000060,FD-014,2024-02-19 20:30:00,2024-02-19 21:56:00,86,storm damage,CR-16,5613
OG-001240,FD-035,2025-04-20 00:00:00,2025-04-20 02:12:00,132,lightning strike,CR-17,779
OG-001585,FD-030,2025-07-26 00:15:00,2025-07-26 02:35:00,140,unknown,CR-15,7314
OG-000112,FD-027,2024-03-17 22:15:00,2024-03-18 01:03:00,168,cable theft,CR-15,2253
OG-000395,FD-029,2024-06-16 17:00:00,2024-06-16 20:13:00,193,vegetation contact,CR-13,408
OG-000749,FD-033,2024-01-09 19:00:00,2024-01-09 20:20:00,80,lightning strike,CR-15,39
OG-002090,FD-035,2025-12-31 12:00:00,2025-12-31 15:08:00,188,planned maintenance,CR-09,55
OG-001336,FD-009,2025-05-19 03:45:00,2025-05-19 05:55:00,130,unknown,CR-01,4710
OG-000362,FD-010,2024-06-06 03:30:00,2024-06-06 07:40:00,250,transformer fault,,239
OG-001363,FD-036,2025-05-26 16:15:00,2025-05-26 20:32:00,257,pole collapse,CR-05,3331
OG-002394,FD-003,2026-05-22 04:15:00,2026-05-22 05:22:00,67,vegetation contact,CR-14,3924
OG-000823,FD-010,2024-09-15 21:45:00,2024-09-16 01:02:00,197,pole collapse,CR-18,249
OG-002088,FD-010,2025-12-29 02:30:00,2025-12-29 05:08:00,158,planned maintenance,CR-18,204
OG-000338,FD-035,2024-05-31 11:45:00,2024-05-31 15:35:00,230,planned maintenance,CR-15,1161
OG-002183,FD-004,2026-03-09 08:45:00,2026-03-09 10:01:00,76,overload,CR-11,2847
OG-002035,FD-023,2025-11-16 15:45:00,2025-11-16 18:30:00,165,overload,CR-09,2609
OG-001731,FD-027,2025-08-26 10:30:00,2025-08-26 12:29:00,119,pole collapse,CR-04,705
OG-001037,FD-015,2024-11-25 16:30:00,2024-11-25 18:36:00,126,cable theft,CR-02,1005
OG-002285,FD-030,2026-04-20 20:15:00,2026-04-20 23:47:00,212,vegetation contact,CR-01,7176
OG-000099,FD-029,2024-03-13 21:45:00,2024-03-14 01:48:00,243,pole collapse,CR-17,1786
OG-002478,FD-003,2026-06-14 20:45:00,2026-06-14 20:53:00,8,transformer fault,CR-04,3307
OG-000812,FD-010,2024-09-13 10:45:00,2024-09-13 13:25:00,160,planned maintenance,CR-06,342
OG-000160,FD-016,2024-05-04 09:45:00,2024-05-04 11:31:00,106,cable theft,CR-14,1227
OG-000653,FD-004,2024-08-15 08:00:00,2024-08-15 11:58:00,238,lightning strike,CR-07,1558
OG-000413,FD-035,2024-06-21 12:15:00,2024-06-21 16:46:00,271,pole collapse,CR-06,1378
OG-002300,FD-003,2026-04-25 05:30:00,2026-04-25 09:04:00,214,unknown,CR-15,2547
OG-000228,FD-024,2024-04-29 10:00:00,2024-04-29 14:54:00,294,vegetation contact,CR-04,1928
OG-000391,FD-009,2024-06-15 15:15:00,2024-06-15 16:31:00,76,storm damage,CR-08,3544
OG-000978,FD-020,2024-10-24 02:45:00,2024-10-24 05:36:00,171,lightning strike,CR-11,1431
OG-000850,FD-029,2024-09-21 04:45:00,2024-09-21 08:00:00,195,pole collapse,CR-03,2570
OG-000559,FD-033,2024-07-26 22:15:00,2024-07-27 01:19:00,184,pole collapse,CR-12,525
OG-001474,FD-032,2025-06-30 04:30:00,2025-06-30 06:45:00,135,storm damage,CR-14,1772
OG-000483,FD-029,2024-07-07 17:15:00,2024-07-07 20:35:00,200,pole collapse,CR-16,801
OG-001749,FD-032,2025-08-31 22:00:00,2025-08-31 22:54:00,54,storm damage,CR-16,124
OG-002508,FD-002,2026-06-22 19:30:00,2026-06-22 20:54:00,84,overload,CR-15,545
OG-001674,FD-013,2025-08-14 18:15:00,2025-08-14 21:31:00,196,lightning strike,CR-09,8597
OG-001185,FD-006,2025-03-29 08:45:00,2025-03-29 11:56:00,191,storm damage,CR-11,5595
OG-000677,FD-009,2024-08-19 09:45:00,2024-08-19 12:51:00,186,pole collapse,CR-08,2231
OG-001826,FD-011,2025-09-15 09:30:00,2025-09-15 12:58:00,208,lightning strike,CR-17,895
OG-001203,FD-006,2025-07-04 16:30:00,2025-07-04 20:52:00,262,pole collapse,CR-01,5691
OG-002216,FD-014,2026-03-27 22:45:00,2026-03-27 22:53:00,8,unknown,CR-16,138
OG-002341,FD-011,2026-06-05 17:45:00,2026-06-05 23:20:00,335,lightning strike,CR-02,6587
OG-001003,FD-011,2024-04-11 13:45:00,2024-04-11 16:19:00,154,unknown,CR-18,28
OG-001860,FD-035,2025-09-23 07:15:00,2025-09-23 09:58:00,163,pole collapse,CR-05,538
OG-001630,FD-035,2025-07-08 04:15:00,2025-07-08 08:49:00,274,lightning strike,,480
OG-002512,FD-034,2026-06-23 00:15:00,2026-06-23 01:31:00,76,overload,CR-09,834
OG-001523,FD-016,2025-12-07 18:30:00,2025-12-07 18:38:00,8,planned maintenance,CR-16,1869
OG-001072,FD-008,2025-09-01 10:00:00,2025-09-01 10:26:00,26,cable theft,CR-11,6471
OG-001261,FD-004,2025-04-27 04:15:00,2025-04-27 07:54:00,219,storm damage,CR-02,1068
OG-000359,FD-027,2024-06-06 12:30:00,2024-06-06 15:04:00,154,unknown,CR-11,221
OG-000888,FD-003,2024-09-28 14:15:00,2024-09-28 19:01:00,286,storm damage,CR-03,5653
OG-001137,FD-022,2025-11-03 02:00:00,2025-11-03 02:40:00,40,unknown,CR-04,933
OG-001369,FD-001,2025-05-29 20:30:00,2025-05-29 22:40:00,130,planned maintenance,CR-11,3560
OG-000507,FD-007,2024-12-07 12:45:00,2024-12-07 17:20:00,275,vegetation contact,CR-14,1331
OG-000777,FD-013,2024-06-09 06:15:00,2024-06-09 09:17:00,182,lightning strike,CR-07,6524
OG-001680,FD-006,2025-08-15 20:00:00,2025-08-15 22:23:00,143,pole collapse,,3012
OG-001388,FD-001,2025-04-06 07:45:00,2025-04-06 08:04:00,19,transformer fault,CR-08,4895
OG-002048,FD-021,2025-11-25 08:15:00,2025-11-25 10:31:00,136,lightning strike,CR-10,2114
OG-001086,FD-001,2025-01-24 08:30:00,2025-01-24 13:28:00,298,vegetation contact,CR-02,8318
OG-002376,FD-028,2026-05-17 18:00:00,2026-05-17 19:25:00,85,lightning strike,CR-12,4265
OG-001383,FD-012,2025-02-06 16:30:00,2025-02-06 19:36:00,186,vegetation contact,CR-03,1158
OG-001633,FD-032,2025-08-07 20:15:00,2025-08-08 00:35:00,260,pole collapse,CR-10,932
OG-000208,FD-021,2024-04-22 04:45:00,2024-04-22 06:39:00,114,pole collapse,CR-15,1765
OG-002206,FD-003,2026-03-20 08:15:00,2026-03-20 10:51:00,156,storm damage,,2253
OG-001151,FD-018,2025-03-17 11:45:00,2025-03-17 14:50:00,185,vegetation contact,CR-12,684
OG-000555,FD-020,2024-07-24 18:15:00,2024-07-25 00:19:00,364,pole collapse,CR-04,1231
OG-000675,FD-015,2024-08-19 02:15:00,2024-08-19 05:40:00,205,storm damage,CR-16,686
OG-000803,FD-010,2024-11-09 09:00:00,2024-11-09 10:47:00,107,vegetation contact,CR-03,99
OG-000051,FD-011,2024-10-02 17:30:00,2024-10-02 21:40:00,250,storm damage,CR-15,5210
OG-001196,FD-011,2025-06-04 21:30:00,2025-06-04 22:23:00,53,storm damage,CR-16,6482
OG-000424,FD-027,2024-06-23 14:45:00,2024-06-23 16:01:00,76,cable theft,CR-11,2418
OG-000651,FD-030,2024-08-14 03:15:00,2024-08-14 06:08:00,173,pole collapse,CR-05,2100
OG-000994,FD-017,2024-10-31 01:45:00,2024-10-31 03:27:00,102,lightning strike,CR-03,1802
OG-000148,FD-005,2024-01-04 15:00:00,2024-01-04 18:00:00,180,transformer fault,,2402
OG-001279,FD-035,2025-04-05 08:15:00,2025-04-05 08:27:00,12,lightning strike,CR-14,714
OG-002426,FD-032,2026-05-28 15:15:00,2026-05-28 21:19:00,364,storm damage,CR-01,81
OG-001977,FD-031,2025-10-22 09:30:00,2025-10-22 10:13:00,43,unknown,CR-17,1862
OG-002063,FD-036,2025-12-09 22:45:00,2025-12-10 00:04:00,79,unknown,CR-04,3791
OG-002412,FD-035,2026-05-25 06:30:00,2026-05-25 09:32:00,182,pole collapse,CR-10,1120
OG-001744,FD-021,2025-08-29 11:00:00,2025-08-29 15:35:00,275,lightning strike,CR-13,2994
OG-001472,FD-031,2025-06-30 20:00:00,2025-06-30 22:24:00,144,transformer fault,CR-15,1010
OG-001083,FD-031,2025-01-19 11:15:00,2025-01-19 13:12:00,117,transformer fault,CR-13,132
OG-001485,FD-017,2025-07-03 22:30:00,2025-07-03 22:54:00,24,unknown,CR-15,2004
OG-000330,FD-027,2024-05-29 21:00:00,2024-05-29 22:20:00,80,vegetation contact,CR-07,2532
OG-001246,FD-010,2025-04-21 10:30:00,2025-04-21 12:53:00,143,vegetation contact,CR-10,287
OG-000661,FD-004,2024-08-16 19:15:00,2024-08-16 21:51:00,156,pole collapse,CR-06,1920
OG-001626,FD-028,2025-08-06 23:45:00,2025-08-07 01:18:00,93,equipment failure,CR-01,451
OG-000280,FD-030,2024-05-14 19:00:00,2024-05-14 22:46:00,226,lightning strike,CR-05,3023
OG-001178,FD-020,2025-03-27 14:15:00,2025-03-27 16:28:00,133,overload,CR-04,3018
OG-000464,FD-009,2024-03-07 04:30:00,2024-03-07 04:54:00,24,cable theft,CR-14,5699
OG-000649,FD-028,2024-08-14 10:30:00,2024-08-14 13:11:00,161,vegetation contact,CR-14,4230
OG-000489,FD-001,2024-09-07 04:30:00,2024-09-07 08:34:00,244,pole collapse,CR-04,6132
OG-001030,FD-037,2024-11-19 12:15:00,2024-11-19 12:23:00,8,planned maintenance,CR-03,370
OG-001082,FD-010,2025-01-18 03:15:00,2025-01-18 03:23:00,8,equipment failure,CR-02,421
OG-002423,FD-014,2026-05-27 13:45:00,2026-05-27 16:43:00,178,vegetation contact,CR-15,5331
OG-001929,FD-016,2025-10-10 05:00:00,2025-10-10 07:13:00,133,pole collapse,CR-08,1738
OG-002437,FD-032,2026-01-06 19:30:00,2026-01-06 23:52:00,262,lightning strike,CR-18,262
OG-001593,FD-036,2025-07-29 13:45:00,2025-07-29 17:16:00,211,vegetation contact,CR-09,508
OG-001809,FD-011,2025-09-12 14:00:00,2025-09-12 19:42:00,342,lightning strike,CR-17,3239
OG-000657,FD-028,2024-08-16 19:00:00,2024-08-16 22:33:00,213,vegetation contact,CR-11,153
OG-000440,FD-032,2024-06-28 18:30:00,2024-06-28 20:42:00,132,lightning strike,CR-01,1007
OG-001166,FD-037,2025-03-23 06:00:00,2025-03-23 09:01:00,181,equipment failure,CR-12,1131
OG-002514,FD-030,2026-06-23 09:00:00,2026-06-23 09:08:00,8,unknown,CR-07,843
OG-002491,FD-002,2026-06-18 00:15:00,2026-06-18 01:59:00,104,vegetation contact,CR-07,3545
OG-002304,FD-004,2026-04-25 20:15:00,2026-04-26 01:23:00,308,storm damage,CR-13,175
OG-001322,FD-035,2025-05-15 05:30:00,2025-05-15 06:43:00,73,storm damage,CR-06,1157
OG-001965,FD-010,2025-10-20 11:30:00,2025-10-20 16:50:00,320,storm damage,CR-08,262
OG-000575,FD-027,2024-07-29 13:15:00,2024-07-29 15:57:00,162,unknown,CR-17,1838
OG-002499,FD-009,2026-06-19 05:30:00,2026-06-19 06:05:00,35,lightning strike,CR-06,2021
OG-001214,FD-035,2025-11-04 04:15:00,2025-11-04 06:49:00,154,vegetation contact,CR-18,1393
OG-001022,FD-030,2024-11-17 23:15:00,2024-11-17 23:23:00,8,cable theft,CR-18,5818
OG-000854,FD-025,2024-09-21 01:15:00,2024-09-21 01:52:00,37,equipment failure,CR-03,2986
OG-000821,FD-027,2024-09-15 11:00:00,2024-09-15 11:08:00,8,unknown,CR-12,1293
OG-002201,FD-021,2026-03-18 09:15:00,2026-03-18 12:44:00,209,vegetation contact,CR-11,2804
OG-000360,FD-011,2024-06-06 18:15:00,2024-06-06 19:07:00,52,pole collapse,CR-12,3701
OG-001456,FD-017,2025-06-26 14:15:00,2025-06-26 16:39:00,144,pole collapse,CR-06,628
OG-000232,FD-021,2024-01-05 05:15:00,2024-01-05 09:26:00,251,storm damage,CR-07,1884
OG-000607,FD-006,2024-05-08 19:15:00,2024-05-08 21:55:00,160,storm damage,CR-18,5927
OG-000858,FD-016,2024-09-22 06:30:00,2024-09-22 09:53:00,203,lightning strike,,2414
OG-000524,FD-014,2024-07-17 08:00:00,2024-07-17 10:55:00,175,transformer fault,CR-10,5839
OG-000054,FD-017,2024-02-14 06:30:00,2024-02-14 07:21:00,51,overload,CR-11,2176
OG-002202,FD-023,2026-03-18 04:00:00,2026-03-18 07:32:00,212,cable theft,CR-07,114
OG-000950,FD-007,2024-10-14 15:15:00,2024-10-14 18:59:00,224,storm damage,CR-17,710
OG-000993,FD-006,2024-10-30 05:30:00,2024-10-30 07:48:00,138,vegetation contact,CR-01,5605
OG-001306,FD-001,2025-12-05 13:00:00,2025-12-05 13:08:00,8,cable theft,CR-11,6205
OG-001795,FD-035,2025-09-09 07:00:00,2025-09-09 12:18:00,318,lightning strike,,763
OG-000857,FD-025,2024-09-22 03:30:00,2024-09-22 08:31:00,301,storm damage,CR-15,3431
OG-001902,FD-001,2025-01-10 18:30:00,2025-01-10 20:21:00,111,planned maintenance,CR-09,4650
OG-000527,FD-007,2024-07-17 14:00:00,2024-07-17 15:45:00,105,overload,CR-18,818
OG-000316,FD-018,2024-05-24 09:30:00,2024-05-24 16:54:00,444,pole collapse,,1775
OG-000656,FD-023,2024-08-15 11:45:00,2024-08-15 13:05:00,80,lightning strike,CR-15,215
OG-000425,FD-024,2024-06-24 16:30:00,2024-06-24 17:45:00,75,cable theft,CR-06,1792
OG-000191,FD-003,2024-04-17 10:15:00,2024-04-17 15:42:00,327,vegetation contact,,1608
OG-001327,FD-025,2025-05-17 18:45:00,2025-05-17 22:09:00,204,lightning strike,CR-10,2192
OG-001986,FD-020,2025-10-25 08:00:00,2025-10-25 08:46:00,46,planned maintenance,,4513
OG-001338,FD-018,2025-05-20 23:00:00,2025-05-21 01:51:00,171,lightning strike,CR-10,310
OG-001669,FD-001,2025-08-13 21:00:00,2025-08-13 22:09:00,69,cable theft,CR-13,2525
OG-000193,FD-005,2024-04-17 14:45:00,2024-04-17 14:53:00,8,transformer fault,CR-16,3295
OG-000512,FD-018,2024-07-14 07:15:00,2024-07-14 10:31:00,196,lightning strike,CR-17,1040
OG-001979,FD-012,2025-10-23 16:30:00,2025-10-23 20:03:00,213,pole collapse,CR-12,1093
OG-001016,FD-009,2024-11-15 04:00:00,2024-11-15 04:08:00,8,storm damage,CR-07,3402
OG-000298,FD-023,2024-05-20 10:00:00,2024-05-20 14:11:00,251,storm damage,CR-12,1643
OG-001341,FD-018,2025-05-21 17:15:00,2025-05-21 19:18:00,123,storm damage,CR-09,4397
OG-000880,FD-031,2024-09-26 07:45:00,2024-09-26 12:00:00,255,pole collapse,,295
OG-001741,FD-005,2025-08-29 07:15:00,2025-08-29 07:59:00,44,pole collapse,CR-04,1417
OG-000691,FD-036,2024-08-21 01:30:00,2024-08-21 04:19:00,169,lightning strike,CR-18,3912
OG-002215,FD-012,2026-03-26 12:15:00,2026-03-26 12:23:00,8,transformer fault,CR-03,548
OG-001870,FD-027,2025-09-25 10:45:00,2025-09-25 13:26:00,161,vegetation contact,CR-18,962
OG-000203,FD-027,2024-04-21 17:00:00,2024-04-21 18:10:00,70,pole collapse,CR-03,655
OG-002291,FD-024,2026-04-22 06:00:00,2026-04-22 11:23:00,323,storm damage,CR-04,1110
OG-001269,FD-022,2025-01-05 11:30:00,2025-01-05 14:19:00,169,pole collapse,CR-12,34
OG-000044,FD-012,2024-03-02 21:30:00,2024-03-02 23:01:00,91,cable theft,CR-17,1247
OG-002513,FD-024,2026-06-23 13:00:00,2026-06-23 14:20:00,80,overload,CR-05,2247
OG-000311,FD-017,2024-05-23 06:00:00,2024-05-23 12:15:00,375,vegetation contact,CR-09,2427
OG-001866,FD-023,2025-09-24 18:15:00,2025-09-24 20:03:00,108,vegetation contact,CR-09,123
OG-000934,FD-002,2024-09-10 15:45:00,2024-09-10 19:56:00,251,storm damage,CR-17,5276
OG-000385,FD-026,2024-06-13 18:30:00,2024-06-13 19:36:00,66,equipment failure,CR-07,455
OG-001312,FD-007,2025-05-13 14:45:00,2025-05-13 15:14:00,29,lightning strike,CR-14,1903
OG-001231,FD-027,2025-04-16 08:15:00,2025-04-16 11:15:00,180,storm damage,CR-11,1953
OG-001328,FD-023,2025-05-17 23:45:00,2025-05-18 01:48:00,123,vegetation contact,CR-11,748
OG-000024,FD-006,2024-01-17 20:15:00,2024-01-18 00:00:00,225,storm damage,CR-06,2630
OG-000876,FD-021,2024-09-25 04:00:00,2024-09-25 08:17:00,257,vegetation contact,CR-10,1905
OG-002274,FD-028,2026-04-15 03:30:00,2026-04-15 03:38:00,8,equipment failure,CR-16,5172
OG-000751,FD-017,2024-01-09 04:30:00,2024-01-09 06:16:00,106,vegetation contact,CR-12,893
OG-002026,FD-022,2025-10-11 14:00:00,2025-10-11 18:35:00,275,lightning strike,CR-08,42
OG-000426,FD-010,2024-06-24 14:15:00,2024-06-24 16:00:00,105,overload,CR-17,245
OG-002107,FD-036,2026-01-30 03:00:00,2026-01-30 03:08:00,8,transformer fault,CR-03,3839
OG-000848,FD-005,2024-09-20 14:00:00,2024-09-20 17:07:00,187,storm damage,CR-11,1005
OG-000114,FD-032,2024-03-20 21:15:00,2024-03-20 23:42:00,147,storm damage,CR-05,941
OG-000430,FD-002,2024-06-25 20:30:00,2024-06-26 00:01:00,211,planned maintenance,CR-13,1136
OG-002001,FD-010,2025-10-29 07:00:00,2025-10-29 09:29:00,149,storm damage,,244
OG-001331,FD-034,2025-05-18 05:45:00,2025-05-18 09:08:00,203,overload,CR-09,1014
OG-001100,FD-014,2025-11-02 11:30:00,2025-11-02 14:56:00,206,storm damage,CR-09,3324
OG-000367,FD-017,2024-08-06 03:00:00,2024-08-06 06:31:00,211,cable theft,CR-02,2918
OG-000065,FD-008,2024-02-25 23:30:00,2024-02-26 03:43:00,253,lightning strike,CR-10,3006
OG-000204,FD-032,2024-04-21 23:30:00,2024-04-22 03:31:00,241,storm damage,CR-01,353
OG-001475,FD-033,2025-06-30 03:15:00,2025-06-30 06:57:00,222,storm damage,CR-18,926
OG-001309,FD-032,2025-12-05 18:00:00,2025-12-05 22:05:00,245,lightning strike,CR-15,562
OG-001693,FD-023,2025-08-19 18:00:00,2025-08-19 22:26:00,266,lightning strike,CR-02,2445
OG-001825,FD-031,2025-09-15 03:00:00,2025-09-15 03:46:00,46,pole collapse,CR-02,1657
OG-000181,FD-007,2024-04-13 16:15:00,2024-04-13 17:51:00,96,vegetation contact,CR-06,1124
OG-000063,FD-001,2024-02-22 07:00:00,2024-02-22 08:51:00,111,equipment failure,CR-04,5523
OG-000281,FD-012,2024-05-15 18:00:00,2024-05-15 20:37:00,157,cable theft,CR-01,220
OG-001283,FD-028,2025-05-05 04:30:00,2025-05-05 07:15:00,165,storm damage,CR-07,1112
OG-000894,FD-009,2024-09-29 17:15:00,2024-09-29 22:37:00,322,vegetation contact,CR-17,3494
OG-001023,FD-027,2024-11-17 09:30:00,2024-11-17 10:55:00,85,cable theft,CR-12,2418
OG-001858,FD-009,2025-09-22 22:45:00,2025-09-23 00:10:00,85,pole collapse,CR-03,2782
OG-001499,FD-004,2025-06-07 02:15:00,2025-06-07 07:17:00,302,lightning strike,CR-03,3034
OG-001591,FD-018,2025-07-27 01:15:00,2025-07-27 06:15:00,300,vegetation contact,,2917
OG-000879,FD-007,2024-09-26 12:00:00,2024-09-26 12:41:00,41,planned maintenance,,731
OG-001748,FD-006,2025-08-31 04:45:00,2025-08-31 05:12:00,27,equipment failure,CR-05,2705
OG-002500,FD-009,2026-06-20 15:00:00,2026-06-20 17:18:00,138,lightning strike,CR-06,1668
OG-001345,FD-031,2025-05-21 23:45:00,2025-05-22 04:54:00,309,vegetation contact,CR-16,256
OG-000731,FD-033,2024-08-29 10:30:00,2024-08-29 14:49:00,259,storm damage,CR-04,777
OG-000429,FD-027,2024-06-25 17:45:00,2024-06-25 23:25:00,340,lightning strike,CR-18,194
OG-001877,FD-006,2025-09-26 00:15:00,2025-09-26 02:53:00,158,pole collapse,CR-13,4999
OG-000822,FD-009,2024-09-15 05:45:00,2024-09-15 07:27:00,102,lightning strike,CR-11,2683
OG-002367,FD-013,2026-05-14 10:15:00,2026-05-14 10:23:00,8,pole collapse,CR-09,2885
OG-001629,FD-035,2025-07-08 08:45:00,2025-07-08 13:04:00,259,lightning strike,CR-17,748
OG-000973,FD-016,2024-10-23 23:45:00,2024-10-24 01:23:00,98,overload,CR-15,610
OG-000862,FD-003,2024-09-23 12:00:00,2024-09-23 12:52:00,52,transformer fault,CR-13,6202
OG-001637,FD-033,2025-08-08 03:30:00,2025-08-08 07:38:00,248,vegetation contact,,1403
OG-001893,FD-028,2025-09-29 12:30:00,2025-09-29 14:21:00,111,cable theft,CR-04,122
OG-001709,FD-032,2025-08-21 23:15:00,2025-08-22 03:01:00,226,pole collapse,CR-09,1288
OG-000132,FD-036,2024-03-26 21:45:00,2024-03-27 03:23:00,338,vegetation contact,CR-17,1878
OG-000340,FD-006,2024-05-31 08:30:00,2024-05-31 08:38:00,8,transformer fault,CR-12,5769
OG-002540,FD-003,2026-06-30 15:00:00,2026-06-30 17:28:00,148,vegetation contact,CR-05,787
OG-000709,FD-001,2024-08-25 00:45:00,2024-08-25 01:26:00,41,overload,CR-03,8364
OG-000790,FD-014,2024-09-09 02:45:00,2024-09-09 04:04:00,79,equipment failure,CR-08,4557
OG-001572,FD-027,2025-07-24 10:45:00,2025-07-24 14:25:00,220,planned maintenance,CR-06,1082
OG-000279,FD-015,2024-05-14 14:00:00,2024-05-14 16:21:00,141,planned maintenance,CR-02,1218
OG-002036,FD-018,2025-11-16 06:00:00,2025-11-16 10:00:00,240,unknown,CR-15,3422
OG-001746,FD-028,2025-08-30 10:00:00,2025-08-30 13:28:00,208,vegetation contact,CR-12,3409
OG-000805,FD-021,2024-11-09 06:45:00,2024-11-09 07:58:00,73,vegetation contact,CR-01,2205
OG-000672,FD-005,2024-08-18 16:00:00,2024-08-18 18:41:00,161,pole collapse,CR-01,1624
OG-001235,FD-011,2025-04-18 14:15:00,2025-04-18 14:42:00,27,overload,CR-12,1239
OG-000129,FD-001,2024-03-25 15:30:00,2024-03-25 19:38:00,248,equipment failure,CR-04,5086
OG-001148,FD-003,2025-03-16 10:15:00,2025-03-16 12:55:00,160,overload,CR-12,1129
OG-000194,FD-018,2024-04-17 16:15:00,2024-04-17 17:30:00,75,vegetation contact,CR-02,697
OG-001228,FD-027,2025-04-16 00:45:00,2025-04-16 02:51:00,126,cable theft,CR-06,56
OG-000028,FD-024,2024-01-19 06:45:00,2024-01-19 11:21:00,276,equipment failure,CR-13,1041
OG-002141,FD-028,2026-02-24 02:15:00,2026-02-24 07:31:00,316,vegetation contact,CR-12,2631
OG-001329,FD-024,2025-05-17 00:00:00,2025-05-17 04:08:00,248,storm damage,,1555
OG-000882,FD-007,2024-09-27 08:00:00,2024-09-27 11:24:00,204,planned maintenance,,160
OG-002240,FD-027,2026-04-04 01:30:00,2026-04-04 04:33:00,183,lightning strike,CR-04,1260
OG-000113,FD-007,2024-03-20 12:15:00,2024-03-20 17:12:00,297,pole collapse,CR-01,602
OG-000438,FD-023,2024-06-27 09:30:00,2024-06-27 11:45:00,135,pole collapse,CR-09,1546
OG-000842,FD-022,2024-09-19 03:45:00,2024-09-19 09:49:00,364,lightning strike,CR-05,787
OG-000673,FD-031,2024-08-18 14:00:00,2024-08-18 14:53:00,53,vegetation contact,CR-15,1117
OG-000534,FD-022,2024-07-19 22:45:00,2024-07-20 04:23:00,338,lightning strike,CR-08,52
OG-002403,FD-009,2026-05-23 15:15:00,2026-05-23 17:22:00,127,planned maintenance,CR-18,2192
OG-001143,FD-015,2025-03-13 18:30:00,2025-03-13 19:36:00,66,pole collapse,CR-12,501
OG-001177,FD-014,2025-03-26 19:00:00,2025-03-26 19:54:00,54,lightning strike,CR-18,3593
OG-000735,FD-034,2024-08-30 05:15:00,2024-08-30 07:36:00,141,vegetation contact,CR-07,1082
OG-002382,FD-022,2026-05-19 23:00:00,2026-05-20 00:10:00,70,equipment failure,,412
OG-002399,FD-025,2026-05-22 00:00:00,2026-05-22 01:55:00,115,vegetation contact,CR-01,1266
OG-001967,FD-025,2025-10-20 02:15:00,2025-10-20 05:16:00,181,vegetation contact,CR-14,5084
OG-000272,FD-028,2024-12-05 17:15:00,2024-12-05 18:42:00,87,pole collapse,CR-04,4735
OG-002296,FD-015,2026-04-23 08:00:00,2026-04-23 09:59:00,119,vegetation contact,CR-03,284
OG-001036,FD-028,2024-11-22 12:15:00,2024-11-22 13:06:00,51,pole collapse,CR-06,4388
OG-001060,FD-021,2024-12-29 00:15:00,2024-12-29 03:04:00,169,overload,CR-15,2843
OG-002417,FD-018,2026-05-26 11:30:00,2026-05-26 11:38:00,8,vegetation contact,,1782
OG-002266,FD-034,2026-04-12 05:15:00,2026-04-12 12:00:00,405,pole collapse,CR-08,271
OG-001987,FD-002,2025-10-25 12:30:00,2025-10-25 13:55:00,85,overload,CR-04,423
OG-001823,FD-028,2025-09-14 06:45:00,2025-09-14 08:38:00,113,transformer fault,CR-05,5615
OG-001832,FD-029,2025-09-16 17:45:00,2025-09-16 19:48:00,123,transformer fault,CR-14,594
OG-001600,FD-019,2025-01-08 12:00:00,2025-01-08 17:31:00,331,storm damage,CR-16,3247
OG-000381,FD-003,2024-12-06 09:45:00,2024-12-06 13:08:00,203,vegetation contact,CR-06,5617
OG-001025,FD-035,2024-11-17 18:00:00,2024-11-17 18:08:00,8,unknown,CR-11,737
OG-000532,FD-013,2024-07-18 21:45:00,2024-07-18 23:16:00,91,storm damage,CR-02,4679
OG-001010,FD-024,2024-11-12 23:30:00,2024-11-13 02:13:00,163,unknown,CR-04,1347
OG-000954,FD-001,2024-10-15 13:00:00,2024-10-15 17:33:00,273,lightning strike,CR-14,3291
OG-000389,FD-008,2024-06-14 04:00:00,2024-06-14 08:01:00,241,vegetation contact,CR-10,5506
OG-000778,FD-018,2024-06-09 01:45:00,2024-06-09 03:59:00,134,pole collapse,,2390
OG-001483,FD-020,2025-03-07 04:00:00,2025-03-07 08:06:00,246,storm damage,CR-07,983
OG-000891,FD-024,2024-09-29 15:45:00,2024-09-29 16:13:00,28,lightning strike,CR-12,2346
OG-002320,FD-013,2026-05-01 08:00:00,2026-05-01 10:12:00,132,vegetation contact,CR-14,4087
OG-001836,FD-016,2025-09-17 02:15:00,2025-09-17 06:29:00,254,vegetation contact,CR-17,80
OG-000349,FD-018,2024-03-06 05:15:00,2024-03-06 09:26:00,251,vegetation contact,CR-13,3995
OG-001421,FD-029,2025-06-15 20:45:00,2025-06-15 23:49:00,184,vegetation contact,CR-12,1169
OG-000911,FD-001,2024-03-10 14:15:00,2024-03-10 18:49:00,274,pole collapse,CR-11,8549
OG-001528,FD-004,2025-07-14 01:45:00,2025-07-14 05:10:00,205,vegetation contact,CR-12,555
OG-002037,FD-016,2025-11-16 06:00:00,2025-11-16 11:07:00,307,vegetation contact,CR-11,1372
OG-000694,FD-037,2024-08-22 17:00:00,2024-08-22 20:48:00,228,lightning strike,CR-10,2223
OG-000553,FD-012,2024-07-24 19:00:00,2024-07-24 23:35:00,275,storm damage,CR-10,1554
OG-001340,FD-014,2025-05-20 23:00:00,2025-05-21 03:02:00,242,storm damage,CR-11,4015
OG-000321,FD-020,2024-05-26 19:30:00,2024-05-26 21:45:00,135,vegetation contact,CR-01,1416
OG-001849,FD-020,2025-09-20 10:45:00,2025-09-20 11:10:00,25,pole collapse,CR-02,303
OG-002273,FD-022,2026-04-14 15:15:00,2026-04-14 18:28:00,193,storm damage,CR-09,71
OG-002295,FD-004,2026-04-23 02:45:00,2026-04-23 07:38:00,293,vegetation contact,CR-16,154
OG-000511,FD-034,2024-07-14 11:00:00,2024-07-14 14:17:00,197,pole collapse,CR-18,552
OG-001945,FD-002,2025-10-14 05:45:00,2025-10-14 05:53:00,8,storm damage,CR-09,2794
OG-000383,FD-016,2024-06-13 16:30:00,2024-06-13 19:05:00,155,pole collapse,CR-04,965
OG-001733,FD-010,2025-08-27 01:45:00,2025-08-27 02:15:00,30,vegetation contact,CR-08,227
OG-000309,FD-032,2024-05-22 02:45:00,2024-05-22 07:38:00,293,lightning strike,CR-05,1790
OG-001699,FD-013,2025-08-20 07:30:00,2025-08-20 08:52:00,82,vegetation contact,CR-06,5610
OG-000794,FD-037,2024-09-09 00:00:00,2024-09-09 06:09:00,369,storm damage,CR-15,2129
OG-001370,FD-027,2025-05-29 14:00:00,2025-05-29 14:08:00,8,cable theft,CR-14,1090
OG-000451,FD-005,2024-06-30 08:30:00,2024-06-30 12:22:00,232,pole collapse,CR-09,5253
OG-001061,FD-019,2024-12-29 15:00:00,2024-12-29 22:04:00,424,vegetation contact,CR-12,3547
OG-000397,FD-018,2024-06-17 23:45:00,2024-06-18 01:10:00,85,pole collapse,CR-18,198
OG-001568,FD-019,2025-07-23 15:30:00,2025-07-23 17:44:00,134,planned maintenance,CR-02,1725
OG-001747,FD-032,2025-08-30 18:45:00,2025-08-30 20:41:00,116,vegetation contact,CR-16,149
OG-002272,FD-020,2026-04-14 15:30:00,2026-04-14 19:12:00,222,lightning strike,CR-13,4861
OG-000295,FD-011,2024-05-19 17:45:00,2024-05-19 20:40:00,175,lightning strike,CR-14,4646
OG-000604,FD-019,2024-05-08 02:00:00,2024-05-08 02:32:00,32,unknown,CR-01,3830
OG-002418,FD-001,2026-05-26 01:30:00,2026-05-26 03:27:00,117,pole collapse,CR-02,5469
OG-001818,FD-014,2025-09-13 12:45:00,2025-09-13 15:40:00,175,vegetation contact,CR-04,92
OG-001923,FD-009,2025-08-10 10:15:00,2025-08-10 10:25:00,10,pole collapse,CR-11,3948
OG-000108,FD-007,2024-03-16 19:30:00,2024-03-16 21:08:00,98,unknown,CR-02,1499
OG-001603,FD-009,2025-01-08 18:00:00,2025-01-08 23:06:00,306,vegetation contact,CR-10,4981
OG-001554,FD-015,2025-07-19 09:15:00,2025-07-19 10:10:00,55,vegetation contact,CR-04,228
OG-001242,FD-014,2025-04-21 19:45:00,2025-04-22 00:09:00,264,vegetation contact,CR-01,1628
OG-000957,FD-003,2024-10-17 10:15:00,2024-10-17 15:56:00,341,pole collapse,CR-12,1774
OG-002105,FD-010,2026-01-24 08:45:00,2026-01-24 10:32:00,107,cable theft,CR-06,229
OG-001708,FD-015,2025-08-21 07:45:00,2025-08-21 13:16:00,331,lightning strike,CR-01,1256
OG-000111,FD-029,2024-03-17 09:15:00,2024-03-17 11:43:00,148,planned maintenance,CR-04,1493
OG-001462,FD-030,2025-06-28 05:45:00,2025-06-28 06:54:00,69,pole collapse,CR-18,7564
OG-001356,FD-020,2025-05-24 09:00:00,2025-05-24 09:09:00,9,overload,CR-13,4800
OG-001362,FD-021,2025-05-26 16:30:00,2025-05-26 19:33:00,183,unknown,CR-13,2242
OG-000427,FD-014,2024-06-24 20:45:00,2024-06-24 22:59:00,134,lightning strike,CR-10,1129
OG-000364,FD-027,2024-07-06 15:45:00,2024-07-06 19:06:00,201,vegetation contact,CR-04,294
OG-000344,FD-031,2024-02-06 04:15:00,2024-02-06 06:03:00,108,vegetation contact,,1257
OG-000048,FD-016,2024-09-02 10:00:00,2024-09-02 11:46:00,106,storm damage,,463
OG-000792,FD-035,2024-09-09 20:15:00,2024-09-09 23:33:00,198,pole collapse,CR-17,623
OG-000870,FD-030,2024-09-24 09:30:00,2024-09-24 12:05:00,155,vegetation contact,CR-04,2487
OG-001020,FD-021,2024-11-16 12:15:00,2024-11-16 15:44:00,209,vegetation contact,CR-11,576
OG-001326,FD-027,2025-05-17 00:30:00,2025-05-17 03:30:00,180,storm damage,CR-09,109
OG-000953,FD-032,2024-10-15 17:15:00,2024-10-15 18:24:00,69,storm damage,CR-15,1004
OG-001848,FD-029,2025-09-20 14:00:00,2025-09-20 16:20:00,140,pole collapse,CR-05,2907
OG-000745,FD-031,2024-08-31 08:45:00,2024-08-31 11:16:00,151,pole collapse,CR-09,1218
OG-000629,FD-036,2024-08-10 05:45:00,2024-08-10 08:22:00,157,vegetation contact,CR-17,1827
OG-000558,FD-019,2024-07-26 14:30:00,2024-07-26 19:09:00,279,lightning strike,CR-06,3611
OG-001065,FD-025,2025-03-01 12:30:00,2025-03-01 15:01:00,151,overload,CR-01,4205
OG-001468,FD-034,2025-06-29 16:30:00,2025-06-29 18:03:00,93,vegetation contact,CR-05,610
OG-002029,FD-019,2025-12-11 02:15:00,2025-12-11 02:38:00,23,planned maintenance,CR-06,1299
OG-002245,FD-030,2026-06-04 12:00:00,2026-06-04 17:32:00,332,vegetation contact,CR-10,3369
OG-000844,FD-012,2024-09-20 21:15:00,2024-09-20 23:51:00,156,vegetation contact,CR-06,132
OG-002283,FD-030,2026-04-18 22:00:00,2026-04-18 23:43:00,103,vegetation contact,CR-02,381
OG-001873,FD-026,2025-09-25 02:15:00,2025-09-25 03:49:00,94,pole collapse,CR-17,2935
OG-000623,FD-030,2024-09-08 02:00:00,2024-09-08 04:07:00,127,storm damage,CR-02,5071
OG-000124,FD-027,2024-03-23 18:45:00,2024-03-23 20:56:00,131,pole collapse,CR-09,703
OG-001817,FD-015,2025-09-13 17:30:00,2025-09-13 19:28:00,118,lightning strike,CR-13,651
OG-001553,FD-030,2025-07-19 08:30:00,2025-07-19 13:24:00,294,pole collapse,CR-11,644
OG-002395,FD-011,2026-05-22 20:45:00,2026-05-22 22:26:00,101,pole collapse,CR-18,7415
OG-000414,FD-006,2024-06-21 04:15:00,2024-06-21 04:23:00,8,planned maintenance,CR-17,2046
OG-000744,FD-007,2024-08-31 01:45:00,2024-08-31 01:53:00,8,transformer fault,CR-16,608
OG-001224,FD-026,2025-04-14 08:30:00,2025-04-14 10:33:00,123,overload,CR-16,1583
OG-000266,FD-026,2024-10-05 01:45:00,2024-10-05 03:25:00,100,lightning strike,CR-02,2294
OG-000564,FD-023,2024-07-27 22:15:00,2024-07-27 22:46:00,31,pole collapse,CR-12,1010
OG-000688,FD-019,2024-08-21 07:15:00,2024-08-21 07:23:00,8,equipment failure,CR-06,2210
OG-001444,FD-035,2025-06-23 10:15:00,2025-06-23 16:32:00,377,pole collapse,CR-15,483
OG-001927,FD-013,2025-10-10 02:45:00,2025-10-10 05:50:00,185,lightning strike,CR-07,528
OG-002391,FD-012,2026-05-21 19:15:00,2026-05-21 20:03:00,48,cable theft,CR-15,1027
OG-001199,FD-001,2025-07-04 12:30:00,2025-07-04 17:13:00,283,lightning strike,CR-12,5021
OG-000817,FD-019,2024-09-13 22:45:00,2024-09-13 22:54:00,9,vegetation contact,CR-05,2315
OG-000437,FD-034,2024-06-27 21:15:00,2024-06-28 02:00:00,285,lightning strike,CR-15,45
OG-000983,FD-028,2024-10-26 09:45:00,2024-10-26 09:53:00,8,storm damage,CR-01,2740
OG-001647,FD-015,2025-10-08 05:00:00,2025-10-08 07:52:00,172,pole collapse,CR-12,754
OG-000167,FD-017,2024-07-04 19:30:00,2024-07-04 22:58:00,208,lightning strike,CR-08,925
OG-000613,FD-028,2024-06-08 18:15:00,2024-06-08 23:14:00,299,vegetation contact,CR-09,802
OG-001673,FD-028,2025-08-14 11:45:00,2025-08-14 14:18:00,153,pole collapse,CR-01,1026
OG-001417,FD-019,2025-12-06 14:45:00,2025-12-06 17:32:00,167,lightning strike,CR-11,4042
OG-002446,FD-028,2026-03-06 14:15:00,2026-03-06 15:50:00,95,equipment failure,CR-17,2467
OG-001301,FD-003,2025-10-05 12:30:00,2025-10-05 12:38:00,8,unknown,CR-16,7241
OG-000417,FD-017,2024-06-22 08:45:00,2024-06-22 10:02:00,77,pole collapse,CR-13,2084
OG-001147,FD-031,2025-03-16 11:30:00,2025-03-16 13:52:00,142,planned maintenance,CR-02,741
OG-000679,FD-014,2024-08-19 21:15:00,2024-08-19 23:10:00,115,lightning strike,CR-07,3054
OG-002230,FD-003,2026-02-04 12:30:00,2026-02-04 16:45:00,255,planned maintenance,CR-14,831
OG-001852,FD-014,2025-09-21 18:00:00,2025-09-21 23:01:00,301,pole collapse,CR-14,5154
OG-000654,FD-019,2024-08-15 15:15:00,2024-08-15 15:23:00,8,storm damage,CR-14,993
OG-001409,FD-005,2025-11-06 08:30:00,2025-11-06 10:48:00,138,lightning strike,CR-11,6336
OG-001324,FD-031,2025-05-16 18:15:00,2025-05-16 20:32:00,137,storm damage,,1094
OG-001058,FD-014,2024-12-26 09:30:00,2024-12-26 13:43:00,253,lightning strike,CR-12,1063
OG-001784,FD-037,2025-06-09 19:00:00,2025-06-09 23:20:00,260,vegetation contact,CR-12,2508
OG-001059,FD-007,2024-12-28 02:15:00,2024-12-28 04:17:00,122,overload,CR-16,1786
OG-001067,FD-025,2025-04-01 20:45:00,2025-04-01 22:18:00,93,equipment failure,CR-10,2303
OG-001910,FD-020,2025-10-05 07:15:00,2025-10-05 11:24:00,249,vegetation contact,CR-03,788
OG-002521,FD-016,2026-06-24 02:00:00,2026-06-24 07:16:00,316,pole collapse,CR-02,1813
OG-002099,FD-011,2026-01-14 13:00:00,2026-01-14 14:45:00,105,storm damage,CR-17,1716
OG-000877,FD-009,2024-09-26 23:30:00,2024-09-27 01:13:00,103,pole collapse,CR-01,1100
OG-000995,FD-001,2024-10-31 08:45:00,2024-10-31 11:29:00,164,unknown,CR-01,642
OG-000127,FD-001,2024-03-24 17:30:00,2024-03-24 21:57:00,267,transformer fault,CR-12,6964
OG-002005,FD-004,2025-10-30 20:30:00,2025-10-30 23:11:00,161,lightning strike,CR-09,2392
OG-000895,FD-017,2024-09-29 05:15:00,2024-09-29 05:23:00,8,lightning strike,CR-14,1138
OG-000434,FD-019,2024-06-26 04:30:00,2024-06-26 08:44:00,254,pole collapse,CR-13,2808
OG-001694,FD-028,2025-08-19 21:00:00,2025-08-19 23:20:00,140,storm damage,CR-10,5752
OG-001736,FD-020,2025-08-27 03:15:00,2025-08-27 06:51:00,216,vegetation contact,CR-09,2261
OG-000733,FD-030,2024-08-29 09:30:00,2024-08-29 11:40:00,130,pole collapse,CR-03,4046
OG-000845,FD-007,2024-09-20 20:30:00,2024-09-20 23:40:00,190,planned maintenance,CR-15,1112
OG-001298,FD-006,2025-09-05 13:15:00,2025-09-05 13:50:00,35,cable theft,CR-01,215
OG-000020,FD-007,2024-01-14 00:45:00,2024-01-14 04:41:00,236,overload,CR-15,1218
OG-000552,FD-021,2024-07-23 10:15:00,2024-07-23 12:37:00,142,planned maintenance,CR-16,1882
OG-001645,FD-007,2025-09-08 12:45:00,2025-09-08 14:37:00,112,lightning strike,CR-07,1207
OG-002490,FD-007,2026-06-17 14:45:00,2026-06-17 16:20:00,95,vegetation contact,CR-16,1612
OG-001285,FD-010,2025-05-05 03:30:00,2025-05-05 06:14:00,164,pole collapse,CR-06,103
OG-001442,FD-027,2025-06-22 19:00:00,2025-06-22 23:53:00,293,vegetation contact,CR-15,629
OG-000226,FD-004,2024-04-29 18:45:00,2024-04-29 20:15:00,90,vegetation contact,CR-11,1111
OG-000152,FD-013,2024-02-04 20:45:00,2024-02-04 21:55:00,70,transformer fault,CR-01,601
OG-001509,FD-002,2025-10-07 01:30:00,2025-10-07 07:36:00,366,lightning strike,CR-12,1748
OG-000981,FD-022,2024-10-25 11:45:00,2024-10-25 16:01:00,256,lightning strike,CR-17,434
OG-002424,FD-021,2026-05-28 17:45:00,2026-05-28 21:38:00,233,lightning strike,CR-01,1047
OG-000012,FD-021,2024-10-01 09:15:00,2024-10-01 11:47:00,152,overload,CR-13,1156
OG-000455,FD-035,2024-06-30 14:15:00,2024-06-30 15:23:00,68,planned maintenance,CR-03,1255
OG-000441,FD-019,2024-06-28 01:15:00,2024-06-28 05:31:00,256,vegetation contact,CR-15,1572
OG-001770,FD-033,2025-03-09 03:15:00,2025-03-09 07:06:00,231,lightning strike,CR-11,205
OG-002492,FD-006,2026-06-18 11:30:00,2026-06-18 15:03:00,213,pole collapse,,561
OG-000047,FD-020,2024-09-02 07:15:00,2024-09-02 08:03:00,48,planned maintenance,CR-17,213
OG-000335,FD-023,2024-05-30 02:30:00,2024-05-30 03:30:00,60,cable theft,CR-16,1679
OG-000387,FD-037,2024-06-13 05:45:00,2024-06-13 05:53:00,8,equipment failure,CR-09,2143
OG-000750,FD-004,2024-01-09 14:30:00,2024-01-09 17:40:00,190,pole collapse,CR-03,2868
OG-000945,FD-024,2024-10-13 02:30:00,2024-10-13 07:12:00,282,storm damage,CR-18,1317
OG-002051,FD-018,2025-11-29 14:30:00,2025-11-29 19:46:00,316,lightning strike,CR-11,3673
OG-000358,FD-016,2024-06-05 21:45:00,2024-06-06 00:08:00,143,cable theft,CR-03,1732
OG-001290,FD-009,2025-07-05 15:45:00,2025-07-05 16:28:00,43,cable theft,,5241
OG-002204,FD-008,2026-03-19 07:00:00,2026-03-19 10:10:00,190,transformer fault,CR-13,3794
OG-001725,FD-019,2025-08-25 12:45:00,2025-08-25 14:17:00,92,planned maintenance,CR-10,3503
OG-000131,FD-016,2024-03-26 16:30:00,2024-03-26 19:26:00,176,pole collapse,CR-16,1150
OG-002104,FD-007,2026-01-22 00:15:00,2026-01-22 04:05:00,230,lightning strike,CR-03,391
OG-000068,FD-004,2024-02-28 01:45:00,2024-02-28 03:09:00,84,cable theft,CR-03,1717
OG-001855,FD-024,2025-09-22 06:45:00,2025-09-22 07:34:00,49,equipment failure,CR-16,3152
OG-000760,FD-031,2024-03-09 09:45:00,2024-03-09 11:26:00,101,pole collapse,CR-05,1300
OG-000031,FD-020,2024-01-21 11:30:00,2024-01-21 11:38:00,8,cable theft,CR-17,4474
OG-001690,FD-007,2025-08-18 15:15:00,2025-08-18 17:21:00,126,vegetation contact,CR-05,441
OG-001029,FD-008,2024-11-19 22:30:00,2024-11-19 23:24:00,54,overload,CR-05,6531
OG-001318,FD-001,2025-05-14 05:45:00,2025-05-14 08:57:00,192,overload,CR-03,6034
OG-001315,FD-009,2025-05-14 20:15:00,2025-05-14 23:05:00,170,lightning strike,,4967
OG-002516,FD-017,2026-06-23 21:45:00,2026-06-23 21:53:00,8,vegetation contact,,233
OG-001737,FD-006,2025-08-28 20:15:00,2025-08-28 23:05:00,170,lightning strike,CR-13,4650
OG-000855,FD-032,2024-09-21 22:30:00,2024-09-22 02:03:00,213,lightning strike,CR-03,582
OG-001535,FD-029,2025-07-15 00:00:00,2025-07-15 02:19:00,139,pole collapse,CR-10,237
OG-000334,FD-010,2024-05-30 20:30:00,2024-05-31 02:04:00,334,storm damage,,212
OG-002136,FD-032,2026-02-20 18:45:00,2026-02-20 19:24:00,39,overload,CR-12,1760
OG-001758,FD-012,2025-01-09 18:30:00,2025-01-09 21:31:00,181,pole collapse,CR-04,448
OG-002056,FD-016,2025-05-12 18:30:00,2025-05-12 19:52:00,82,cable theft,CR-14,55
OG-001109,FD-023,2025-02-22 11:15:00,2025-02-22 15:02:00,227,unknown,CR-03,1514
OG-001113,FD-015,2025-02-25 10:00:00,2025-02-25 11:05:00,65,vegetation contact,CR-12,53
OG-002297,FD-012,2026-04-24 19:15:00,2026-04-24 20:17:00,62,lightning strike,CR-06,666
OG-000109,FD-002,2024-03-17 19:30:00,2024-03-17 20:12:00,42,transformer fault,CR-04,348
OG-000971,FD-029,2024-10-21 13:00:00,2024-10-21 14:47:00,107,storm damage,CR-15,1155
OG-000976,FD-001,2024-10-24 17:30:00,2024-10-24 19:32:00,122,storm damage,CR-02,7856
OG-000962,FD-026,2024-10-19 08:30:00,2024-10-19 10:52:00,142,lightning strike,CR-15,2033
OG-001200,FD-008,2025-07-04 20:00:00,2025-07-04 21:32:00,92,storm damage,CR-01,4850
OG-001154,FD-007,2025-03-18 00:45:00,2025-03-18 04:28:00,223,planned maintenance,CR-03,1562
OG-001851,FD-020,2025-09-21 08:00:00,2025-09-21 10:28:00,148,overload,CR-16,691
OG-000729,FD-037,2024-08-28 04:15:00,2024-08-28 05:11:00,56,unknown,CR-07,1762
OG-002020,FD-028,2025-06-11 18:30:00,2025-06-11 23:41:00,311,overload,CR-13,3706
OG-001959,FD-004,2025-10-18 22:30:00,2025-10-18 23:41:00,71,lightning strike,,1420
OG-000405,FD-002,2024-06-19 07:30:00,2024-06-19 08:57:00,87,lightning strike,CR-14,4726
OG-000581,FD-007,2024-07-31 04:45:00,2024-07-31 06:05:00,80,overload,CR-16,338
OG-002407,FD-023,2026-05-24 06:30:00,2026-05-24 09:00:00,150,lightning strike,CR-09,1677
OG-002311,FD-037,2026-04-27 12:15:00,2026-04-27 14:25:00,130,unknown,CR-04,379
OG-000238,FD-010,2024-04-05 14:15:00,2024-04-05 15:17:00,62,pole collapse,CR-09,257
OG-000686,FD-005,2024-08-21 18:15:00,2024-08-21 20:25:00,130,lightning strike,CR-15,3518
OG-001822,FD-023,2025-09-14 01:30:00,2025-09-14 02:00:00,30,vegetation contact,CR-02,2350
OG-002142,FD-001,2026-02-24 14:15:00,2026-02-24 14:23:00,8,equipment failure,CR-15,5813
OG-000058,FD-029,2024-02-17 17:15:00,2024-02-17 17:23:00,8,transformer fault,CR-13,688
OG-000712,FD-019,2024-08-25 05:00:00,2024-08-25 07:50:00,170,lightning strike,CR-10,2850
OG-000937,FD-018,2024-10-10 10:15:00,2024-10-10 14:19:00,244,storm damage,CR-03,1356
OG-000795,FD-035,2024-09-09 12:00:00,2024-09-09 14:16:00,136,planned maintenance,CR-08,152
OG-002039,FD-034,2025-11-17 08:00:00,2025-11-17 12:10:00,250,cable theft,CR-16,1148
OG-001400,FD-014,2025-08-06 17:45:00,2025-08-06 19:48:00,123,planned maintenance,CR-04,5312
OG-000234,FD-014,2024-01-05 19:15:00,2024-01-05 21:31:00,136,lightning strike,CR-08,790
OG-002280,FD-019,2026-04-16 02:45:00,2026-04-16 07:14:00,269,planned maintenance,CR-16,3128
OG-001440,FD-009,2025-06-22 11:15:00,2025-06-22 13:55:00,160,lightning strike,CR-06,2251
OG-001906,FD-010,2025-03-10 18:00:00,2025-03-10 18:08:00,8,equipment failure,CR-14,295
OG-001598,FD-004,2025-07-31 03:45:00,2025-07-31 07:42:00,237,lightning strike,CR-15,950
OG-000988,FD-007,2024-10-28 07:15:00,2024-10-28 08:21:00,66,pole collapse,CR-11,997
OG-001372,FD-029,2025-05-30 15:15:00,2025-05-30 20:16:00,301,storm damage,CR-02,969
OG-002124,FD-020,2026-02-14 06:00:00,2026-02-14 06:24:00,24,storm damage,CR-16,2015
OG-001332,FD-035,2025-05-18 15:15:00,2025-05-18 17:29:00,134,storm damage,CR-10,102
OG-000182,FD-036,2024-04-13 22:00:00,2024-04-13 22:42:00,42,planned maintenance,CR-17,877
OG-000005,FD-035,2024-06-01 02:30:00,2024-06-01 04:13:00,103,cable theft,CR-04,666
OG-000685,FD-028,2024-08-21 22:45:00,2024-08-22 03:35:00,290,transformer fault,,1935
OG-002453,FD-008,2026-06-06 09:15:00,2026-06-06 14:23:00,308,vegetation contact,CR-14,1569
OG-002092,FD-005,2026-05-01 22:00:00,2026-05-01 22:50:00,50,storm damage,,6223
OG-002494,FD-032,2026-06-18 10:30:00,2026-06-18 10:38:00,8,unknown,CR-01,1389
OG-000705,FD-006,2024-08-24 16:00:00,2024-08-24 18:43:00,163,storm damage,CR-14,5553
OG-001717,FD-018,2025-08-23 19:30:00,2025-08-23 21:25:00,115,transformer fault,CR-01,4493
OG-001878,FD-026,2025-09-26 07:45:00,2025-09-26 08:26:00,41,overload,CR-16,1129
OG-001152,FD-011,2025-03-17 03:15:00,2025-03-17 06:17:00,182,transformer fault,CR-18,774
OG-002484,FD-025,2026-06-16 09:00:00,2026-06-16 12:25:00,205,vegetation contact,CR-16,4755
OG-001314,FD-006,2025-05-14 10:45:00,2025-05-14 15:25:00,280,lightning strike,CR-03,350
OG-002094,FD-036,2026-06-01 10:45:00,2026-06-01 12:30:00,105,storm damage,CR-14,3167
OG-002386,FD-003,2026-05-20 06:45:00,2026-05-20 08:08:00,83,lightning strike,CR-08,3947
OG-001351,FD-022,2025-05-23 00:00:00,2025-05-23 00:08:00,8,planned maintenance,CR-12,240
OG-001466,FD-034,2025-06-28 10:30:00,2025-06-28 11:35:00,65,storm damage,CR-12,179
OG-001704,FD-027,2025-08-21 01:00:00,2025-08-21 01:08:00,8,pole collapse,CR-06,514
OG-001897,FD-010,2025-09-30 00:15:00,2025-09-30 03:51:00,216,pole collapse,CR-13,373
OG-000658,FD-027,2024-08-16 03:45:00,2024-08-16 07:35:00,230,unknown,CR-10,63
OG-001248,FD-009,2025-04-22 21:45:00,2025-04-22 23:16:00,91,lightning strike,CR-12,5096
OG-001949,FD-027,2025-10-15 10:15:00,2025-10-15 10:48:00,33,lightning strike,CR-04,999
OG-001103,FD-013,2025-02-18 12:30:00,2025-02-18 14:36:00,126,equipment failure,CR-16,6879
OG-000045,FD-030,2024-07-02 09:45:00,2024-07-02 11:54:00,129,storm damage,CR-16,110
OG-000050,FD-019,2024-09-02 10:00:00,2024-09-02 13:03:00,183,overload,CR-02,1699
OG-001917,FD-032,2025-07-10 08:00:00,2025-07-10 08:08:00,8,storm damage,CR-16,2143
OG-001234,FD-015,2025-04-18 22:15:00,2025-04-19 02:08:00,233,lightning strike,CR-10,1376
OG-002106,FD-033,2026-01-29 08:00:00,2026-01-29 10:35:00,155,equipment failure,CR-01,391
OG-000716,FD-020,2024-08-26 01:45:00,2024-08-26 03:02:00,77,vegetation contact,CR-09,269
OG-000644,FD-001,2024-12-08 21:00:00,2024-12-08 23:42:00,162,pole collapse,CR-15,6551
OG-000520,FD-036,2024-07-16 18:45:00,2024-07-16 20:35:00,110,pole collapse,CR-01,300
OG-001080,FD-021,2025-01-18 11:45:00,2025-01-18 14:27:00,162,equipment failure,CR-12,758
OG-001079,FD-035,2025-01-14 15:45:00,2025-01-14 19:32:00,227,vegetation contact,CR-09,44
OG-001950,FD-023,2025-10-15 08:15:00,2025-10-15 10:27:00,132,planned maintenance,CR-15,1325
OG-001087,FD-010,2025-01-25 12:30:00,2025-01-25 13:58:00,88,unknown,CR-11,163
OG-001195,FD-027,2025-06-04 10:15:00,2025-06-04 16:07:00,352,pole collapse,CR-18,697
OG-000136,FD-011,2024-03-27 05:00:00,2024-03-27 06:57:00,117,pole collapse,CR-01,6416
OG-002406,FD-011,2026-05-24 03:30:00,2026-05-24 09:15:00,345,pole collapse,,417
OG-001319,FD-033,2025-05-15 13:30:00,2025-05-15 15:51:00,141,pole collapse,CR-18,253
OG-001631,FD-008,2025-07-08 03:30:00,2025-07-08 06:43:00,193,lightning strike,CR-07,6392
OG-001618,FD-025,2025-05-08 19:15:00,2025-05-08 20:33:00,78,overload,CR-11,370
OG-000964,FD-035,2024-10-19 08:15:00,2024-10-19 09:01:00,46,storm damage,CR-06,680
OG-000683,FD-026,2024-08-20 12:15:00,2024-08-20 16:26:00,251,vegetation contact,CR-08,537
OG-001441,FD-018,2025-06-22 08:30:00,2025-06-22 10:02:00,92,equipment failure,CR-01,351
OG-001422,FD-028,2025-06-15 23:00:00,2025-06-16 03:14:00,254,lightning strike,CR-07,5497
OG-000867,FD-031,2024-09-24 19:00:00,2024-09-24 20:55:00,115,vegetation contact,CR-11,1286
OG-001679,FD-021,2025-08-15 12:45:00,2025-08-15 12:53:00,8,pole collapse,CR-02,2640
OG-000477,FD-035,2024-06-07 08:45:00,2024-06-07 15:23:00,398,storm damage,CR-13,1117
OG-000966,FD-002,2024-10-20 21:45:00,2024-10-21 01:31:00,226,storm damage,CR-05,3690
OG-000781,FD-020,2024-07-09 07:30:00,2024-07-09 08:26:00,56,overload,CR-09,4044
OG-001879,FD-013,2025-09-27 08:30:00,2025-09-27 12:17:00,227,pole collapse,CR-13,8271
OG-000660,FD-005,2024-08-16 06:30:00,2024-08-16 07:32:00,62,pole collapse,CR-13,4778
OG-002506,FD-003,2026-06-21 10:30:00,2026-06-21 13:57:00,207,pole collapse,CR-07,1251
OG-001126,FD-006,2025-03-03 07:30:00,2025-03-03 09:39:00,129,equipment failure,CR-17,2571
OG-000542,FD-024,2024-07-21 09:45:00,2024-07-21 13:57:00,252,vegetation contact,CR-09,2344
OG-001473,FD-016,2025-06-30 22:30:00,2025-06-30 23:55:00,85,storm damage,CR-17,1136
OG-002385,FD-013,2026-05-20 17:15:00,2026-05-20 21:18:00,243,vegetation contact,CR-04,6342
OG-000834,FD-002,2024-09-18 23:00:00,2024-09-18 23:08:00,8,lightning strike,CR-13,3361
OG-000897,FD-002,2024-09-30 11:45:00,2024-09-30 14:13:00,148,storm damage,CR-07,2520
OG-000365,FD-004,2024-08-06 16:15:00,2024-08-06 19:08:00,173,lightning strike,CR-02,36
OG-000458,FD-002,2024-07-01 01:30:00,2024-07-01 02:38:00,68,pole collapse,CR-03,1960
OG-000746,FD-016,2024-08-31 17:15:00,2024-08-31 21:43:00,268,vegetation contact,CR-15,1716
OG-000715,FD-014,2024-08-26 08:45:00,2024-08-26 12:38:00,233,storm damage,CR-01,2465
OG-000006,FD-006,2024-08-01 02:30:00,2024-08-01 07:51:00,321,lightning strike,CR-16,3994
OG-002313,FD-001,2026-04-28 07:15:00,2026-04-28 08:46:00,91,overload,CR-07,1568
OG-002033,FD-035,2025-11-15 12:45:00,2025-11-15 14:41:00,116,transformer fault,CR-03,268
OG-001162,FD-037,2025-03-19 06:45:00,2025-03-19 11:55:00,310,storm damage,CR-08,2984
OG-002430,FD-025,2026-05-30 00:30:00,2026-05-30 02:49:00,139,storm damage,,4732
OG-001145,FD-030,2025-03-15 23:45:00,2025-03-16 04:50:00,305,planned maintenance,CR-14,2266
OG-002330,FD-003,2026-03-05 12:00:00,2026-03-05 13:58:00,118,lightning strike,CR-18,1204
OG-001689,FD-014,2025-08-18 13:45:00,2025-08-18 18:50:00,305,lightning strike,CR-18,3391
OG-001788,FD-025,2025-07-09 00:45:00,2025-07-09 00:53:00,8,overload,CR-01,3687
OG-000931,FD-025,2024-08-10 01:00:00,2024-08-10 01:56:00,56,vegetation contact,CR-09,3663
OG-000916,FD-025,2024-05-10 05:30:00,2024-05-10 09:30:00,240,storm damage,CR-13,3100
OG-000742,FD-024,2024-08-31 21:30:00,2024-09-01 02:09:00,279,vegetation contact,CR-16,484
OG-002194,FD-004,2026-03-14 01:15:00,2026-03-14 03:21:00,126,transformer fault,CR-10,64
OG-001075,FD-002,2025-10-01 05:15:00,2025-10-01 06:21:00,66,storm damage,,4140
OG-000526,FD-016,2024-07-17 18:00:00,2024-07-17 20:20:00,140,storm damage,CR-10,2321
OG-002000,FD-022,2025-10-29 18:15:00,2025-10-29 19:16:00,61,pole collapse,CR-06,634
OG-001104,FD-026,2025-02-18 23:30:00,2025-02-18 23:56:00,26,lightning strike,CR-05,137
OG-000617,FD-024,2024-07-08 13:00:00,2024-07-08 18:02:00,302,vegetation contact,CR-02,3389
OG-000190,FD-028,2024-04-17 11:15:00,2024-04-17 16:13:00,298,lightning strike,CR-01,2713
OG-001616,FD-031,2025-04-08 22:30:00,2025-04-08 23:48:00,78,cable theft,,1365
OG-001635,FD-015,2025-08-08 04:00:00,2025-08-08 05:07:00,67,lightning strike,CR-05,1200
OG-001739,FD-023,2025-08-29 11:45:00,2025-08-29 15:56:00,251,planned maintenance,CR-14,1671
OG-001438,FD-006,2025-06-20 20:30:00,2025-06-20 23:14:00,164,storm damage,CR-13,1329
OG-000432,FD-024,2024-06-26 20:30:00,2024-06-26 23:30:00,180,lightning strike,CR-13,359
OG-002043,FD-026,2025-11-23 08:30:00,2025-11-23 13:53:00,323,transformer fault,CR-15,925
OG-002310,FD-015,2026-04-27 19:15:00,2026-04-27 23:24:00,249,vegetation contact,CR-07,1055
OG-001398,FD-034,2025-07-06 17:45:00,2025-07-06 23:10:00,325,storm damage,CR-07,60
OG-001122,FD-031,2025-02-03 17:30:00,2025-02-03 20:17:00,167,storm damage,CR-15,1075
OG-002222,FD-021,2026-03-30 20:45:00,2026-03-30 22:58:00,133,planned maintenance,CR-04,2652
OG-002019,FD-029,2025-06-11 05:15:00,2025-06-11 05:25:00,10,unknown,CR-05,1989
OG-001245,FD-011,2025-04-21 11:00:00,2025-04-21 16:11:00,311,lightning strike,CR-12,6831
OG-000801,FD-014,2024-10-09 09:00:00,2024-10-09 14:23:00,323,vegetation contact,,3656
OG-000747,FD-031,2024-08-31 02:00:00,2024-08-31 02:08:00,8,cable theft,CR-06,1112
OG-000388,FD-010,2024-06-14 13:45:00,2024-06-14 17:22:00,217,storm damage,CR-02,109
OG-000614,FD-019,2024-06-08 09:00:00,2024-06-08 09:08:00,8,cable theft,CR-07,946
OG-002489,FD-015,2026-06-17 04:00:00,2026-06-17 08:04:00,244,pole collapse,CR-14,903
OG-000970,FD-001,2024-10-21 07:45:00,2024-10-21 09:30:00,105,lightning strike,CR-04,5665
OG-002270,FD-036,2026-04-14 14:45:00,2026-04-14 16:48:00,123,lightning strike,CR-14,2403
OG-000285,FD-013,2024-05-16 22:30:00,2024-05-17 02:11:00,221,pole collapse,CR-16,2125
OG-001350,FD-014,2025-05-22 00:45:00,2025-05-22 05:27:00,282,vegetation contact,CR-01,1508
OG-002369,FD-002,2026-05-15 14:30:00,2026-05-15 18:59:00,269,lightning strike,CR-17,977
OG-000761,FD-003,2024-03-09 19:15:00,2024-03-09 21:35:00,140,unknown,CR-05,6003
OG-001779,FD-006,2025-05-09 10:30:00,2025-05-09 15:03:00,273,lightning strike,CR-11,307
OG-002390,FD-034,2026-05-21 16:30:00,2026-05-21 18:46:00,136,unknown,CR-09,685
OG-000037,FD-022,2024-01-25 08:00:00,2024-01-25 14:55:00,415,lightning strike,CR-03,628
OG-000059,FD-022,2024-02-19 07:30:00,2024-02-19 09:18:00,108,lightning strike,CR-01,415
OG-001941,FD-032,2025-10-13 09:15:00,2025-10-13 11:24:00,129,vegetation contact,CR-04,1632
OG-002434,FD-006,2026-05-31 05:00:00,2026-05-31 08:05:00,185,storm damage,CR-18,1366
OG-001110,FD-029,2025-02-24 03:00:00,2025-02-24 04:11:00,71,lightning strike,CR-06,1041
OG-000832,FD-013,2024-09-17 03:15:00,2024-09-17 06:25:00,190,pole collapse,CR-04,3958
OG-000737,FD-034,2024-08-30 13:15:00,2024-08-30 17:10:00,235,lightning strike,CR-04,1511
OG-000717,FD-010,2024-08-26 09:00:00,2024-08-26 12:13:00,193,vegetation contact,CR-10,49
OG-000787,FD-012,2024-08-09 07:15:00,2024-08-09 07:47:00,32,transformer fault,CR-04,1394
OG-001797,FD-017,2025-09-09 12:00:00,2025-09-09 14:42:00,162,storm damage,CR-16,1880
OG-001958,FD-032,2025-10-17 13:15:00,2025-10-17 17:18:00,243,pole collapse,,1282
OG-002012,FD-002,2025-10-31 08:15:00,2025-10-31 11:07:00,172,storm damage,CR-01,1917
OG-000726,FD-006,2024-08-28 03:00:00,2024-08-28 05:53:00,173,lightning strike,,6293
OG-001187,FD-035,2025-03-31 12:15:00,2025-03-31 14:36:00,141,planned maintenance,CR-18,434
OG-001891,FD-023,2025-09-28 06:45:00,2025-09-28 11:23:00,278,pole collapse,CR-08,2588
OG-001121,FD-031,2025-01-03 09:45:00,2025-01-03 13:58:00,253,storm damage,CR-10,42
OG-000421,FD-016,2024-06-23 10:15:00,2024-06-23 14:55:00,280,storm damage,,1124
OG-002269,FD-005,2026-04-13 14:45:00,2026-04-13 16:04:00,79,vegetation contact,CR-13,2992
OG-000222,FD-015,2024-04-28 21:15:00,2024-04-29 00:14:00,179,storm damage,CR-08,282
OG-002058,FD-013,2025-06-12 12:45:00,2025-06-12 14:17:00,92,overload,CR-05,513
OG-001590,FD-031,2025-07-27 05:45:00,2025-07-27 08:03:00,138,vegetation contact,CR-12,1254
OG-001628,FD-024,2025-06-08 10:45:00,2025-06-08 13:46:00,181,equipment failure,CR-01,2252
OG-001526,FD-001,2025-07-13 04:45:00,2025-07-13 06:45:00,120,cable theft,CR-17,892
OG-000568,FD-030,2024-07-28 05:15:00,2024-07-28 05:43:00,28,storm damage,CR-06,7552
OG-000974,FD-008,2024-10-23 21:00:00,2024-10-23 23:30:00,150,vegetation contact,CR-12,2333
OG-000601,FD-003,2024-04-08 19:45:00,2024-04-08 22:29:00,164,vegetation contact,CR-08,7034
OG-000061,FD-034,2024-02-20 05:15:00,2024-02-20 05:26:00,11,pole collapse,,1097
OG-002193,FD-034,2026-03-14 07:30:00,2026-03-14 08:39:00,69,planned maintenance,CR-03,705
OG-000236,FD-018,2024-02-05 14:15:00,2024-02-05 18:06:00,231,storm damage,CR-09,4542
OG-001014,FD-036,2024-11-14 10:45:00,2024-11-14 12:32:00,107,planned maintenance,CR-18,1385
OG-002018,FD-033,2025-04-11 13:45:00,2025-04-11 15:25:00,100,pole collapse,CR-15,754
OG-001358,FD-004,2025-05-25 22:30:00,2025-05-26 03:27:00,297,storm damage,CR-13,419
OG-001431,FD-017,2025-06-17 09:30:00,2025-06-17 14:56:00,326,lightning strike,CR-02,700
OG-000829,FD-010,2024-09-17 18:30:00,2024-09-17 21:30:00,180,lightning strike,CR-02,193
OG-000118,FD-025,2024-03-21 22:45:00,2024-03-22 00:02:00,77,lightning strike,CR-12,2303
OG-000411,FD-028,2024-06-20 20:15:00,2024-06-20 20:50:00,35,planned maintenance,CR-12,1913
OG-001810,FD-013,2025-12-09 08:30:00,2025-12-09 12:27:00,237,vegetation contact,CR-09,5477
OG-000578,FD-035,2024-07-30 08:45:00,2024-07-30 10:00:00,75,overload,CR-11,917
OG-000471,FD-030,2024-07-05 05:30:00,2024-07-05 07:11:00,101,transformer fault,CR-11,3884
OG-000620,FD-007,2024-08-08 11:30:00,2024-08-08 15:37:00,247,lightning strike,CR-18,655
OG-001357,FD-014,2025-05-25 10:30:00,2025-05-25 14:25:00,235,storm damage,,4148
OG-000827,FD-014,2024-09-16 07:30:00,2024-09-16 11:10:00,220,lightning strike,CR-04,2574
OG-000091,FD-019,2024-03-09 00:00:00,2024-03-09 02:27:00,147,transformer fault,CR-14,3040
OG-001859,FD-007,2025-09-23 21:15:00,2025-09-24 00:39:00,204,storm damage,CR-18,1571
OG-001174,FD-005,2025-03-25 02:30:00,2025-03-25 04:29:00,119,transformer fault,CR-11,533
OG-001840,FD-021,2025-09-18 04:00:00,2025-09-18 08:35:00,275,transformer fault,CR-17,2274
OG-001487,FD-037,2025-04-07 07:30:00,2025-04-07 10:04:00,154,vegetation contact,CR-05,1683
OG-002299,FD-009,2026-04-24 21:45:00,2026-04-24 22:45:00,60,pole collapse,CR-04,4385
OG-002279,FD-010,2026-04-16 10:30:00,2026-04-16 11:51:00,81,equipment failure,CR-09,364
OG-000987,FD-013,2024-10-28 21:30:00,2024-10-29 02:13:00,283,storm damage,CR-08,5947
OG-001666,FD-031,2025-08-13 13:00:00,2025-08-13 13:08:00,8,pole collapse,CR-03,374
OG-001723,FD-015,2025-08-24 21:00:00,2025-08-25 00:39:00,219,storm damage,CR-13,470
OG-000536,FD-024,2024-07-20 17:45:00,2024-07-20 21:48:00,243,pole collapse,CR-13,1655
OG-001560,FD-005,2025-07-21 13:00:00,2025-07-21 15:59:00,179,vegetation contact,CR-09,6631
OG-000667,FD-020,2024-08-17 04:15:00,2024-08-17 08:25:00,250,pole collapse,CR-08,939
OG-000510,FD-013,2024-07-13 02:45:00,2024-07-13 08:15:00,330,vegetation contact,CR-07,1310
OG-000030,FD-036,2024-01-21 09:30:00,2024-01-21 12:53:00,203,unknown,CR-16,3420
OG-000376,FD-013,2024-06-10 23:45:00,2024-06-11 00:50:00,65,vegetation contact,CR-04,6656
OG-000297,FD-022,2024-05-19 11:45:00,2024-05-19 14:57:00,192,lightning strike,,418
OG-000333,FD-005,2024-05-29 15:15:00,2024-05-29 15:23:00,8,planned maintenance,CR-09,5724
OG-000740,FD-016,2024-08-31 00:30:00,2024-08-31 04:32:00,242,vegetation contact,CR-17,1884
OG-001202,FD-002,2025-07-04 08:45:00,2025-07-04 10:38:00,113,overload,CR-09,3644
OG-001671,FD-029,2025-08-14 11:00:00,2025-08-14 14:28:00,208,storm damage,CR-18,831
OG-000544,FD-037,2024-07-22 11:45:00,2024-07-22 13:12:00,87,transformer fault,CR-15,1924
OG-002537,FD-022,2026-06-29 06:45:00,2026-06-29 07:09:00,24,lightning strike,CR-11,691
OG-001596,FD-036,2025-07-30 08:15:00,2025-07-30 10:43:00,148,pole collapse,,150
OG-001696,FD-014,2025-08-19 09:15:00,2025-08-19 09:23:00,8,pole collapse,CR-14,3116
OG-001316,FD-029,2025-05-14 04:00:00,2025-05-14 04:25:00,25,lightning strike,CR-14,752
OG-001190,FD-027,2025-04-02 14:15:00,2025-04-02 17:29:00,194,vegetation contact,CR-12,1968
OG-000123,FD-024,2024-03-23 15:00:00,2024-03-23 19:09:00,249,lightning strike,CR-02,3109
OG-000101,FD-031,2024-03-13 20:00:00,2024-03-13 22:41:00,161,lightning strike,,1636
OG-001401,FD-018,2025-08-06 06:15:00,2025-08-06 10:05:00,230,storm damage,CR-05,3432
OG-001803,FD-011,2025-11-09 13:15:00,2025-11-09 16:26:00,191,overload,CR-16,5556
OG-001692,FD-004,2025-08-18 20:15:00,2025-08-18 22:19:00,124,lightning strike,CR-10,1170
OG-000128,FD-019,2024-03-24 22:00:00,2024-03-25 04:08:00,368,lightning strike,CR-13,1671
OG-000057,FD-011,2024-02-16 10:15:00,2024-02-16 12:52:00,157,cable theft,CR-10,6550
OG-000631,FD-024,2024-10-08 11:45:00,2024-10-08 17:22:00,337,storm damage,CR-12,2777
OG-002501,FD-036,2026-06-20 18:30:00,2026-06-20 23:27:00,297,pole collapse,CR-14,1452
OG-000227,FD-016,2024-04-29 17:30:00,2024-04-29 18:12:00,42,transformer fault,CR-18,44
OG-002089,FD-016,2025-12-31 06:45:00,2025-12-31 07:34:00,49,storm damage,CR-15,2369
OG-001429,FD-016,2025-06-16 20:00:00,2025-06-16 23:37:00,217,pole collapse,CR-02,1982
OG-001189,FD-029,2025-02-04 14:45:00,2025-02-04 17:14:00,149,planned maintenance,CR-18,649
OG-001069,FD-029,2025-05-01 10:45:00,2025-05-01 11:50:00,65,planned maintenance,CR-06,1643
OG-002197,FD-025,2026-03-15 18:15:00,2026-03-15 21:11:00,176,planned maintenance,CR-09,3792
OG-002083,FD-007,2025-12-25 22:00:00,2025-12-25 22:57:00,57,lightning strike,CR-12,801
OG-002438,FD-004,2026-01-06 03:00:00,2026-01-06 06:22:00,202,planned maintenance,CR-07,149
OG-001700,FD-032,2025-08-20 16:45:00,2025-08-20 19:21:00,156,pole collapse,CR-03,290
OG-000640,FD-007,2024-12-08 04:15:00,2024-12-08 07:37:00,202,storm damage,,831
OG-000541,FD-037,2024-07-21 07:00:00,2024-07-21 07:31:00,31,lightning strike,CR-13,2387
OG-001928,FD-012,2025-10-10 07:30:00,2025-10-10 10:26:00,176,storm damage,CR-10,944
OG-001158,FD-014,2025-03-19 01:30:00,2025-03-19 04:51:00,201,vegetation contact,CR-08,1638
OG-000347,FD-005,2024-03-06 20:15:00,2024-03-06 21:52:00,97,lightning strike,CR-03,1189
OG-000860,FD-012,2024-09-22 22:45:00,2024-09-23 01:07:00,142,pole collapse,CR-14,498
OG-002436,FD-033,2026-05-31 12:00:00,2026-05-31 14:47:00,167,storm damage,CR-14,681
OG-002049,FD-005,2025-11-26 03:45:00,2025-11-26 03:53:00,8,unknown,CR-06,3041
OG-002388,FD-028,2026-05-20 12:15:00,2026-05-20 16:36:00,261,vegetation contact,CR-05,590
OG-001707,FD-013,2025-08-21 18:15:00,2025-08-21 18:51:00,36,storm damage,CR-15,2802
OG-001907,FD-031,2025-03-10 07:45:00,2025-03-10 14:20:00,395,storm damage,CR-12,689
OG-000570,FD-014,2024-07-28 10:30:00,2024-07-28 12:27:00,117,pole collapse,CR-14,4087
OG-001534,FD-011,2025-07-15 16:00:00,2025-07-15 17:27:00,87,pole collapse,CR-02,7223
OG-000736,FD-020,2024-08-30 04:45:00,2024-08-30 07:29:00,164,equipment failure,CR-12,2787
OG-001395,FD-023,2025-06-06 17:45:00,2025-06-06 20:23:00,158,vegetation contact,CR-18,1856
OG-000722,FD-024,2024-08-27 04:30:00,2024-08-27 08:30:00,240,lightning strike,CR-06,1902
OG-001675,FD-005,2025-08-15 19:00:00,2025-08-15 22:22:00,202,pole collapse,CR-09,504
OG-001480,FD-017,2025-02-07 10:00:00,2025-02-07 12:16:00,136,transformer fault,CR-18,2291
OG-000967,FD-012,2024-10-20 11:00:00,2024-10-20 11:17:00,17,storm damage,,944
OG-002010,FD-025,2025-10-31 17:45:00,2025-10-31 21:28:00,223,overload,CR-04,5129
OG-001317,FD-024,2025-05-14 10:15:00,2025-05-14 11:39:00,84,storm damage,,2401
OG-000056,FD-036,2024-02-15 01:00:00,2024-02-15 02:26:00,86,equipment failure,CR-01,1245
OG-001883,FD-013,2025-09-27 14:15:00,2025-09-27 16:01:00,106,overload,CR-08,8476
OG-001773,FD-013,2025-04-09 19:30:00,2025-04-09 23:04:00,214,lightning strike,,8216
OG-002336,FD-032,2026-05-05 07:00:00,2026-05-05 10:51:00,231,lightning strike,CR-10,198
OG-000676,FD-034,2024-08-19 22:45:00,2024-08-20 03:09:00,264,lightning strike,CR-15,1424
OG-001520,FD-001,2025-12-07 06:00:00,2025-12-07 11:50:00,350,storm damage,CR-16,8221
OG-001531,FD-028,2025-07-14 16:45:00,2025-07-14 17:46:00,61,storm damage,CR-15,2298
OG-001697,FD-007,2025-08-19 06:30:00,2025-08-19 10:43:00,253,vegetation contact,CR-07,804
OG-002429,FD-013,2026-05-29 08:00:00,2026-05-29 10:34:00,154,storm damage,CR-05,6441
OG-000665,FD-033,2024-08-17 17:45:00,2024-08-17 21:59:00,254,lightning strike,CR-01,1305
OG-000755,FD-007,2024-02-09 15:45:00,2024-02-09 15:53:00,8,transformer fault,CR-13,347
OG-002401,FD-001,2026-05-23 21:45:00,2026-05-23 23:18:00,93,pole collapse,CR-08,1368
OG-001062,FD-009,2025-02-01 06:30:00,2025-02-01 09:03:00,153,cable theft,CR-15,658
OG-002196,FD-036,2026-03-15 23:45:00,2026-03-16 02:10:00,145,equipment failure,CR-04,1690
OG-001529,FD-016,2025-07-14 19:30:00,2025-07-14 21:15:00,105,pole collapse,CR-16,2096
OG-000331,FD-028,2024-05-29 16:45:00,2024-05-29 17:15:00,30,unknown,CR-16,2166
OG-000582,FD-014,2024-07-31 10:15:00,2024-07-31 14:47:00,272,lightning strike,CR-11,6038
OG-002195,FD-018,2026-03-15 11:15:00,2026-03-15 11:23:00,8,cable theft,CR-14,2044
OG-000519,FD-007,2024-07-15 04:00:00,2024-07-15 06:45:00,165,pole collapse,CR-16,318
OG-001111,FD-035,2025-02-25 07:30:00,2025-02-25 08:56:00,86,equipment failure,CR-02,532
OG-001569,FD-001,2025-07-23 04:30:00,2025-07-23 04:54:00,24,overload,CR-13,5284
OG-000246,FD-021,2024-05-05 17:00:00,2024-05-05 20:48:00,228,pole collapse,CR-14,1857
OG-001607,FD-001,2025-02-08 06:45:00,2025-02-08 07:23:00,38,unknown,CR-12,7822
OG-000692,FD-009,2024-08-22 05:30:00,2024-08-22 07:19:00,109,storm damage,CR-02,4488
OG-001980,FD-032,2025-10-24 10:30:00,2025-10-24 13:22:00,172,vegetation contact,CR-08,714
OG-001599,FD-024,2025-07-31 14:00:00,2025-07-31 19:09:00,309,cable theft,CR-15,596
OG-000107,FD-015,2024-03-16 06:45:00,2024-03-16 10:21:00,216,storm damage,CR-10,891
OG-000919,FD-015,2024-05-10 04:15:00,2024-05-10 08:28:00,253,lightning strike,CR-16,776
OG-002077,FD-034,2025-12-21 15:00:00,2025-12-21 19:08:00,248,storm damage,CR-06,1401
OG-000282,FD-016,2024-05-15 23:45:00,2024-05-16 04:15:00,270,storm damage,CR-07,87
OG-001577,FD-035,2025-07-25 22:30:00,2025-07-26 02:17:00,227,storm damage,CR-01,103
OG-000776,FD-030,2024-06-09 16:45:00,2024-06-09 21:48:00,303,lightning strike,CR-04,1343
OG-001053,FD-005,2024-12-21 12:15:00,2024-12-21 12:23:00,8,transformer fault,CR-05,211
OG-002100,FD-035,2026-01-16 14:30:00,2026-01-16 15:00:00,30,equipment failure,CR-08,737
OG-000018,FD-012,2024-01-14 04:00:00,2024-01-14 04:08:00,8,lightning strike,CR-10,596
OG-001461,FD-024,2025-06-27 00:45:00,2025-06-27 06:05:00,320,lightning strike,CR-07,2106
OG-001001,FD-005,2024-03-11 14:45:00,2024-03-11 16:22:00,97,transformer fault,CR-08,2397
OG-000103,FD-007,2024-03-15 07:00:00,2024-03-15 09:53:00,173,cable theft,CR-08,834
OG-000618,FD-036,2024-07-08 09:00:00,2024-07-08 09:27:00,27,transformer fault,CR-18,3673
OG-001714,FD-032,2025-08-22 07:45:00,2025-08-22 10:51:00,186,vegetation contact,,2060
OG-000647,FD-016,2024-08-13 12:15:00,2024-08-13 16:06:00,231,lightning strike,CR-13,2317
OG-001516,FD-029,2025-11-07 05:00:00,2025-11-07 08:58:00,238,pole collapse,CR-02,885
OG-001165,FD-026,2025-03-22 01:00:00,2025-03-22 01:54:00,54,equipment failure,CR-03,1762
OG-000577,FD-009,2024-07-30 07:30:00,2024-07-30 10:00:00,150,pole collapse,CR-10,1288
OG-001555,FD-034,2025-07-20 07:45:00,2025-07-20 07:53:00,8,overload,CR-04,1404
OG-000798,FD-025,2024-10-09 18:30:00,2024-10-09 22:48:00,258,pole collapse,CR-12,2838
OG-000262,FD-020,2024-09-05 03:15:00,2024-09-05 05:15:00,120,lightning strike,CR-04,2903
OG-001198,FD-014,2025-07-04 14:45:00,2025-07-04 19:05:00,260,storm damage,CR-13,4304
OG-002372,FD-035,2026-05-16 21:15:00,2026-05-16 23:42:00,147,pole collapse,CR-10,61
OG-000207,FD-006,2024-04-22 05:45:00,2024-04-22 08:32:00,167,vegetation contact,CR-07,6540
OG-000892,FD-035,2024-09-29 12:15:00,2024-09-29 16:25:00,250,pole collapse,CR-09,690
OG-001445,FD-007,2025-06-23 15:00:00,2025-06-23 17:23:00,143,vegetation contact,CR-12,432
OG-002238,FD-030,2026-04-04 08:15:00,2026-04-04 10:45:00,150,transformer fault,CR-08,3131
OG-000125,FD-031,2024-03-23 08:45:00,2024-03-23 12:41:00,236,storm damage,CR-07,269
OG-001992,FD-030,2025-10-26 20:15:00,2025-10-26 23:50:00,215,storm damage,CR-16,1193
OG-002239,FD-031,2026-04-04 00:30:00,2026-04-04 05:03:00,273,storm damage,CR-06,71
OG-001831,FD-033,2025-09-16 14:00:00,2025-09-16 17:58:00,238,storm damage,CR-05,1395
OG-001330,FD-025,2025-05-18 07:15:00,2025-05-18 09:18:00,123,pole collapse,CR-03,2246
OG-001159,FD-035,2025-03-19 21:45:00,2025-03-20 00:16:00,151,unknown,CR-16,1227
OG-000762,FD-003,2024-03-09 12:45:00,2024-03-09 15:17:00,152,unknown,CR-15,3175
OG-000840,FD-011,2024-09-19 18:15:00,2024-09-19 21:11:00,176,storm damage,CR-06,6107
OG-002084,FD-016,2025-12-27 20:45:00,2025-12-27 22:34:00,109,lightning strike,CR-06,1168
OG-001869,FD-021,2025-09-25 20:00:00,2025-09-25 23:15:00,195,pole collapse,CR-11,604
OG-001562,FD-026,2025-07-21 15:00:00,2025-07-21 17:08:00,128,lightning strike,CR-08,244
OG-001347,FD-020,2025-05-22 05:30:00,2025-05-22 09:59:00,269,vegetation contact,CR-02,4274
OG-000156,FD-001,2024-03-04 01:45:00,2024-03-04 05:40:00,235,lightning strike,CR-14,7969
OG-001597,FD-034,2025-07-30 10:45:00,2025-07-30 16:04:00,319,vegetation contact,CR-09,1238
OG-000633,FD-009,2024-11-08 02:15:00,2024-11-08 06:42:00,267,unknown,CR-17,3708
OG-000233,FD-006,2024-01-05 08:15:00,2024-01-05 10:07:00,112,storm damage,CR-15,6770
OG-001142,FD-011,2025-03-13 10:45:00,2025-03-13 13:34:00,169,transformer fault,CR-07,205
OG-001942,FD-003,2025-10-14 12:45:00,2025-10-14 15:54:00,189,lightning strike,CR-10,50
OG-001915,FD-006,2025-06-10 15:45:00,2025-06-10 19:44:00,239,vegetation contact,CR-10,6611
OG-001975,FD-031,2025-10-22 03:15:00,2025-10-22 07:03:00,228,storm damage,CR-10,321
OG-001989,FD-010,2025-10-25 15:45:00,2025-10-25 18:27:00,162,vegetation contact,CR-15,51
OG-000956,FD-001,2024-10-16 04:15:00,2024-10-16 05:03:00,48,overload,CR-08,3569
OG-002271,FD-018,2026-04-14 15:30:00,2026-04-14 17:15:00,105,overload,CR-04,2515
OG-001254,FD-035,2025-04-25 20:00:00,2025-04-25 22:38:00,158,storm damage,CR-11,1463
OG-002068,FD-014,2025-12-12 19:30:00,2025-12-12 20:24:00,54,equipment failure,CR-18,4734
OG-000420,FD-036,2024-06-23 10:30:00,2024-06-23 14:10:00,220,vegetation contact,CR-18,1519
OG-000635,FD-012,2024-11-08 12:15:00,2024-11-08 15:41:00,206,vegetation contact,CR-01,553
OG-000650,FD-010,2024-08-14 16:45:00,2024-08-14 20:30:00,225,storm damage,CR-06,307
OG-002518,FD-015,2026-06-24 10:30:00,2026-06-24 11:20:00,50,planned maintenance,CR-01,532
OG-000838,FD-006,2024-09-18 14:30:00,2024-09-18 19:00:00,270,storm damage,CR-12,860
OG-000990,FD-037,2024-10-28 17:45:00,2024-10-28 20:33:00,168,vegetation contact,CR-10,631
OG-000959,FD-034,2024-10-17 06:00:00,2024-10-17 09:38:00,218,storm damage,CR-04,653
OG-002497,FD-001,2026-06-19 14:00:00,2026-06-19 15:47:00,107,storm damage,CR-18,7990
OG-000939,FD-024,2024-11-10 11:15:00,2024-11-10 13:58:00,163,lightning strike,CR-15,1251
OG-000098,FD-001,2024-03-13 10:00:00,2024-03-13 12:08:00,128,equipment failure,CR-05,2662
OG-000863,FD-008,2024-09-23 05:00:00,2024-09-23 08:50:00,230,lightning strike,CR-11,2805
OG-000547,FD-004,2024-07-22 02:45:00,2024-07-22 02:53:00,8,equipment failure,CR-17,1584
OG-000989,FD-012,2024-10-28 10:30:00,2024-10-28 10:38:00,8,lightning strike,CR-01,1406
OG-001277,FD-003,2025-04-05 17:30:00,2025-04-05 19:53:00,143,pole collapse,CR-16,3574
OG-002377,FD-005,2026-05-17 00:00:00,2026-05-17 03:04:00,184,storm damage,CR-01,5212
OG-000799,FD-002,2024-09-10 00:00:00,2024-09-10 03:58:00,238,storm damage,CR-02,3187
OG-000569,FD-023,2024-07-28 12:15:00,2024-07-28 15:13:00,178,pole collapse,,1457
OG-001278,FD-026,2025-04-05 16:45:00,2025-04-05 19:49:00,184,vegetation contact,CR-04,759
OG-002007,FD-026,2025-10-30 05:45:00,2025-10-30 09:21:00,216,storm damage,CR-14,1063
OG-000478,FD-017,2024-06-07 10:30:00,2024-06-07 12:33:00,123,planned maintenance,CR-13,2262
OG-001716,FD-009,2025-08-23 17:45:00,2025-08-23 21:55:00,250,vegetation contact,CR-14,2758
OG-002164,FD-006,2026-04-03 02:15:00,2026-04-03 03:51:00,96,vegetation contact,CR-07,444
OG-001538,FD-021,2025-07-15 17:45:00,2025-07-15 23:24:00,339,pole collapse,CR-15,2109
OG-002397,FD-028,2026-05-22 14:00:00,2026-05-22 15:36:00,96,storm damage,CR-14,2304
OG-000813,FD-037,2024-09-13 23:45:00,2024-09-14 04:30:00,285,lightning strike,CR-13,88
OG-002375,FD-015,2026-05-16 20:45:00,2026-05-16 20:53:00,8,unknown,CR-02,1285
OG-002452,FD-029,2026-04-06 22:15:00,2026-04-06 22:50:00,35,lightning strike,CR-07,1728
OG-002533,FD-004,2026-06-28 23:30:00,2026-06-29 02:47:00,197,vegetation contact,CR-13,331
OG-001424,FD-004,2025-06-15 06:45:00,2025-06-15 08:47:00,122,transformer fault,CR-18,2805
OG-001683,FD-013,2025-08-16 11:30:00,2025-08-16 14:49:00,199,equipment failure,CR-02,6927
OG-000505,FD-014,2024-12-07 17:30:00,2024-12-07 20:50:00,200,storm damage,CR-13,2154
OG-000816,FD-020,2024-09-13 19:15:00,2024-09-13 22:54:00,219,vegetation contact,CR-07,3598
OG-001981,FD-008,2025-10-24 19:15:00,2025-10-24 21:57:00,162,pole collapse,CR-12,5748
OG-002208,FD-029,2026-03-23 13:30:00,2026-03-23 14:49:00,79,cable theft,CR-15,30
OG-002334,FD-027,2026-04-05 07:15:00,2026-04-05 07:23:00,8,transformer fault,CR-14,1513
OG-002109,FD-012,2026-04-02 02:15:00,2026-04-02 05:12:00,177,planned maintenance,CR-04,891
OG-000403,FD-004,2024-06-19 10:00:00,2024-06-19 13:14:00,194,storm damage,CR-08,1323
OG-000213,FD-016,2024-04-24 13:45:00,2024-04-24 16:27:00,162,pole collapse,CR-15,2545
OG-000674,FD-030,2024-08-18 20:45:00,2024-08-18 21:50:00,65,lightning strike,CR-13,2433
OG-001339,FD-001,2025-05-20 20:15:00,2025-05-20 23:58:00,223,vegetation contact,CR-17,8125
OG-001743,FD-004,2025-08-29 09:15:00,2025-08-29 12:44:00,209,vegetation contact,CR-18,2786
OG-001021,FD-014,2024-11-17 04:30:00,2024-11-17 04:39:00,9,lightning strike,CR-07,4739
OG-002214,FD-010,2026-03-26 00:15:00,2026-03-26 00:23:00,8,equipment failure,CR-04,285
OG-001640,FD-020,2025-08-08 09:45:00,2025-08-08 11:13:00,88,pole collapse,CR-18,805
OG-001876,FD-004,2025-09-26 14:30:00,2025-09-26 17:22:00,172,planned maintenance,CR-10,1527
OG-000847,FD-011,2024-09-20 22:00:00,2024-09-21 02:35:00,275,vegetation contact,,4058
OG-000406,FD-015,2024-06-19 23:00:00,2024-06-20 02:39:00,219,lightning strike,CR-17,296
OG-002287,FD-007,2026-04-20 11:00:00,2026-04-20 15:05:00,245,pole collapse,CR-14,1503
OG-001886,FD-014,2025-09-28 14:45:00,2025-09-28 19:07:00,262,storm damage,CR-16,505
OG-001247,FD-031,2025-04-22 04:45:00,2025-04-22 05:27:00,42,transformer fault,CR-08,777
OG-000961,FD-001,2024-10-18 19:15:00,2024-10-18 21:12:00,117,unknown,CR-15,2367
OG-000453,FD-036,2024-06-30 19:15:00,2024-06-30 21:33:00,138,storm damage,CR-15,1779
OG-002154,FD-011,2026-01-03 00:00:00,2026-01-03 00:08:00,8,transformer fault,CR-01,3847
OG-001682,FD-013,2025-08-16 21:30:00,2025-08-16 23:57:00,147,vegetation contact,CR-11,6285
OG-002321,FD-030,2026-01-05 10:45:00,2026-01-05 15:03:00,258,unknown,CR-18,3065
OG-000293,FD-012,2024-05-18 21:15:00,2024-05-19 05:33:00,498,storm damage,CR-13,484
OG-001578,FD-035,2025-07-25 08:15:00,2025-07-25 11:37:00,202,lightning strike,CR-09,362
OG-000448,FD-037,2024-06-29 23:45:00,2024-06-30 01:58:00,133,vegetation contact,CR-16,2328
OG-000278,FD-015,2024-05-14 22:15:00,2024-05-15 02:39:00,264,storm damage,CR-14,763
OG-000219,FD-004,2024-04-26 01:45:00,2024-04-26 05:21:00,216,pole collapse,CR-04,1188
OG-001263,FD-027,2025-04-28 22:00:00,2025-04-29 02:00:00,240,lightning strike,CR-05,140
OG-001311,FD-009,2025-05-13 06:15:00,2025-05-13 08:25:00,130,lightning strike,CR-06,4254
OG-002324,FD-022,2026-02-05 02:00:00,2026-02-05 02:08:00,8,transformer fault,CR-01,478
OG-001632,FD-022,2025-07-08 08:00:00,2025-07-08 11:26:00,206,vegetation contact,CR-14,763
OG-001954,FD-032,2025-10-16 02:00:00,2025-10-16 05:16:00,196,storm damage,CR-01,1806
OG-001017,FD-002,2024-11-15 07:00:00,2024-11-15 09:54:00,174,overload,CR-13,2549
OG-000517,FD-033,2024-07-15 21:00:00,2024-07-16 00:03:00,183,vegetation contact,CR-05,1205
OG-001684,FD-015,2025-08-16 15:00:00,2025-08-16 17:57:00,177,lightning strike,CR-01,986
OG-002161,FD-004,2026-03-03 05:15:00,2026-03-03 06:19:00,64,overload,,562
OG-001968,FD-008,2025-10-20 19:15:00,2025-10-20 22:07:00,172,pole collapse,CR-07,1943
OG-002306,FD-036,2026-04-26 14:45:00,2026-04-26 17:40:00,175,storm damage,CR-12,3466
OG-000670,FD-028,2024-08-18 06:15:00,2024-08-18 08:56:00,161,storm damage,CR-01,799
OG-000965,FD-030,2024-10-20 10:30:00,2024-10-20 14:29:00,239,storm damage,CR-11,7741
OG-000085,FD-033,2024-06-03 03:00:00,2024-06-03 04:40:00,100,vegetation contact,CR-12,692
OG-001761,FD-019,2025-02-09 19:15:00,2025-02-09 19:23:00,8,unknown,CR-03,1400
OG-002541,FD-024,2026-06-30 07:00:00,2026-06-30 07:41:00,41,lightning strike,CR-09,1716
OG-001335,FD-003,2025-05-19 20:00:00,2025-05-19 21:36:00,96,planned maintenance,CR-12,1393
OG-001465,FD-033,2025-06-28 13:00:00,2025-06-28 14:36:00,96,vegetation contact,CR-06,435
OG-000327,FD-003,2024-05-28 10:15:00,2024-05-28 12:43:00,148,planned maintenance,CR-10,3858
OG-000546,FD-005,2024-07-22 12:15:00,2024-07-22 13:28:00,73,unknown,CR-03,4810
OG-002292,FD-018,2026-04-22 08:00:00,2026-04-22 12:03:00,243,vegetation contact,CR-07,4663
OG-000900,FD-028,2024-09-30 06:00:00,2024-09-30 06:08:00,8,planned maintenance,CR-04,1718
OG-001076,FD-028,2025-12-01 19:30:00,2025-12-01 23:24:00,234,lightning strike,CR-14,5737
OG-000706,FD-022,2024-08-24 07:45:00,2024-08-24 12:05:00,260,pole collapse,CR-12,839
OG-001896,FD-005,2025-09-30 03:00:00,2025-09-30 03:41:00,41,vegetation contact,CR-17,3270
OG-002042,FD-022,2025-11-20 19:45:00,2025-11-21 00:57:00,312,storm damage,CR-18,937
OG-001837,FD-009,2025-09-18 01:15:00,2025-09-18 03:10:00,115,vegetation contact,CR-17,3240
OG-000494,FD-027,2024-07-10 06:15:00,2024-07-10 10:09:00,234,planned maintenance,CR-08,1688
OG-000067,FD-031,2024-02-27 00:30:00,2024-02-27 03:00:00,150,cable theft,CR-11,643
OG-001411,FD-002,2025-11-06 19:15:00,2025-11-06 20:03:00,48,cable theft,CR-06,2722
OG-001213,FD-033,2025-10-04 01:00:00,2025-10-04 01:33:00,33,vegetation contact,CR-15,555
OG-001722,FD-001,2025-08-24 12:15:00,2025-08-24 15:58:00,223,vegetation contact,CR-10,660
OG-001343,FD-024,2025-05-21 15:15:00,2025-05-21 15:57:00,42,pole collapse,CR-18,1097
OG-000681,FD-011,2024-08-20 02:00:00,2024-08-20 03:50:00,110,overload,CR-07,7504
OG-001651,FD-028,2025-10-08 09:30:00,2025-10-08 10:18:00,48,transformer fault,CR-04,5824
OG-001225,FD-002,2025-04-15 01:30:00,2025-04-15 02:56:00,86,pole collapse,CR-18,2980
OG-000460,FD-031,2024-02-07 12:15:00,2024-02-07 15:47:00,212,vegetation contact,CR-03,1004
OG-000506,FD-013,2024-12-07 05:00:00,2024-12-07 05:37:00,37,overload,CR-10,3128
OG-001164,FD-026,2025-03-21 12:45:00,2025-03-21 13:28:00,43,unknown,CR-08,3331
OG-000818,FD-016,2024-09-14 02:15:00,2024-09-14 04:24:00,129,cable theft,CR-16,1972
OG-002085,FD-025,2025-12-27 02:15:00,2025-12-27 04:54:00,159,storm damage,CR-02,1823
OG-000780,FD-014,2024-07-09 13:00:00,2024-07-09 13:08:00,8,vegetation contact,CR-18,1535
OG-001132,FD-001,2025-08-03 05:15:00,2025-08-03 07:18:00,123,pole collapse,CR-01,3041
OG-000157,FD-008,2024-04-04 18:30:00,2024-04-04 21:07:00,157,transformer fault,CR-06,4424
OG-001890,FD-007,2025-09-28 08:00:00,2025-09-28 11:11:00,191,pole collapse,CR-17,836
OG-000522,FD-013,2024-07-17 06:45:00,2024-07-17 11:26:00,281,lightning strike,CR-11,4686
OG-002529,FD-014,2026-06-27 13:30:00,2026-06-27 16:34:00,184,lightning strike,CR-04,4990
OG-000975,FD-029,2024-10-23 15:00:00,2024-10-23 19:20:00,260,pole collapse,CR-15,986
OG-000680,FD-023,2024-08-20 04:15:00,2024-08-20 09:06:00,291,storm damage,CR-10,881
OG-000826,FD-031,2024-09-16 05:15:00,2024-09-16 07:56:00,161,pole collapse,CR-16,1532
OG-001649,FD-034,2025-10-08 06:00:00,2025-10-08 08:59:00,179,lightning strike,CR-01,1253
OG-001367,FD-011,2025-05-28 07:15:00,2025-05-28 12:24:00,309,storm damage,CR-16,7490
OG-002073,FD-009,2025-12-17 18:15:00,2025-12-17 20:47:00,152,storm damage,CR-06,4746
OG-001940,FD-022,2025-10-13 18:00:00,2025-10-13 21:19:00,199,pole collapse,CR-04,902
OG-000782,FD-034,2024-09-07 20:00:00,2024-09-08 00:12:00,252,unknown,CR-08,1463
OG-000027,FD-030,2024-01-18 03:30:00,2024-01-18 03:38:00,8,cable theft,CR-06,7878
OG-001453,FD-012,2025-06-26 06:45:00,2025-06-26 10:47:00,242,storm damage,CR-13,1506
OG-000774,FD-034,2024-06-09 15:00:00,2024-06-09 17:40:00,160,lightning strike,CR-15,231
OG-000942,FD-017,2024-11-10 04:15:00,2024-11-10 07:25:00,190,pole collapse,CR-08,315
OG-001141,FD-006,2025-12-03 12:45:00,2025-12-03 15:25:00,160,lightning strike,CR-09,6565
OG-000719,FD-009,2024-08-27 00:30:00,2024-08-27 02:01:00,91,cable theft,CR-17,4020
OG-002317,FD-035,2026-04-29 09:15:00,2026-04-29 12:40:00,205,vegetation contact,CR-10,1350
OG-001081,FD-006,2025-01-18 18:30:00,2025-01-18 19:55:00,85,unknown,CR-10,1583
OG-000843,FD-011,2024-09-19 13:30:00,2024-09-19 15:15:00,105,storm damage,CR-12,7026
OG-000210,FD-008,2024-04-23 03:15:00,2024-04-23 04:19:00,64,overload,CR-17,1384
OG-002002,FD-003,2025-10-29 12:45:00,2025-10-29 15:15:00,150,storm damage,CR-10,5798
OG-000215,FD-006,2024-04-25 04:30:00,2024-04-25 04:38:00,8,unknown,CR-11,5383
OG-002148,FD-023,2026-02-26 15:30:00,2026-02-26 19:38:00,248,lightning strike,CR-15,1258
OG-001107,FD-021,2025-02-20 23:45:00,2025-02-21 01:48:00,123,overload,CR-15,1049
OG-002402,FD-004,2026-05-23 13:15:00,2026-05-23 16:46:00,211,vegetation contact,CR-06,1216
OG-000306,FD-018,2024-05-22 13:45:00,2024-05-22 18:59:00,314,storm damage,CR-16,3945
OG-001186,FD-007,2025-03-31 21:30:00,2025-03-31 21:39:00,9,transformer fault,CR-01,1467
OG-000482,FD-023,2024-07-07 16:15:00,2024-07-07 20:56:00,281,pole collapse,,1542
OG-000732,FD-025,2024-08-29 03:00:00,2024-08-29 05:52:00,172,storm damage,CR-13,2611
OG-002108,FD-012,2026-04-02 13:45:00,2026-04-02 16:47:00,182,equipment failure,CR-14,995
OG-002015,FD-004,2025-01-11 02:00:00,2025-01-11 05:58:00,238,lightning strike,CR-09,920
OG-002318,FD-023,2026-04-30 21:30:00,2026-04-30 23:04:00,94,equipment failure,CR-01,1520
OG-000025,FD-022,2024-01-17 18:45:00,2024-01-17 18:53:00,8,planned maintenance,CR-08,830
OG-000930,FD-032,2024-08-10 15:30:00,2024-08-10 19:35:00,245,storm damage,CR-17,2168
OG-000678,FD-013,2024-08-19 20:00:00,2024-08-19 23:37:00,217,unknown,CR-11,7624
OG-000881,FD-003,2024-09-27 00:30:00,2024-09-27 05:13:00,283,storm damage,CR-13,5292
OG-001721,FD-016,2025-08-24 12:15:00,2025-08-24 14:35:00,140,overload,CR-14,1402
OG-002534,FD-029,2026-06-28 17:45:00,2026-06-28 21:48:00,243,pole collapse,CR-15,172
OG-000095,FD-015,2024-11-03 10:00:00,2024-11-03 11:33:00,93,equipment failure,CR-03,230
OG-000698,FD-025,2024-08-23 12:30:00,2024-08-23 16:20:00,230,lightning strike,,1367
OG-002422,FD-013,2026-05-27 10:00:00,2026-05-27 10:31:00,31,cable theft,CR-17,1495
OG-001544,FD-036,2025-07-17 06:15:00,2025-07-17 09:56:00,221,storm damage,CR-03,3937
OG-001212,FD-003,2025-10-04 12:15:00,2025-10-04 15:50:00,215,lightning strike,CR-15,4448
OG-000796,FD-012,2024-09-09 05:00:00,2024-09-09 05:08:00,8,storm damage,CR-03,439
OG-000033,FD-031,2024-01-21 23:15:00,2024-01-21 23:23:00,8,cable theft,,233
OG-000200,FD-023,2024-04-20 01:15:00,2024-04-20 04:57:00,222,storm damage,CR-12,72
OG-001846,FD-007,2025-09-20 20:15:00,2025-09-20 20:23:00,8,lightning strike,CR-13,656
OG-001567,FD-026,2025-07-22 18:45:00,2025-07-22 22:14:00,209,vegetation contact,CR-08,3176
OG-000195,FD-024,2024-04-17 17:45:00,2024-04-17 21:06:00,201,storm damage,CR-03,2892
OG-000946,FD-019,2024-10-13 19:45:00,2024-10-13 20:47:00,62,vegetation contact,,2356
OG-001824,FD-033,2025-09-15 08:30:00,2025-09-15 10:19:00,109,planned maintenance,CR-09,1214
OG-000549,FD-003,2024-07-23 06:15:00,2024-07-23 06:23:00,8,unknown,CR-06,3535
OG-002339,FD-020,2026-06-05 08:45:00,2026-06-05 11:43:00,178,storm damage,CR-04,3579
OG-000083,FD-008,2024-06-03 16:45:00,2024-06-03 16:53:00,8,cable theft,CR-11,2361
OG-001841,FD-022,2025-09-19 07:45:00,2025-09-19 07:53:00,8,overload,CR-03,397
OG-000499,FD-021,2024-07-11 07:30:00,2024-07-11 10:09:00,159,pole collapse,CR-16,587
OG-000910,FD-029,2024-03-10 12:15:00,2024-03-10 16:11:00,236,planned maintenance,CR-04,1522
OG-000004,FD-009,2024-05-01 21:00:00,2024-05-01 21:51:00,51,overload,CR-14,1820
OG-001978,FD-004,2025-10-23 11:30:00,2025-10-23 15:09:00,219,transformer fault,CR-05,745
OG-002268,FD-007,2026-04-13 06:15:00,2026-04-13 09:21:00,186,pole collapse,CR-15,1328
OG-000955,FD-005,2024-10-16 10:30:00,2024-10-16 14:24:00,234,lightning strike,CR-11,6305
OG-000444,FD-033,2024-06-29 00:00:00,2024-06-29 04:31:00,271,storm damage,CR-07,1392
OG-001588,FD-004,2025-07-27 03:00:00,2025-07-27 08:16:00,316,lightning strike,CR-04,2861
OG-001215,FD-010,2025-12-04 18:45:00,2025-12-04 20:50:00,125,storm damage,CR-15,81
OG-002070,FD-015,2025-12-13 07:00:00,2025-12-13 10:34:00,214,unknown,CR-01,1207
OG-000663,FD-026,2024-08-17 18:30:00,2024-08-18 00:20:00,350,pole collapse,CR-18,2339
OG-002440,FD-026,2026-01-06 14:30:00,2026-01-06 15:01:00,31,pole collapse,CR-15,2208
OG-001428,FD-015,2025-06-16 14:30:00,2025-06-16 18:54:00,264,equipment failure,CR-08,1321
OG-001762,FD-028,2025-02-09 07:45:00,2025-02-09 09:53:00,128,lightning strike,CR-03,3167
OG-002420,FD-003,2026-05-27 22:15:00,2026-05-27 23:43:00,88,lightning strike,CR-01,2300
OG-001961,FD-027,2025-10-18 13:30:00,2025-10-18 14:03:00,33,overload,CR-07,1704
OG-002431,FD-023,2026-05-30 17:00:00,2026-05-30 20:48:00,228,transformer fault,CR-17,1350
OG-000374,FD-004,2024-10-06 07:00:00,2024-10-06 10:24:00,204,storm damage,CR-04,3007
OG-002393,FD-003,2026-05-21 02:30:00,2026-05-21 05:58:00,208,lightning strike,CR-09,6360
OG-001194,FD-031,2025-06-04 03:45:00,2025-06-04 07:13:00,208,storm damage,CR-14,726
OG-001576,FD-001,2025-07-25 21:30:00,2025-07-26 00:58:00,208,storm damage,CR-08,1751
OG-001868,FD-015,2025-09-24 10:15:00,2025-09-24 10:31:00,16,overload,CR-15,300
OG-001019,FD-018,2024-11-16 15:15:00,2024-11-16 16:10:00,55,storm damage,CR-07,2991
OG-000621,FD-033,2024-08-08 02:00:00,2024-08-08 05:58:00,238,vegetation contact,CR-04,749
OG-000758,FD-009,2024-02-09 00:00:00,2024-02-09 01:49:00,109,equipment failure,CR-01,4564
OG-000410,FD-017,2024-06-20 01:45:00,2024-06-20 02:39:00,54,storm damage,CR-02,472
OG-000192,FD-010,2024-04-17 21:30:00,2024-04-18 00:58:00,208,storm damage,CR-12,73
OG-001757,FD-009,2025-01-09 00:30:00,2025-01-09 04:41:00,251,storm damage,CR-03,2233
OG-001031,FD-012,2024-11-20 06:15:00,2024-11-20 09:42:00,207,vegetation contact,CR-08,441
OG-002284,FD-026,2026-04-19 09:15:00,2026-04-19 11:11:00,116,vegetation contact,CR-05,828
OG-001011,FD-015,2024-11-13 21:45:00,2024-11-14 00:15:00,150,vegetation contact,CR-01,312
OG-000110,FD-006,2024-03-17 06:30:00,2024-03-17 09:06:00,156,overload,CR-12,6606
OG-000209,FD-016,2024-04-23 16:00:00,2024-04-23 20:56:00,296,storm damage,CR-04,844
OG-002496,FD-007,2026-06-19 10:45:00,2026-06-19 12:16:00,91,cable theft,CR-06,289
OG-002069,FD-017,2025-12-12 01:15:00,2025-12-12 05:13:00,238,vegetation contact,CR-02,1162
OG-001267,FD-014,2025-04-30 10:15:00,2025-04-30 11:19:00,64,overload,CR-02,2826
OG-000275,FD-001,2024-05-13 18:45:00,2024-05-13 19:04:00,19,pole collapse,CR-10,4970
OG-001944,FD-012,2025-10-14 01:30:00,2025-10-14 04:05:00,155,storm damage,CR-04,245
OG-002212,FD-020,2026-03-24 09:15:00,2026-03-24 12:20:00,185,cable theft,CR-15,2499
OG-000247,FD-004,2024-06-05 15:30:00,2024-06-05 18:02:00,152,vegetation contact,CR-04,108
OG-002532,FD-028,2026-06-28 01:15:00,2026-06-28 05:10:00,235,pole collapse,CR-10,369
OG-001667,FD-011,2025-08-13 00:15:00,2025-08-13 00:23:00,8,equipment failure,CR-10,3153
OG-001451,FD-008,2025-06-25 00:30:00,2025-06-25 04:43:00,253,vegetation contact,CR-03,706
OG-002126,FD-022,2026-02-16 16:00:00,2026-02-16 18:24:00,144,unknown,CR-12,67
OG-000497,FD-033,2024-10-07 23:00:00,2024-10-07 23:08:00,8,unknown,CR-09,1102
OG-000416,FD-009,2024-06-22 04:30:00,2024-06-22 06:06:00,96,pole collapse,CR-07,3528
OG-000328,FD-014,2024-05-28 09:45:00,2024-05-28 12:32:00,167,storm damage,CR-13,2809
OG-002231,FD-021,2026-02-04 05:30:00,2026-02-04 06:47:00,77,overload,CR-15,1205
OG-001035,FD-034,2024-11-21 10:15:00,2024-11-21 13:51:00,216,lightning strike,CR-10,846
OG-000356,FD-010,2024-05-06 07:00:00,2024-05-06 08:12:00,72,planned maintenance,CR-10,22
OG-001718,FD-032,2025-08-23 12:00:00,2025-08-23 16:40:00,280,planned maintenance,CR-13,565
OG-001778,FD-019,2025-05-09 14:30:00,2025-05-09 16:19:00,109,overload,CR-05,612
OG-001039,FD-033,2024-11-25 08:30:00,2024-11-25 10:25:00,115,cable theft,CR-05,1118
OG-001994,FD-034,2025-10-27 14:00:00,2025-10-27 15:58:00,118,cable theft,CR-13,1119
OG-001446,FD-020,2025-06-23 09:00:00,2025-06-23 13:26:00,266,storm damage,CR-10,1055
OG-000168,FD-007,2024-07-04 09:45:00,2024-07-04 12:43:00,178,vegetation contact,CR-09,502
OG-001587,FD-004,2025-07-27 00:00:00,2025-07-27 02:22:00,142,storm damage,CR-08,1194
OG-001827,FD-003,2025-09-15 19:15:00,2025-09-16 03:33:00,498,lightning strike,CR-10,4551
OG-001750,FD-036,2025-08-31 20:00:00,2025-08-31 22:32:00,152,vegetation contact,CR-02,2007
OG-001256,FD-033,2025-04-26 09:30:00,2025-04-26 12:16:00,166,pole collapse,CR-06,378
OG-002081,FD-018,2025-12-23 01:45:00,2025-12-23 03:15:00,90,cable theft,CR-11,834
OG-001711,FD-016,2025-08-22 07:15:00,2025-08-22 08:50:00,95,equipment failure,CR-10,769
OG-001998,FD-028,2025-10-28 12:15:00,2025-10-28 16:33:00,258,vegetation contact,CR-14,4360
OG-002074,FD-036,2025-12-18 21:00:00,2025-12-19 00:46:00,226,planned maintenance,CR-12,1115
OG-000038,FD-031,2024-01-26 03:00:00,2024-01-26 05:10:00,130,lightning strike,CR-15,1111
OG-000833,FD-012,2024-09-18 12:30:00,2024-09-18 15:19:00,169,vegetation contact,CR-14,1570
OG-001105,FD-024,2025-02-18 06:30:00,2025-02-18 08:34:00,124,lightning strike,CR-06,2445
OG-000252,FD-004,2024-05-07 08:45:00,2024-05-07 10:37:00,112,lightning strike,CR-08,1031
OG-001282,FD-033,2025-05-05 17:30:00,2025-05-05 22:43:00,313,storm damage,CR-14,1124
OG-001934,FD-013,2025-11-10 06:15:00,2025-11-10 11:43:00,328,pole collapse,CR-16,6873
OG-001049,FD-032,2024-12-14 08:15:00,2024-12-14 09:59:00,104,unknown,CR-12,1376
OG-000274,FD-021,2024-05-13 13:00:00,2024-05-13 16:13:00,193,pole collapse,CR-05,2476
OG-000446,FD-006,2024-06-29 18:45:00,2024-06-29 22:59:00,254,pole collapse,CR-16,6077
OG-000646,FD-029,2024-08-13 22:30:00,2024-08-14 02:05:00,215,pole collapse,,1078
OG-001180,FD-005,2025-03-27 09:15:00,2025-03-27 11:39:00,144,cable theft,CR-16,6114
OG-000072,FD-001,2024-03-02 07:00:00,2024-03-02 08:02:00,62,unknown,CR-10,7320
OG-001551,FD-027,2025-07-18 00:15:00,2025-07-18 03:15:00,180,storm damage,CR-02,2050
OG-001399,FD-025,2025-06-08 05:30:00,2025-06-08 09:28:00,238,pole collapse,CR-05,803
OG-001435,FD-019,2025-06-18 05:15:00,2025-06-18 07:31:00,136,planned maintenance,CR-08,3283
OG-002165,FD-015,2026-04-03 14:15:00,2026-04-03 16:51:00,156,cable theft,CR-16,1264
OG-002528,FD-002,2026-06-26 06:30:00,2026-06-26 09:47:00,197,storm damage,CR-17,3827
OG-001532,FD-010,2025-07-14 13:00:00,2025-07-14 13:37:00,37,lightning strike,CR-13,247
OG-001115,FD-013,2025-02-26 04:00:00,2025-02-26 05:32:00,92,equipment failure,CR-13,1754
OG-002302,FD-018,2026-04-25 06:15:00,2026-04-25 15:02:00,527,storm damage,CR-02,2618
OG-001625,FD-001,2025-06-08 07:00:00,2025-06-08 11:10:00,250,equipment failure,CR-04,7521
OG-001146,FD-028,2025-03-15 16:15:00,2025-03-15 19:00:00,165,equipment failure,CR-04,5599
OG-001974,FD-026,2025-10-21 12:45:00,2025-10-21 14:07:00,82,storm damage,CR-06,3377
OG-001546,FD-009,2025-07-17 22:30:00,2025-07-17 22:40:00,10,storm damage,CR-16,2312
OG-001939,FD-023,2025-12-10 13:15:00,2025-12-10 14:15:00,60,storm damage,CR-13,2298
OG-000710,FD-033,2024-08-25 01:45:00,2024-08-25 04:44:00,179,vegetation contact,CR-17,559
OG-001815,FD-024,2025-09-13 04:15:00,2025-09-13 07:59:00,224,lightning strike,CR-16,329
OG-001426,FD-032,2025-06-16 15:45:00,2025-06-16 20:04:00,259,pole collapse,CR-08,106
OG-001305,FD-027,2025-05-11 03:30:00,2025-05-11 06:16:00,166,vegetation contact,CR-15,2196
OG-002110,FD-036,2026-04-02 03:45:00,2026-04-02 07:13:00,208,cable theft,CR-05,1418
OG-001108,FD-025,2025-02-22 14:45:00,2025-02-22 20:31:00,346,lightning strike,CR-17,2036
OG-001710,FD-006,2025-08-22 17:00:00,2025-08-22 20:36:00,216,pole collapse,CR-07,1323
OG-001766,FD-035,2025-03-09 22:00:00,2025-03-09 23:51:00,111,pole collapse,CR-16,155
OG-001548,FD-036,2025-07-17 16:00:00,2025-07-17 17:42:00,102,pole collapse,CR-16,3610
OG-000951,FD-028,2024-10-14 07:45:00,2024-10-14 10:19:00,154,pole collapse,CR-11,448
OG-001991,FD-006,2025-10-26 19:00:00,2025-10-26 21:18:00,138,vegetation contact,CR-05,7083
OG-001854,FD-005,2025-09-21 11:30:00,2025-09-21 15:17:00,227,vegetation contact,CR-02,890
OG-000337,FD-002,2024-05-30 16:00:00,2024-05-30 16:09:00,9,lightning strike,CR-07,1186
OG-002172,FD-029,2026-03-06 00:30:00,2026-03-06 02:24:00,114,transformer fault,CR-10,734
OG-001218,FD-002,2025-12-04 02:00:00,2025-12-04 04:49:00,169,overload,CR-18,2070
OG-001337,FD-018,2025-05-19 18:15:00,2025-05-19 19:12:00,57,unknown,CR-02,2964
OG-000239,FD-003,2024-04-05 16:30:00,2024-04-05 19:54:00,204,lightning strike,CR-08,5363
OG-001437,FD-016,2025-06-20 14:00:00,2025-06-20 18:11:00,251,storm damage,CR-12,230
OG-002383,FD-010,2026-05-19 02:15:00,2026-05-19 05:41:00,206,lightning strike,CR-03,141
OG-001447,FD-022,2025-06-24 06:15:00,2025-06-24 07:23:00,68,overload,CR-10,315
OG-002205,FD-015,2026-03-19 21:15:00,2026-03-19 23:15:00,120,lightning strike,CR-07,330
OG-001418,FD-023,2025-06-13 01:15:00,2025-06-13 06:01:00,286,storm damage,CR-04,1903
OG-000175,FD-001,2024-10-04 14:15:00,2024-10-04 16:16:00,121,equipment failure,CR-17,5314
OG-001819,FD-011,2025-09-13 11:45:00,2025-09-13 13:03:00,78,storm damage,CR-07,6089
OG-000090,FD-033,2024-09-03 18:45:00,2024-09-03 21:55:00,190,unknown,CR-08,1252
OG-001230,FD-017,2025-04-16 14:30:00,2025-04-16 16:15:00,105,cable theft,CR-15,1561
OG-000693,FD-030,2024-08-22 13:45:00,2024-08-22 17:42:00,237,vegetation contact,CR-10,885
OG-000725,FD-031,2024-08-28 22:00:00,2024-08-28 22:57:00,57,pole collapse,CR-14,872
OG-000183,FD-030,2024-04-13 12:30:00,2024-04-13 14:02:00,92,vegetation contact,CR-04,5423
OG-002209,FD-018,2026-03-23 08:30:00,2026-03-23 11:50:00,200,cable theft,CR-14,4245
OG-001908,FD-005,2025-04-10 13:30:00,2025-04-10 16:00:00,150,overload,CR-15,138
OG-001085,FD-019,2025-01-24 09:15:00,2025-01-24 16:09:00,414,planned maintenance,,464
OG-001566,FD-036,2025-07-22 23:15:00,2025-07-22 23:23:00,8,storm damage,CR-16,1435
OG-002315,FD-033,2026-04-29 14:00:00,2026-04-29 14:18:00,18,equipment failure,CR-07,227
OG-001751,FD-003,2025-08-31 19:00:00,2025-08-31 21:12:00,132,vegetation contact,CR-06,7303
OG-000415,FD-016,2024-06-21 15:45:00,2024-06-21 19:34:00,229,pole collapse,,2546
OG-001639,FD-037,2025-08-08 04:30:00,2025-08-08 05:20:00,50,vegetation contact,CR-08,2663
OG-001771,FD-014,2025-04-09 11:45:00,2025-04-09 13:14:00,89,lightning strike,CR-15,5988
OG-002510,FD-025,2026-06-22 10:15:00,2026-06-22 13:08:00,173,cable theft,CR-14,2760
OG-002392,FD-034,2026-05-21 14:15:00,2026-05-21 16:25:00,130,pole collapse,CR-05,1062
OG-000998,FD-019,2024-02-11 20:45:00,2024-02-11 23:18:00,153,lightning strike,CR-04,1214
OG-000481,FD-011,2024-07-07 16:45:00,2024-07-07 17:59:00,74,overload,CR-11,1392
OG-002288,FD-025,2026-04-20 13:00:00,2026-04-20 18:19:00,319,vegetation contact,CR-18,5168
OG-001579,FD-029,2025-07-25 19:30:00,2025-07-25 23:35:00,245,overload,CR-05,2751
OG-001584,FD-002,2025-07-26 12:30:00,2025-07-26 14:28:00,118,lightning strike,CR-16,4172
OG-001057,FD-006,2024-12-24 17:30:00,2024-12-24 19:39:00,129,pole collapse,CR-07,4140
OG-002378,FD-016,2026-05-17 19:30:00,2026-05-17 21:20:00,110,unknown,CR-11,1962
OG-001414,FD-004,2025-12-06 12:00:00,2025-12-06 12:26:00,26,lightning strike,CR-05,316
OG-000116,FD-008,2024-03-20 04:15:00,2024-03-20 04:53:00,38,cable theft,CR-07,428
OG-000528,FD-026,2024-07-18 08:45:00,2024-07-18 09:53:00,68,lightning strike,CR-07,3244
OG-001167,FD-017,2025-03-23 03:15:00,2025-03-23 05:37:00,142,lightning strike,CR-08,954
OG-000509,FD-007,2024-07-13 15:45:00,2024-07-13 19:20:00,215,lightning strike,CR-06,1760
OG-001161,FD-006,2025-03-19 02:45:00,2025-03-19 03:21:00,36,unknown,CR-12,2926
OG-001295,FD-007,2025-08-05 02:45:00,2025-08-05 04:41:00,116,storm damage,CR-04,426
OG-001971,FD-021,2025-10-21 12:30:00,2025-10-21 17:56:00,326,storm damage,CR-13,2358
OG-001545,FD-026,2025-07-17 19:15:00,2025-07-17 21:49:00,154,lightning strike,CR-11,2529
OG-002057,FD-013,2025-12-06 12:15:00,2025-12-06 12:46:00,31,equipment failure,CR-04,1947
OG-001221,FD-034,2025-04-14 23:30:00,2025-04-15 03:33:00,243,storm damage,CR-08,267
OG-000887,FD-007,2024-09-28 15:15:00,2024-09-28 17:52:00,157,overload,CR-02,1514
OG-002127,FD-035,2026-02-16 14:00:00,2026-02-16 14:48:00,48,overload,CR-09,254
OG-000211,FD-003,2024-04-23 11:00:00,2024-04-23 11:27:00,27,storm damage,CR-08,3170
OG-002301,FD-001,2026-04-25 11:15:00,2026-04-25 14:28:00,193,vegetation contact,CR-11,532
OG-002415,FD-037,2026-05-26 17:15:00,2026-05-26 18:11:00,56,overload,CR-03,3331
OG-001458,FD-024,2025-06-27 06:30:00,2025-06-27 10:26:00,236,lightning strike,CR-10,3417
OG-001208,FD-010,2025-09-04 03:30:00,2025-09-04 05:36:00,126,storm damage,CR-03,281
OG-001241,FD-013,2025-04-20 16:00:00,2025-04-20 20:19:00,259,lightning strike,CR-02,1142
OG-000571,FD-027,2024-07-29 07:45:00,2024-07-29 08:43:00,58,planned maintenance,,619
OG-001966,FD-009,2025-10-20 05:00:00,2025-10-20 07:44:00,164,storm damage,CR-10,2234
OG-001450,FD-030,2025-06-25 00:45:00,2025-06-25 03:09:00,144,overload,CR-04,5555
OG-000728,FD-004,2024-08-28 10:00:00,2024-08-28 12:52:00,172,storm damage,CR-07,2086
OG-000315,FD-006,2024-05-24 16:15:00,2024-05-24 16:43:00,28,lightning strike,CR-14,3763
OG-002389,FD-023,2026-05-20 15:30:00,2026-05-20 18:29:00,179,lightning strike,CR-07,493
OG-002419,FD-014,2026-05-27 10:45:00,2026-05-27 12:50:00,125,vegetation contact,CR-01,1564
OG-002433,FD-029,2026-05-31 16:00:00,2026-05-31 16:49:00,49,lightning strike,CR-17,1145
OG-002157,FD-034,2026-02-03 00:45:00,2026-02-03 05:37:00,292,storm damage,CR-10,1193
OG-000139,FD-006,2024-03-29 04:15:00,2024-03-29 04:40:00,25,overload,CR-06,4142
OG-001454,FD-025,2025-06-26 14:15:00,2025-06-26 18:58:00,283,lightning strike,CR-13,2913
OG-001310,FD-008,2025-05-13 09:00:00,2025-05-13 09:43:00,43,planned maintenance,CR-14,439
OG-000853,FD-007,2024-09-21 08:45:00,2024-09-21 08:53:00,8,transformer fault,,637
OG-000283,FD-011,2024-05-15 16:15:00,2024-05-15 17:34:00,79,cable theft,CR-07,4886
OG-002381,FD-021,2026-05-19 01:30:00,2026-05-19 02:52:00,82,vegetation contact,CR-08,131
OG-000873,FD-033,2024-09-25 09:30:00,2024-09-25 12:10:00,160,lightning strike,CR-03,1225
OG-000130,FD-030,2024-03-25 15:00:00,2024-03-25 16:36:00,96,cable theft,CR-08,285
OG-001024,FD-005,2024-11-17 06:45:00,2024-11-17 09:49:00,184,cable theft,CR-03,1015
OG-001997,FD-012,2025-10-28 05:15:00,2025-10-28 09:47:00,272,vegetation contact,CR-13,1442
OG-000819,FD-034,2024-09-14 01:00:00,2024-09-14 02:26:00,86,vegetation contact,CR-10,647
OG-000738,FD-010,2024-08-30 09:45:00,2024-08-30 14:06:00,261,planned maintenance,CR-14,180
OG-000064,FD-007,2024-02-24 05:45:00,2024-02-24 05:53:00,8,transformer fault,CR-04,1237
OG-001463,FD-011,2025-06-28 22:30:00,2025-06-29 01:29:00,179,pole collapse,CR-07,2400
OG-001738,FD-008,2025-08-28 05:30:00,2025-08-28 09:30:00,240,pole collapse,CR-16,1885
OG-002509,FD-024,2026-06-22 19:45:00,2026-06-22 21:01:00,76,pole collapse,CR-08,3385
OG-001540,FD-034,2025-07-16 00:30:00,2025-07-16 01:33:00,63,pole collapse,CR-06,1005
OG-000576,FD-002,2024-07-30 21:30:00,2024-07-30 23:12:00,102,pole collapse,CR-17,3451
OG-000695,FD-016,2024-08-22 06:30:00,2024-08-22 09:11:00,161,unknown,CR-12,1443
OG-000301,FD-023,2024-05-21 08:00:00,2024-05-21 11:33:00,213,overload,CR-02,55
OG-001397,FD-023,2025-07-06 18:15:00,2025-07-06 20:08:00,113,unknown,CR-09,324
OG-000104,FD-019,2024-03-15 16:15:00,2024-03-15 16:23:00,8,cable theft,CR-03,2381
OG-002404,FD-016,2026-05-24 14:45:00,2026-05-24 17:07:00,142,cable theft,CR-12,1610
OG-002062,FD-025,2025-09-12 05:15:00,2025-09-12 07:47:00,152,lightning strike,CR-08,4456
OG-001106,FD-032,2025-02-20 07:15:00,2025-02-20 07:47:00,32,cable theft,CR-03,1761
OG-002309,FD-033,2026-04-27 07:15:00,2026-04-27 09:29:00,134,transformer fault,CR-16,892
OG-000885,FD-031,2024-09-27 16:30:00,2024-09-27 21:18:00,288,pole collapse,CR-08,970
OG-002213,FD-009,2026-03-25 09:45:00,2026-03-25 12:01:00,136,planned maintenance,CR-08,4980
OG-001745,FD-033,2025-08-30 21:45:00,2025-08-30 23:45:00,120,planned maintenance,,1313
OG-000538,FD-018,2024-07-20 16:00:00,2024-07-20 19:17:00,197,pole collapse,CR-06,852
OG-002139,FD-016,2026-02-22 16:30:00,2026-02-22 17:49:00,79,cable theft,CR-10,1553
OG-000530,FD-036,2024-07-18 22:30:00,2024-07-19 01:13:00,163,storm damage,CR-08,1107
OG-000169,FD-003,2024-08-04 02:30:00,2024-08-04 03:38:00,68,storm damage,CR-04,1969
OG-002305,FD-022,2026-04-26 02:45:00,2026-04-26 05:30:00,165,pole collapse,CR-07,357
OG-000042,FD-018,2024-01-28 14:15:00,2024-01-28 16:10:00,115,equipment failure,CR-04,2607
OG-000251,FD-023,2024-07-05 09:30:00,2024-07-05 13:35:00,245,lightning strike,CR-13,1866
OG-001951,FD-001,2025-10-15 01:15:00,2025-10-15 01:44:00,29,lightning strike,CR-05,6038
OG-000178,FD-007,2024-04-11 07:00:00,2024-04-11 08:24:00,84,storm damage,CR-05,1399
OG-000830,FD-004,2024-09-17 23:45:00,2024-09-18 02:38:00,173,lightning strike,,521
OG-000465,FD-029,2024-03-07 13:00:00,2024-03-07 15:21:00,141,vegetation contact,CR-11,133
OG-001258,FD-015,2025-04-26 08:45:00,2025-04-26 10:27:00,102,storm damage,CR-01,1048
OG-001920,FD-037,2025-10-07 01:00:00,2025-10-07 03:24:00,144,transformer fault,CR-13,179
OG-000498,FD-001,2024-11-07 11:00:00,2024-11-07 12:48:00,108,pole collapse,CR-08,8214
OG-000029,FD-024,2024-01-19 11:00:00,2024-01-19 14:03:00,183,vegetation contact,CR-11,1507
OG-001985,FD-024,2025-10-25 00:00:00,2025-10-25 03:11:00,191,planned maintenance,CR-13,3412
OG-000419,FD-036,2024-06-23 12:30:00,2024-06-23 14:18:00,108,overload,CR-16,3969
OG-002031,FD-011,2025-11-14 13:00:00,2025-11-14 18:46:00,346,pole collapse,CR-01,3590
OG-002045,FD-005,2025-11-24 12:15:00,2025-11-24 14:18:00,123,vegetation contact,CR-18,6256
OG-000741,FD-002,2024-08-31 04:15:00,2024-08-31 07:03:00,168,pole collapse,CR-11,4208
OG-001829,FD-017,2025-09-15 06:00:00,2025-09-15 08:03:00,123,cable theft,CR-12,871
OG-001419,FD-005,2025-06-13 07:15:00,2025-06-13 09:29:00,134,storm damage,CR-13,1248
OG-000535,FD-032,2024-07-19 11:15:00,2024-07-19 15:17:00,242,vegetation contact,CR-07,851
OG-001901,FD-023,2025-01-10 08:45:00,2025-01-10 09:45:00,60,lightning strike,CR-05,2666
OG-002016,FD-024,2025-02-11 06:15:00,2025-02-11 09:19:00,184,vegetation contact,CR-07,734
OG-001432,FD-011,2025-06-17 14:30:00,2025-06-17 17:59:00,209,unknown,CR-13,3657
OG-000003,FD-025,2024-05-01 05:30:00,2024-05-01 08:13:00,163,vegetation contact,CR-14,2141
OG-000324,FD-013,2024-05-27 07:00:00,2024-05-27 08:42:00,102,pole collapse,CR-01,7870
OG-001236,FD-027,2025-04-18 00:00:00,2025-04-18 02:11:00,131,lightning strike,CR-11,2338
OG-002199,FD-035,2026-03-17 20:00:00,2026-03-17 22:09:00,129,vegetation contact,CR-11,679
OG-000452,FD-033,2024-06-30 17:30:00,2024-06-30 17:38:00,8,equipment failure,CR-07,376
OG-000540,FD-025,2024-07-20 14:00:00,2024-07-20 16:52:00,172,pole collapse,CR-08,829
OG-000734,FD-007,2024-08-29 09:00:00,2024-08-29 14:55:00,355,storm damage,CR-05,1288
OG-000134,FD-032,2024-03-27 01:45:00,2024-03-27 06:44:00,299,vegetation contact,CR-09,2052
OG-002511,FD-032,2026-06-22 09:45:00,2026-06-22 10:17:00,32,lightning strike,CR-05,266
OG-001280,FD-030,2025-04-05 20:15:00,2025-04-05 23:52:00,217,vegetation contact,CR-10,622
OG-000435,FD-031,2024-06-26 00:30:00,2024-06-26 05:16:00,286,lightning strike,CR-10,1743
OG-000849,FD-015,2024-09-21 10:15:00,2024-09-21 13:31:00,196,pole collapse,CR-06,865
OG-001255,FD-006,2025-04-26 16:15:00,2025-04-26 21:23:00,308,lightning strike,CR-07,5129
OG-002003,FD-014,2025-10-29 00:00:00,2025-10-29 02:16:00,136,storm damage,CR-01,1887
OG-001833,FD-006,2025-09-16 16:00:00,2025-09-16 20:58:00,298,lightning strike,,3438
OG-002416,FD-003,2026-05-26 06:30:00,2026-05-26 06:56:00,26,vegetation contact,CR-17,2676
OG-001375,FD-019,2025-05-31 21:15:00,2025-05-31 22:08:00,53,overload,CR-06,1133
OG-000115,FD-031,2024-03-20 02:15:00,2024-03-20 04:00:00,105,equipment failure,CR-02,674
OG-002278,FD-036,2026-04-16 03:00:00,2026-04-16 05:43:00,163,storm damage,CR-11,1932
OG-001861,FD-012,2025-09-23 05:30:00,2025-09-23 08:18:00,168,equipment failure,CR-05,116
OG-001772,FD-005,2025-04-09 16:45:00,2025-04-09 17:24:00,39,lightning strike,CR-08,2222
OG-001268,FD-010,2025-01-05 08:00:00,2025-01-05 12:28:00,268,lightning strike,,116
OG-002480,FD-030,2026-06-15 14:15:00,2026-06-15 15:08:00,53,storm damage,CR-04,283
OG-001904,FD-018,2025-02-10 14:45:00,2025-02-10 17:02:00,137,pole collapse,CR-11,3664
OG-002333,FD-034,2026-04-05 18:45:00,2026-04-05 22:37:00,232,lightning strike,CR-18,724
OG-001926,FD-037,2025-09-10 04:45:00,2025-09-10 11:12:00,387,storm damage,CR-09,1214
OG-001393,FD-030,2025-06-05 08:45:00,2025-06-05 12:02:00,197,lightning strike,CR-10,4186
OG-000666,FD-033,2024-08-17 02:45:00,2024-08-17 05:22:00,157,storm damage,CR-03,432
OG-000642,FD-016,2024-08-12 04:15:00,2024-08-12 07:15:00,180,storm damage,CR-08,2474
OG-001816,FD-011,2025-09-13 03:15:00,2025-09-13 05:46:00,151,lightning strike,CR-03,2787
OG-000682,FD-036,2024-08-20 22:45:00,2024-08-21 04:10:00,325,vegetation contact,CR-07,3969
OG-000308,FD-018,2024-05-22 11:00:00,2024-05-22 12:59:00,119,vegetation contact,CR-13,3640
OG-001705,FD-030,2025-08-21 17:45:00,2025-08-21 22:47:00,302,vegetation contact,CR-07,5862
OG-002335,FD-024,2026-04-05 12:30:00,2026-04-05 16:25:00,235,lightning strike,CR-18,3422
OG-000454,FD-001,2024-06-30 05:30:00,2024-06-30 07:06:00,96,pole collapse,CR-05,5226
OG-002354,FD-024,2026-05-09 20:15:00,2026-05-09 21:34:00,79,overload,CR-11,2277
OG-000600,FD-034,2024-04-08 15:30:00,2024-04-08 16:26:00,56,transformer fault,CR-07,94
OG-000724,FD-022,2024-08-28 05:45:00,2024-08-28 10:36:00,291,storm damage,CR-07,608
OG-001605,FD-007,2025-02-08 14:00:00,2025-02-08 18:59:00,299,storm damage,CR-05,1839
OG-001243,FD-020,2025-04-21 04:30:00,2025-04-21 08:36:00,246,pole collapse,CR-09,103
OG-002371,FD-029,2026-05-15 16:30:00,2026-05-15 19:03:00,153,planned maintenance,CR-14,1766
OG-000938,FD-034,2024-10-10 12:00:00,2024-10-10 12:08:00,8,cable theft,CR-02,155
OG-002221,FD-003,2026-03-28 11:45:00,2026-03-28 13:14:00,89,lightning strike,CR-10,4484
OG-000963,FD-013,2024-10-19 20:00:00,2024-10-19 20:08:00,8,pole collapse,CR-03,3131
OG-001297,FD-016,2025-09-05 09:15:00,2025-09-05 13:33:00,258,pole collapse,CR-09,1667
OG-000545,FD-021,2024-07-22 02:45:00,2024-07-22 04:03:00,78,lightning strike,CR-07,2301
OG-001355,FD-006,2025-05-24 21:45:00,2025-05-25 02:20:00,275,storm damage,CR-15,6079
OG-000591,FD-017,2024-02-08 12:15:00,2024-02-08 15:19:00,184,overload,CR-02,1443
OG-002282,FD-014,2026-04-17 23:45:00,2026-04-18 01:21:00,96,lightning strike,CR-06,4433
OG-001884,FD-010,2025-09-27 15:45:00,2025-09-27 20:44:00,299,lightning strike,CR-05,179
OG-002235,FD-009,2026-03-04 13:45:00,2026-03-04 16:55:00,190,vegetation contact,CR-08,3346
OG-002032,FD-035,2025-11-15 06:30:00,2025-11-15 07:14:00,44,transformer fault,CR-16,488
OG-002522,FD-037,2026-06-25 12:30:00,2026-06-25 17:00:00,270,lightning strike,CR-04,2677
OG-002477,FD-001,2026-06-13 17:30:00,2026-06-13 20:40:00,190,pole collapse,CR-10,2067
OG-002444,FD-010,2026-06-03 12:00:00,2026-06-03 14:52:00,172,vegetation contact,CR-14,394
OG-000392,FD-022,2024-06-16 19:15:00,2024-06-16 23:46:00,271,lightning strike,CR-12,187
OG-001734,FD-031,2025-08-27 07:30:00,2025-08-27 12:25:00,295,lightning strike,CR-06,1791
OG-002524,FD-031,2026-06-25 02:45:00,2026-06-25 04:25:00,100,equipment failure,CR-16,1815
OG-000401,FD-020,2024-06-18 06:30:00,2024-06-18 07:03:00,33,equipment failure,CR-06,2902
OG-002219,FD-036,2026-03-28 04:30:00,2026-03-28 04:38:00,8,planned maintenance,CR-18,3791
OG-001688,FD-013,2025-08-18 22:15:00,2025-08-19 03:36:00,321,vegetation contact,,3089
OG-001385,FD-006,2025-03-06 02:00:00,2025-03-06 03:55:00,115,planned maintenance,CR-11,6657
OG-002281,FD-025,2026-04-17 05:00:00,2026-04-17 10:58:00,358,storm damage,CR-04,1088
OG-000092,FD-025,2024-10-03 03:15:00,2024-10-03 06:04:00,169,pole collapse,CR-17,3488
OG-000069,FD-002,2024-01-03 03:00:00,2024-01-03 04:56:00,116,planned maintenance,CR-14,808
OG-002312,FD-006,2026-04-28 23:00:00,2026-04-29 05:07:00,367,storm damage,CR-07,755
OG-000825,FD-033,2024-09-16 00:15:00,2024-09-16 01:45:00,90,overload,CR-02,1234
OG-000643,FD-021,2024-12-08 12:15:00,2024-12-08 14:19:00,124,pole collapse,CR-13,1595
OG-000525,FD-019,2024-07-17 09:30:00,2024-07-17 14:22:00,292,vegetation contact,CR-06,2760
OG-002374,FD-026,2026-05-16 09:45:00,2026-05-16 13:35:00,230,pole collapse,CR-12,29
OG-001885,FD-015,2025-09-27 13:45:00,2025-09-27 18:39:00,294,lightning strike,CR-10,1356
OG-001403,FD-007,2025-09-06 10:30:00,2025-09-06 16:13:00,343,pole collapse,CR-01,825
OG-001170,FD-030,2025-03-25 16:30:00,2025-03-25 20:02:00,212,overload,CR-01,5393
OG-002011,FD-037,2025-10-31 13:15:00,2025-10-31 16:02:00,167,pole collapse,CR-08,1987
OG-002286,FD-002,2026-04-20 10:00:00,2026-04-20 13:50:00,230,pole collapse,CR-03,2959
OG-000550,FD-019,2024-07-23 13:15:00,2024-07-23 14:16:00,61,storm damage,CR-10,1363
OG-001436,FD-002,2025-06-19 04:45:00,2025-06-19 08:48:00,243,lightning strike,CR-18,5947
OG-002303,FD-004,2026-04-25 06:45:00,2026-04-25 07:36:00,51,equipment failure,CR-18,2744
OG-001843,FD-002,2025-09-19 04:45:00,2025-09-19 08:20:00,215,pole collapse,CR-18,3336
OG-002008,FD-019,2025-10-30 02:00:00,2025-10-30 03:10:00,70,planned maintenance,CR-12,826
OG-001963,FD-035,2025-10-19 01:00:00,2025-10-19 03:01:00,121,equipment failure,CR-03,685
OG-000034,FD-005,2024-01-23 16:00:00,2024-01-23 19:12:00,192,overload,CR-01,4912
OG-000572,FD-034,2024-07-29 11:00:00,2024-07-29 16:12:00,312,lightning strike,CR-16,821
OG-000310,FD-009,2024-05-23 12:00:00,2024-05-23 16:04:00,244,lightning strike,CR-05,3599
OG-000386,FD-014,2024-06-13 12:00:00,2024-06-13 15:24:00,204,cable theft,CR-18,3458
OG-001672,FD-006,2025-08-14 17:00:00,2025-08-14 19:18:00,138,unknown,CR-15,5354
OG-000141,FD-005,2024-03-29 15:45:00,2024-03-29 18:59:00,194,lightning strike,CR-07,499
OG-000753,FD-028,2024-01-09 05:00:00,2024-01-09 09:10:00,250,pole collapse,CR-03,2681
OG-001469,FD-011,2025-06-29 17:45:00,2025-06-29 22:42:00,297,pole collapse,CR-17,3513
OG-000835,FD-030,2024-09-18 02:15:00,2024-09-18 05:53:00,218,lightning strike,CR-08,2521
OG-001665,FD-016,2025-08-13 14:15:00,2025-08-13 17:50:00,215,vegetation contact,CR-12,292
OG-001960,FD-013,2025-10-18 03:30:00,2025-10-18 06:49:00,199,storm damage,,5750
OG-001184,FD-013,2025-03-29 04:15:00,2025-03-29 04:37:00,22,planned maintenance,CR-09,7585
OG-000196,FD-020,2024-04-18 08:15:00,2024-04-18 13:32:00,317,pole collapse,CR-12,3230
OG-001226,FD-007,2025-04-15 18:15:00,2025-04-15 22:09:00,234,storm damage,CR-15,805
OG-001027,FD-023,2024-11-18 15:00:00,2024-11-18 17:20:00,140,storm damage,CR-01,2741
OG-000138,FD-026,2024-03-29 16:00:00,2024-03-29 17:28:00,88,unknown,CR-05,2797
OG-000096,FD-004,2024-12-03 10:15:00,2024-12-03 12:55:00,160,storm damage,CR-10,2948
OG-001581,FD-030,2025-07-26 01:15:00,2025-07-26 05:19:00,244,vegetation contact,CR-09,2049
OG-001518,FD-017,2025-11-07 12:15:00,2025-11-07 14:39:00,144,storm damage,CR-01,2495
OG-000336,FD-033,2024-05-30 21:30:00,2024-05-31 00:35:00,185,equipment failure,CR-05,724
OG-001952,FD-027,2025-10-16 20:45:00,2025-10-16 22:45:00,120,lightning strike,CR-13,152
OG-002483,FD-010,2026-06-15 11:00:00,2026-06-15 15:26:00,266,storm damage,CR-18,300
OG-001114,FD-013,2025-02-26 14:00:00,2025-02-26 18:07:00,247,transformer fault,CR-13,6521
OG-001071,FD-014,2025-09-01 10:45:00,2025-09-01 13:13:00,148,overload,CR-07,5036
OG-001368,FD-008,2025-05-28 05:45:00,2025-05-28 08:02:00,137,pole collapse,CR-09,4851
OG-001287,FD-020,2025-06-05 04:15:00,2025-06-05 07:04:00,169,overload,CR-05,680
OG-001272,FD-003,2025-03-05 08:00:00,2025-03-05 09:20:00,80,vegetation contact,CR-06,2224
OG-002144,FD-020,2026-02-25 18:45:00,2026-02-25 20:35:00,110,transformer fault,CR-06,4783
OG-002539,FD-028,2026-06-30 18:15:00,2026-06-30 18:52:00,37,storm damage,CR-18,3067
OG-000143,FD-034,2024-03-30 14:45:00,2024-03-30 18:01:00,196,pole collapse,CR-07,1176
OG-002316,FD-011,2026-04-29 23:15:00,2026-04-30 01:51:00,156,pole collapse,CR-16,3775
OG-001484,FD-037,2025-03-07 16:15:00,2025-03-07 20:50:00,275,lightning strike,CR-10,927
OG-000622,FD-024,2024-08-08 12:15:00,2024-08-08 16:24:00,249,equipment failure,CR-12,3137
OG-000977,FD-024,2024-10-24 17:45:00,2024-10-24 20:46:00,181,storm damage,CR-18,1618
OG-000708,FD-019,2024-08-24 18:45:00,2024-08-24 20:55:00,130,storm damage,CR-11,3717
OG-001993,FD-022,2025-10-26 03:30:00,2025-10-26 04:41:00,71,transformer fault,,470
OG-000269,FD-004,2024-11-05 17:45:00,2024-11-05 20:45:00,180,pole collapse,CR-13,2468
OG-000504,FD-019,2024-11-07 07:45:00,2024-11-07 08:54:00,69,storm damage,CR-02,4020
OG-001193,FD-018,2025-06-04 13:45:00,2025-06-04 17:30:00,225,vegetation contact,CR-15,2860
OG-002137,FD-018,2026-02-21 15:15:00,2026-02-21 17:37:00,142,planned maintenance,,275
OG-001051,FD-006,2024-12-17 13:30:00,2024-12-17 18:19:00,289,lightning strike,CR-04,4139
OG-001542,FD-030,2025-07-16 15:45:00,2025-07-16 20:12:00,267,vegetation contact,CR-10,7858
OG-000019,FD-010,2024-01-14 18:15:00,2024-01-14 20:50:00,155,cable theft,CR-13,406
OG-001875,FD-029,2025-09-26 19:45:00,2025-09-26 23:22:00,217,overload,CR-06,363
OG-002526,FD-012,2026-06-26 23:00:00,2026-06-27 03:36:00,276,storm damage,CR-02,388
OG-000202,FD-032,2024-04-20 08:00:00,2024-04-20 12:08:00,248,lightning strike,CR-03,1100
OG-001760,FD-016,2025-02-09 17:30:00,2025-02-09 22:41:00,311,lightning strike,CR-14,1415
OG-002210,FD-008,2026-03-23 18:15:00,2026-03-23 20:05:00,110,storm damage,CR-01,5466
OG-000783,FD-004,2024-07-09 02:45:00,2024-07-09 04:33:00,108,storm damage,CR-09,1419
OG-001685,FD-019,2025-08-17 17:45:00,2025-08-17 21:35:00,230,lightning strike,CR-06,2876
OG-002413,FD-019,2026-05-25 11:30:00,2026-05-25 18:15:00,405,vegetation contact,CR-14,2048
OG-001662,FD-009,2025-12-08 10:00:00,2025-12-08 11:50:00,110,pole collapse,CR-02,1848
OG-001715,FD-008,2025-08-22 13:30:00,2025-08-22 13:38:00,8,equipment failure,CR-10,5388
OG-001728,FD-020,2025-08-25 21:15:00,2025-08-25 22:12:00,57,overload,CR-13,3780
OG-001882,FD-008,2025-09-27 17:15:00,2025-09-27 20:14:00,179,unknown,CR-06,5102
OG-001988,FD-021,2025-10-25 23:00:00,2025-10-26 00:50:00,110,pole collapse,CR-18,263
OG-000785,FD-015,2024-08-09 03:15:00,2024-08-09 05:15:00,120,pole collapse,CR-06,81
OG-000300,FD-024,2024-05-21 07:30:00,2024-05-21 11:02:00,212,storm damage,CR-09,560
OG-001492,FD-028,2025-05-07 18:00:00,2025-05-07 19:54:00,114,lightning strike,CR-13,2359
OG-001325,FD-022,2025-05-16 09:15:00,2025-05-16 11:35:00,140,vegetation contact,CR-10,317
OG-001900,FD-032,2025-10-01 09:30:00,2025-10-01 12:06:00,156,lightning strike,CR-04,1177
OG-001586,FD-013,2025-07-27 23:45:00,2025-07-28 04:13:00,268,vegetation contact,CR-06,7616
OG-001201,FD-030,2025-07-04 15:30:00,2025-07-04 17:25:00,115,vegetation contact,CR-13,1985
OG-000883,FD-024,2024-09-27 04:15:00,2024-09-27 09:02:00,287,lightning strike,CR-05,2874
OG-001539,FD-031,2025-07-16 03:30:00,2025-07-16 05:14:00,104,vegetation contact,,1209
OG-000574,FD-011,2024-07-29 06:30:00,2024-07-29 08:10:00,100,lightning strike,CR-13,6884
OG-000641,FD-021,2024-08-12 14:45:00,2024-08-12 18:45:00,240,overload,CR-15,3031
OG-000313,FD-021,2024-05-23 19:45:00,2024-05-23 22:37:00,172,vegetation contact,CR-09,1702
OG-000960,FD-037,2024-10-18 09:45:00,2024-10-18 12:28:00,163,storm damage,CR-12,3070
OG-001727,FD-026,2025-08-25 07:30:00,2025-08-25 09:00:00,90,overload,CR-17,746
OG-000287,FD-011,2024-05-17 16:15:00,2024-05-17 17:55:00,100,transformer fault,CR-02,2736
OG-001038,FD-003,2024-11-25 08:15:00,2024-11-25 12:30:00,255,overload,CR-11,1970
OG-002519,FD-005,2026-06-24 14:30:00,2026-06-24 15:41:00,71,lightning strike,CR-05,2245
OG-001575,FD-018,2025-07-24 14:00:00,2025-07-24 17:09:00,189,vegetation contact,CR-02,525
OG-002507,FD-020,2026-06-21 05:00:00,2026-06-21 09:15:00,255,lightning strike,CR-11,1785
OG-000548,FD-005,2024-07-23 23:30:00,2024-07-24 03:28:00,238,lightning strike,,5996
OG-001764,FD-028,2025-02-09 12:45:00,2025-02-09 15:44:00,179,vegetation contact,CR-13,1378
OG-002190,FD-036,2026-03-13 14:45:00,2026-03-13 18:11:00,206,unknown,CR-10,584
OG-001018,FD-004,2024-11-16 20:30:00,2024-11-16 20:38:00,8,equipment failure,CR-05,1585
OG-001621,FD-027,2025-05-08 01:00:00,2025-05-08 02:32:00,92,pole collapse,CR-17,598
OG-000305,FD-028,2024-05-21 15:45:00,2024-05-21 17:31:00,106,pole collapse,CR-05,750
OG-000659,FD-002,2024-08-16 18:30:00,2024-08-16 21:21:00,171,lightning strike,CR-18,2416
OG-001366,FD-021,2025-05-27 08:15:00,2025-05-27 10:11:00,116,overload,CR-07,410
OG-002217,FD-003,2026-03-27 15:15:00,2026-03-27 20:04:00,289,storm damage,CR-08,6771
OG-000696,FD-034,2024-08-22 07:15:00,2024-08-22 11:08:00,233,vegetation contact,CR-09,342
OG-000267,FD-034,2024-10-05 16:30:00,2024-10-05 19:32:00,182,storm damage,CR-15,951
OG-000586,FD-019,2024-01-08 23:45:00,2024-01-08 23:53:00,8,transformer fault,CR-05,2736
OG-002078,FD-005,2025-12-21 14:15:00,2025-12-21 16:20:00,125,vegetation contact,,5899
OG-001056,FD-016,2024-12-24 10:15:00,2024-12-24 11:15:00,60,transformer fault,CR-17,1169
OG-000554,FD-031,2024-07-24 11:15:00,2024-07-24 17:06:00,351,planned maintenance,CR-07,383
OG-000501,FD-006,2024-11-07 12:00:00,2024-11-07 12:55:00,55,storm damage,CR-16,950
OG-000537,FD-035,2024-07-20 10:45:00,2024-07-20 14:27:00,222,vegetation contact,CR-07,220
OG-001983,FD-029,2025-10-24 02:30:00,2025-10-24 04:18:00,108,pole collapse,CR-12,2671
OG-002527,FD-033,2026-06-26 12:45:00,2026-06-26 16:19:00,214,pole collapse,CR-06,473
OG-001871,FD-037,2025-09-25 12:15:00,2025-09-25 13:40:00,85,unknown,CR-08,1676
OG-001471,FD-018,2025-06-30 19:45:00,2025-06-30 19:53:00,8,planned maintenance,,3616
OG-001922,FD-036,2025-07-10 12:30:00,2025-07-10 16:08:00,218,lightning strike,CR-11,2173
OG-000205,FD-025,2024-04-22 23:30:00,2024-04-23 00:20:00,50,cable theft,CR-11,3314
OG-000041,FD-013,2024-01-27 03:45:00,2024-01-27 07:56:00,251,pole collapse,CR-06,1605
OG-000529,FD-025,2024-07-18 01:45:00,2024-07-18 04:20:00,155,planned maintenance,CR-15,657
OG-000727,FD-019,2024-08-28 04:30:00,2024-08-28 04:38:00,8,unknown,CR-13,2938
OG-001835,FD-009,2025-09-17 10:00:00,2025-09-17 15:47:00,347,lightning strike,CR-05,3753
OG-002380,FD-004,2026-05-19 21:45:00,2026-05-19 21:53:00,8,storm damage,CR-17,2082
OG-001005,FD-010,2024-09-11 09:15:00,2024-09-11 12:18:00,183,pole collapse,CR-16,38
OG-002080,FD-037,2025-12-21 16:30:00,2025-12-21 19:19:00,169,unknown,CR-15,3032
OG-001612,FD-026,2025-03-08 18:45:00,2025-03-08 21:57:00,192,pole collapse,CR-04,460
OG-000652,FD-018,2024-08-14 14:45:00,2024-08-14 17:28:00,163,vegetation contact,CR-04,2349
OG-000332,FD-026,2024-05-29 19:45:00,2024-05-29 23:35:00,230,vegetation contact,CR-09,3788
OG-000811,FD-035,2024-09-13 04:45:00,2024-09-13 09:32:00,287,lightning strike,CR-08,83
OG-000721,FD-004,2024-08-27 06:00:00,2024-08-27 08:45:00,165,pole collapse,CR-06,1383
OG-001455,FD-028,2025-06-26 02:30:00,2025-06-26 04:51:00,141,storm damage,CR-07,2813
OG-001034,FD-001,2024-11-21 03:15:00,2024-11-21 06:46:00,211,equipment failure,CR-13,3917
OG-000958,FD-027,2024-10-17 03:45:00,2024-10-17 06:39:00,174,unknown,CR-12,897
OG-001116,FD-028,2025-02-27 23:45:00,2025-02-28 03:05:00,200,lightning strike,CR-05,5900
OG-001847,FD-018,2025-09-20 23:30:00,2025-09-21 03:24:00,234,vegetation contact,CR-16,3260
OG-002151,FD-002,2026-02-27 12:45:00,2026-02-27 15:02:00,137,transformer fault,,5821
OG-000084,FD-011,2024-06-03 18:30:00,2024-06-03 20:11:00,101,overload,CR-12,4165
OG-002130,FD-003,2026-02-17 07:30:00,2026-02-17 10:03:00,153,lightning strike,CR-10,3086
OG-002133,FD-032,2026-02-18 15:00:00,2026-02-18 18:15:00,195,transformer fault,CR-13,1663
OG-000902,FD-021,2024-10-01 00:30:00,2024-10-01 01:04:00,34,equipment failure,,2930
OG-000121,FD-026,2024-03-22 16:15:00,2024-03-22 18:45:00,150,overload,CR-10,3479
OG-001556,FD-014,2025-07-20 08:15:00,2025-07-20 10:58:00,163,storm damage,CR-15,5045
OG-000394,FD-013,2024-06-16 02:30:00,2024-06-16 03:16:00,46,overload,CR-08,6887
OG-002093,FD-002,2026-01-06 08:15:00,2026-01-06 08:59:00,44,vegetation contact,CR-14,704
OG-000770,FD-024,2024-05-09 13:00:00,2024-05-09 15:30:00,150,planned maintenance,CR-01,3218
OG-000170,FD-035,2024-08-04 18:45:00,2024-08-04 21:28:00,163,storm damage,CR-04,1367
OG-000864,FD-013,2024-09-23 06:45:00,2024-09-23 08:24:00,99,cable theft,CR-18,97
OG-001063,FD-014,2025-03-01 13:15:00,2025-03-01 14:16:00,61,transformer fault,CR-15,4291
OG-000164,FD-011,2024-06-04 13:15:00,2024-06-04 16:12:00,177,lightning strike,CR-05,7052
OG-000551,FD-011,2024-07-23 09:00:00,2024-07-23 13:30:00,270,vegetation contact,CR-15,6951
OG-001702,FD-018,2025-08-20 18:30:00,2025-08-20 23:35:00,305,lightning strike,CR-08,3225
OG-000165,FD-007,2024-06-04 18:45:00,2024-06-04 21:17:00,152,lightning strike,CR-14,1064
OG-000557,FD-003,2024-07-25 14:30:00,2024-07-25 16:17:00,107,storm damage,CR-13,2251
OG-000237,FD-027,2024-02-05 09:00:00,2024-02-05 11:47:00,167,pole collapse,CR-02,645
OG-002087,FD-032,2025-12-28 19:15:00,2025-12-28 21:05:00,110,pole collapse,CR-16,628
OG-000947,FD-035,2024-10-14 16:15:00,2024-10-14 17:42:00,87,vegetation contact,CR-09,794
OG-002520,FD-013,2026-06-24 17:30:00,2026-06-24 17:38:00,8,equipment failure,CR-12,1182
OG-002022,FD-020,2025-08-11 03:15:00,2025-08-11 05:09:00,114,planned maintenance,CR-04,1593
OG-001740,FD-031,2025-08-29 11:45:00,2025-08-29 13:12:00,87,lightning strike,CR-12,233
OG-000339,FD-024,2024-05-31 00:30:00,2024-05-31 04:15:00,225,vegetation contact,CR-09,1942
OG-000062,FD-001,2024-02-20 15:00:00,2024-02-20 17:39:00,159,transformer fault,CR-11,8511
OG-002153,FD-007,2026-01-03 18:15:00,2026-01-03 19:19:00,64,pole collapse,CR-16,1640
OG-002409,FD-035,2026-05-25 19:45:00,2026-05-26 00:17:00,272,pole collapse,CR-02,47
OG-001676,FD-003,2025-08-15 09:00:00,2025-08-15 13:52:00,292,pole collapse,CR-11,6091
OG-001752,FD-034,2025-08-31 20:15:00,2025-08-31 23:47:00,212,vegetation contact,CR-16,1169
OG-001160,FD-012,2025-03-19 19:00:00,2025-03-19 21:47:00,167,transformer fault,CR-13,1162
OG-002425,FD-015,2026-05-28 19:15:00,2026-05-29 01:54:00,399,lightning strike,CR-12,1322
OG-001592,FD-017,2025-07-29 01:00:00,2025-07-29 01:08:00,8,pole collapse,CR-10,1629
OG-000669,FD-010,2024-08-18 07:15:00,2024-08-18 08:00:00,45,lightning strike,CR-02,83
OG-001352,FD-010,2025-05-23 09:15:00,2025-05-23 15:04:00,349,vegetation contact,CR-12,379
OG-001219,FD-020,2025-04-13 17:00:00,2025-04-13 20:55:00,235,vegetation contact,,1185
OG-001862,FD-036,2025-09-23 21:15:00,2025-09-24 00:11:00,176,vegetation contact,CR-15,1391
OG-000198,FD-016,2024-04-18 23:30:00,2024-04-19 02:46:00,196,pole collapse,CR-11,1401
OG-001041,FD-024,2024-11-27 16:45:00,2024-11-27 16:53:00,8,vegetation contact,CR-12,605
OG-000224,FD-027,2024-04-28 02:00:00,2024-04-28 06:45:00,285,storm damage,CR-03,1103
OG-001413,FD-019,2025-12-06 07:15:00,2025-12-06 10:29:00,194,pole collapse,CR-15,232
OG-000189,FD-004,2024-04-16 00:45:00,2024-04-16 06:10:00,325,lightning strike,CR-06,624
OG-001580,FD-026,2025-07-26 18:45:00,2025-07-26 19:25:00,40,equipment failure,CR-06,2346
OG-001636,FD-001,2025-08-08 17:15:00,2025-08-08 19:59:00,164,vegetation contact,CR-16,2826
OG-002134,FD-015,2026-02-18 16:45:00,2026-02-18 20:06:00,201,transformer fault,CR-08,350
OG-000837,FD-022,2024-09-18 05:30:00,2024-09-18 07:36:00,126,vegetation contact,CR-14,683
OG-002146,FD-003,2026-02-25 02:00:00,2026-02-25 06:12:00,252,vegetation contact,CR-09,2756
OG-001032,FD-018,2024-11-21 13:00:00,2024-11-21 13:57:00,57,planned maintenance,CR-06,331
OG-000186,FD-013,2024-04-15 09:45:00,2024-04-15 11:40:00,115,pole collapse,CR-09,6422
OG-000325,FD-037,2024-05-27 08:45:00,2024-05-27 10:27:00,102,overload,CR-16,1873
OG-001233,FD-016,2025-04-17 22:30:00,2025-04-17 23:36:00,66,pole collapse,CR-11,2453
OG-000922,FD-015,2024-05-10 01:45:00,2024-05-10 01:53:00,8,overload,CR-11,732
OG-001348,FD-016,2025-05-22 20:15:00,2025-05-22 22:41:00,146,pole collapse,CR-02,1830
OG-002432,FD-017,2026-05-30 18:45:00,2026-05-30 23:24:00,279,storm damage,CR-14,323
OG-000320,FD-007,2024-05-26 03:30:00,2024-05-26 06:39:00,189,lightning strike,CR-14,1769
OG-000177,FD-005,2024-04-10 08:15:00,2024-04-10 12:38:00,263,lightning strike,,7282
OG-000561,FD-013,2024-07-26 23:45:00,2024-07-27 04:45:00,300,lightning strike,CR-02,8099
OG-000556,FD-003,2024-07-25 05:00:00,2024-07-25 08:11:00,191,vegetation contact,CR-04,1934
OG-001785,FD-008,2025-06-09 10:00:00,2025-06-09 14:04:00,244,vegetation contact,CR-02,2935
OG-001260,FD-004,2025-04-27 16:00:00,2025-04-27 16:50:00,50,vegetation contact,CR-03,1712
OG-000254,FD-012,2024-07-05 05:15:00,2024-07-05 07:31:00,136,lightning strike,CR-10,1038
OG-001084,FD-026,2025-01-20 17:45:00,2025-01-20 18:26:00,41,unknown,CR-09,186
OG-000757,FD-025,2024-02-09 01:15:00,2024-02-09 03:15:00,120,vegetation contact,CR-16,4589
OG-000436,FD-018,2024-06-26 08:15:00,2024-06-26 13:02:00,287,lightning strike,CR-08,687
OG-001250,FD-034,2025-04-23 03:45:00,2025-04-23 07:33:00,228,vegetation contact,CR-08,1137
OG-001863,FD-036,2025-09-23 02:15:00,2025-09-23 06:33:00,258,vegetation contact,CR-14,3434
OG-001013,FD-032,2024-11-13 04:00:00,2024-11-13 05:50:00,110,pole collapse,CR-01,393
OG-000997,FD-029,2024-01-11 01:15:00,2024-01-11 03:34:00,139,storm damage,CR-13,1618
OG-001557,FD-012,2025-07-20 11:00:00,2025-07-20 13:41:00,161,overload,,751
OG-000980,FD-012,2024-10-25 02:30:00,2024-10-25 04:20:00,110,cable theft,CR-16,1401
OG-000162,FD-006,2024-06-04 01:00:00,2024-06-04 04:04:00,184,lightning strike,CR-01,6175
OG-000288,FD-010,2024-05-17 14:00:00,2024-05-17 15:16:00,76,transformer fault,CR-11,248
OG-002218,FD-024,2026-03-28 22:45:00,2026-03-29 00:01:00,76,transformer fault,CR-10,3273
OG-000396,FD-026,2024-06-17 10:45:00,2024-06-17 11:46:00,61,storm damage,CR-09,246
OG-000861,FD-014,2024-09-23 08:30:00,2024-09-23 12:05:00,215,lightning strike,CR-17,6322
OG-001229,FD-037,2025-04-16 16:30:00,2025-04-16 19:24:00,174,vegetation contact,CR-11,471
OG-001510,FD-025,2025-10-07 09:00:00,2025-10-07 10:33:00,93,storm damage,,2349
OG-001821,FD-023,2025-09-14 18:15:00,2025-09-14 20:30:00,135,lightning strike,,1854
OG-002152,FD-002,2026-02-28 17:15:00,2026-02-28 21:08:00,233,pole collapse,CR-16,1997
OG-002338,FD-030,2026-06-05 08:00:00,2026-06-05 10:21:00,141,vegetation contact,CR-08,5136
OG-002408,FD-008,2026-05-24 19:30:00,2026-05-24 22:48:00,198,storm damage,CR-18,6514
OG-001078,FD-030,2025-01-14 02:30:00,2025-01-14 04:12:00,102,equipment failure,CR-18,1499
OG-000730,FD-026,2024-08-28 16:00:00,2024-08-28 20:50:00,290,vegetation contact,CR-09,1709
OG-001489,FD-037,2025-04-07 15:45:00,2025-04-07 17:17:00,92,pole collapse,,1168
OG-001552,FD-029,2025-07-18 14:00:00,2025-07-18 16:01:00,121,storm damage,CR-13,108
OG-001947,FD-014,2025-10-15 11:45:00,2025-10-15 14:25:00,160,storm damage,CR-06,1391
OG-000291,FD-034,2024-05-18 04:45:00,2024-05-18 09:23:00,278,vegetation contact,CR-14,114
OG-000851,FD-031,2024-09-21 06:30:00,2024-09-21 08:37:00,127,vegetation contact,CR-11,643
OG-000223,FD-035,2024-04-28 15:45:00,2024-04-28 17:52:00,127,unknown,CR-07,730
OG-000158,FD-030,2024-04-04 04:00:00,2024-04-04 04:30:00,30,overload,CR-02,6144
OG-000968,FD-030,2024-10-21 14:30:00,2024-10-21 18:35:00,245,vegetation contact,CR-06,6552
OG-001865,FD-019,2025-09-24 17:00:00,2025-09-24 19:28:00,148,pole collapse,CR-10,74
OG-000319,FD-015,2024-05-25 05:00:00,2024-05-25 09:11:00,251,lightning strike,CR-04,915
OG-000119,FD-003,2024-03-21 02:15:00,2024-03-21 05:28:00,193,lightning strike,CR-18,2235
OG-000982,FD-031,2024-10-25 09:45:00,2024-10-25 11:54:00,129,vegetation contact,CR-08,1367
OG-001359,FD-037,2025-05-25 21:00:00,2025-05-26 00:20:00,200,equipment failure,CR-16,1079
OG-000032,FD-011,2024-01-21 00:30:00,2024-01-21 02:22:00,112,planned maintenance,CR-06,6641
OG-001354,FD-016,2025-05-23 23:00:00,2025-05-24 01:14:00,134,vegetation contact,CR-04,198
OG-002055,FD-029,2025-05-12 12:45:00,2025-05-12 13:05:00,20,transformer fault,CR-02,1316
OG-002495,FD-005,2026-06-18 23:15:00,2026-06-19 00:14:00,59,unknown,CR-16,5905
OG-001820,FD-009,2025-09-14 07:45:00,2025-09-14 11:56:00,251,lightning strike,CR-07,589
OG-001956,FD-031,2025-10-17 06:30:00,2025-10-17 10:22:00,232,lightning strike,CR-08,1722
OG-000711,FD-005,2024-08-25 00:15:00,2024-08-25 03:56:00,221,transformer fault,CR-05,3265
OG-002485,FD-024,2026-06-16 05:00:00,2026-06-16 05:11:00,11,cable theft,CR-04,1112
OG-001536,FD-006,2025-07-15 03:00:00,2025-07-15 06:00:00,180,vegetation contact,CR-09,2309
OG-000852,FD-035,2024-09-21 15:30:00,2024-09-21 21:35:00,365,storm damage,CR-08,274
OG-002220,FD-013,2026-03-28 03:00:00,2026-03-28 09:25:00,385,lightning strike,CR-18,7768
OG-000216,FD-010,2024-04-25 03:45:00,2024-04-25 08:09:00,264,storm damage,CR-17,195
OG-001880,FD-004,2025-09-27 02:45:00,2025-09-27 03:43:00,58,storm damage,CR-12,2530
OG-002277,FD-034,2026-04-16 01:30:00,2026-04-16 05:05:00,215,lightning strike,CR-13,818
OG-001238,FD-029,2025-04-19 01:30:00,2025-04-19 04:21:00,171,pole collapse,CR-01,640
OG-000081,FD-033,2024-05-03 11:45:00,2024-05-03 12:12:00,27,transformer fault,CR-10,1294
OG-001467,FD-004,2025-06-29 17:00:00,2025-06-29 21:58:00,298,vegetation contact,CR-12,707
OG-000533,FD-028,2024-07-19 14:45:00,2024-07-19 17:32:00,167,lightning strike,CR-09,1641
OG-001570,FD-014,2025-07-23 11:00:00,2025-07-23 13:11:00,131,pole collapse,CR-03,2586
OG-000245,FD-005,2024-05-05 18:00:00,2024-05-05 19:08:00,68,vegetation contact,CR-09,2054
OG-001430,FD-010,2025-06-17 04:15:00,2025-06-17 06:57:00,162,planned maintenance,CR-05,36
OG-000952,FD-028,2024-10-15 05:30:00,2024-10-15 05:56:00,26,pole collapse,CR-15,1500
OG-002294,FD-002,2026-04-22 15:45:00,2026-04-22 18:27:00,162,pole collapse,CR-01,2176
OG-000632,FD-036,2024-10-08 01:15:00,2024-10-08 05:13:00,238,storm damage,CR-04,2329
OG-000664,FD-016,2024-08-17 03:15:00,2024-08-17 06:55:00,220,pole collapse,,482
OG-001015,FD-002,2024-11-15 11:15:00,2024-11-15 13:27:00,132,storm damage,CR-06,3796
OG-001364,FD-032,2025-05-27 03:00:00,2025-05-27 04:04:00,64,pole collapse,CR-08,2003
OG-000244,FD-035,2024-05-05 07:30:00,2024-05-05 07:56:00,26,cable theft,CR-10,696
OG-001533,FD-008,2025-07-14 02:45:00,2025-07-14 04:43:00,118,unknown,CR-16,6528
OG-001857,FD-010,2025-09-22 20:45:00,2025-09-23 01:02:00,257,lightning strike,CR-16,154
OG-000690,FD-023,2024-08-21 15:45:00,2024-08-21 15:56:00,11,planned maintenance,CR-13,2224
OG-000100,FD-023,2024-03-13 08:00:00,2024-03-13 10:33:00,153,overload,CR-16,2123
OG-000221,FD-032,2024-04-27 15:45:00,2024-04-27 20:15:00,270,storm damage,CR-18,473
OG-001502,FD-032,2025-07-07 08:45:00,2025-07-07 11:38:00,173,cable theft,CR-09,805
OG-002101,FD-002,2026-01-17 00:00:00,2026-01-17 03:24:00,204,transformer fault,CR-07,861
OG-001872,FD-031,2025-09-25 11:15:00,2025-09-25 13:14:00,119,vegetation contact,CR-01,1508
OG-001565,FD-018,2025-07-22 21:45:00,2025-07-22 23:39:00,114,vegetation contact,CR-06,201
OG-000144,FD-034,2024-03-31 05:30:00,2024-03-31 05:38:00,8,pole collapse,CR-01,1079
OG-000593,FD-023,2024-02-08 19:30:00,2024-02-08 21:39:00,129,cable theft,CR-07,309
OG-001091,FD-026,2025-03-02 02:30:00,2025-03-02 02:38:00,8,unknown,CR-13,1215
OG-001589,FD-021,2025-07-27 09:15:00,2025-07-27 13:39:00,264,lightning strike,CR-05,3066
OG-000346,FD-015,2024-02-06 20:00:00,2024-02-06 23:43:00,223,storm damage,CR-18,1098
OG-001044,FD-021,2024-01-12 05:15:00,2024-01-12 10:02:00,287,pole collapse,CR-05,32
OG-001284,FD-009,2025-05-05 17:15:00,2025-05-05 22:43:00,328,vegetation contact,,1831
OG-001434,FD-018,2025-06-18 06:30:00,2025-06-18 11:15:00,285,unknown,CR-02,2202
OG-001828,FD-015,2025-09-15 13:45:00,2025-09-15 15:17:00,92,planned maintenance,CR-17,1134
OG-000433,FD-013,2024-06-26 08:00:00,2024-06-26 12:47:00,287,vegetation contact,CR-14,6717
OG-002289,FD-021,2026-04-21 23:00:00,2026-04-22 00:02:00,62,storm damage,CR-14,2276
OG-000871,FD-020,2024-09-25 07:45:00,2024-09-25 10:54:00,189,storm damage,CR-10,3832
OG-001946,FD-021,2025-10-15 18:15:00,2025-10-15 20:58:00,163,equipment failure,CR-11,1353
OG-000384,FD-034,2024-06-13 13:00:00,2024-06-13 15:56:00,176,lightning strike,CR-06,887
OG-001346,FD-015,2025-05-22 17:00:00,2025-05-22 20:02:00,182,pole collapse,CR-06,1138
OG-001999,FD-021,2025-10-29 06:15:00,2025-10-29 11:09:00,294,pole collapse,CR-17,348
OG-000991,FD-003,2024-10-29 18:15:00,2024-10-29 19:19:00,64,storm damage,CR-17,5740
OG-001486,FD-026,2025-04-07 04:15:00,2025-04-07 07:09:00,174,vegetation contact,CR-12,1168
OG-001512,FD-001,2025-10-07 19:15:00,2025-10-07 23:15:00,240,storm damage,CR-03,115
OG-000831,FD-035,2024-09-17 05:30:00,2024-09-17 09:18:00,228,lightning strike,CR-17,506
OG-002150,FD-024,2026-02-27 03:45:00,2026-02-27 05:06:00,81,transformer fault,CR-18,1959
OG-000133,FD-033,2024-03-26 08:15:00,2024-03-26 13:48:00,333,vegetation contact,,99
OG-002149,FD-036,2026-02-27 23:30:00,2026-02-28 04:52:00,322,planned maintenance,CR-07,2344
OG-001845,FD-027,2025-09-19 14:00:00,2025-09-19 16:11:00,131,storm damage,CR-10,1801
OG-001953,FD-026,2025-10-16 02:15:00,2025-10-16 06:30:00,255,lightning strike,CR-04,1899
OG-001227,FD-005,2025-04-15 07:45:00,2025-04-15 10:01:00,136,storm damage,CR-12,2010
OG-002013,FD-021,2025-10-31 05:45:00,2025-10-31 06:08:00,23,unknown,CR-10,294
OG-002040,FD-001,2025-11-18 07:45:00,2025-11-18 13:20:00,335,overload,,6317
OG-001537,FD-016,2025-07-15 02:45:00,2025-07-15 06:36:00,231,storm damage,CR-07,124
OG-001789,FD-029,2025-08-09 04:45:00,2025-08-09 09:27:00,282,lightning strike,CR-09,2084
OG-001933,FD-004,2025-11-10 18:45:00,2025-11-10 22:21:00,216,planned maintenance,CR-11,1071
OG-002503,FD-009,2026-06-20 22:15:00,2026-06-21 02:10:00,235,vegetation contact,,4628
OG-002203,FD-021,2026-03-18 12:15:00,2026-03-18 14:02:00,107,overload,CR-17,196
OG-002370,FD-006,2026-05-15 08:15:00,2026-05-15 09:32:00,77,transformer fault,CR-06,6817
OG-002493,FD-031,2026-06-18 03:45:00,2026-06-18 07:52:00,247,lightning strike,CR-07,1750
OG-002536,FD-015,2026-06-29 09:15:00,2026-06-29 12:47:00,212,overload,CR-06,481
OG-002064,FD-021,2025-09-12 09:15:00,2025-09-12 11:57:00,162,pole collapse,CR-11,2722
OG-000929,FD-003,2024-08-10 11:15:00,2024-08-10 16:18:00,303,lightning strike,CR-05,2225
OG-002410,FD-033,2026-05-25 13:15:00,2026-05-25 16:01:00,166,vegetation contact,CR-08,1235
OG-001138,FD-001,2025-11-03 06:00:00,2025-11-03 08:20:00,140,transformer fault,CR-17,8161
OG-000443,FD-004,2024-06-28 02:30:00,2024-06-28 04:01:00,91,storm damage,CR-03,206
OG-000407,FD-015,2024-06-20 03:45:00,2024-06-20 07:06:00,201,pole collapse,CR-18,169
OG-001864,FD-029,2025-09-23 11:00:00,2025-09-23 17:06:00,366,storm damage,CR-12,1245
OG-000039,FD-026,2024-01-26 21:00:00,2024-01-27 01:20:00,260,vegetation contact,CR-18,1113
OG-002398,FD-033,2026-05-22 15:45:00,2026-05-22 20:29:00,284,vegetation contact,CR-06,913
OG-001713,FD-005,2025-08-22 01:00:00,2025-08-22 06:58:00,358,vegetation contact,CR-18,826
OG-000697,FD-031,2024-08-23 22:30:00,2024-08-23 22:46:00,16,planned maintenance,CR-06,271
OG-000630,FD-031,2024-08-10 13:30:00,2024-08-10 15:31:00,121,vegetation contact,CR-10,1826
OG-002191,FD-035,2026-03-13 18:30:00,2026-03-13 21:29:00,179,cable theft,CR-02,1414
OG-000296,FD-012,2024-05-19 11:45:00,2024-05-19 15:41:00,236,storm damage,CR-12,958
OG-000508,FD-002,2024-07-13 13:00:00,2024-07-13 15:04:00,124,lightning strike,CR-10,1452
OG-001856,FD-022,2025-09-22 12:30:00,2025-09-22 14:12:00,102,pole collapse,CR-03,930
OG-000949,FD-036,2024-10-14 15:30:00,2024-10-14 20:26:00,296,lightning strike,CR-17,2809
OG-001220,FD-001,2025-04-13 13:30:00,2025-04-13 16:58:00,208,storm damage,CR-05,5200
OG-001930,FD-002,2025-10-10 10:30:00,2025-10-10 10:45:00,15,pole collapse,CR-01,1144
OG-001262,FD-001,2025-04-28 02:45:00,2025-04-28 08:03:00,318,vegetation contact,CR-10,8032
OG-000841,FD-008,2024-09-19 17:00:00,2024-09-19 20:24:00,204,lightning strike,CR-07,60
OG-001881,FD-037,2025-09-27 19:15:00,2025-09-27 22:32:00,197,lightning strike,CR-04,1018
OG-001150,FD-017,2025-03-16 22:00:00,2025-03-17 03:32:00,332,storm damage,CR-09,2936
OG-001957,FD-003,2025-10-17 16:30:00,2025-10-17 18:14:00,104,storm damage,CR-10,4065
OG-000985,FD-019,2024-10-27 08:30:00,2024-10-27 12:50:00,260,pole collapse,CR-10,3040
OG-001931,FD-035,2025-11-10 08:30:00,2025-11-10 10:36:00,126,storm damage,CR-06,254
OG-001969,FD-014,2025-10-20 22:45:00,2025-10-21 00:39:00,114,storm damage,CR-12,1457
OG-002481,FD-028,2026-06-15 21:30:00,2026-06-15 21:38:00,8,storm damage,CR-17,3792
OG-000442,FD-026,2024-06-28 21:00:00,2024-06-28 21:08:00,8,unknown,CR-17,1812
OG-000284,FD-024,2024-05-15 15:00:00,2024-05-15 17:24:00,144,pole collapse,CR-13,759
OG-001457,FD-036,2025-06-26 05:30:00,2025-06-26 05:38:00,8,vegetation contact,CR-02,235
OG-001558,FD-015,2025-07-20 07:45:00,2025-07-20 12:29:00,284,vegetation contact,CR-03,591
OG-001353,FD-010,2025-05-23 12:45:00,2025-05-23 16:33:00,228,lightning strike,CR-06,388
OG-002147,FD-007,2026-02-26 22:00:00,2026-02-26 23:42:00,102,unknown,CR-07,347
OG-002498,FD-025,2026-06-19 22:15:00,2026-06-20 02:35:00,260,pole collapse,CR-18,3019
OG-001976,FD-025,2025-10-22 07:00:00,2025-10-22 09:38:00,158,cable theft,CR-17,375
OG-002082,FD-031,2025-12-23 11:45:00,2025-12-23 15:42:00,237,pole collapse,CR-05,296
OG-001433,FD-035,2025-06-17 01:30:00,2025-06-17 01:58:00,28,lightning strike,CR-09,347
OG-001646,FD-015,2025-10-08 19:00:00,2025-10-08 19:08:00,8,pole collapse,CR-01,588
OG-002384,FD-024,2026-05-20 07:30:00,2026-05-20 11:19:00,229,storm damage,CR-09,1262
OG-000303,FD-023,2024-05-21 10:45:00,2024-05-21 14:59:00,254,storm damage,CR-11,2226
OG-000147,FD-008,2024-01-04 00:45:00,2024-01-04 03:15:00,150,vegetation contact,CR-02,3594
OG-000408,FD-022,2024-06-20 21:45:00,2024-06-21 01:11:00,206,storm damage,CR-17,942
OG-001698,FD-011,2025-08-19 07:15:00,2025-08-19 08:36:00,81,equipment failure,CR-07,7333
OG-001990,FD-025,2025-10-26 19:30:00,2025-10-26 21:44:00,134,storm damage,CR-15,2733
OG-000793,FD-026,2024-09-09 05:30:00,2024-09-09 09:50:00,260,vegetation contact,CR-10,2603
OG-001323,FD-021,2025-05-15 13:15:00,2025-05-15 13:35:00,20,cable theft,CR-10,3199
OG-000886,FD-027,2024-09-27 06:45:00,2024-09-27 08:11:00,86,lightning strike,CR-08,39
OG-000317,FD-009,2024-05-24 07:00:00,2024-05-24 10:48:00,228,storm damage,CR-05,3224
OG-001412,FD-029,2025-12-06 00:30:00,2025-12-06 03:45:00,195,storm damage,CR-14,1481
OG-000539,FD-020,2024-07-20 19:00:00,2024-07-20 21:34:00,154,lightning strike,CR-18,2376
OG-000583,FD-007,2024-07-31 09:45:00,2024-07-31 11:47:00,122,unknown,CR-12,1136
OG-002290,FD-016,2026-04-21 03:00:00,2026-04-21 09:46:00,406,vegetation contact,CR-04,1951
OG-001144,FD-012,2025-03-13 05:15:00,2025-03-13 07:20:00,125,planned maintenance,CR-12,667
OG-002025,FD-002,2025-10-11 11:15:00,2025-10-11 14:47:00,212,pole collapse,CR-14,751
OG-000984,FD-006,2024-10-27 04:15:00,2024-10-27 06:47:00,152,equipment failure,CR-06,3295
OG-000602,FD-012,2024-04-08 19:30:00,2024-04-08 21:47:00,137,equipment failure,CR-10,111
OG-002028,FD-015,2025-12-11 01:45:00,2025-12-11 07:13:00,328,vegetation contact,CR-02,197
OG-002198,FD-013,2026-03-16 12:00:00,2026-03-16 12:08:00,8,transformer fault,CR-09,4070
OG-000718,FD-005,2024-08-26 05:15:00,2024-08-26 09:04:00,229,storm damage,CR-01,532
OG-001573,FD-016,2025-07-24 03:00:00,2025-07-24 06:10:00,190,pole collapse,CR-12,899
OG-002006,FD-028,2025-10-30 23:15:00,2025-10-31 03:43:00,268,vegetation contact,CR-08,6278
OG-001594,FD-010,2025-07-30 10:30:00,2025-07-30 13:34:00,184,lightning strike,CR-05,372
OG-001874,FD-030,2025-09-26 11:15:00,2025-09-26 12:25:00,70,planned maintenance,CR-01,5854
OG-001402,FD-005,2025-08-06 00:30:00,2025-08-06 02:49:00,139,storm damage,CR-07,2991
OG-002479,FD-034,2026-06-14 15:15:00,2026-06-14 19:16:00,241,storm damage,CR-02,650
OG-000257,FD-001,2024-05-08 12:00:00,2024-05-08 15:21:00,201,pole collapse,CR-13,3640
OG-000184,FD-023,2024-04-14 06:45:00,2024-04-14 09:50:00,185,storm damage,CR-04,419
OG-001834,FD-026,2025-09-17 09:30:00,2025-09-17 11:41:00,131,lightning strike,CR-15,3294
OG-000810,FD-009,2024-09-13 05:30:00,2024-09-13 09:18:00,228,storm damage,CR-02,3850
OG-002125,FD-032,2026-02-14 13:30:00,2026-02-14 13:38:00,8,pole collapse,CR-07,1073
OG-001371,FD-029,2025-05-30 04:45:00,2025-05-30 10:38:00,353,storm damage,CR-17,2657
OG-000276,FD-032,2024-05-13 16:00:00,2024-05-13 22:30:00,390,storm damage,CR-02,2266
OG-000503,FD-016,2024-11-07 15:00:00,2024-11-07 18:36:00,216,vegetation contact,CR-07,1401
OG-001281,FD-022,2025-05-05 01:30:00,2025-05-05 02:56:00,86,lightning strike,CR-17,88
OG-000229,FD-001,2024-04-30 02:15:00,2024-04-30 06:15:00,240,unknown,,2923
OG-002486,FD-001,2026-06-16 03:00:00,2026-06-16 06:40:00,220,pole collapse,CR-05,608
OG-001563,FD-030,2025-07-21 10:30:00,2025-07-21 15:29:00,299,lightning strike,CR-09,1701
OG-000253,FD-003,2024-05-07 08:30:00,2024-05-07 10:13:00,103,equipment failure,CR-06,321
OG-001012,FD-027,2024-11-13 20:15:00,2024-11-13 21:24:00,69,transformer fault,CR-16,132
OG-001344,FD-002,2025-05-21 04:45:00,2025-05-21 10:36:00,351,lightning strike,CR-14,5603
OG-000105,FD-018,2024-03-15 04:00:00,2024-03-15 07:52:00,232,vegetation contact,CR-02,4019
OG-000924,FD-011,2024-06-10 01:30:00,2024-06-10 01:38:00,8,equipment failure,CR-06,1253
OG-000342,FD-032,2024-06-01 15:00:00,2024-06-01 16:58:00,118,vegetation contact,CR-11,2344
OG-000329,FD-003,2024-05-29 05:00:00,2024-05-29 05:57:00,57,vegetation contact,,3123
OG-001622,FD-005,2025-05-08 17:30:00,2025-05-08 19:20:00,110,transformer fault,CR-03,7353
OG-001559,FD-005,2025-07-21 19:30:00,2025-07-21 20:27:00,57,equipment failure,CR-03,2629
OG-000256,FD-037,2024-08-05 07:15:00,2024-08-05 08:26:00,71,overload,CR-17,2053
OG-000126,FD-001,2024-03-23 20:30:00,2024-03-23 22:15:00,105,transformer fault,CR-10,6971
OG-001157,FD-023,2025-03-18 13:15:00,2025-03-18 17:27:00,252,transformer fault,CR-17,1721
OG-001244,FD-018,2025-04-21 03:45:00,2025-04-21 06:42:00,177,pole collapse,CR-05,982
OG-001216,FD-022,2025-12-04 21:15:00,2025-12-04 23:56:00,161,lightning strike,CR-12,203
OG-001496,FD-023,2025-06-07 04:45:00,2025-06-07 10:39:00,354,storm damage,CR-13,1758
OG-000249,FD-016,2024-06-05 12:00:00,2024-06-05 15:36:00,216,pole collapse,CR-07,2614
OG-002041,FD-037,2025-11-18 10:00:00,2025-11-18 13:57:00,237,transformer fault,,3327
OG-002004,FD-016,2025-10-29 17:30:00,2025-10-29 21:55:00,265,pole collapse,CR-15,492
OG-002275,FD-017,2026-04-15 17:00:00,2026-04-15 17:37:00,37,storm damage,CR-14,2681
OG-001839,FD-009,2025-09-18 05:00:00,2025-09-18 08:27:00,207,storm damage,CR-14,3715
OG-000368,FD-001,2024-08-06 18:45:00,2024-08-06 22:12:00,207,overload,CR-05,4899
OG-001183,FD-002,2025-03-28 21:15:00,2025-03-28 22:07:00,52,equipment failure,CR-02,4150
OG-000428,FD-004,2024-06-24 21:45:00,2024-06-25 01:13:00,208,unknown,CR-04,1427
OG-001252,FD-020,2025-04-24 21:00:00,2025-04-24 23:07:00,127,pole collapse,CR-05,3190
OG-000579,FD-031,2024-07-30 23:45:00,2024-07-31 00:48:00,63,planned maintenance,CR-18,921
OG-001155,FD-029,2025-03-18 11:30:00,2025-03-18 13:32:00,122,planned maintenance,CR-05,1514
OG-001182,FD-001,2025-03-28 20:45:00,2025-03-28 23:54:00,189,overload,CR-16,152
OG-001443,FD-025,2025-06-22 20:00:00,2025-06-22 20:34:00,34,transformer fault,,2068
OG-001530,FD-028,2025-07-14 07:45:00,2025-07-14 11:22:00,217,vegetation contact,CR-08,2220
OG-000106,FD-025,2024-03-16 10:15:00,2024-03-16 11:57:00,102,equipment failure,CR-14,121
OG-000513,FD-018,2024-07-14 01:45:00,2024-07-14 05:16:00,211,planned maintenance,CR-04,1629
OG-001294,FD-022,2025-08-05 03:30:00,2025-08-05 05:20:00,110,pole collapse,CR-18,635
OG-000322,FD-015,2024-05-26 03:45:00,2024-05-26 09:04:00,319,lightning strike,CR-08,223
OG-000866,FD-011,2024-09-24 12:00:00,2024-09-24 16:47:00,287,lightning strike,CR-09,2787
OG-002103,FD-029,2026-01-21 08:30:00,2026-01-21 09:14:00,44,cable theft,CR-06,937
OG-001838,FD-031,2025-09-18 17:30:00,2025-09-18 21:08:00,218,storm damage,CR-03,1813
OG-000723,FD-021,2024-08-27 21:30:00,2024-08-28 00:07:00,157,vegetation contact,CR-02,898
OG-000117,FD-028,2024-03-21 01:30:00,2024-03-21 05:49:00,259,cable theft,CR-11,779
OG-000070,FD-027,2024-03-01 10:45:00,2024-03-01 11:46:00,61,overload,CR-03,2476
OG-000585,FD-012,2024-07-31 12:15:00,2024-07-31 15:24:00,189,storm damage,CR-14,561
OG-001077,FD-031,2025-12-01 18:15:00,2025-12-01 21:29:00,194,vegetation contact,CR-07,1053
OG-001687,FD-012,2025-08-18 09:15:00,2025-08-18 15:25:00,370,vegetation contact,CR-17,1262
OG-001595,FD-026,2025-07-30 11:15:00,2025-07-30 12:58:00,103,vegetation contact,CR-07,3587
OG-000720,FD-005,2024-08-27 12:30:00,2024-08-27 13:02:00,32,unknown,CR-08,1584
OG-000804,FD-034,2024-11-09 03:45:00,2024-11-09 08:30:00,285,equipment failure,CR-15,1029
OG-002200,FD-010,2026-03-18 20:00:00,2026-03-18 21:31:00,91,lightning strike,CR-06,150
OG-002102,FD-019,2026-01-18 21:15:00,2026-01-19 00:30:00,195,storm damage,CR-18,2960
OG-001794,FD-003,2025-09-09 08:45:00,2025-09-09 10:37:00,112,pole collapse,CR-16,4628
OG-001181,FD-021,2025-03-28 09:45:00,2025-03-28 10:28:00,43,transformer fault,CR-09,2242
OG-002241,FD-035,2026-04-04 07:15:00,2026-04-04 12:49:00,334,storm damage,CR-04,958
OG-000820,FD-028,2024-09-14 06:00:00,2024-09-14 10:37:00,277,planned maintenance,CR-06,871
OG-000015,FD-031,2024-12-01 16:00:00,2024-12-01 20:58:00,298,pole collapse,CR-13,1699
OG-001799,FD-015,2025-10-09 09:15:00,2025-10-09 13:02:00,227,planned maintenance,CR-03,795
OG-001239,FD-016,2025-04-20 13:30:00,2025-04-20 16:51:00,201,storm damage,CR-15,2409
