meter_id,feeder_id,customer_type,installed_on,tariff_band,monthly_kwh_avg,prepaid
MT305729,FD-016,public,2023-08-26,industrial,,False
MT307480,FD-026,public,,commercial,,True
MT308834,FD-028,residential,2020-02-07,commercial,127.2,False
MT309716,FD-002,industrial,,commercial,131.6,True
MT305213,FD-006,residential,,commercial,170.5,True
MT303726,FD-035,industrial,,industrial,102.9,False
MT304157,FD-022,industrial,,domestic-low,63.6,True
MT305489,FD-008,public,,social,188.4,True
MT308478,FD-021,residential,,industrial,,False
MT307745,FD-033,residential,,domestic-low,,False
MT302039,FD-032,residential,,domestic-low,198.9,False
MT308963,FD-014,public,,social,117.3,False
MT306035,FD-003,commercial,,social,,True
MT308345,FD-034,residential,,social,,False
MT307802,FD-016,residential,,domestic-low,8.1,False
MT300701,FD-002,residential,,social,,False
MT309053,FD-020,industrial,,domestic-low,51.7,True
MT310280,FD-023,public,,domestic-low,67.5,True
MT305856,FD-003,residential,,domestic-low,119.9,False
MT304582,FD-010,industrial,,domestic-standard,98.1,False
MT305442,FD-008,residential,,social,,False
MT301067,FD-001,industrial,,social,24.0,False
MT303859,FD-005,industrial,,industrial,73.7,False
MT309344,FD-027,residential,,domestic-standard,131.2,False
MT310018,FD-029,industrial,,social,,True
MT304777,FD-004,residential,2020-06-03,commercial,75.2,False
MT310495,FD-008,residential,,domestic-low,,False
MT310086,FD-001,commercial,,commercial,105.6,True
MT306917,FD-012,residential,,domestic-standard,101.9,False
MT300743,FD-030,residential,2025-10-08,domestic-low,,True
MT307103,FD-015,industrial,,domestic-low,,True
MT308022,FD-010,residential,,industrial,64.2,False
MT304298,FD-029,industrial,,commercial,145.9,True
MT307244,FD-019,residential,,commercial,103.7,True
MT304948,FD-017,residential,,social,60.5,False
MT300253,FD-008,residential,2023-10-02,commercial,308.7,True
MT308944,FD-035,commercial,,domestic-low,114.2,False
MT301085,FD-033,residential,,domestic-low,166.7,False
MT304167,FD-001,industrial,,industrial,83.3,False
MT310618,FD-037,industrial,,domestic-low,,False
MT305692,FD-002,residential,,industrial,,True
MT307578,FD-022,residential,,domestic-standard,,False
MT304268,FD-006,commercial,,social,95.5,False
MT308542,FD-001,residential,2023-03-12,commercial,,False
MT310194,FD-025,residential,,domestic-low,,False
MT307754,FD-001,commercial,,domestic-low,145.7,False
MT301368,FD-031,public,,social,89.1,False
MT307195,FD-035,residential,,commercial,158.9,True
MT301040,FD-032,commercial,,domestic-low,,True
MT306629,FD-018,residential,,domestic-low,,True
MT308867,FD-014,residential,,industrial,43.0,True
MT310289,FD-010,residential,,industrial,13.0,True
MT302425,FD-016,industrial,,domestic-low,,False
MT307748,FD-010,residential,,domestic-standard,51.9,True
MT306088,FD-011,public,,domestic-low,85.6,False
MT309156,FD-037,public,2022-05-16,domestic-low,,True
MT306251,FD-029,industrial,,domestic-low,10.4,True
MT300690,FD-004,public,,domestic-low,119.3,True
MT308777,FD-026,residential,,domestic-standard,74.4,False
MT308262,FD-030,residential,,domestic-low,103.3,True
MT310920,FD-023,public,,domestic-standard,,True
MT300019,FD-020,residential,,domestic-low,133.0,False
MT308167,FD-018,commercial,,domestic-standard,134.6,False
MT302602,FD-023,residential,,social,254.7,True
MT310276,FD-010,industrial,,domestic-standard,,True
MT309739,FD-017,residential,,social,,True
MT310383,FD-010,commercial,2024-01-16,social,11.7,False
MT304781,FD-005,industrial,,commercial,24.6,True
MT308447,FD-017,commercial,,social,,False
MT307052,FD-005,commercial,,commercial,13.2,False
MT308608,FD-004,commercial,,commercial,,True
MT308946,FD-011,residential,,commercial,,True
MT300421,FD-023,residential,,social,36.5,False
MT300274,FD-035,residential,,social,,False
MT309314,FD-005,residential,,social,40.6,True
MT306648,FD-019,public,,industrial,117.5,True
MT305405,FD-023,residential,,social,,False
MT300167,FD-029,residential,,domestic-low,,False
MT306741,FD-036,residential,,industrial,60.0,False
MT309098,FD-030,residential,,domestic-low,,True
MT300533,FD-017,industrial,,domestic-low,15.6,True
MT305398,FD-007,residential,,domestic-low,,True
MT310944,FD-010,residential,,domestic-standard,202.2,True
MT307598,FD-032,public,,domestic-low,,True
MT308766,FD-008,residential,,domestic-standard,141.9,False
MT306072,FD-037,residential,,domestic-low,101.1,True
MT307113,FD-006,public,,domestic-low,158.1,True
MT309220,FD-001,residential,,domestic-low,,True
MT307800,FD-003,public,,domestic-low,119.7,False
MT302899,FD-034,residential,,domestic-standard,61.7,True
MT308112,FD-026,public,,domestic-standard,195.9,False
MT302662,FD-029,public,,commercial,92.6,False
MT306930,FD-005,public,,industrial,211.7,False
MT304085,FD-025,residential,,commercial,260.1,True
MT310721,FD-030,residential,,domestic-low,58.1,False
MT308272,FD-009,public,,domestic-low,109.6,False
MT310257,FD-026,residential,,domestic-low,115.1,False
MT308479,FD-018,industrial,,industrial,24.8,False
MT303453,FD-034,industrial,,domestic-standard,200.7,False
MT310970,FD-008,residential,,domestic-low,88.5,True
MT300866,FD-003,industrial,,industrial,112.3,False
MT306571,FD-021,residential,,domestic-low,,False
MT307947,FD-030,residential,,industrial,62.9,True
MT309538,FD-009,commercial,,industrial,,True
MT306060,FD-010,commercial,,social,,False
MT306001,FD-037,residential,,domestic-low,,False
MT305521,FD-015,commercial,,domestic-low,42.9,False
MT305014,FD-015,commercial,,industrial,,True
MT308971,FD-034,residential,2019-11-11,social,169.0,True
MT305355,FD-024,residential,2020-04-18,domestic-low,,True
MT304141,FD-004,industrial,,domestic-standard,,True
MT306603,FD-003,residential,,commercial,,True
MT303451,FD-025,residential,,domestic-standard,123.8,False
MT308337,FD-024,residential,,industrial,114.6,False
MT303228,FD-031,public,,domestic-low,19.7,True
MT307396,FD-003,public,,commercial,97.6,True
MT305150,FD-028,residential,,domestic-low,230.6,False
MT309554,FD-018,industrial,,commercial,224.2,False
MT303820,FD-006,residential,,domestic-low,97.3,True
MT302682,FD-024,public,,domestic-standard,123.7,False
MT303507,FD-015,residential,,domestic-low,106.4,True
MT304949,FD-006,residential,,commercial,,False
MT307685,FD-030,residential,,industrial,151.5,False
MT304280,FD-024,commercial,,industrial,,False
MT303073,FD-031,residential,2025-11-30,domestic-low,172.7,True
MT308953,FD-036,residential,,domestic-standard,167.5,True
MT310714,FD-011,residential,,domestic-standard,36.9,True
MT309016,FD-020,residential,,social,108.8,False
MT300412,FD-003,residential,,domestic-standard,,True
MT305529,FD-010,public,,commercial,,False
MT309345,FD-002,residential,2024-05-03,commercial,103.8,True
MT307443,FD-011,industrial,,commercial,134.2,False
MT306975,FD-030,commercial,,domestic-low,208.3,False
MT310175,FD-032,commercial,,commercial,,True
MT300069,FD-023,residential,2023-07-22,commercial,,True
MT305602,FD-015,industrial,,domestic-low,,False
MT308654,FD-018,commercial,,social,160.0,False
MT303958,FD-012,residential,,domestic-standard,142.2,False
MT309710,FD-002,residential,,domestic-low,88.7,False
MT303897,FD-022,residential,,commercial,,True
MT308651,FD-016,residential,,commercial,72.3,False
MT310241,FD-001,residential,,domestic-low,72.3,True
MT303164,FD-030,residential,,commercial,126.6,False
MT305534,FD-019,commercial,,domestic-standard,,False
MT307927,FD-023,industrial,,commercial,49.5,False
MT307698,FD-011,commercial,,social,37.3,True
MT310679,FD-002,public,,domestic-low,64.7,True
MT308307,FD-018,public,,industrial,134.5,False
MT300119,FD-016,residential,,commercial,,True
MT306268,FD-017,public,,domestic-standard,,False
MT303191,FD-016,commercial,,domestic-low,,False
MT305590,FD-004,industrial,,social,93.6,False
MT307881,FD-010,residential,,commercial,204.6,False
MT303834,FD-026,industrial,,domestic-low,,True
MT310530,FD-022,commercial,,domestic-low,130.2,True
MT304957,FD-014,residential,,commercial,,False
MT308231,FD-008,residential,,domestic-low,,True
MT300456,FD-013,residential,,domestic-low,66.5,False
MT303645,FD-006,residential,,domestic-standard,38.0,True
MT305970,FD-001,commercial,,domestic-standard,199.0,True
MT309318,FD-006,residential,,social,129.0,False
MT301926,FD-024,commercial,,domestic-low,,True
MT306253,FD-037,residential,,social,,False
MT303584,FD-008,commercial,,commercial,47.1,True
MT307018,FD-015,industrial,,social,,False
MT306537,FD-021,industrial,,commercial,,False
MT302323,FD-001,industrial,,industrial,,True
MT305504,FD-034,public,,social,39.6,False
MT310759,FD-032,residential,,commercial,,False
MT304345,FD-023,residential,,domestic-low,117.5,True
MT307050,FD-029,residential,,commercial,,True
MT308079,FD-035,residential,,social,53.1,False
MT309821,FD-021,residential,,domestic-low,,True
MT309901,FD-006,industrial,,domestic-standard,,True
MT304474,FD-004,public,,social,,False
MT302785,FD-018,residential,,social,27.7,False
MT303256,FD-028,residential,,industrial,161.6,False
MT300769,FD-037,residential,,industrial,,False
MT306767,FD-018,commercial,,domestic-low,39.7,True
MT300461,FD-020,residential,,domestic-low,21.5,True
MT310050,FD-035,public,,domestic-low,,True
MT306915,FD-005,industrial,,domestic-low,126.1,True
MT301721,FD-025,commercial,,industrial,136.6,True
MT304783,FD-017,public,,domestic-low,19.9,True
MT302508,FD-024,residential,,domestic-low,,False
MT304771,FD-009,industrial,,domestic-low,,True
MT306699,FD-021,public,,social,,False
MT307423,FD-015,residential,,industrial,107.8,False
MT307533,FD-030,residential,,industrial,,True
MT300592,FD-022,residential,,domestic-low,107.4,False
MT300133,FD-032,residential,2021-12-14,domestic-low,191.2,False
MT310122,FD-033,commercial,,domestic-low,,False
MT307561,FD-031,industrial,,industrial,,True
MT308541,FD-034,commercial,,domestic-low,134.5,True
MT310040,FD-030,residential,,social,,True
MT302030,FD-024,residential,,domestic-low,102.4,True
MT308960,FD-035,residential,,domestic-low,44.2,True
MT305668,FD-019,commercial,,domestic-low,55.2,True
MT304095,FD-012,commercial,,domestic-standard,,True
MT302598,FD-026,residential,,social,133.2,True
MT304200,FD-007,residential,,commercial,,False
MT301286,FD-025,public,2025-09-07,industrial,,False
MT305426,FD-002,industrial,2025-04-18,social,221.5,True
MT304267,FD-007,commercial,,domestic-low,70.5,False
MT309128,FD-025,public,,domestic-standard,12.7,False
MT301751,FD-033,industrial,,commercial,123.4,True
MT309601,FD-004,residential,,social,,False
MT304821,FD-028,commercial,,commercial,15.1,False
MT304058,FD-008,residential,,industrial,151.8,False
MT302337,FD-024,public,,social,,True
MT301960,FD-010,residential,,social,,False
MT310245,FD-008,residential,,domestic-low,,True
MT302730,FD-029,residential,2024-07-13,domestic-low,,True
MT307567,FD-001,residential,,industrial,98.3,True
MT306735,FD-015,residential,,social,106.3,False
MT306342,FD-014,public,,commercial,67.8,False
MT302220,FD-013,commercial,2021-07-27,industrial,239.0,True
MT309980,FD-002,industrial,,domestic-low,,False
MT305508,FD-006,industrial,2021-01-25,domestic-standard,232.0,True
MT309335,FD-034,commercial,,domestic-low,,True
MT308845,FD-002,residential,,domestic-low,260.1,True
MT310160,FD-002,residential,2019-07-29,social,110.3,True
MT300424,FD-010,residential,,commercial,112.7,True
MT306729,FD-007,commercial,,domestic-low,204.2,False
MT301372,FD-030,public,,domestic-standard,103.2,False
MT309428,FD-021,industrial,,domestic-low,140.4,False
MT305208,FD-034,public,,domestic-standard,122.6,False
MT302963,FD-015,industrial,,social,126.7,False
MT302759,FD-035,residential,2026-03-14,social,221.4,False
MT304841,FD-029,residential,,domestic-low,,True
MT302405,FD-030,commercial,,commercial,,True
MT300737,FD-025,residential,,social,,True
MT310792,FD-020,residential,2020-03-11,domestic-low,73.7,True
MT309340,FD-018,residential,,domestic-low,,False
MT304301,FD-030,industrial,,commercial,71.2,True
MT300826,FD-028,industrial,,industrial,,True
MT305001,FD-002,commercial,,domestic-low,102.5,True
MT306711,FD-016,residential,,industrial,,False
MT300094,FD-018,commercial,,social,87.6,False
MT309653,FD-022,public,,domestic-low,37.1,True
MT300875,FD-036,residential,,domestic-low,,False
MT301015,FD-036,residential,,industrial,80.4,False
MT303592,FD-037,industrial,,industrial,220.6,False
MT310066,FD-014,industrial,,domestic-low,37.3,True
MT307951,FD-012,residential,,industrial,,False
MT303550,FD-024,industrial,2025-01-08,domestic-low,100.0,False
MT304531,FD-018,residential,2026-03-03,social,,True
MT307265,FD-014,commercial,,domestic-standard,194.3,False
MT304685,FD-023,commercial,,domestic-low,151.2,True
MT307407,FD-018,residential,,domestic-standard,,False
MT305728,FD-015,commercial,,industrial,30.4,True
MT310798,FD-037,residential,,commercial,,True
MT306766,FD-014,residential,,industrial,176.8,False
MT305023,FD-036,residential,,domestic-low,,False
MT305250,FD-023,residential,2022-12-26,domestic-standard,,True
MT300995,FD-031,commercial,,domestic-low,152.6,True
MT303647,FD-011,industrial,,domestic-low,142.9,True
MT306196,FD-005,residential,,commercial,195.7,False
MT304532,FD-027,residential,2021-11-25,industrial,,True
MT309762,FD-017,public,,domestic-standard,68.1,False
MT301581,FD-021,industrial,,domestic-low,233.4,False
MT306172,FD-001,residential,,domestic-low,49.5,True
MT309304,FD-027,commercial,2022-08-21,social,,False
MT304599,FD-027,industrial,,commercial,158.9,False
MT307519,FD-014,residential,,commercial,103.8,False
MT309581,FD-028,public,,commercial,122.4,True
MT300377,FD-001,residential,,industrial,,False
MT300460,FD-002,public,,commercial,158.5,False
MT303365,FD-010,commercial,,industrial,,False
MT309648,FD-020,public,,industrial,180.5,True
MT309390,FD-001,residential,,domestic-low,,False
MT308088,FD-001,residential,,industrial,126.2,True
MT305816,FD-031,commercial,2019-03-16,commercial,,True
MT305173,FD-005,public,,industrial,,False
MT304481,FD-005,industrial,,social,38.6,True
MT307253,FD-001,industrial,,domestic-low,,False
MT302844,FD-012,industrial,,commercial,46.9,False
MT300977,FD-024,public,,social,100.9,False
MT300778,FD-012,residential,,domestic-low,,False
MT303620,FD-002,commercial,,domestic-low,91.1,False
MT302310,FD-021,industrial,,domestic-standard,73.1,False
MT301404,FD-022,residential,2023-08-28,social,,False
MT309232,FD-037,residential,,domestic-low,63.0,False
MT306105,FD-026,residential,2026-03-05,commercial,107.9,True
MT309206,FD-028,industrial,,domestic-low,129.7,False
MT307478,FD-020,residential,,industrial,,True
MT309122,FD-031,industrial,,social,,False
MT305960,FD-030,industrial,,domestic-standard,240.2,True
MT300943,FD-032,residential,,domestic-low,19.4,False
MT310459,FD-008,residential,,social,58.1,False
MT303091,FD-022,public,,domestic-low,,False
MT309250,FD-036,industrial,,domestic-standard,140.9,True
MT300360,FD-016,industrial,,domestic-standard,37.3,True
MT308999,FD-019,industrial,,domestic-standard,,False
MT307373,FD-003,residential,,domestic-low,,True
MT310646,FD-029,public,2020-02-14,industrial,231.5,False
MT310879,FD-004,public,,domestic-standard,82.5,True
MT306236,FD-011,industrial,,domestic-standard,178.3,False
MT309738,FD-037,commercial,,domestic-low,,False
MT304122,FD-011,public,2021-11-30,domestic-standard,43.5,True
MT310519,FD-028,residential,,domestic-low,106.8,False
MT304377,FD-019,residential,,domestic-low,31.7,False
MT305787,FD-001,residential,,domestic-low,150.1,True
MT308199,FD-034,public,,domestic-low,,False
MT305956,FD-024,industrial,,domestic-low,96.5,False
MT303408,FD-005,residential,,industrial,225.9,False
MT306805,FD-002,residential,,industrial,179.5,True
MT302242,FD-015,industrial,,industrial,235.7,False
MT310020,FD-015,residential,,domestic-low,,True
MT310092,FD-029,residential,,industrial,,False
MT306190,FD-008,residential,,industrial,,True
MT309321,FD-022,commercial,,domestic-standard,,True
MT305449,FD-037,residential,,industrial,246.5,True
MT300705,FD-010,industrial,,domestic-standard,,False
MT310336,FD-008,public,,industrial,115.7,False
MT304271,FD-007,residential,,domestic-standard,171.5,True
MT300071,FD-010,commercial,,industrial,96.9,True
MT309375,FD-033,residential,,commercial,72.4,True
MT310421,FD-001,residential,2023-06-18,domestic-standard,,True
MT307171,FD-012,residential,,commercial,,False
MT300227,FD-037,residential,,domestic-low,155.8,True
MT302036,FD-012,residential,,domestic-standard,,False
MT309902,FD-033,industrial,2020-07-31,social,,True
MT310133,FD-032,residential,2022-11-22,domestic-standard,36.2,False
MT310532,FD-030,public,,social,162.9,True
MT303432,FD-007,residential,,domestic-standard,,False
MT303468,FD-021,commercial,,domestic-standard,79.2,False
MT302058,FD-010,residential,,domestic-low,,True
MT301967,FD-035,residential,,commercial,186.1,False
MT309511,FD-013,residential,,domestic-low,23.6,True
MT310119,FD-037,commercial,,domestic-low,76.4,True
MT304261,FD-027,industrial,2022-10-02,social,76.5,True
MT301059,FD-014,industrial,,domestic-low,,False
MT300153,FD-009,commercial,,social,79.6,False
MT304288,FD-035,residential,2019-04-30,domestic-low,,False
MT309646,FD-029,public,,domestic-low,,True
MT305394,FD-022,commercial,,social,88.4,False
MT302364,FD-003,residential,,industrial,,True
MT301175,FD-006,residential,,domestic-low,,True
MT310628,FD-013,public,,industrial,,True
MT310181,FD-030,residential,,industrial,93.0,True
MT309924,FD-027,commercial,,industrial,84.1,True
MT308338,FD-001,industrial,,social,16.0,True
MT303980,FD-013,commercial,,industrial,51.0,False
MT303700,FD-008,commercial,,social,144.8,False
MT306832,FD-029,public,,domestic-low,,False
MT308557,FD-029,residential,,domestic-low,152.8,False
MT304518,FD-007,residential,2021-07-05,domestic-standard,141.3,False
MT302332,FD-032,residential,,domestic-low,,True
MT301585,FD-025,commercial,,industrial,75.9,True
MT301437,FD-023,public,,domestic-low,68.7,False
MT301905,FD-001,industrial,,domestic-standard,,True
MT308573,FD-035,public,,domestic-low,237.4,False
MT302825,FD-014,residential,,commercial,114.3,True
MT301119,FD-027,commercial,,domestic-low,,True
MT310849,FD-009,residential,2019-10-05,domestic-low,121.2,True
MT310681,FD-035,commercial,,commercial,170.5,False
MT304243,FD-033,commercial,,domestic-low,,False
MT305575,FD-008,residential,,domestic-low,134.2,False
MT303380,FD-021,industrial,2023-12-22,social,,True
MT309786,FD-029,public,,domestic-low,11.3,True
MT306389,FD-023,industrial,,domestic-standard,,False
MT301971,FD-015,residential,,industrial,37.1,False
MT308369,FD-026,industrial,,social,,False
MT302212,FD-011,residential,,domestic-standard,51.3,False
MT305585,FD-008,residential,,domestic-standard,129.6,True
MT306541,FD-012,industrial,,domestic-low,55.1,False
MT310735,FD-018,public,,social,,False
MT302109,FD-028,residential,,domestic-standard,143.7,True
MT301350,FD-012,residential,,domestic-low,94.5,False
MT300710,FD-033,residential,,domestic-low,105.5,True
MT304121,FD-027,commercial,,domestic-low,95.7,True
MT310859,FD-001,residential,,domestic-low,67.0,False
MT307031,FD-004,residential,,industrial,,True
MT308809,FD-016,industrial,,domestic-low,59.0,True
MT310925,FD-010,public,,domestic-standard,125.8,False
MT300697,FD-014,residential,,commercial,97.1,False
MT310368,FD-029,industrial,,social,,True
MT302826,FD-016,residential,,domestic-low,133.5,True
MT300585,FD-012,residential,,social,107.1,True
MT306277,FD-023,residential,,social,,False
MT308264,FD-024,residential,,domestic-low,,False
MT307623,FD-014,residential,,industrial,186.3,True
MT310555,FD-003,public,,commercial,151.5,False
MT304148,FD-018,industrial,,domestic-standard,,True
MT310022,FD-005,industrial,,domestic-standard,,False
MT309708,FD-037,public,2025-03-10,social,28.5,False
MT306384,FD-031,public,,domestic-standard,,True
MT309860,FD-029,residential,2020-09-22,social,,True
MT300973,FD-026,industrial,,domestic-standard,151.2,True
MT302877,FD-026,industrial,,domestic-low,,True
MT304947,FD-017,public,,domestic-standard,,False
MT305897,FD-007,residential,,domestic-standard,,False
MT310178,FD-027,residential,,social,,False
MT301574,FD-009,commercial,,domestic-low,119.3,False
MT309036,FD-001,residential,,social,183.6,False
MT308423,FD-023,industrial,,social,63.4,False
MT305742,FD-022,residential,2024-12-15,domestic-low,197.0,True
MT310360,FD-029,residential,,domestic-low,42.2,True
MT300072,FD-024,residential,,domestic-low,,False
MT310903,FD-009,residential,2023-03-14,domestic-low,80.2,True
MT308175,FD-034,residential,,commercial,74.0,True
MT307026,FD-015,industrial,,domestic-low,84.8,True
MT302276,FD-023,residential,,domestic-low,87.3,True
MT302617,FD-022,residential,,domestic-low,21.5,False
MT304338,FD-015,public,,domestic-low,59.2,False
MT302524,FD-027,residential,,commercial,,True
MT301769,FD-025,industrial,,commercial,207.8,True
MT301396,FD-032,commercial,,domestic-low,37.7,False
MT309294,FD-033,residential,,commercial,248.2,False
MT308941,FD-007,residential,2025-12-03,domestic-low,,False
MT306285,FD-010,public,2021-06-03,social,14.3,True
MT301735,FD-036,residential,,commercial,,True
MT304884,FD-002,residential,,commercial,,True
MT307390,FD-022,residential,,domestic-standard,17.3,False
MT302283,FD-037,industrial,,social,114.1,True
MT302922,FD-025,industrial,,industrial,,False
MT310603,FD-032,residential,,domestic-low,183.1,False
MT306676,FD-025,public,,domestic-standard,,False
MT300495,FD-037,residential,,domestic-standard,167.2,True
MT304232,FD-037,public,2019-10-24,domestic-low,,False
MT301070,FD-004,residential,,commercial,,False
MT307042,FD-008,industrial,,industrial,,True
MT303960,FD-033,residential,,domestic-standard,133.8,False
MT303610,FD-034,residential,,social,114.1,True
MT309551,FD-018,residential,,domestic-low,,True
MT305765,FD-029,industrial,,commercial,169.6,False
MT302576,FD-013,residential,,domestic-low,128.8,True
MT301777,FD-009,public,,social,151.7,False
MT306499,FD-008,residential,,domestic-low,9.2,True
MT301112,FD-035,public,,social,,False
MT302715,FD-002,residential,,domestic-low,,True
MT300572,FD-004,commercial,,commercial,,True
MT300346,FD-033,residential,,commercial,247.6,False
MT301981,FD-023,residential,,social,58.4,True
MT303425,FD-006,residential,,industrial,72.9,True
MT307304,FD-009,residential,,social,,True
MT303681,FD-028,commercial,,social,67.2,True
MT300089,FD-028,residential,,domestic-standard,,True
MT308756,FD-021,industrial,,domestic-low,48.5,False
MT303655,FD-012,residential,,domestic-standard,187.9,True
MT304378,FD-035,residential,,domestic-low,176.5,False
MT307358,FD-001,commercial,,industrial,,False
MT300962,FD-027,industrial,2019-01-16,domestic-low,140.3,True
MT303418,FD-015,commercial,,commercial,,False
MT303006,FD-024,residential,,commercial,,True
MT307655,FD-036,residential,,domestic-low,116.0,False
MT303551,FD-022,commercial,,domestic-low,,False
MT309868,FD-005,public,,domestic-low,114.6,False
MT303398,FD-002,residential,,social,,True
MT303132,FD-032,residential,2021-11-23,domestic-low,,False
MT306003,FD-023,commercial,,commercial,,True
MT301150,FD-017,residential,,social,,True
MT301742,FD-014,residential,2023-03-02,domestic-standard,123.2,False
MT305310,FD-001,residential,2019-09-19,commercial,,True
MT304633,FD-006,public,,domestic-standard,154.1,True
MT310929,FD-030,residential,2025-03-01,commercial,179.5,True
MT300638,FD-015,residential,,domestic-low,14.7,True
MT308067,FD-030,commercial,,commercial,,True
MT308126,FD-032,commercial,2022-07-30,social,83.2,False
MT300434,FD-027,commercial,,industrial,72.1,False
MT301740,FD-006,residential,,domestic-low,,True
MT303807,FD-011,public,,industrial,185.5,False
MT307403,FD-019,residential,,domestic-standard,46.2,False
MT300891,FD-033,industrial,2024-04-04,domestic-standard,14.5,True
MT309396,FD-034,residential,,commercial,63.7,True
MT305642,FD-009,residential,,domestic-low,,False
MT304012,FD-013,residential,,domestic-standard,67.6,True
MT307408,FD-036,residential,,domestic-standard,,True
MT309835,FD-024,residential,,domestic-standard,,True
MT307322,FD-009,commercial,2023-09-11,domestic-low,77.5,False
MT309460,FD-032,residential,,industrial,77.8,True
MT306178,FD-035,residential,,domestic-standard,,True
MT309186,FD-021,residential,,domestic-low,104.5,False
MT305957,FD-029,residential,,domestic-low,226.1,True
MT300978,FD-017,industrial,,social,51.5,True
MT307278,FD-006,residential,,domestic-low,88.6,True
MT305593,FD-002,industrial,,domestic-standard,,False
MT308332,FD-019,residential,2023-04-21,domestic-low,190.9,True
MT310797,FD-013,residential,,domestic-standard,112.1,False
MT302300,FD-017,commercial,,domestic-low,,True
MT301124,FD-017,public,,social,208.4,False
MT305032,FD-019,residential,,social,23.1,False
MT309026,FD-014,residential,,domestic-low,210.0,False
MT300804,FD-008,residential,,domestic-low,,False
MT306655,FD-010,industrial,,domestic-low,59.3,False
MT305490,FD-010,residential,,commercial,119.3,True
MT303480,FD-030,industrial,,industrial,199.3,True
MT307511,FD-034,commercial,,domestic-low,70.2,False
MT310379,FD-036,residential,,domestic-low,87.7,True
MT307876,FD-035,commercial,,social,147.1,True
MT305891,FD-034,commercial,2019-10-17,domestic-low,134.1,False
MT305493,FD-027,public,,industrial,,True
MT300391,FD-028,residential,2023-06-26,domestic-low,204.6,False
MT302194,FD-012,residential,,domestic-low,,True
MT307978,FD-031,residential,,commercial,27.4,True
MT300666,FD-031,residential,,domestic-low,,False
MT302944,FD-010,commercial,,industrial,181.0,True
MT310548,FD-019,residential,2022-07-06,domestic-standard,109.5,False
MT310399,FD-031,industrial,,domestic-standard,17.6,False
MT301266,FD-007,residential,,commercial,120.8,False
MT302455,FD-030,residential,,domestic-low,,False
MT301299,FD-007,public,,domestic-low,140.1,False
MT307509,FD-008,industrial,,domestic-low,,False
MT303882,FD-032,commercial,,domestic-standard,42.4,False
MT308876,FD-006,residential,2020-06-15,domestic-low,142.4,False
MT302833,FD-036,commercial,,domestic-standard,,False
MT302262,FD-010,public,,domestic-low,181.3,True
MT302071,FD-020,public,,domestic-low,146.5,False
MT308468,FD-029,residential,,domestic-low,8.8,True
MT306410,FD-030,public,,domestic-low,97.9,True
MT304692,FD-017,industrial,,domestic-standard,130.0,False
MT305801,FD-005,industrial,2024-04-21,domestic-low,168.0,True
MT303050,FD-005,industrial,,social,78.8,True
MT306573,FD-015,residential,,industrial,225.7,False
MT305798,FD-004,residential,,industrial,10.0,True
MT303331,FD-021,residential,,commercial,71.5,False
MT300753,FD-003,residential,,domestic-low,,True
MT308507,FD-015,residential,,domestic-standard,,False
MT306427,FD-012,public,,social,,True
MT305711,FD-034,residential,2025-05-29,domestic-low,,False
MT308656,FD-031,residential,,domestic-low,,True
MT302227,FD-006,industrial,,industrial,205.3,False
MT300979,FD-028,industrial,,commercial,,True
MT300704,FD-002,industrial,,industrial,41.9,True
MT303866,FD-014,public,,domestic-standard,20.1,True
MT309146,FD-034,public,,domestic-low,123.1,False
MT305772,FD-001,residential,2020-02-20,commercial,78.3,True
MT310953,FD-013,public,2023-03-06,social,,False
MT310665,FD-013,industrial,,social,117.2,False
MT307814,FD-010,residential,,commercial,,True
MT308014,FD-020,industrial,,domestic-standard,38.5,True
MT302387,FD-034,commercial,,domestic-low,155.7,False
MT300101,FD-027,commercial,,domestic-standard,109.0,True
MT303989,FD-028,industrial,,social,,True
MT310106,FD-016,public,2023-01-22,social,30.0,True
MT302459,FD-029,public,,domestic-low,,True
MT300137,FD-012,commercial,,domestic-standard,,True
MT304484,FD-036,commercial,,commercial,,True
MT309358,FD-035,industrial,,domestic-standard,111.8,False
MT309383,FD-011,residential,,domestic-low,217.5,True
MT306049,FD-036,residential,,domestic-standard,,True
MT304485,FD-018,industrial,,domestic-low,197.9,True
MT300740,FD-034,residential,,domestic-low,,True
MT302518,FD-004,public,,industrial,83.4,False
MT302581,FD-034,industrial,,domestic-low,42.9,True
MT310785,FD-004,industrial,,domestic-low,,True
MT302080,FD-015,public,,industrial,,False
MT306478,FD-015,industrial,,domestic-low,232.0,True
MT308214,FD-006,commercial,,domestic-low,,True
MT302878,FD-011,commercial,,domestic-low,10.0,True
MT309425,FD-037,residential,,commercial,,False
MT301660,FD-025,commercial,,domestic-low,,False
MT308816,FD-030,residential,,commercial,,True
MT309732,FD-028,residential,,domestic-standard,173.5,True
MT308146,FD-001,residential,,domestic-standard,50.3,False
MT304430,FD-027,residential,,domestic-low,83.1,True
MT310538,FD-020,residential,2024-04-11,domestic-low,19.7,True
MT303189,FD-005,residential,,domestic-low,123.6,False
MT310268,FD-024,public,,domestic-low,,False
MT307531,FD-025,commercial,,industrial,23.4,False
MT308930,FD-019,commercial,,social,,True
MT310134,FD-014,industrial,,domestic-low,16.8,False
MT302663,FD-031,public,,domestic-low,128.1,True
MT300458,FD-020,residential,,domestic-low,141.8,False
MT304536,FD-015,public,2023-08-17,industrial,295.7,True
MT305401,FD-033,residential,,domestic-low,10.2,True
MT302251,FD-033,residential,,domestic-low,103.2,False
MT300455,FD-022,residential,,domestic-low,,True
MT300765,FD-013,commercial,,domestic-low,,False
MT300892,FD-028,residential,,domestic-standard,,False
MT304472,FD-012,residential,,social,198.9,True
MT300083,FD-001,residential,,commercial,41.3,True
MT304801,FD-033,residential,,domestic-low,36.0,False
MT303241,FD-007,residential,,domestic-low,70.9,False
MT305132,FD-018,residential,,commercial,63.8,False
MT309482,FD-009,commercial,,domestic-low,,True
MT304220,FD-029,residential,,domestic-low,,False
MT301201,FD-016,commercial,,domestic-low,,False
MT303530,FD-001,commercial,,domestic-low,130.0,False
MT310493,FD-001,public,,domestic-low,106.7,False
MT301074,FD-022,public,,commercial,197.8,True
MT304456,FD-009,industrial,,domestic-low,62.3,True
MT309091,FD-019,industrial,,social,58.0,True
MT310587,FD-017,industrial,,social,19.5,False
MT306400,FD-008,residential,,domestic-low,65.0,False
MT302344,FD-001,industrial,,industrial,39.3,False
MT301254,FD-011,residential,,domestic-low,80.8,False
MT300091,FD-033,residential,,social,,True
MT310173,FD-031,industrial,,social,101.2,False
MT305990,FD-036,public,,domestic-low,,False
MT303233,FD-015,residential,,domestic-low,150.7,False
MT300991,FD-035,public,2022-09-19,industrial,42.9,False
MT300342,FD-016,industrial,,domestic-standard,171.6,True
MT305466,FD-026,residential,2023-05-18,domestic-standard,162.8,False
MT310917,FD-003,commercial,,social,17.9,True
MT302486,FD-024,residential,,domestic-low,44.0,True
MT307763,FD-032,residential,,domestic-low,,True
MT309729,FD-031,residential,,domestic-standard,63.0,True
MT304335,FD-015,residential,,domestic-low,167.4,True
MT307444,FD-013,industrial,2021-10-09,industrial,23.5,True
MT307320,FD-014,residential,,social,74.9,False
MT300636,FD-030,residential,,domestic-low,83.7,True
MT309315,FD-006,residential,,commercial,178.5,True
MT309363,FD-012,residential,,domestic-low,91.3,True
MT306184,FD-036,public,,domestic-low,38.7,False
MT302519,FD-002,residential,,industrial,100.2,True
MT310435,FD-028,residential,,commercial,67.8,True
MT306173,FD-016,residential,,domestic-standard,122.0,False
MT302088,FD-003,commercial,,social,,False
MT302468,FD-012,industrial,,domestic-standard,242.2,True
MT300827,FD-005,residential,,domestic-standard,172.4,False
MT304078,FD-031,public,,industrial,204.8,True
MT305288,FD-012,industrial,,domestic-low,25.6,True
MT300173,FD-035,residential,,domestic-low,,True
MT306288,FD-011,residential,,domestic-low,24.0,True
MT301179,FD-013,residential,,domestic-low,,False
MT309627,FD-032,industrial,,social,268.1,True
MT309487,FD-018,public,2021-03-04,domestic-standard,199.6,True
MT309566,FD-007,residential,,commercial,,False
MT300767,FD-002,residential,2019-05-18,domestic-standard,,True
MT310199,FD-029,commercial,,domestic-low,,True
MT307258,FD-010,public,,social,69.7,False
MT306134,FD-008,commercial,,domestic-low,89.3,False
MT309492,FD-037,commercial,,industrial,,False
MT305334,FD-035,industrial,,social,,False
MT300245,FD-001,commercial,,social,93.6,False
MT304186,FD-009,residential,,commercial,112.5,False
MT310094,FD-015,commercial,,domestic-standard,284.5,False
MT304381,FD-028,residential,,domestic-standard,208.8,True
MT303768,FD-023,residential,,commercial,,True
MT303399,FD-020,residential,,domestic-low,182.4,True
MT301722,FD-010,residential,,domestic-low,213.5,False
MT302766,FD-035,residential,,domestic-low,192.0,True
MT308339,FD-004,industrial,,domestic-low,,True
MT305329,FD-011,residential,,domestic-low,62.9,True
MT301888,FD-035,industrial,,commercial,,False
MT305633,FD-037,public,,domestic-low,170.5,False
MT304033,FD-009,residential,2023-04-03,social,112.0,True
MT309948,FD-022,public,,industrial,82.0,False
MT309005,FD-003,public,,domestic-low,,True
MT310971,FD-014,residential,,industrial,,True
MT310619,FD-024,public,,domestic-standard,,False
MT301747,FD-030,residential,,domestic-standard,,False
MT300121,FD-012,residential,,domestic-low,120.0,False
MT310023,FD-026,residential,,industrial,68.2,False
MT307904,FD-008,industrial,2019-07-08,domestic-low,,False
MT307267,FD-010,public,2019-06-03,domestic-low,13.7,True
MT307141,FD-030,residential,,commercial,150.3,False
MT305407,FD-018,residential,,domestic-low,77.3,False
MT302187,FD-031,industrial,2023-01-13,domestic-standard,,True
MT303711,FD-031,industrial,,domestic-standard,135.8,True
MT302133,FD-018,residential,,domestic-low,36.8,False
MT304889,FD-007,commercial,,domestic-low,130.6,True
MT309563,FD-017,public,,domestic-low,113.9,False
MT302275,FD-012,commercial,,domestic-low,60.3,False
MT306087,FD-029,industrial,,domestic-standard,117.9,False
MT307854,FD-021,public,,industrial,16.3,True
MT310279,FD-014,residential,,domestic-low,15.1,False
MT306163,FD-011,residential,,industrial,,True
MT308572,FD-029,industrial,,domestic-standard,11.4,True
MT302669,FD-010,commercial,,industrial,53.7,True
MT300007,FD-022,public,,domestic-standard,162.9,True
MT305737,FD-019,residential,2024-09-23,domestic-low,,False
MT303895,FD-018,commercial,,commercial,137.0,False
MT310340,FD-017,residential,,domestic-low,135.4,False
MT300607,FD-030,public,,social,,False
MT310309,FD-017,industrial,,domestic-low,62.7,False
MT308449,FD-005,public,,industrial,95.6,False
MT306194,FD-018,commercial,,social,103.8,False
MT306957,FD-012,residential,,domestic-low,9.7,False
MT309795,FD-034,industrial,,industrial,46.8,True
MT300332,FD-008,commercial,2021-05-12,domestic-standard,42.1,True
MT308350,FD-018,public,,domestic-low,,True
MT303314,FD-036,residential,2019-07-10,industrial,77.0,False
MT306959,FD-004,industrial,,domestic-low,48.0,True
MT302831,FD-010,commercial,,domestic-low,181.6,True
MT308092,FD-026,public,,domestic-standard,86.2,False
MT306160,FD-032,public,,domestic-low,101.7,False
MT307857,FD-011,residential,2020-09-08,industrial,65.5,True
MT300959,FD-006,residential,,commercial,142.3,False
MT302138,FD-021,residential,2020-07-11,social,183.9,False
MT307717,FD-019,industrial,,domestic-low,130.3,False
MT301425,FD-032,residential,,social,121.1,False
MT301490,FD-020,residential,,domestic-low,69.7,True
MT305078,FD-007,public,,domestic-low,41.0,True
MT305758,FD-005,public,,domestic-low,82.4,False
MT301010,FD-014,residential,,social,180.9,True
MT303125,FD-034,commercial,,domestic-low,137.1,True
MT300397,FD-013,industrial,,domestic-low,,False
MT308843,FD-032,public,,domestic-low,198.6,False
MT302645,FD-007,commercial,,domestic-low,,True
MT304610,FD-015,residential,,social,152.6,False
MT303754,FD-009,commercial,,commercial,18.3,True
MT303536,FD-035,commercial,,domestic-low,213.8,True
MT309484,FD-023,industrial,,domestic-low,,True
MT305168,FD-028,public,,domestic-low,,True
MT306836,FD-015,residential,2019-06-14,domestic-standard,101.6,False
MT306662,FD-032,residential,,industrial,143.6,False
MT302207,FD-007,residential,,commercial,,True
MT309106,FD-026,residential,,domestic-low,136.0,True
MT308936,FD-015,residential,,commercial,86.6,False
MT305429,FD-024,residential,,domestic-low,27.8,True
MT303440,FD-035,residential,,commercial,19.9,True
MT301711,FD-032,residential,,industrial,140.3,True
MT301132,FD-013,commercial,,domestic-standard,73.1,True
MT306513,FD-022,residential,,domestic-standard,148.5,False
MT307229,FD-030,residential,,social,151.9,False
MT302314,FD-024,public,2023-12-16,domestic-standard,78.9,True
MT309077,FD-018,residential,,domestic-standard,46.6,False
MT300760,FD-027,commercial,,social,149.6,True
MT300650,FD-020,commercial,,commercial,,True
MT308697,FD-005,residential,,social,,False
MT309498,FD-005,residential,,commercial,97.1,False
MT307738,FD-009,residential,,domestic-low,145.8,False
MT310901,FD-020,commercial,,domestic-low,42.5,True
MT301685,FD-028,commercial,,social,66.5,False
MT302196,FD-037,commercial,,domestic-standard,168.2,False
MT307087,FD-005,commercial,,social,55.6,False
MT300442,FD-004,commercial,,commercial,102.3,False
MT302279,FD-002,industrial,,domestic-low,25.8,True
MT303450,FD-004,residential,,domestic-low,153.5,True
MT308658,FD-014,public,,domestic-standard,111.5,False
MT310293,FD-022,residential,,social,108.9,False
MT308908,FD-014,residential,,industrial,24.3,False
MT307844,FD-032,public,,domestic-low,,False
MT307005,FD-034,residential,,domestic-low,76.5,False
MT305703,FD-018,residential,,commercial,11.8,True
MT301822,FD-004,public,,social,132.6,False
MT309030,FD-024,residential,2022-05-20,domestic-low,44.0,True
MT300681,FD-013,public,,commercial,32.7,True
MT304438,FD-028,industrial,,domestic-low,171.6,True
MT300108,FD-021,industrial,,domestic-low,,False
MT310553,FD-027,commercial,,domestic-standard,,False
MT303815,FD-032,commercial,,domestic-low,59.5,True
MT307979,FD-019,residential,,commercial,,True
MT301695,FD-008,industrial,,domestic-low,116.8,True
MT302150,FD-024,industrial,,social,153.7,False
MT305038,FD-022,public,,domestic-low,,False
MT304621,FD-020,residential,,domestic-low,54.2,False
MT309192,FD-033,residential,,social,214.5,True
MT304900,FD-037,commercial,,domestic-standard,177.0,True
MT304587,FD-018,residential,,commercial,104.8,False
MT303270,FD-015,public,,commercial,137.7,True
MT303184,FD-023,industrial,,industrial,91.2,False
MT310799,FD-034,residential,,commercial,,False
MT300263,FD-032,residential,,industrial,,True
MT300730,FD-026,residential,,industrial,162.2,False
MT301121,FD-031,residential,2023-10-19,industrial,160.6,True
MT310308,FD-007,industrial,,industrial,123.1,False
MT304837,FD-011,residential,,social,,False
MT301075,FD-004,residential,2022-05-11,domestic-low,142.2,True
MT305971,FD-019,residential,,domestic-low,66.1,False
MT309291,FD-013,residential,,domestic-low,162.7,False
MT310207,FD-028,residential,2020-11-16,domestic-low,159.6,True
MT306443,FD-028,residential,,domestic-standard,67.5,True
MT301599,FD-008,public,2023-03-27,social,111.6,False
MT303860,FD-030,commercial,,social,,True
MT305473,FD-025,commercial,,domestic-low,127.3,True
MT305937,FD-012,industrial,,commercial,74.9,False
MT304832,FD-022,public,,domestic-low,83.9,False
MT303079,FD-035,public,,domestic-low,148.7,True
MT309557,FD-009,public,,social,,False
MT302419,FD-008,residential,,domestic-low,,False
MT309537,FD-002,commercial,,domestic-standard,44.0,False
MT310000,FD-027,public,,domestic-low,138.4,True
MT309638,FD-016,residential,,industrial,61.5,False
MT307006,FD-019,public,,social,76.1,False
MT309173,FD-010,industrial,2022-06-02,commercial,,False
MT301370,FD-001,commercial,,industrial,,False
MT307555,FD-035,residential,,domestic-low,,False
MT304779,FD-026,residential,,domestic-low,145.1,False
MT300092,FD-037,industrial,,domestic-low,41.5,False
MT305156,FD-003,industrial,,social,83.8,False
MT303829,FD-035,residential,2020-12-30,domestic-low,167.0,False
MT308668,FD-026,residential,,social,,False
MT307928,FD-009,commercial,,social,172.9,False
MT304881,FD-021,industrial,,domestic-low,47.7,True
MT309943,FD-025,commercial,,domestic-low,,True
MT305476,FD-036,public,,industrial,185.5,False
MT305931,FD-035,residential,,social,133.1,False
MT309341,FD-025,residential,,industrial,41.1,False
MT310377,FD-020,commercial,,domestic-low,88.7,False
MT300503,FD-028,public,,commercial,118.7,True
MT301919,FD-017,residential,2026-02-24,domestic-low,83.0,False
MT304400,FD-026,residential,,social,81.9,False
MT305604,FD-035,residential,,social,119.6,False
MT308949,FD-020,residential,,domestic-low,41.5,True
MT304966,FD-018,commercial,,domestic-low,261.3,True
MT307286,FD-026,residential,,domestic-low,41.4,True
MT304831,FD-017,industrial,2019-01-12,domestic-standard,49.2,True
MT306769,FD-026,industrial,,social,,True
MT300393,FD-018,commercial,,industrial,,True
MT303528,FD-006,industrial,,industrial,223.7,False
MT301684,FD-004,public,,domestic-standard,208.2,True
MT300897,FD-014,industrial,,domestic-low,179.0,False
MT303388,FD-036,residential,,commercial,26.6,False
MT301378,FD-012,residential,,commercial,109.3,True
MT300118,FD-017,industrial,,domestic-low,61.8,True
MT304015,FD-034,public,,social,302.4,False
MT303279,FD-013,commercial,,commercial,,False
MT305176,FD-035,public,,social,,False
MT310238,FD-035,commercial,,commercial,28.8,False
MT307404,FD-021,commercial,2021-10-25,social,,False
MT308078,FD-013,industrial,2023-04-21,domestic-standard,,False
MT306118,FD-012,industrial,,commercial,148.0,True
MT302007,FD-006,public,,domestic-standard,24.1,False
MT308057,FD-013,industrial,,domestic-low,144.6,False
MT310375,FD-031,residential,,domestic-standard,,False
MT307241,FD-027,residential,,domestic-low,32.7,True
MT300382,FD-018,industrial,,domestic-low,,False
MT307849,FD-007,commercial,,industrial,96.3,False
MT308975,FD-009,residential,,domestic-low,22.8,True
MT308903,FD-024,industrial,,domestic-low,95.0,False
MT302028,FD-002,public,,social,116.4,False
MT301568,FD-034,residential,,commercial,130.4,True
MT308182,FD-034,industrial,,domestic-low,153.0,False
MT309393,FD-003,residential,2025-02-23,social,,False
MT309313,FD-027,commercial,,social,,False
MT306963,FD-018,residential,,domestic-low,45.5,False
MT300788,FD-001,public,2019-10-25,domestic-low,60.9,False
MT300241,FD-036,residential,,domestic-standard,,False
MT310582,FD-023,residential,,domestic-low,,True
MT309584,FD-019,residential,,domestic-low,149.1,False
MT301252,FD-004,commercial,,domestic-standard,,False
MT302261,FD-015,residential,,commercial,,True
MT305640,FD-033,public,,domestic-low,,False
MT303909,FD-010,residential,,domestic-standard,98.4,True
MT302834,FD-011,commercial,,industrial,,False
MT301176,FD-021,residential,,domestic-standard,,True
MT307871,FD-031,residential,,domestic-standard,,False
MT304970,FD-033,industrial,,commercial,34.1,False
MT309899,FD-018,commercial,,industrial,,False
MT302605,FD-018,industrial,2023-03-02,social,77.3,False
MT307916,FD-011,commercial,,social,,True
MT308889,FD-023,industrial,,social,,True
MT310061,FD-025,public,,commercial,,True
MT304883,FD-023,public,2019-05-24,commercial,18.9,True
MT304553,FD-021,industrial,,domestic-low,36.5,True
MT310398,FD-007,commercial,,domestic-low,82.4,False
MT306135,FD-005,industrial,,industrial,116.8,False
MT310045,FD-032,public,,social,211.7,False
MT302883,FD-034,residential,,domestic-low,68.9,False
MT309768,FD-008,public,,commercial,,False
MT305491,FD-027,commercial,,social,,True
MT306823,FD-026,residential,2024-06-23,commercial,,True
MT309887,FD-017,residential,,industrial,,True
MT305015,FD-028,residential,,domestic-standard,,True
MT307199,FD-031,residential,,social,62.8,False
MT309444,FD-029,residential,,domestic-low,,False
MT301854,FD-028,residential,,commercial,19.4,False
MT300350,FD-034,commercial,,social,54.7,True
MT304764,FD-030,residential,,industrial,102.7,False
MT301072,FD-011,residential,,social,128.0,True
MT304514,FD-002,commercial,,domestic-low,16.6,False
MT304452,FD-006,residential,,domestic-low,148.2,True
MT302727,FD-010,commercial,,domestic-low,63.1,True
MT302119,FD-019,residential,,domestic-standard,33.9,True
MT300489,FD-023,public,,industrial,13.6,True
MT303608,FD-032,commercial,,domestic-standard,,False
MT310229,FD-021,public,,domestic-low,177.4,True
MT303746,FD-016,residential,,commercial,227.3,True
MT310745,FD-021,residential,,domestic-standard,47.3,False
MT304898,FD-004,industrial,,social,119.5,False
MT307668,FD-007,residential,,domestic-low,120.1,False
MT304822,FD-025,residential,,domestic-standard,184.9,False
MT303369,FD-006,industrial,,domestic-standard,19.4,False
MT306429,FD-030,residential,2024-03-27,domestic-low,47.2,True
MT303837,FD-027,commercial,,domestic-low,158.1,False
MT309346,FD-011,public,,domestic-standard,,False
MT310343,FD-018,residential,,social,,True
MT302643,FD-031,industrial,,domestic-low,15.1,False
MT307627,FD-011,residential,,industrial,,True
MT303131,FD-009,residential,,domestic-standard,,True
MT302911,FD-014,public,,domestic-low,192.1,False
MT304597,FD-033,public,,domestic-low,122.0,False
MT307964,FD-007,public,,domestic-low,150.4,False
MT305595,FD-014,commercial,,domestic-standard,27.7,True
MT300327,FD-029,residential,,domestic-standard,239.8,False
MT307237,FD-030,industrial,,domestic-low,,True
MT302131,FD-023,residential,,industrial,38.6,True
MT302168,FD-028,residential,,domestic-low,,True
MT304504,FD-001,residential,2025-08-27,industrial,,False
MT303421,FD-012,public,,domestic-low,,False
MT302726,FD-010,public,,domestic-standard,159.6,True
MT303577,FD-015,public,,social,131.2,True
MT309247,FD-034,residential,,commercial,46.8,True
MT301592,FD-003,public,,domestic-low,,True
MT306185,FD-016,industrial,,domestic-standard,169.9,False
MT307453,FD-029,commercial,,domestic-standard,59.9,True
MT308886,FD-011,residential,,domestic-low,,True
MT304611,FD-028,residential,,domestic-low,,True
MT302569,FD-021,public,,domestic-low,,True
MT308416,FD-009,residential,,commercial,,False
MT304659,FD-021,residential,,social,,False
MT307986,FD-024,residential,2022-11-07,domestic-standard,108.5,False
MT305969,FD-010,commercial,,industrial,91.1,False
MT310788,FD-023,residential,,domestic-standard,8.7,True
MT304022,FD-009,industrial,,domestic-low,170.5,False
MT309179,FD-025,commercial,,industrial,,True
MT307626,FD-006,residential,,domestic-standard,,True
MT310535,FD-030,residential,,social,101.0,True
MT308313,FD-036,commercial,,domestic-low,61.6,True
MT301803,FD-013,residential,,industrial,212.6,True
MT304851,FD-037,residential,,industrial,,False
MT306764,FD-021,residential,,social,125.9,False
MT305500,FD-030,industrial,,industrial,65.8,False
MT306421,FD-017,industrial,,commercial,,False
MT306106,FD-005,industrial,,commercial,,False
MT309056,FD-001,industrial,,domestic-low,192.0,False
MT309535,FD-029,residential,,commercial,32.6,False
MT304941,FD-023,commercial,,domestic-low,126.8,True
MT310058,FD-032,public,,commercial,48.0,False
MT309325,FD-029,residential,,domestic-low,65.2,False
MT308892,FD-001,commercial,,domestic-low,,True
MT310643,FD-013,residential,,commercial,173.0,False
MT301771,FD-031,residential,,social,9.4,True
MT309678,FD-003,residential,,social,230.4,False
MT307540,FD-027,residential,,domestic-low,,True
MT309670,FD-020,residential,,domestic-standard,,False
MT304673,FD-035,public,2021-12-23,commercial,71.1,True
MT310895,FD-019,industrial,,commercial,156.4,False
MT303264,FD-017,industrial,,domestic-low,71.4,True
MT310956,FD-023,commercial,,domestic-low,,False
MT309881,FD-021,residential,,commercial,94.1,False
MT301553,FD-001,residential,,industrial,140.8,False
MT306533,FD-006,public,,industrial,24.3,True
MT307707,FD-033,commercial,2019-10-28,domestic-low,,True
MT303852,FD-002,residential,,industrial,,False
MT309300,FD-027,residential,2023-06-16,domestic-low,121.8,False
MT304676,FD-021,commercial,,domestic-low,94.2,True
MT306776,FD-009,residential,,industrial,102.4,True
MT303202,FD-034,commercial,,industrial,106.3,True
MT304253,FD-017,public,,domestic-standard,50.6,True
MT300954,FD-003,residential,,domestic-low,33.5,False
MT300130,FD-035,public,,domestic-standard,33.5,True
MT310230,FD-001,residential,,domestic-low,18.6,False
MT300744,FD-032,residential,,commercial,,True
MT307065,FD-033,commercial,,industrial,,False
MT307782,FD-035,residential,,commercial,,False
MT307472,FD-023,industrial,,domestic-low,232.7,False
MT301327,FD-007,residential,,domestic-low,,True
MT300850,FD-031,residential,,industrial,115.0,True
MT304928,FD-030,residential,,domestic-low,273.5,True
MT308956,FD-003,commercial,2022-08-21,industrial,,False
MT304795,FD-011,public,,domestic-low,,False
MT305415,FD-021,residential,,domestic-low,,False
MT301872,FD-021,commercial,,commercial,35.1,True
MT305102,FD-023,public,,domestic-standard,,True
MT306481,FD-005,industrial,,commercial,58.2,True
MT304571,FD-003,public,,commercial,,False
MT310374,FD-029,commercial,,industrial,,False
MT303846,FD-033,public,,domestic-low,18.6,True
MT309717,FD-012,residential,,domestic-low,218.5,False
MT310462,FD-023,residential,,domestic-low,,False
MT301920,FD-004,residential,2019-07-19,industrial,24.1,True
MT301551,FD-007,industrial,,industrial,250.5,True
MT305983,FD-019,public,,industrial,,False
MT300079,FD-033,residential,,domestic-low,203.7,False
MT302143,FD-025,commercial,,domestic-low,,False
MT307034,FD-031,residential,,social,128.4,True
MT306875,FD-028,residential,,commercial,138.6,False
MT302797,FD-005,residential,,domestic-low,80.4,True
MT306394,FD-018,industrial,,domestic-standard,,True
MT309794,FD-032,residential,,domestic-low,115.1,True
MT306647,FD-003,residential,,industrial,44.3,True
MT307792,FD-009,commercial,,commercial,,True
MT306960,FD-028,commercial,,domestic-low,17.2,False
MT305567,FD-032,residential,,domestic-low,,False
MT307579,FD-024,residential,,commercial,,False
MT303048,FD-012,residential,,domestic-standard,190.2,True
MT306365,FD-001,public,,commercial,49.0,True
MT301117,FD-005,residential,,domestic-low,56.6,False
MT304598,FD-028,commercial,,domestic-low,20.2,True
MT307421,FD-009,commercial,,social,,True
MT305867,FD-029,commercial,,domestic-standard,,False
MT300526,FD-011,industrial,2022-12-01,domestic-low,46.7,False
MT306306,FD-006,residential,,commercial,,True
MT300369,FD-005,commercial,,domestic-standard,158.7,True
MT300545,FD-029,residential,,domestic-standard,,True
MT303732,FD-023,commercial,,industrial,77.2,False
MT308188,FD-009,residential,,commercial,57.6,True
MT302443,FD-020,residential,,domestic-low,93.1,True
MT302193,FD-035,residential,,social,,False
MT305215,FD-036,industrial,,social,,False
MT310195,FD-013,residential,,domestic-standard,,True
MT306174,FD-024,residential,,social,133.4,False
MT309890,FD-013,commercial,,social,281.9,False
MT303738,FD-012,residential,,domestic-standard,174.2,False
MT303084,FD-010,public,,industrial,53.8,False
MT304567,FD-005,commercial,,social,,False
MT310475,FD-028,commercial,,commercial,,False
MT309475,FD-024,residential,,industrial,187.2,False
MT300555,FD-030,industrial,,commercial,39.2,False
MT308456,FD-029,residential,,domestic-low,,True
MT304292,FD-015,residential,,domestic-low,,True
MT300842,FD-011,industrial,2020-08-30,domestic-standard,136.2,False
MT310113,FD-022,residential,,social,36.3,True
MT303799,FD-017,industrial,,social,133.3,True
MT302739,FD-020,commercial,,domestic-low,88.6,False
MT301213,FD-028,industrial,,domestic-standard,87.5,False
MT310255,FD-022,residential,,social,,True
MT307697,FD-013,public,,domestic-standard,,True
MT306226,FD-014,public,,social,186.4,False
MT303239,FD-031,public,,social,201.0,False
MT306023,FD-022,public,,domestic-low,52.6,True
MT307493,FD-016,industrial,,domestic-low,,False
MT301153,FD-029,public,2025-03-11,commercial,,False
MT305652,FD-007,residential,,commercial,109.4,True
MT304538,FD-037,residential,,industrial,178.0,True
MT303985,FD-014,residential,2023-12-06,industrial,,False
MT307442,FD-033,commercial,,domestic-standard,,True
MT300425,FD-014,residential,,domestic-low,56.5,False
MT302116,FD-013,commercial,,domestic-low,19.1,False
MT310136,FD-036,residential,,domestic-low,66.1,True
MT308291,FD-019,public,,domestic-low,,True
MT310695,FD-009,residential,,domestic-low,145.9,True
MT306923,FD-004,commercial,,domestic-low,14.1,False
MT307410,FD-006,residential,,domestic-low,121.7,False
MT301248,FD-021,industrial,,social,,False
MT302457,FD-003,residential,,social,,True
MT304572,FD-027,commercial,,social,114.7,False
MT306313,FD-005,residential,,domestic-low,118.8,False
MT303703,FD-018,residential,,domestic-low,202.3,False
MT300651,FD-016,residential,,domestic-standard,30.8,False
MT310531,FD-036,commercial,,commercial,45.6,False
MT304182,FD-003,residential,,industrial,,True
MT303618,FD-003,residential,,social,68.8,True
MT310414,FD-011,commercial,,industrial,19.5,True
MT301442,FD-018,public,,domestic-standard,46.4,True
MT305903,FD-005,residential,,domestic-low,78.5,False
MT301447,FD-002,industrial,,domestic-standard,124.3,True
MT306728,FD-011,residential,,domestic-standard,33.1,False
MT309012,FD-028,industrial,,industrial,169.0,True
MT300896,FD-013,public,2022-03-25,social,160.9,True
MT303204,FD-023,residential,,domestic-low,50.7,True
MT307468,FD-011,commercial,,domestic-standard,,False
MT302017,FD-029,commercial,,domestic-standard,,False
MT301514,FD-001,residential,,domestic-low,38.2,True
MT302891,FD-028,residential,,industrial,221.0,True
MT310507,FD-023,residential,,social,70.5,False
MT304791,FD-003,commercial,,domestic-low,17.2,True
MT305411,FD-008,residential,2023-05-21,industrial,,False
MT305899,FD-002,public,,domestic-standard,36.0,True
MT303657,FD-029,commercial,,domestic-standard,,True
MT308866,FD-012,residential,,industrial,88.1,False
MT300041,FD-031,residential,,domestic-low,103.4,False
MT300512,FD-026,residential,,industrial,,True
MT306110,FD-035,residential,,domestic-low,25.9,False
MT306651,FD-003,public,,social,126.0,False
MT306026,FD-035,industrial,,domestic-standard,88.5,False
MT307097,FD-011,public,,industrial,,False
MT303757,FD-012,public,,domestic-low,164.6,False
MT303710,FD-007,commercial,,industrial,,False
MT305223,FD-013,public,,domestic-low,,True
MT303261,FD-026,industrial,,domestic-low,134.1,False
MT310456,FD-012,industrial,,domestic-low,62.5,True
MT303880,FD-024,residential,,domestic-low,115.5,True
MT309278,FD-035,residential,,domestic-low,258.4,False
MT307149,FD-015,industrial,,commercial,128.4,True
MT307429,FD-007,residential,,social,,True
MT310157,FD-008,residential,,commercial,105.3,True
MT307247,FD-021,public,,domestic-standard,114.7,False
MT307599,FD-035,industrial,,domestic-low,24.7,False
MT302787,FD-037,residential,,social,184.7,True
MT308401,FD-020,residential,,commercial,23.1,True
MT305788,FD-033,commercial,,industrial,,True
MT306802,FD-006,public,,domestic-low,,True
MT309307,FD-012,residential,,social,87.8,True
MT304077,FD-010,residential,,domestic-low,69.1,True
MT303893,FD-035,industrial,,social,,True
MT310232,FD-034,residential,,commercial,16.2,False
MT306167,FD-006,residential,,commercial,,False
MT300691,FD-037,residential,,domestic-low,80.2,False
MT304393,FD-031,commercial,,industrial,148.2,True
MT300694,FD-030,industrial,,domestic-low,96.1,True
MT307427,FD-013,commercial,2021-10-04,social,107.9,True
MT301146,FD-024,commercial,,domestic-low,82.9,False
MT302108,FD-023,industrial,2020-08-22,social,108.2,False
MT304752,FD-029,public,,industrial,,False
MT301775,FD-006,commercial,2021-03-10,social,26.4,False
MT302186,FD-010,industrial,,commercial,95.5,True
MT303004,FD-037,residential,,social,,True
MT302925,FD-009,commercial,,industrial,,True
MT304249,FD-025,residential,,domestic-low,,False
MT306869,FD-025,commercial,,industrial,80.7,False
MT304427,FD-007,industrial,,social,,False
MT302054,FD-004,commercial,,domestic-low,92.7,False
MT306086,FD-030,industrial,,domestic-standard,100.2,True
MT305064,FD-004,residential,,domestic-low,161.6,False
MT300815,FD-010,residential,,domestic-low,116.1,True
MT310586,FD-005,residential,,domestic-low,141.7,True
MT310955,FD-009,commercial,,industrial,148.4,True
MT303968,FD-028,industrial,,social,209.2,True
MT303096,FD-002,commercial,,social,,False
MT300550,FD-007,residential,,industrial,,False
MT301069,FD-030,residential,,domestic-standard,185.3,True
MT304073,FD-027,residential,,commercial,,True
MT307315,FD-004,public,2024-12-19,commercial,,True
MT307342,FD-010,residential,,commercial,,True
MT309180,FD-016,residential,,domestic-standard,30.6,False
MT306393,FD-015,public,,domestic-standard,,True
MT300829,FD-022,public,,domestic-standard,,False
MT309947,FD-009,commercial,,commercial,,True
MT310138,FD-007,residential,,domestic-low,,False
MT301066,FD-030,residential,,domestic-low,18.3,False
MT303150,FD-002,commercial,,domestic-low,120.2,True
MT302971,FD-022,commercial,,domestic-low,35.2,True
MT308815,FD-033,residential,,domestic-low,172.0,True
MT305806,FD-021,industrial,,social,162.4,True
MT303169,FD-027,residential,,domestic-standard,80.5,True
MT300144,FD-014,residential,,commercial,66.7,True
MT306978,FD-025,industrial,,domestic-low,44.9,True
MT307969,FD-033,residential,,domestic-low,70.6,False
MT300996,FD-037,commercial,,domestic-low,74.9,False
MT309792,FD-033,residential,,industrial,,False
MT302113,FD-014,residential,,domestic-low,102.9,False
MT305919,FD-027,industrial,,domestic-low,88.6,True
MT302164,FD-015,public,,domestic-low,99.6,True
MT307371,FD-022,commercial,,commercial,31.8,False
MT304300,FD-014,residential,,domestic-low,136.5,True
MT302740,FD-026,residential,,social,65.9,False
MT302848,FD-029,industrial,,social,,True
MT302731,FD-027,commercial,,domestic-standard,,False
MT308977,FD-028,commercial,,domestic-standard,250.0,False
MT308439,FD-015,public,,social,,False
MT307752,FD-035,residential,,domestic-low,68.1,False
MT301869,FD-011,commercial,,industrial,26.4,True
MT308081,FD-026,residential,2021-12-17,industrial,127.4,False
MT310283,FD-028,commercial,,domestic-low,28.6,True
MT300479,FD-037,residential,,domestic-low,157.2,False
MT300580,FD-026,industrial,,commercial,21.7,False
MT308128,FD-033,residential,,domestic-low,56.1,False
MT309771,FD-003,residential,,industrial,199.4,False
MT309586,FD-033,industrial,2022-11-08,social,117.1,True
MT306141,FD-034,commercial,,commercial,142.3,True
MT305723,FD-017,residential,2022-01-17,commercial,,True
MT300431,FD-002,industrial,,domestic-low,195.7,True
MT305267,FD-018,industrial,,domestic-standard,262.0,True
MT310249,FD-027,public,,domestic-low,242.0,True
MT303472,FD-025,public,,social,84.5,True
MT306027,FD-028,industrial,,industrial,129.8,True
MT302852,FD-018,residential,,industrial,156.3,True
MT310169,FD-006,commercial,,social,,False
MT306877,FD-011,industrial,,domestic-standard,223.1,True
MT306987,FD-021,public,,domestic-low,82.9,False
MT300171,FD-032,residential,,social,113.0,True
MT306872,FD-005,residential,,social,77.6,False
MT305289,FD-037,commercial,,domestic-low,117.7,False
MT301844,FD-010,commercial,,industrial,,True
MT306598,FD-016,residential,,social,78.8,True
MT307384,FD-009,industrial,,social,21.8,False
MT307208,FD-017,residential,,social,246.1,True
MT302226,FD-013,residential,,domestic-low,,False
MT309927,FD-019,industrial,,domestic-low,,False
MT302182,FD-034,public,,industrial,137.6,False
MT304011,FD-007,industrial,,industrial,87.5,False
MT306209,FD-003,residential,,domestic-standard,58.0,True
MT309116,FD-031,public,,commercial,97.7,True
MT303642,FD-006,commercial,,social,154.4,False
MT302432,FD-015,industrial,2019-02-06,domestic-standard,99.6,False
MT305188,FD-004,residential,,domestic-low,,True
MT308114,FD-008,residential,,commercial,79.0,False
MT303541,FD-031,residential,,social,108.2,False
MT307143,FD-034,commercial,,domestic-standard,,True
MT301337,FD-036,public,,domestic-standard,,True
MT301166,FD-018,residential,,domestic-standard,172.9,False
MT310010,FD-017,public,,domestic-standard,31.4,True
MT310388,FD-009,industrial,,domestic-low,,False
MT303977,FD-017,commercial,,commercial,54.5,False
MT300110,FD-001,residential,,industrial,,True
MT300642,FD-018,public,2023-11-11,domestic-standard,38.4,True
MT308003,FD-031,commercial,2020-04-06,domestic-low,,False
MT302112,FD-035,residential,,industrial,113.9,False
MT309141,FD-025,public,,domestic-low,162.3,True
MT307798,FD-010,residential,,domestic-low,,False
MT300675,FD-035,residential,,commercial,,True
MT303849,FD-034,residential,2021-05-31,domestic-low,95.6,False
MT309565,FD-015,industrial,,commercial,15.9,False
MT308943,FD-016,commercial,,domestic-low,136.9,True
MT302453,FD-037,residential,,domestic-low,,False
MT310766,FD-032,industrial,,domestic-low,,True
MT310906,FD-037,residential,,domestic-standard,,True
MT307945,FD-030,residential,,domestic-standard,9.6,False
MT309709,FD-015,residential,,social,100.0,True
MT305938,FD-003,residential,2025-08-28,industrial,,True
MT308388,FD-013,residential,,domestic-low,,True
MT303067,FD-013,industrial,2019-06-26,social,80.4,True
MT305967,FD-021,residential,,domestic-low,153.8,True
MT307058,FD-028,residential,,domestic-low,85.2,False
MT310912,FD-026,residential,,domestic-low,144.9,True
MT302603,FD-018,residential,,commercial,,False
MT300184,FD-010,residential,,domestic-low,,False
MT300719,FD-001,residential,,domestic-low,,False
MT304192,FD-028,industrial,,domestic-low,183.9,False
MT300219,FD-004,residential,,domestic-standard,,False
MT310886,FD-034,residential,,commercial,113.0,False
MT301782,FD-028,residential,,social,317.8,False
MT303886,FD-015,industrial,,domestic-low,74.5,False
MT309185,FD-034,residential,,domestic-standard,131.8,False
MT310757,FD-022,residential,,domestic-low,64.9,True
MT308997,FD-036,public,,domestic-low,157.5,True
MT303235,FD-027,residential,,commercial,20.7,True
MT305776,FD-003,industrial,,domestic-standard,95.4,False
MT308854,FD-015,industrial,,commercial,35.4,True
MT310258,FD-014,public,2020-12-16,commercial,122.4,False
MT305857,FD-019,commercial,,domestic-low,174.2,False
MT310148,FD-014,residential,,social,135.9,True
MT301269,FD-030,commercial,2022-12-17,domestic-standard,,False
MT308061,FD-012,residential,,domestic-low,48.2,False
MT308139,FD-011,residential,,social,,True
MT302121,FD-018,industrial,,social,,True
MT308986,FD-033,residential,,industrial,157.3,False
MT301678,FD-025,residential,,domestic-low,28.5,False
MT300170,FD-037,industrial,,social,162.5,True
MT305033,FD-023,commercial,2023-10-03,domestic-low,128.9,True
MT309906,FD-020,public,2021-12-31,social,41.8,False
MT305974,FD-032,residential,,social,207.5,False
MT303014,FD-022,commercial,,social,88.9,True
MT301502,FD-028,residential,,domestic-low,,True
MT302905,FD-033,residential,,industrial,95.3,True
MT307952,FD-018,residential,,domestic-low,316.7,True
MT302586,FD-020,public,,social,,True
MT309002,FD-017,residential,,social,55.4,False
MT305287,FD-027,commercial,,domestic-low,93.3,True
MT306841,FD-026,industrial,,domestic-standard,,True
MT310054,FD-033,industrial,,social,30.6,True
MT304005,FD-004,commercial,,industrial,150.0,True
MT302886,FD-014,commercial,,domestic-low,179.3,False
MT310821,FD-037,commercial,,domestic-low,,True
MT309477,FD-013,residential,,domestic-low,105.2,False
MT308497,FD-021,residential,,domestic-low,59.0,False
MT308761,FD-017,residential,,industrial,,False
MT301935,FD-024,residential,,industrial,143.1,True
MT308236,FD-004,public,,domestic-low,,False
MT301189,FD-024,residential,,commercial,,True
MT310436,FD-034,residential,,domestic-low,,True
MT309256,FD-029,residential,,industrial,136.1,True
MT305112,FD-005,industrial,,industrial,140.2,False
MT301798,FD-016,residential,,commercial,166.7,False
MT305762,FD-033,commercial,,domestic-low,55.7,False
MT309848,FD-012,public,,industrial,83.4,True
MT300885,FD-032,residential,,commercial,40.3,False
MT306590,FD-021,residential,,social,,False
MT300307,FD-011,residential,,domestic-standard,,True
MT307910,FD-002,commercial,2025-04-03,domestic-low,126.7,True
MT308736,FD-012,residential,2020-08-20,domestic-low,,False
MT300233,FD-010,public,2020-07-10,social,,False
MT302980,FD-028,public,,social,,True
MT308708,FD-027,residential,,domestic-low,227.3,False
MT308249,FD-037,industrial,,domestic-low,167.1,False
MT309896,FD-023,public,,domestic-low,,False
MT303762,FD-017,industrial,,domestic-standard,,False
MT310608,FD-014,industrial,,domestic-standard,61.8,True
MT300383,FD-029,public,,domestic-standard,118.3,False
MT305187,FD-037,public,,commercial,109.4,False
MT305012,FD-025,residential,,social,,True
MT303981,FD-008,residential,,domestic-low,,False
MT309100,FD-034,public,,industrial,127.5,False
MT304297,FD-036,residential,,social,,True
MT309589,FD-031,industrial,,commercial,83.3,False
MT301989,FD-014,commercial,,domestic-low,,True
MT307846,FD-008,commercial,,domestic-low,113.3,False
MT303586,FD-011,residential,,domestic-low,33.1,False
MT302931,FD-032,industrial,,domestic-standard,45.9,True
MT305314,FD-020,public,,domestic-low,24.3,False
MT306122,FD-008,residential,,social,,False
MT305912,FD-036,residential,,domestic-standard,,True
MT309253,FD-026,industrial,,industrial,87.9,False
MT308988,FD-017,residential,2021-01-15,industrial,97.8,True
MT301443,FD-024,residential,,domestic-low,123.1,False
MT305525,FD-022,commercial,,domestic-low,144.4,True
MT301892,FD-033,residential,2026-02-12,domestic-low,71.5,False
MT310079,FD-037,residential,2020-06-12,domestic-low,203.7,False
MT305410,FD-007,industrial,2019-06-26,industrial,,True
MT306559,FD-023,residential,2019-01-25,industrial,256.3,True
MT307644,FD-018,residential,,commercial,58.5,True
MT304025,FD-037,public,,domestic-standard,23.9,False
MT306800,FD-037,residential,,domestic-low,24.7,False
MT300255,FD-032,residential,,domestic-low,111.8,False
MT309928,FD-026,public,,domestic-standard,,False
MT308040,FD-007,residential,,commercial,197.6,True
MT309422,FD-031,residential,,commercial,59.7,True
MT305560,FD-010,residential,,domestic-low,,True
MT309863,FD-028,residential,2024-07-28,domestic-low,,False
MT308938,FD-027,residential,,commercial,95.9,True
MT301839,FD-034,residential,,social,,True
MT302051,FD-030,residential,,domestic-standard,209.3,True
MT304112,FD-009,industrial,,domestic-low,166.0,False
MT309651,FD-034,residential,,industrial,,False
MT301567,FD-012,residential,,domestic-low,114.9,True
MT305731,FD-025,residential,,commercial,110.7,True
MT306069,FD-026,residential,,domestic-standard,117.7,False
MT304397,FD-014,residential,,social,103.6,False
MT309683,FD-003,residential,,industrial,,True
MT305497,FD-002,residential,,domestic-low,190.5,False
MT302652,FD-032,public,,industrial,69.9,False
MT306261,FD-033,public,,domestic-low,,False
MT304346,FD-008,residential,,social,,False
MT303062,FD-004,residential,,domestic-low,,False
MT301190,FD-004,residential,,industrial,126.8,True
MT306033,FD-035,commercial,2020-01-07,domestic-low,36.1,False
MT304187,FD-009,residential,,commercial,,False
MT305203,FD-019,commercial,,commercial,186.9,False
MT308153,FD-001,commercial,,social,160.7,False
MT309961,FD-020,commercial,,social,62.6,True
MT300745,FD-032,public,,domestic-standard,118.4,False
MT305662,FD-035,residential,,industrial,111.9,True
MT307508,FD-006,residential,,domestic-low,,True
MT300389,FD-008,residential,,domestic-standard,176.1,False
MT302078,FD-020,public,,domestic-low,64.7,True
MT306557,FD-026,residential,,social,,True
MT310386,FD-026,residential,,domestic-low,114.2,False
MT307182,FD-025,commercial,,domestic-low,,True
MT309064,FD-011,public,,social,81.0,True
MT305192,FD-030,residential,,commercial,,False
MT309652,FD-019,residential,,domestic-low,,False
MT306183,FD-026,public,,commercial,69.7,True
MT300026,FD-030,residential,,industrial,,True
MT300086,FD-021,residential,,domestic-low,202.0,True
MT309389,FD-028,industrial,,social,192.7,True
MT302246,FD-020,commercial,2022-05-30,industrial,15.8,False
MT300225,FD-024,public,,social,34.5,False
MT302388,FD-011,industrial,,domestic-low,,True
MT300843,FD-001,residential,2020-08-13,social,115.7,True
MT306701,FD-001,commercial,,social,239.9,True
MT304573,FD-001,public,,social,61.9,True
MT306471,FD-037,commercial,,commercial,,True
MT310278,FD-010,commercial,,industrial,,True
MT303452,FD-035,public,,domestic-low,,True
MT306871,FD-011,commercial,,domestic-standard,156.4,False
MT305360,FD-024,residential,,domestic-low,,True
MT300430,FD-036,industrial,,industrial,86.9,True
MT301947,FD-019,industrial,,industrial,24.1,False
MT300720,FD-028,public,,domestic-low,166.8,True
MT300291,FD-011,industrial,,domestic-standard,,True
MT302556,FD-022,residential,2025-02-12,domestic-low,150.8,False
MT303804,FD-016,residential,,domestic-low,,True
MT307850,FD-021,commercial,2023-08-13,social,95.9,False
MT300081,FD-021,residential,,domestic-standard,,True
MT307364,FD-019,residential,,social,74.3,True
MT308594,FD-017,residential,,domestic-standard,171.4,False
MT309604,FD-016,residential,,domestic-low,37.7,True
MT304349,FD-008,residential,,commercial,,True
MT305846,FD-008,commercial,,domestic-low,,False
MT301964,FD-037,industrial,2026-05-09,commercial,58.4,True
MT308731,FD-019,residential,,domestic-standard,,False
MT310026,FD-017,industrial,,industrial,229.3,True
MT305220,FD-032,commercial,2019-11-10,domestic-low,150.1,True
MT303898,FD-006,industrial,2021-01-13,commercial,34.7,True
MT301815,FD-014,commercial,,domestic-standard,,True
MT310282,FD-013,public,,commercial,48.7,True
MT301732,FD-011,residential,,domestic-standard,176.4,False
MT309409,FD-030,public,,domestic-low,116.4,False
MT307016,FD-030,residential,,domestic-standard,84.0,False
MT302263,FD-011,public,,domestic-low,115.9,False
MT300195,FD-023,industrial,,domestic-low,110.7,False
MT307109,FD-007,industrial,,domestic-low,164.7,False
MT304558,FD-007,residential,,domestic-low,37.2,True
MT300030,FD-023,commercial,,domestic-low,24.0,True
MT305052,FD-031,industrial,,commercial,,True
MT301053,FD-016,residential,,domestic-low,15.0,False
MT300096,FD-019,industrial,,commercial,75.2,False
MT306546,FD-030,residential,,social,,False
MT305315,FD-031,industrial,,commercial,59.7,False
MT308280,FD-031,industrial,,social,50.0,True
MT306038,FD-009,industrial,,commercial,,False
MT302678,FD-008,residential,,social,,False
MT301100,FD-029,residential,,domestic-low,43.3,True
MT305686,FD-029,residential,2020-01-26,domestic-low,18.9,False
MT301760,FD-006,commercial,,industrial,,False
MT300639,FD-019,residential,,domestic-low,,False
MT308519,FD-024,public,,domestic-low,130.9,False
MT302933,FD-010,industrial,2019-04-28,commercial,54.2,False
MT300759,FD-005,public,,domestic-low,121.3,False
MT301956,FD-025,public,,domestic-low,149.1,True
MT310485,FD-037,residential,,domestic-low,92.9,True
MT300928,FD-005,residential,,industrial,78.6,True
MT309023,FD-019,commercial,,industrial,194.0,True
MT306614,FD-016,public,,domestic-low,,True
MT310675,FD-034,commercial,,domestic-standard,,False
MT302002,FD-023,residential,,domestic-standard,192.0,True
MT302055,FD-037,commercial,,domestic-standard,205.7,True
MT307551,FD-024,residential,,domestic-standard,,False
MT302256,FD-032,industrial,,domestic-low,82.5,False
MT309514,FD-018,commercial,,social,127.5,True
MT300139,FD-035,residential,,domestic-low,,True
MT303477,FD-014,residential,,domestic-low,75.1,False
MT310263,FD-003,residential,,domestic-standard,,True
MT302016,FD-036,industrial,,domestic-low,,True
MT300752,FD-034,residential,,industrial,74.9,True
MT307447,FD-021,commercial,,domestic-low,39.7,False
MT307494,FD-003,commercial,,industrial,159.3,False
MT310137,FD-014,residential,,commercial,45.8,True
MT306245,FD-004,public,,domestic-low,,True
MT309934,FD-031,commercial,,domestic-low,95.8,False
MT305655,FD-023,residential,,industrial,,True
MT304607,FD-018,industrial,,social,164.5,False
MT303952,FD-018,commercial,,domestic-standard,,False
MT302390,FD-005,residential,,domestic-low,28.6,True
MT308376,FD-035,commercial,,domestic-low,70.8,True
MT301259,FD-008,commercial,,social,98.3,True
MT310449,FD-024,commercial,,industrial,,True
MT301800,FD-035,industrial,,domestic-standard,177.4,False
MT303962,FD-007,industrial,,commercial,,True
MT306621,FD-004,industrial,,social,,False
MT303794,FD-013,residential,,commercial,121.9,False
MT301838,FD-017,residential,,industrial,187.1,True
MT304848,FD-033,industrial,,domestic-low,218.7,True
MT304955,FD-004,residential,,social,12.0,False
MT307413,FD-009,industrial,,domestic-low,163.0,False
MT303873,FD-011,residential,,industrial,48.2,False
MT308964,FD-012,residential,,industrial,57.9,True
MT302948,FD-011,industrial,,domestic-low,,True
MT306318,FD-031,residential,,domestic-low,,True
MT308543,FD-032,public,,domestic-low,,False
MT307093,FD-009,residential,,social,243.1,True
MT303038,FD-017,commercial,,commercial,106.5,True
MT302745,FD-001,residential,,domestic-low,135.4,True
MT309158,FD-029,residential,,social,38.7,False
MT303197,FD-021,public,,domestic-low,,False
MT302753,FD-021,residential,,social,160.2,True
MT301048,FD-002,residential,2024-12-05,commercial,,True
MT301114,FD-014,residential,,industrial,18.5,False
MT308585,FD-010,commercial,,domestic-standard,170.5,True
MT309209,FD-032,industrial,,domestic-low,19.6,True
MT306156,FD-030,residential,,social,127.5,True
MT306445,FD-008,industrial,,domestic-standard,149.6,False
MT304325,FD-026,commercial,,domestic-low,,False
MT307280,FD-003,residential,,social,79.9,True
MT300616,FD-029,residential,,industrial,,False
MT304260,FD-031,residential,,industrial,171.6,False
MT310629,FD-037,residential,,industrial,41.9,False
MT307024,FD-020,residential,2021-12-14,domestic-low,41.2,True
MT302599,FD-035,residential,,social,,True
MT305126,FD-029,commercial,,social,,True
MT301667,FD-037,residential,,domestic-standard,,True
MT300208,FD-011,commercial,,domestic-standard,,True
MT304341,FD-033,residential,,commercial,,False
MT308418,FD-004,residential,,domestic-low,,True
MT309907,FD-037,residential,,industrial,94.0,True
MT300404,FD-015,residential,2020-12-16,domestic-standard,,False
MT309125,FD-032,commercial,,industrial,,True
MT309360,FD-024,commercial,,industrial,,False
MT306616,FD-031,residential,,industrial,144.5,True
MT303105,FD-005,public,,social,202.1,False
MT301830,FD-032,commercial,,domestic-low,48.0,True
MT309983,FD-021,public,,social,174.1,True
MT307502,FD-024,residential,,social,67.1,True
MT302779,FD-010,commercial,,domestic-low,43.0,False
MT310814,FD-008,residential,,social,,False
MT307406,FD-031,residential,,domestic-low,44.9,True
MT302776,FD-012,residential,2025-07-05,commercial,75.1,True
MT301439,FD-027,residential,,commercial,,False
MT307725,FD-007,commercial,,domestic-low,117.3,False
MT306374,FD-003,commercial,,social,,True
MT300497,FD-020,residential,,industrial,92.6,False
MT309776,FD-022,commercial,,domestic-low,,True
MT307571,FD-031,residential,2026-02-15,domestic-low,101.2,False
MT305797,FD-032,residential,,commercial,94.0,False
MT307724,FD-007,public,,social,,False
MT310919,FD-022,public,,domestic-standard,84.5,True
MT302769,FD-037,residential,2023-03-01,commercial,,False
MT308455,FD-036,public,,social,91.5,False
MT307788,FD-016,industrial,,domestic-standard,38.0,True
MT305240,FD-033,residential,,commercial,42.3,False
MT309780,FD-034,residential,,industrial,,False
MT305237,FD-001,commercial,,domestic-low,,False
MT307618,FD-014,public,2023-02-13,industrial,,False
MT300562,FD-010,residential,,domestic-low,143.5,False
MT302982,FD-001,public,2022-11-06,domestic-standard,88.1,True
MT301014,FD-021,residential,,domestic-low,51.8,False
MT301107,FD-037,residential,,domestic-standard,,True
MT307235,FD-025,residential,,domestic-low,110.0,False
MT305767,FD-029,commercial,,commercial,188.8,False
MT301420,FD-025,residential,,domestic-low,111.5,True
MT309509,FD-005,residential,,domestic-low,13.1,True
MT306970,FD-001,residential,,domestic-standard,,False
MT305276,FD-021,residential,,domestic-low,,False
MT303658,FD-015,public,2020-11-05,industrial,76.6,False
MT306996,FD-034,public,,domestic-low,,False
MT310246,FD-019,industrial,,domestic-low,59.4,True
MT301768,FD-029,residential,,social,110.2,False
MT309664,FD-015,residential,2024-05-28,domestic-low,104.5,True
MT307099,FD-028,commercial,2023-02-09,domestic-low,104.7,True
MT309643,FD-034,commercial,,domestic-standard,153.5,False
MT307593,FD-034,residential,,domestic-low,76.2,True
MT309230,FD-027,residential,,domestic-low,,False
MT309289,FD-008,residential,,domestic-low,89.6,False
MT308517,FD-026,residential,,commercial,48.5,True
MT306579,FD-018,industrial,,domestic-low,35.2,True
MT301369,FD-025,residential,2021-04-15,commercial,61.6,False
MT307939,FD-001,residential,,social,42.4,True
MT306583,FD-001,industrial,,social,158.1,True
MT300986,FD-034,commercial,,domestic-low,53.8,True
MT300187,FD-024,residential,,domestic-low,165.5,False
MT300435,FD-026,public,,industrial,162.7,True
MT306490,FD-027,public,,industrial,35.2,False
MT301466,FD-014,residential,2023-11-30,social,101.5,False
MT308678,FD-012,industrial,,domestic-low,335.6,False
MT309493,FD-034,residential,,domestic-low,,True
MT301343,FD-020,residential,,commercial,216.1,True
MT307559,FD-029,residential,,domestic-low,159.1,True
MT308763,FD-012,residential,,domestic-low,177.2,True
MT306572,FD-029,residential,,domestic-low,,True
MT307665,FD-033,residential,,commercial,,False
MT304880,FD-003,commercial,,domestic-standard,,True
MT301122,FD-006,public,,social,13.4,False
MT304368,FD-031,public,2019-01-10,industrial,90.8,True
MT301004,FD-029,residential,2021-06-20,domestic-low,,True
MT307002,FD-008,commercial,,domestic-low,,True
MT300232,FD-027,residential,,social,91.8,True
MT301342,FD-011,residential,,industrial,,True
MT310923,FD-003,industrial,,domestic-standard,157.1,False
MT300436,FD-004,residential,,commercial,172.5,True
MT303486,FD-006,residential,,domestic-standard,118.4,False
MT304336,FD-016,residential,,domestic-low,,False
MT303386,FD-030,industrial,,domestic-standard,,True
MT304879,FD-033,commercial,,domestic-low,10.1,False
MT305687,FD-030,residential,,domestic-low,98.5,False
MT304061,FD-013,residential,,industrial,95.7,False
MT308985,FD-023,industrial,2024-10-08,commercial,193.6,False
MT308399,FD-005,residential,,social,,False
MT300554,FD-004,residential,,domestic-low,,False
MT308679,FD-009,residential,2019-11-24,social,172.1,True
MT306344,FD-014,residential,2024-10-30,domestic-low,54.0,False
MT306745,FD-025,residential,,industrial,81.5,True
MT301949,FD-014,commercial,,social,101.2,True
MT305710,FD-018,public,,domestic-low,,True
MT301866,FD-004,residential,,domestic-low,119.5,False
MT310724,FD-010,residential,,commercial,,True
MT309101,FD-020,residential,,domestic-standard,39.9,True
MT301078,FD-008,residential,,commercial,,False
MT308430,FD-026,residential,,commercial,154.8,True
MT308352,FD-029,industrial,,industrial,,True
MT310007,FD-011,commercial,,commercial,111.5,True
MT309758,FD-031,residential,,domestic-low,,False
MT303619,FD-023,residential,,domestic-low,139.6,True
MT300739,FD-001,public,,domestic-low,116.5,False
MT307101,FD-027,residential,,commercial,,False
MT308155,FD-017,commercial,,industrial,,False
MT304814,FD-033,residential,,domestic-low,12.7,True
MT301233,FD-016,public,2022-02-23,industrial,110.7,True
MT303925,FD-004,residential,,industrial,,True
MT310247,FD-032,industrial,,industrial,141.6,True
MT304975,FD-023,residential,2019-10-12,domestic-low,91.0,False
MT306276,FD-025,residential,,commercial,,False
MT307882,FD-027,residential,,industrial,,True
MT300125,FD-006,residential,,commercial,202.8,True
MT309395,FD-032,residential,,domestic-low,117.9,False
MT305926,FD-026,residential,2021-10-04,industrial,13.7,False
MT307972,FD-002,residential,,social,102.7,False
MT304304,FD-005,public,,domestic-low,,False
MT303902,FD-014,residential,,commercial,88.1,True
MT306255,FD-001,commercial,,domestic-standard,63.1,True
MT306237,FD-023,commercial,2019-10-24,domestic-low,82.7,False
MT302309,FD-024,industrial,,commercial,112.2,False
MT303330,FD-019,residential,,domestic-standard,,True
MT308229,FD-037,commercial,2024-03-23,domestic-low,173.7,True
MT304290,FD-010,public,,commercial,216.7,False
MT304527,FD-026,residential,,social,,False
MT307177,FD-030,residential,2019-11-11,domestic-standard,230.4,True
MT305792,FD-003,public,,domestic-low,,True
MT303916,FD-027,residential,2025-12-10,industrial,,False
MT304315,FD-018,industrial,,domestic-low,93.5,True
MT303913,FD-019,residential,,domestic-low,38.4,True
MT310973,FD-025,residential,,domestic-low,157.1,True
MT301664,FD-036,residential,,domestic-low,209.8,True
MT304010,FD-032,residential,2021-08-19,industrial,206.2,True
MT303323,FD-008,residential,,industrial,16.1,False
MT308164,FD-030,residential,,domestic-low,,False
MT303941,FD-007,residential,2022-05-10,industrial,30.1,False
MT308215,FD-026,residential,2021-11-15,industrial,154.9,True
MT300485,FD-007,public,,domestic-standard,134.5,False
MT301377,FD-035,industrial,,social,,True
MT304002,FD-005,residential,,domestic-standard,,True
MT309449,FD-003,residential,,commercial,53.6,True
MT305551,FD-004,public,,social,,True
MT300901,FD-009,commercial,,domestic-low,175.8,True
MT307489,FD-009,residential,,domestic-low,135.5,False
MT304415,FD-022,commercial,,domestic-low,64.3,False
MT306020,FD-004,commercial,,domestic-low,151.0,True
MT306247,FD-016,residential,,domestic-standard,185.9,True
MT310698,FD-029,public,,commercial,133.1,True
MT304245,FD-033,industrial,,industrial,,False
MT308140,FD-011,residential,,domestic-standard,,False
MT302908,FD-012,residential,,domestic-low,,False
MT308470,FD-025,industrial,,social,,True
MT308770,FD-020,residential,,domestic-low,124.9,False
MT305450,FD-006,public,,domestic-low,,True
MT302269,FD-007,residential,,domestic-low,70.3,True
MT302749,FD-016,public,,domestic-low,59.2,False
MT307651,FD-019,industrial,,domestic-low,78.3,False
MT307909,FD-009,industrial,,industrial,160.9,False
MT310486,FD-032,residential,,domestic-standard,174.4,False
MT307311,FD-035,public,,social,47.3,True
MT307080,FD-011,commercial,,social,143.8,True
MT309292,FD-011,residential,,social,193.6,True
MT302511,FD-035,residential,,domestic-standard,21.8,False
MT300721,FD-033,residential,,social,69.2,True
MT309246,FD-037,residential,,domestic-standard,165.7,True
MT302137,FD-013,industrial,,domestic-low,111.1,False
MT306759,FD-005,public,,domestic-low,235.1,False
MT306661,FD-009,residential,,domestic-standard,68.6,True
MT309726,FD-026,residential,,industrial,264.9,False
MT309587,FD-009,public,,industrial,188.0,True
MT307165,FD-001,public,,commercial,,True
MT303682,FD-008,commercial,,domestic-low,27.1,True
MT303827,FD-006,residential,,industrial,47.9,True
MT308887,FD-018,industrial,,commercial,,True
MT308263,FD-012,residential,,social,17.0,True
MT309929,FD-033,industrial,2023-03-03,social,95.5,False
MT303835,FD-020,residential,,commercial,,False
MT309061,FD-002,residential,,domestic-low,152.0,True
MT305118,FD-032,commercial,,domestic-low,207.8,True
MT305844,FD-009,residential,,domestic-low,,False
MT305108,FD-028,industrial,,domestic-standard,38.6,True
MT310174,FD-026,commercial,,commercial,118.2,False
MT308614,FD-037,residential,,commercial,183.6,True
MT301950,FD-028,residential,2022-04-08,commercial,54.9,True
MT301707,FD-016,residential,,social,62.0,True
MT300057,FD-033,residential,,industrial,45.7,True
MT305571,FD-029,residential,,commercial,25.6,False
MT302020,FD-023,residential,,commercial,11.8,False
MT307479,FD-016,industrial,,social,161.2,False
MT309784,FD-020,commercial,,domestic-standard,219.6,True
MT308028,FD-022,residential,,industrial,60.6,False
MT307569,FD-033,residential,,domestic-low,8.4,False
MT305129,FD-015,public,,domestic-low,70.0,False
MT310237,FD-032,residential,,domestic-low,33.6,False
MT309001,FD-018,residential,,domestic-low,,True
MT307003,FD-035,residential,,domestic-low,,False
MT302230,FD-002,industrial,2023-11-25,industrial,,True
MT308565,FD-032,industrial,,domestic-low,,False
MT307512,FD-032,commercial,,domestic-low,126.3,False
MT306477,FD-022,residential,,commercial,24.2,True
MT307886,FD-015,residential,,domestic-low,70.4,False
MT301214,FD-017,public,,domestic-low,,True
MT307455,FD-003,residential,,social,123.5,True
MT307105,FD-033,commercial,,social,162.8,True
MT310164,FD-016,residential,,domestic-low,95.9,False
MT305660,FD-035,industrial,,commercial,141.1,False
MT307203,FD-019,commercial,,social,84.5,True
MT310085,FD-007,residential,2021-12-26,domestic-standard,175.4,True
MT300240,FD-035,residential,,social,,True
MT306927,FD-010,residential,,domestic-standard,176.8,True
MT308500,FD-027,public,,commercial,18.5,False
MT310526,FD-013,residential,,domestic-standard,82.9,True
MT306454,FD-004,residential,,industrial,127.7,True
MT307385,FD-023,industrial,,industrial,232.7,False
MT300796,FD-020,residential,,social,135.3,True
MT307670,FD-009,public,,domestic-low,268.5,True
MT302053,FD-029,residential,,industrial,70.9,True
MT310070,FD-016,public,,domestic-low,,False
MT305230,FD-026,residential,,domestic-standard,,True
MT305839,FD-032,residential,,social,40.2,True
MT308154,FD-001,commercial,,domestic-standard,153.0,False
MT308530,FD-022,residential,,commercial,,True
MT306232,FD-036,residential,,domestic-low,,True
MT304649,FD-001,residential,,commercial,238.7,False
MT306310,FD-016,industrial,,domestic-low,38.6,False
MT302945,FD-030,commercial,,domestic-low,107.1,True
MT310593,FD-014,residential,,commercial,149.0,False
MT310992,FD-034,public,,domestic-low,41.7,False
MT309160,FD-005,public,,domestic-standard,213.9,True
MT304278,FD-012,residential,,domestic-standard,38.1,True
MT301545,FD-027,industrial,,social,,True
MT303088,FD-006,residential,,domestic-low,60.0,True
MT308915,FD-031,industrial,,domestic-low,188.7,False
MT302420,FD-007,commercial,,domestic-low,30.8,True
MT307695,FD-033,commercial,,domestic-low,72.0,True
MT309894,FD-026,residential,,domestic-standard,,True
MT304142,FD-009,commercial,2024-10-17,commercial,97.1,True
MT310897,FD-012,industrial,2024-05-19,commercial,155.1,True
MT301538,FD-018,residential,,domestic-standard,,False
MT303511,FD-026,public,,industrial,,False
MT303629,FD-016,residential,,domestic-low,100.8,True
MT305927,FD-015,residential,,domestic-low,177.7,False
MT307777,FD-033,industrial,,domestic-standard,111.1,False
MT307248,FD-006,commercial,,domestic-low,232.8,True
MT308618,FD-035,residential,,industrial,,False
MT309028,FD-036,commercial,,domestic-low,,True
MT305603,FD-027,residential,2024-07-28,social,129.9,False
MT306721,FD-006,commercial,,social,95.8,False
MT304323,FD-027,industrial,,domestic-low,,False
MT306632,FD-037,residential,,social,,False
MT305627,FD-032,residential,,domestic-standard,64.5,True
MT309205,FD-020,industrial,2026-05-05,commercial,96.3,False
MT303316,FD-037,commercial,,domestic-low,72.9,True
MT305472,FD-001,public,,domestic-low,,False
MT300023,FD-013,public,,commercial,110.9,False
MT301503,FD-024,residential,2022-08-27,social,,True
MT306952,FD-017,commercial,2025-03-02,domestic-low,,True
MT306331,FD-006,residential,,social,,True
MT305074,FD-031,residential,,domestic-standard,135.0,False
MT308583,FD-011,industrial,,commercial,101.5,False
MT302180,FD-012,commercial,,social,231.4,True
MT308611,FD-037,commercial,,commercial,,True
MT303353,FD-010,public,,social,,False
MT306062,FD-013,industrial,,industrial,33.9,False
MT308984,FD-014,commercial,,domestic-low,33.6,False
MT304617,FD-032,industrial,,domestic-low,,True
MT303147,FD-035,commercial,,domestic-low,111.9,False
MT310418,FD-035,residential,,domestic-low,106.6,True
MT305556,FD-026,residential,2022-09-03,domestic-low,,True
MT300418,FD-026,public,,domestic-low,,True
MT300849,FD-018,residential,,domestic-low,171.1,True
MT305827,FD-011,residential,,domestic-low,124.5,True
MT310615,FD-006,commercial,,domestic-low,18.7,True
MT302920,FD-018,public,,social,,True
MT309741,FD-029,public,,industrial,96.6,True
MT300439,FD-034,commercial,,domestic-low,29.8,False
MT305461,FD-026,residential,,commercial,32.7,False
MT308415,FD-019,commercial,,domestic-low,,True
MT306704,FD-029,public,,domestic-low,55.7,True
MT300848,FD-012,residential,,commercial,,False
MT302348,FD-026,residential,,industrial,235.7,True
MT308403,FD-016,residential,,domestic-low,,True
MT305610,FD-029,commercial,,domestic-low,,True
MT301641,FD-016,commercial,,industrial,,True
MT307637,FD-014,residential,,domestic-low,213.1,True
MT307206,FD-017,residential,,commercial,15.0,True
MT307774,FD-010,commercial,,domestic-low,204.6,False
MT301886,FD-011,public,,social,77.2,False
MT308366,FD-037,residential,,industrial,,True
MT300506,FD-010,residential,,domestic-low,289.7,False
MT306161,FD-002,residential,,industrial,173.0,False
MT310577,FD-007,commercial,,domestic-standard,,False
MT305020,FD-004,residential,,domestic-low,,True
MT301825,FD-005,residential,,domestic-low,141.5,False
MT308096,FD-007,residential,,domestic-low,99.3,False
MT302659,FD-005,residential,,commercial,130.5,False
MT304747,FD-006,industrial,,commercial,125.8,True
MT310644,FD-027,residential,,domestic-low,,True
MT306607,FD-022,residential,,industrial,32.1,False
MT310596,FD-037,residential,,commercial,183.6,True
MT306525,FD-020,public,,domestic-standard,,False
MT304653,FD-007,commercial,,domestic-low,9.9,False
MT305753,FD-030,residential,,social,95.6,True
MT301096,FD-004,residential,,domestic-standard,,True
MT309611,FD-032,public,,social,97.9,False
MT305284,FD-003,public,,domestic-standard,84.9,False
MT310635,FD-033,residential,,domestic-low,89.7,False
MT309810,FD-034,industrial,,social,174.2,True
MT306379,FD-023,industrial,,domestic-standard,109.0,False
MT309348,FD-029,residential,,domestic-standard,99.6,False
MT309108,FD-015,public,,domestic-low,208.3,False
MT303506,FD-028,residential,,social,57.4,False
MT300028,FD-011,residential,2020-08-27,domestic-standard,117.9,False
MT302697,FD-005,residential,2020-05-23,industrial,33.2,False
MT307036,FD-012,residential,,domestic-standard,138.6,True
MT301900,FD-003,public,,industrial,236.1,True
MT309828,FD-037,residential,,domestic-low,,True
MT306556,FD-022,industrial,,domestic-low,,True
MT305127,FD-036,industrial,,industrial,88.2,True
MT306734,FD-013,industrial,,commercial,65.6,False
MT310918,FD-009,public,,domestic-low,,False
MT308753,FD-017,public,,industrial,,True
MT310163,FD-029,residential,,domestic-standard,116.8,False
MT309055,FD-035,residential,2025-12-24,domestic-low,88.8,False
MT306309,FD-029,residential,,industrial,27.3,False
MT310110,FD-017,residential,,domestic-low,196.1,False
MT303464,FD-001,residential,,domestic-low,23.7,True
MT300321,FD-034,public,,domestic-low,61.4,True
MT308818,FD-012,residential,,commercial,,True
MT310870,FD-003,industrial,,social,,True
MT302545,FD-028,commercial,,industrial,,False
MT309376,FD-023,commercial,,industrial,100.9,False
MT304218,FD-011,residential,,domestic-standard,149.1,True
MT303747,FD-022,residential,,domestic-standard,,False
MT310949,FD-035,industrial,,domestic-standard,,False
MT301321,FD-012,commercial,2021-08-26,industrial,,False
MT310731,FD-010,commercial,,industrial,37.4,True
MT310275,FD-018,residential,,social,33.9,True
MT309474,FD-003,industrial,,domestic-low,59.6,True
MT306296,FD-017,residential,,social,163.9,True
MT300168,FD-018,industrial,,domestic-low,92.7,True
MT307666,FD-009,residential,,industrial,,False
MT306612,FD-001,public,,domestic-low,,False
MT303589,FD-037,residential,,commercial,64.6,True
MT305580,FD-035,residential,,domestic-low,,False
MT303059,FD-029,industrial,,domestic-low,,True
MT307243,FD-024,industrial,2020-09-05,social,168.5,True
MT302098,FD-008,commercial,,industrial,126.6,False
MT301561,FD-002,public,,commercial,,True
MT302823,FD-030,industrial,,commercial,,True
MT306354,FD-005,industrial,,industrial,167.1,False
MT307166,FD-002,industrial,,domestic-low,112.2,True
MT305441,FD-024,public,,commercial,137.1,False
MT300937,FD-019,public,,social,146.1,False
MT306472,FD-019,commercial,,domestic-low,66.8,False
MT307011,FD-022,public,2022-09-06,commercial,148.3,False
MT307343,FD-001,residential,,domestic-low,70.5,False
MT302407,FD-032,industrial,,domestic-low,107.5,False
MT303602,FD-012,industrial,,domestic-standard,237.4,True
MT304995,FD-036,commercial,,social,29.4,False
MT300549,FD-015,residential,,social,70.1,True
MT305654,FD-028,residential,,domestic-low,,True
MT308942,FD-013,industrial,,commercial,97.6,True
MT304914,FD-022,residential,,commercial,46.8,True
MT301611,FD-030,commercial,,social,,False
MT303413,FD-024,public,2022-06-20,domestic-standard,77.8,True
MT304534,FD-037,commercial,,domestic-standard,169.8,True
MT306520,FD-011,public,,domestic-standard,49.4,False
MT304661,FD-018,residential,,social,,True
MT306391,FD-012,public,,domestic-low,95.8,False
MT309025,FD-026,public,,domestic-low,,True
MT309644,FD-021,residential,,social,169.2,False
MT302498,FD-013,commercial,,social,24.3,False
MT300166,FD-017,residential,2021-04-16,domestic-standard,47.6,False
MT308509,FD-016,residential,,domestic-low,,False
MT302751,FD-025,public,2020-12-10,social,206.2,False
MT304072,FD-026,residential,,domestic-low,95.8,True
MT302090,FD-019,public,,domestic-low,,True
MT304143,FD-003,residential,2026-03-27,domestic-low,126.9,False
MT302628,FD-024,residential,,domestic-standard,97.0,False
MT304681,FD-011,public,,commercial,39.9,False
MT301843,FD-032,commercial,,commercial,221.9,False
MT302041,FD-014,residential,,commercial,98.4,False
MT305009,FD-036,residential,,domestic-low,,True
MT302183,FD-014,commercial,,social,131.7,True
MT308527,FD-012,residential,,domestic-standard,200.8,False
MT310354,FD-017,public,2019-03-27,social,179.0,True
MT309235,FD-002,residential,,domestic-low,42.1,False
MT306220,FD-006,residential,2020-04-13,social,,True
MT300802,FD-015,residential,,industrial,156.9,False
MT301985,FD-004,residential,,commercial,53.8,False
MT308362,FD-026,industrial,,social,197.0,True
MT307330,FD-021,industrial,,domestic-low,,True
MT303609,FD-023,commercial,,industrial,158.6,True
MT305683,FD-018,industrial,,domestic-standard,,False
MT307667,FD-006,residential,,industrial,,True
MT310707,FD-019,residential,,domestic-low,101.3,True
MT301081,FD-012,residential,,domestic-low,11.5,False
MT310924,FD-027,residential,,domestic-standard,146.0,False
MT310536,FD-007,residential,,domestic-standard,,False
MT303121,FD-006,residential,,domestic-standard,83.6,True
MT304742,FD-004,residential,2026-02-28,domestic-low,56.0,False
MT302636,FD-015,commercial,,domestic-standard,78.4,False
MT302126,FD-025,residential,,domestic-low,39.1,False
MT309394,FD-022,industrial,,commercial,137.4,True
MT306307,FD-007,residential,,commercial,174.2,False
MT305092,FD-036,industrial,,domestic-low,,True
MT303934,FD-003,residential,,domestic-low,36.4,False
MT308393,FD-019,industrial,,commercial,130.9,True
MT306853,FD-010,residential,,social,85.5,True
MT309242,FD-015,industrial,,domestic-low,39.9,True
MT310484,FD-010,residential,,domestic-low,132.9,True
MT304798,FD-030,commercial,,commercial,,False
MT309043,FD-032,industrial,,domestic-low,,True
MT306458,FD-012,residential,,domestic-low,147.7,False
MT302171,FD-029,public,2023-03-21,commercial,166.2,False
MT300266,FD-016,residential,,commercial,,False
MT310478,FD-030,industrial,,commercial,70.3,True
MT304439,FD-022,public,,social,,False
MT310140,FD-020,public,,industrial,,False
MT304332,FD-023,residential,,social,137.7,False
MT305313,FD-004,public,,domestic-low,8.1,True
MT310153,FD-023,public,,domestic-low,51.4,True
MT303921,FD-010,industrial,,social,178.1,True
MT300573,FD-012,residential,,industrial,80.9,False
MT300863,FD-001,residential,,commercial,83.4,False
MT304863,FD-007,residential,,domestic-low,122.6,False
MT309065,FD-002,residential,,domestic-low,135.2,True
MT302117,FD-019,commercial,,domestic-standard,86.2,False
MT307414,FD-007,residential,,commercial,35.6,True
MT306944,FD-005,commercial,,domestic-standard,153.7,False
MT310742,FD-036,commercial,,domestic-low,150.7,False
MT307913,FD-006,residential,,social,29.0,False
MT308296,FD-004,residential,,industrial,,False
MT307096,FD-014,commercial,,social,,False
MT303670,FD-035,residential,2025-03-21,domestic-standard,,True
MT302530,FD-025,commercial,,commercial,167.3,False
MT301148,FD-012,public,,domestic-low,219.5,False
MT308148,FD-008,commercial,,commercial,173.8,False
MT305785,FD-017,public,,social,40.5,True
MT310432,FD-001,commercial,,domestic-standard,208.3,False
MT308645,FD-035,residential,,domestic-standard,221.5,False
MT308453,FD-016,residential,,commercial,121.5,False
MT301204,FD-035,residential,,domestic-low,82.2,False
MT310417,FD-016,commercial,,industrial,143.7,False
MT302094,FD-037,residential,2022-07-23,social,,True
MT304636,FD-030,commercial,,domestic-low,15.7,False
MT310622,FD-003,residential,,domestic-standard,69.4,False
MT308576,FD-024,residential,,social,,False
MT306181,FD-020,residential,,commercial,,True
MT303580,FD-036,residential,,domestic-standard,,True
MT304602,FD-011,residential,,domestic-low,76.3,True
MT300257,FD-018,industrial,2025-03-19,domestic-low,183.6,False
MT307495,FD-002,public,,commercial,,False
MT308793,FD-020,residential,,industrial,117.8,True
MT301344,FD-018,residential,,domestic-standard,33.7,False
MT307188,FD-001,industrial,,commercial,99.1,True
MT310833,FD-019,commercial,,domestic-low,26.1,False
MT301184,FD-007,residential,,domestic-low,,False
MT301173,FD-033,residential,,domestic-standard,,False
MT310171,FD-007,residential,2023-05-23,industrial,104.8,True
MT307820,FD-006,residential,,commercial,105.9,False
MT302040,FD-035,residential,,commercial,43.2,False
MT302607,FD-036,residential,,commercial,162.4,False
MT304468,FD-012,residential,,industrial,204.3,True
MT305858,FD-033,public,,commercial,,True
MT300018,FD-009,residential,,domestic-low,219.4,False
MT305045,FD-028,commercial,,domestic-low,115.5,False
MT301564,FD-020,commercial,,domestic-low,,True
MT306053,FD-004,residential,2025-01-18,industrial,178.4,False
MT307862,FD-030,public,,industrial,,True
MT307692,FD-002,residential,,commercial,11.2,True
MT308342,FD-035,residential,,commercial,111.5,True
MT306425,FD-019,residential,,social,180.7,True
MT306677,FD-006,residential,,social,145.3,True
MT303245,FD-032,residential,,domestic-standard,131.7,True
MT310738,FD-009,residential,,commercial,22.5,True
MT301193,FD-007,commercial,,domestic-standard,172.2,False
MT307735,FD-018,commercial,,domestic-standard,,False
MT305039,FD-029,industrial,2025-07-15,domestic-standard,166.8,True
MT302075,FD-035,public,,industrial,298.2,False
MT302539,FD-023,residential,,domestic-standard,,False
MT300725,FD-008,residential,,commercial,143.0,False
MT302758,FD-010,residential,,domestic-low,133.7,True
MT303327,FD-029,public,,domestic-low,72.2,False
MT310820,FD-014,commercial,,industrial,,False
MT300678,FD-023,residential,,domestic-low,,False
MT310894,FD-003,residential,,commercial,,False
MT307756,FD-013,public,,social,121.6,False
MT307240,FD-006,commercial,,domestic-low,,True
MT300103,FD-005,residential,,domestic-low,,False
MT304443,FD-036,residential,,industrial,,True
MT307236,FD-029,residential,2021-04-06,commercial,152.1,True
MT302484,FD-015,public,,domestic-low,126.8,False
MT300783,FD-025,residential,,domestic-low,,False
MT306602,FD-012,commercial,,commercial,74.6,False
MT308832,FD-014,residential,,commercial,39.2,False
MT304810,FD-012,residential,,social,197.9,True
MT306378,FD-025,commercial,,social,41.2,True
MT309405,FD-006,residential,2020-02-03,domestic-low,185.6,True
MT301197,FD-034,public,,social,,True
MT304379,FD-004,industrial,2024-03-06,domestic-low,128.8,False
MT307007,FD-010,residential,,domestic-low,168.5,False
MT308101,FD-035,residential,,domestic-standard,,False
MT301625,FD-035,residential,,domestic-standard,26.4,True
MT301962,FD-006,residential,,industrial,55.2,True
MT304671,FD-028,residential,2022-02-05,social,,False
MT307858,FD-024,industrial,,commercial,14.9,False
MT304109,FD-022,commercial,,industrial,228.2,True
MT308737,FD-025,commercial,,social,256.6,False
MT304693,FD-014,public,,social,,False
MT306068,FD-015,residential,,domestic-low,,False
MT308518,FD-032,public,,domestic-low,,False
MT308498,FD-005,public,,domestic-standard,94.1,False
MT306988,FD-004,residential,,domestic-standard,65.1,True
MT307160,FD-008,public,,commercial,,False
MT304203,FD-005,commercial,,social,,True
MT308579,FD-027,industrial,,commercial,,True
MT304251,FD-035,residential,,commercial,137.9,True
MT302418,FD-016,industrial,,domestic-low,65.3,False
MT307988,FD-002,residential,,social,79.1,False
MT306803,FD-025,industrial,,commercial,153.9,False
MT309455,FD-011,commercial,,social,235.7,True
MT302889,FD-001,residential,,domestic-standard,,False
MT303842,FD-028,residential,2025-09-30,commercial,,False
MT304547,FD-037,industrial,,commercial,91.7,False
MT304217,FD-019,commercial,,commercial,98.8,False
MT307757,FD-005,industrial,,social,25.9,True
MT308657,FD-009,residential,2020-11-08,industrial,182.7,False
MT301478,FD-025,residential,,industrial,95.0,True
MT309388,FD-029,public,,domestic-standard,188.8,False
MT307711,FD-010,residential,,commercial,115.9,True
MT304053,FD-009,commercial,,social,160.8,True
MT306005,FD-018,industrial,,commercial,,False
MT309796,FD-010,industrial,,industrial,,False
MT304725,FD-025,residential,,domestic-standard,90.3,False
MT300191,FD-012,residential,,social,,False
MT308586,FD-012,industrial,,industrial,21.7,True
MT303085,FD-001,residential,,domestic-standard,179.8,True
MT308899,FD-008,public,,commercial,,True
MT304235,FD-018,industrial,,commercial,40.9,True
MT309171,FD-024,residential,,social,,True
MT308976,FD-016,residential,,commercial,,False
MT307837,FD-001,residential,2020-05-05,social,114.6,True
MT300316,FD-029,residential,,domestic-low,,False
MT309838,FD-022,industrial,,industrial,99.6,True
MT300371,FD-015,residential,,commercial,,False
MT310004,FD-031,residential,,commercial,105.0,True
MT309880,FD-022,residential,,industrial,,False
MT307075,FD-028,industrial,,domestic-low,29.2,True
MT308957,FD-025,commercial,,domestic-low,132.0,True
MT305159,FD-014,residential,,domestic-standard,,False
MT305942,FD-001,public,2021-07-09,domestic-low,147.2,False
MT310722,FD-004,residential,2022-01-28,social,125.0,False
MT305861,FD-018,residential,,social,124.7,False
MT307734,FD-031,residential,,domestic-low,141.4,True
MT301149,FD-032,industrial,,domestic-low,158.2,True
MT308000,FD-023,industrial,,commercial,71.6,True
MT307715,FD-030,industrial,,commercial,,True
MT300059,FD-009,residential,,domestic-standard,,True
MT302069,FD-010,industrial,,industrial,,False
MT307288,FD-018,residential,,commercial,,True
MT307474,FD-032,residential,,domestic-low,91.5,True
MT302146,FD-008,commercial,,domestic-low,149.3,False
MT303617,FD-026,commercial,,domestic-low,151.7,True
MT300400,FD-013,residential,,social,135.7,True
MT307127,FD-008,residential,2023-11-04,industrial,,True
MT301205,FD-025,residential,,domestic-low,264.0,True
MT303463,FD-035,residential,,domestic-low,128.2,False
MT306063,FD-004,public,,domestic-low,136.3,False
MT302161,FD-034,residential,,social,134.5,True
MT303141,FD-027,public,,domestic-low,,True
MT306157,FD-012,public,,domestic-standard,,False
MT301642,FD-012,public,,social,158.1,False
MT309105,FD-001,public,,domestic-low,77.6,False
MT300838,FD-024,public,,social,24.3,True
MT310196,FD-011,residential,,domestic-low,86.0,True
MT304493,FD-026,industrial,,social,62.2,False
MT303284,FD-037,residential,,commercial,92.4,False
MT310376,FD-003,industrial,,commercial,66.8,True
MT304618,FD-012,residential,,social,,True
MT301047,FD-037,industrial,,industrial,,True
MT306976,FD-011,public,,domestic-low,34.0,False
MT308587,FD-008,residential,,commercial,,True
MT304740,FD-029,public,2024-03-02,social,14.7,True
MT307560,FD-018,public,2021-07-31,social,96.2,True
MT309813,FD-001,residential,,domestic-low,,False
MT301583,FD-010,public,,domestic-low,155.4,False
MT310390,FD-013,residential,,domestic-low,,True
MT302278,FD-029,industrial,,social,67.7,True
MT303092,FD-028,residential,,domestic-low,,False
MT300900,FD-009,commercial,,domestic-low,,True
MT303874,FD-007,residential,,commercial,59.9,False
MT310881,FD-027,residential,2022-02-09,industrial,,True
MT301533,FD-035,commercial,,commercial,71.3,True
MT308297,FD-005,industrial,,social,169.7,True
MT310941,FD-021,commercial,,industrial,102.5,True
MT308547,FD-013,public,,domestic-low,110.5,True
MT305783,FD-005,residential,2025-06-15,domestic-low,,True
MT306102,FD-013,commercial,,social,134.4,True
MT304641,FD-014,industrial,,domestic-standard,215.4,True
MT310029,FD-018,residential,,domestic-low,,False
MT302835,FD-020,industrial,,industrial,213.7,True
MT305930,FD-006,industrial,,social,,True
MT305810,FD-035,commercial,,social,155.3,False
MT307129,FD-036,industrial,,domestic-low,30.2,False
MT300564,FD-026,public,2022-07-10,commercial,177.8,True
MT301896,FD-016,residential,,industrial,,False
MT308959,FD-002,public,,domestic-standard,,False
MT302900,FD-019,commercial,,domestic-low,93.5,False
MT302485,FD-005,industrial,,social,220.0,True
MT301653,FD-021,residential,,commercial,,True
MT307892,FD-019,commercial,,domestic-standard,177.9,False
MT304136,FD-023,residential,,commercial,,True
MT310551,FD-007,industrial,,industrial,70.6,False
MT306822,FD-024,residential,,domestic-low,170.4,False
MT305638,FD-019,public,,domestic-standard,,False
MT310823,FD-033,residential,2019-02-08,commercial,274.1,True
MT309994,FD-024,industrial,,domestic-low,71.0,True
MT307055,FD-010,residential,,domestic-low,132.6,False
MT308166,FD-030,residential,,domestic-low,,False
MT309214,FD-023,residential,,domestic-standard,181.6,True
MT300821,FD-015,industrial,,industrial,,True
MT300201,FD-012,residential,,social,150.9,True
MT310779,FD-023,residential,,domestic-standard,,True
MT306880,FD-002,residential,,commercial,,False
MT302634,FD-003,public,,domestic-standard,108.5,False
MT309956,FD-032,residential,,domestic-low,144.7,True
MT310213,FD-020,residential,,domestic-low,28.8,False
MT300830,FD-009,public,,domestic-low,85.0,False
MT308536,FD-005,residential,,social,,True
MT310426,FD-003,industrial,,domestic-low,167.2,True
MT300207,FD-036,industrial,,domestic-standard,,False
MT303731,FD-036,residential,2022-03-04,domestic-low,177.9,True
MT305233,FD-005,commercial,,industrial,,True
MT301835,FD-002,industrial,,domestic-low,105.2,True
MT304364,FD-034,residential,,domestic-low,197.6,False
MT306528,FD-002,residential,,domestic-low,,True
MT309501,FD-031,residential,,industrial,,True
MT303383,FD-031,residential,,commercial,,True
MT302525,FD-017,industrial,,domestic-low,,False
MT303057,FD-019,residential,,industrial,184.7,False
MT302585,FD-024,residential,2024-10-22,domestic-low,122.3,False
MT310650,FD-007,residential,2024-04-14,social,133.6,False
MT306664,FD-025,residential,,domestic-standard,12.7,True
MT305035,FD-009,residential,2020-09-23,social,40.5,False
MT300462,FD-022,commercial,,domestic-low,162.6,True
MT300472,FD-022,industrial,,industrial,108.3,True
MT310690,FD-031,residential,,social,128.9,False
MT310389,FD-031,residential,,social,191.6,False
MT300467,FD-026,industrial,,domestic-low,39.6,False
MT309905,FD-001,industrial,,domestic-standard,38.7,False
MT309464,FD-024,public,,social,,False
MT305430,FD-037,residential,,domestic-low,146.9,True
MT300296,FD-006,residential,,domestic-standard,208.3,True
MT303170,FD-006,public,,domestic-low,57.9,True
MT307648,FD-037,residential,,social,158.4,True
MT303313,FD-013,residential,,domestic-low,,False
MT301546,FD-006,commercial,,domestic-low,,True
MT306642,FD-014,public,,domestic-standard,82.4,False
MT301975,FD-033,commercial,,industrial,,False
MT302395,FD-004,residential,,domestic-low,,False
MT307252,FD-012,residential,,domestic-low,107.8,False
MT306517,FD-019,commercial,,domestic-low,79.3,False
MT307349,FD-020,residential,,commercial,55.0,True
MT304328,FD-003,residential,,commercial,125.1,False
MT301230,FD-035,residential,,domestic-low,138.8,True
MT303056,FD-030,public,,domestic-low,90.7,False
MT309793,FD-029,industrial,,domestic-low,129.3,True
MT307089,FD-032,residential,,industrial,,True
MT310179,FD-024,commercial,,domestic-low,,True
MT305077,FD-016,public,,domestic-low,26.9,True
MT304178,FD-001,residential,,domestic-low,200.3,True
MT301559,FD-007,public,,domestic-standard,85.4,False
MT302653,FD-022,residential,,industrial,44.5,True
MT301759,FD-026,residential,,commercial,143.3,True
MT302750,FD-012,commercial,2024-07-31,domestic-low,,False
MT301445,FD-017,commercial,,domestic-standard,,False
MT306349,FD-030,residential,,domestic-low,,False
MT306523,FD-010,residential,,domestic-low,,False
MT310306,FD-031,residential,,industrial,,False
MT303654,FD-022,residential,,social,,False
MT300151,FD-014,residential,,domestic-low,58.4,True
MT305268,FD-035,public,,industrial,44.0,True
MT301459,FD-020,residential,,domestic-low,149.6,True
MT304788,FD-029,commercial,,commercial,,True
MT309941,FD-031,residential,,social,18.3,False
MT303022,FD-013,public,2020-02-20,domestic-low,95.3,True
MT306861,FD-021,commercial,,domestic-low,170.1,False
MT302134,FD-009,commercial,,domestic-standard,132.9,True
MT305543,FD-017,commercial,,domestic-low,,True
MT306516,FD-036,commercial,,domestic-low,,False
MT301399,FD-023,commercial,,industrial,22.7,True
MT307940,FD-036,residential,2021-01-28,domestic-standard,67.7,False
MT310609,FD-004,industrial,,commercial,,False
MT303951,FD-015,residential,,industrial,123.5,True
MT302148,FD-022,residential,,commercial,,True
MT302755,FD-007,commercial,,industrial,50.1,False
MT303488,FD-005,residential,2024-03-27,social,248.5,True
MT307557,FD-011,residential,,commercial,,False
MT304586,FD-023,residential,,domestic-low,163.8,False
MT310406,FD-025,industrial,,industrial,17.7,True
MT307936,FD-030,residential,,domestic-low,89.3,False
MT300097,FD-005,residential,,domestic-low,28.0,True
MT304180,FD-026,residential,,domestic-low,262.5,False
MT308638,FD-013,residential,,domestic-low,15.8,False
MT301265,FD-036,residential,,domestic-low,98.7,False
MT300634,FD-016,residential,,domestic-low,110.0,False
MT306229,FD-007,industrial,2022-10-30,commercial,,False
MT306835,FD-024,residential,,domestic-low,106.5,True
MT310755,FD-014,commercial,,domestic-low,21.3,False
MT302441,FD-036,residential,2025-10-10,domestic-low,222.1,False
MT304654,FD-023,residential,2020-09-16,social,,False
MT300988,FD-008,commercial,,social,15.7,False
MT301383,FD-024,commercial,,domestic-low,,True
MT305636,FD-025,residential,2024-05-14,domestic-standard,131.2,False
MT305995,FD-007,residential,,industrial,158.3,True
MT308596,FD-021,residential,,domestic-low,139.4,True
MT303539,FD-002,commercial,,commercial,62.3,True
MT303039,FD-020,residential,2023-11-09,commercial,73.5,True
MT301431,FD-023,public,,domestic-standard,,True
MT305685,FD-025,public,,domestic-low,225.2,True
MT307014,FD-017,industrial,,commercial,,False
MT303628,FD-019,public,,social,198.4,False
MT307281,FD-016,industrial,,commercial,37.3,True
MT304729,FD-029,industrial,,industrial,152.4,False
MT303483,FD-035,residential,,industrial,141.0,False
MT302773,FD-012,public,,domestic-low,203.7,False
MT303803,FD-031,residential,,commercial,45.8,True
MT305977,FD-003,industrial,,domestic-low,130.6,False
MT306504,FD-009,public,,social,81.2,False
MT302738,FD-009,residential,,industrial,250.8,False
MT307790,FD-036,industrial,2025-01-09,social,132.8,False
MT305100,FD-005,residential,,industrial,64.2,True
MT306399,FD-008,residential,,social,143.2,False
MT309505,FD-026,residential,,commercial,283.1,True
MT306610,FD-026,public,,domestic-standard,,True
MT306204,FD-020,commercial,,social,119.8,True
MT304207,FD-019,industrial,,domestic-low,19.1,True
MT305611,FD-026,residential,,domestic-low,89.3,False
MT308422,FD-032,residential,2023-04-02,social,,False
MT310883,FD-016,industrial,,industrial,12.9,True
MT304146,FD-004,public,,domestic-low,,True
MT306008,FD-018,residential,2021-04-24,domestic-low,137.7,True
MT300734,FD-003,public,,domestic-low,18.9,True
MT303474,FD-001,residential,,domestic-low,,True
MT306732,FD-029,residential,,domestic-low,92.8,False
MT302047,FD-019,industrial,,domestic-low,195.2,False
MT300288,FD-018,public,,domestic-low,67.3,True
MT304933,FD-008,residential,,domestic-low,,False
MT304340,FD-013,residential,,domestic-low,,True
MT306016,FD-002,residential,2025-04-07,commercial,132.5,False
MT300507,FD-024,industrial,2020-02-13,social,25.2,True
MT302384,FD-021,residential,2024-12-18,domestic-standard,175.7,False
MT304305,FD-008,commercial,,industrial,,True
MT300605,FD-019,residential,,domestic-standard,163.5,False
MT304470,FD-010,public,,domestic-low,151.9,True
MT306920,FD-025,residential,,domestic-standard,,False
MT300420,FD-001,residential,,domestic-low,,True
MT306807,FD-018,residential,,domestic-low,19.9,False
MT310981,FD-027,residential,,social,91.4,False
MT306671,FD-015,residential,2019-04-07,domestic-standard,107.9,True
MT302846,FD-001,public,,domestic-low,,True
MT310767,FD-015,industrial,,domestic-standard,,True
MT309518,FD-026,public,,domestic-low,116.9,False
MT301756,FD-014,residential,,industrial,113.4,True
MT305873,FD-027,residential,,industrial,64.3,True
MT306211,FD-013,residential,,domestic-low,163.5,False
MT303632,FD-034,residential,,domestic-low,11.1,False
MT301712,FD-032,residential,,commercial,53.8,False
MT307100,FD-017,commercial,,domestic-low,17.5,True
MT302558,FD-030,residential,,social,167.7,False
MT300589,FD-014,commercial,,social,,True
MT300272,FD-030,residential,,industrial,167.6,False
MT306955,FD-037,residential,,domestic-standard,,True
MT309466,FD-035,public,2020-12-12,social,38.0,True
MT305452,FD-002,public,,social,,True
MT300087,FD-017,commercial,,social,,True
MT306054,FD-021,industrial,,industrial,,False
MT308300,FD-036,public,,domestic-low,,True
MT305981,FD-018,residential,,domestic-standard,104.2,False
MT310910,FD-006,residential,,domestic-low,114.3,True
MT306971,FD-024,residential,,domestic-low,136.7,False
MT309640,FD-019,commercial,,domestic-low,30.2,True
MT301475,FD-023,residential,,domestic-standard,121.6,False
MT310575,FD-020,residential,,industrial,,True
MT303697,FD-026,residential,,commercial,192.5,True
MT309826,FD-024,public,,domestic-low,108.1,False
MT300198,FD-015,residential,,domestic-standard,,True
MT309362,FD-017,industrial,2025-10-26,industrial,,True
MT303434,FD-011,residential,,domestic-low,16.9,True
MT308647,FD-002,residential,,domestic-standard,25.3,True
MT308762,FD-018,residential,2023-08-21,domestic-standard,153.9,True
MT309733,FD-021,commercial,,industrial,108.9,False
MT301244,FD-007,public,,domestic-low,,True
MT309050,FD-006,residential,,industrial,78.7,True
MT306281,FD-005,residential,,domestic-low,47.1,False
MT304774,FD-018,public,,domestic-low,200.4,False
MT303929,FD-011,residential,,commercial,190.7,True
MT301716,FD-019,commercial,2024-06-08,domestic-low,136.2,False
MT309489,FD-029,industrial,,commercial,,False
MT302767,FD-010,residential,,industrial,51.5,False
MT306430,FD-017,commercial,,domestic-standard,218.9,False
MT304277,FD-014,residential,,domestic-standard,182.6,True
MT303943,FD-036,residential,,domestic-low,177.7,True
MT306242,FD-037,residential,,domestic-low,,False
MT309420,FD-028,industrial,,industrial,,True
MT309623,FD-007,commercial,,commercial,184.5,True
MT305434,FD-034,residential,,social,,False
MT308356,FD-030,commercial,,domestic-low,82.6,True
MT301883,FD-008,residential,,domestic-standard,53.0,False
MT303416,FD-011,industrial,,domestic-low,59.7,False
MT300474,FD-018,commercial,,commercial,91.6,False
MT305789,FD-012,public,,domestic-low,,True
MT305477,FD-028,industrial,,industrial,,True
MT303630,FD-002,residential,,domestic-standard,13.5,False
MT302994,FD-031,commercial,,social,60.9,False
MT300386,FD-026,public,,domestic-standard,71.3,False
MT310301,FD-004,industrial,,domestic-standard,,True
MT307402,FD-023,residential,,domestic-standard,,True
MT306997,FD-020,residential,,social,100.3,True
MT310443,FD-032,residential,,industrial,,True
MT305229,FD-010,industrial,,industrial,92.5,True
MT309268,FD-026,industrial,,social,36.1,False
MT305979,FD-021,industrial,2023-01-16,domestic-standard,202.2,False
MT305081,FD-021,residential,,commercial,,True
MT303456,FD-004,residential,,domestic-low,,True
MT302288,FD-018,residential,,domestic-low,217.9,False
MT302050,FD-033,public,,social,,True
MT309822,FD-031,residential,2022-04-18,industrial,230.7,True
MT308850,FD-003,residential,,industrial,39.9,False
MT307779,FD-029,public,,domestic-low,73.8,False
MT303475,FD-024,commercial,,domestic-low,137.1,False
MT301400,FD-014,residential,,domestic-low,71.8,True
MT309212,FD-034,commercial,,industrial,,True
MT308210,FD-032,residential,,industrial,137.9,False
MT304051,FD-015,commercial,2020-09-08,social,92.3,False
MT301411,FD-036,industrial,2025-09-27,social,62.1,False
MT307587,FD-023,commercial,,industrial,94.6,False
MT305864,FD-021,residential,,commercial,,True
MT304138,FD-036,residential,,industrial,,True
MT305955,FD-019,residential,2026-02-18,social,16.3,False
MT309058,FD-001,residential,,domestic-low,159.9,False
MT300854,FD-013,commercial,,domestic-low,,False
MT310771,FD-037,residential,,domestic-low,,False
MT309210,FD-030,residential,2023-02-12,domestic-low,23.0,False
MT301624,FD-019,residential,,domestic-low,160.4,True
MT304312,FD-012,public,,social,,False
MT301902,FD-021,residential,,domestic-standard,99.4,True
MT306010,FD-016,commercial,,domestic-standard,,True
MT308623,FD-019,residential,,commercial,56.0,True
MT302764,FD-026,public,,commercial,155.1,False
MT307596,FD-002,residential,,social,83.4,True
MT310009,FD-013,residential,,social,,True
MT306325,FD-020,commercial,,social,123.1,True
MT304150,FD-007,commercial,,domestic-low,61.2,False
MT310060,FD-036,residential,,commercial,128.3,True
MT308649,FD-025,residential,,domestic-standard,,True
MT306051,FD-004,industrial,,domestic-standard,,True
MT302660,FD-034,public,,social,,False
MT310205,FD-028,industrial,,commercial,12.2,True
MT306956,FD-011,industrial,,domestic-low,,True
MT300712,FD-005,commercial,,industrial,98.1,True
MT305966,FD-020,residential,,industrial,92.8,True
MT304674,FD-037,residential,,industrial,163.4,False
MT308075,FD-005,industrial,,commercial,153.7,False
MT305702,FD-012,residential,,domestic-standard,32.8,False
MT300940,FD-001,residential,2023-06-01,commercial,183.3,True
MT300034,FD-021,residential,,domestic-low,32.2,False
MT304162,FD-005,residential,,industrial,136.9,True
MT302219,FD-030,commercial,,commercial,123.0,False
MT306910,FD-033,industrial,,commercial,48.6,False
MT308243,FD-036,industrial,,domestic-low,55.1,False
MT301203,FD-032,public,,industrial,144.8,False
MT303158,FD-022,public,,domestic-low,101.9,False
MT306700,FD-015,commercial,,social,176.3,False
MT301640,FD-023,residential,,domestic-low,,False
MT305796,FD-002,residential,,commercial,,True
MT300510,FD-008,commercial,,industrial,46.1,True
MT304194,FD-003,residential,,domestic-standard,235.2,False
MT303377,FD-020,industrial,,industrial,,True
MT300751,FD-024,residential,,domestic-low,24.0,True
MT309067,FD-024,residential,,domestic-standard,60.5,True
MT302827,FD-017,industrial,,domestic-low,89.9,True
MT309367,FD-022,residential,,social,81.8,False
MT306007,FD-037,residential,2020-11-24,domestic-standard,176.8,True
MT310937,FD-007,public,,domestic-low,64.6,False
MT301884,FD-015,residential,,domestic-low,,True
MT302871,FD-036,residential,,industrial,,True
MT302809,FD-012,commercial,,industrial,44.4,False
MT310716,FD-001,residential,,domestic-low,,False
MT303376,FD-029,residential,,commercial,45.2,True
MT305941,FD-016,residential,,domestic-low,122.4,False
MT302619,FD-001,residential,,domestic-low,281.4,False
MT306451,FD-017,residential,2021-03-27,domestic-low,148.9,False
MT310209,FD-030,residential,,domestic-low,113.8,False
MT309472,FD-016,residential,,commercial,,True
MT300387,FD-022,commercial,,social,81.0,False
MT309042,FD-017,residential,,domestic-standard,,True
MT302689,FD-028,residential,,domestic-low,,True
MT308363,FD-020,public,,domestic-standard,106.5,True
MT307046,FD-001,industrial,,industrial,73.5,True
MT303283,FD-030,residential,,industrial,50.3,True
MT300523,FD-022,industrial,,domestic-low,57.4,True
MT307051,FD-025,industrial,,domestic-low,,True
MT304238,FD-017,residential,,domestic-low,20.7,True
MT305106,FD-028,public,,social,199.6,True
MT307161,FD-028,industrial,,domestic-low,134.6,False
MT303683,FD-007,commercial,,industrial,,False
MT303193,FD-023,residential,,domestic-standard,52.4,True
MT309177,FD-016,public,,domestic-low,,False
MT308205,FD-028,industrial,,social,82.8,False
MT301595,FD-017,public,,domestic-low,,False
MT307527,FD-003,residential,,domestic-low,218.0,True
MT303286,FD-037,industrial,,domestic-standard,125.9,True
MT301898,FD-019,residential,,domestic-standard,,True
MT310284,FD-037,public,,social,74.0,False
MT306945,FD-034,industrial,,industrial,97.2,True
MT308417,FD-030,residential,,social,139.3,True
MT301630,FD-014,residential,,industrial,202.5,True
MT304185,FD-020,industrial,,domestic-low,,True
MT304696,FD-006,public,,domestic-low,,False
MT301912,FD-025,residential,,domestic-standard,,True
MT301297,FD-036,residential,,domestic-low,129.4,True
MT309029,FD-024,residential,,domestic-low,,False
MT309694,FD-023,residential,,domestic-low,,True
MT309115,FD-014,residential,,industrial,,False
MT307038,FD-027,residential,,domestic-low,69.7,False
MT304705,FD-019,commercial,,domestic-standard,,False
MT308503,FD-025,industrial,,industrial,,False
MT307290,FD-035,residential,,commercial,99.2,True
MT308563,FD-015,residential,,domestic-standard,,True
MT309090,FD-007,industrial,2022-04-02,social,,False
MT310358,FD-037,commercial,,domestic-low,,True
MT300910,FD-017,public,,social,,True
MT309564,FD-035,commercial,,domestic-low,95.1,True
MT308466,FD-004,residential,,industrial,187.4,True
MT308841,FD-022,public,,domestic-standard,,False
MT309508,FD-018,residential,2019-01-29,commercial,,False
MT303402,FD-012,public,,social,,True
MT307293,FD-013,commercial,,domestic-low,,True
MT303947,FD-024,industrial,,social,,False
MT305024,FD-005,public,2019-10-02,domestic-low,,False
MT306565,FD-024,public,,industrial,123.4,False
MT305300,FD-032,residential,,domestic-low,,True
MT306006,FD-023,commercial,,commercial,13.3,False
MT300785,FD-020,residential,,domestic-standard,28.5,True
MT301264,FD-013,residential,,domestic-standard,,True
MT302083,FD-004,residential,,domestic-low,12.3,True
MT303678,FD-037,commercial,,domestic-low,118.8,False
MT301098,FD-027,commercial,,social,165.4,False
MT304041,FD-001,residential,,domestic-low,132.4,False
MT310824,FD-020,industrial,,industrial,111.6,False
MT310372,FD-029,residential,,social,,False
MT303123,FD-021,residential,,domestic-low,52.4,True
MT306164,FD-016,residential,,domestic-standard,,True
MT302535,FD-027,residential,,commercial,26.2,True
MT308901,FD-026,residential,,domestic-low,167.0,False
MT308713,FD-019,residential,,industrial,70.5,False
MT309592,FD-030,residential,,commercial,67.5,True
MT310760,FD-007,residential,,domestic-low,101.2,True
MT308760,FD-022,residential,,domestic-low,,True
MT305697,FD-032,residential,,domestic-standard,,False
MT302923,FD-018,residential,,commercial,,False
MT301160,FD-015,residential,,commercial,154.3,False
MT306605,FD-037,residential,,domestic-low,9.7,True
MT302961,FD-021,public,,social,143.8,False
MT307681,FD-014,residential,2023-07-18,domestic-low,285.1,False
MT310945,FD-031,residential,,commercial,,False
MT300859,FD-008,commercial,2020-12-02,social,21.5,False
MT305072,FD-005,residential,,domestic-standard,,True
MT302533,FD-034,residential,,domestic-low,141.8,True
MT300471,FD-035,residential,,social,,False
MT304402,FD-035,commercial,,social,178.2,True
MT309705,FD-015,commercial,,industrial,116.9,True
MT300758,FD-016,residential,,commercial,,False
MT300188,FD-016,residential,,industrial,36.0,False
MT306011,FD-025,residential,,domestic-standard,259.9,True
MT303509,FD-026,industrial,,domestic-standard,,True
MT310487,FD-026,residential,,commercial,169.5,False
MT307193,FD-015,public,2021-01-17,commercial,,False
MT304563,FD-026,residential,,domestic-low,35.5,False
MT306623,FD-031,residential,,social,65.6,True
MT310605,FD-018,residential,,commercial,,True
MT302716,FD-031,residential,,social,62.6,True
MT307659,FD-023,industrial,,commercial,49.0,True
MT303959,FD-028,residential,,commercial,,False
MT301042,FD-029,commercial,,domestic-low,47.0,False
MT304307,FD-004,public,,industrial,,False
MT305263,FD-006,residential,,domestic-low,,True
MT302641,FD-017,industrial,,social,72.1,False
MT300578,FD-016,commercial,,domestic-low,86.1,False
MT303588,FD-007,commercial,2022-02-23,industrial,,False
MT301052,FD-020,industrial,,domestic-low,93.6,False
MT306071,FD-030,industrial,,domestic-low,30.0,False
MT308438,FD-009,commercial,,social,98.8,False
MT300405,FD-022,public,,social,102.9,True
MT307535,FD-026,residential,,industrial,84.1,True
MT308239,FD-019,industrial,,commercial,20.6,True
MT301974,FD-013,residential,,industrial,,False
MT304667,FD-007,residential,,commercial,173.5,False
MT300729,FD-029,public,,social,,True
MT310064,FD-008,residential,,domestic-standard,,True
MT308121,FD-007,industrial,,domestic-standard,,True
MT300329,FD-015,residential,,domestic-low,267.7,False
MT309133,FD-014,residential,,domestic-low,69.6,True
MT304233,FD-037,commercial,,commercial,45.8,True
MT301658,FD-016,public,,domestic-low,89.1,False
MT305885,FD-015,residential,,industrial,101.6,True
MT306457,FD-022,industrial,,domestic-low,205.0,False
MT306426,FD-036,residential,,domestic-standard,17.0,False
MT302830,FD-032,residential,,commercial,186.5,True
MT308383,FD-035,industrial,,industrial,,True
MT302940,FD-005,commercial,,social,48.6,False
MT309301,FD-029,residential,,domestic-low,199.0,True
MT305835,FD-035,residential,,domestic-low,69.3,False
MT301423,FD-030,industrial,,domestic-low,210.6,True
MT309364,FD-019,residential,,commercial,129.5,True
MT302910,FD-035,residential,,industrial,,True
MT302955,FD-035,residential,,industrial,118.8,True
MT303213,FD-009,public,,domestic-low,49.7,True
MT301304,FD-024,industrial,,social,182.1,True
MT302244,FD-008,industrial,,social,,False
MT304860,FD-008,industrial,,domestic-low,173.0,True
MT305238,FD-006,residential,,domestic-low,102.7,True
MT309613,FD-016,industrial,,domestic-low,135.8,True
MT306397,FD-034,residential,,domestic-standard,,True
MT307635,FD-015,residential,,domestic-low,140.1,False
MT304352,FD-008,commercial,,industrial,187.7,True
MT300152,FD-016,residential,,commercial,,True
MT305464,FD-016,residential,2019-04-25,domestic-low,84.7,False
MT308994,FD-007,residential,,domestic-standard,163.7,True
MT310468,FD-013,residential,,social,179.7,False
MT304007,FD-012,industrial,,industrial,111.1,False
MT305043,FD-015,public,,domestic-low,213.7,False
MT307294,FD-008,industrial,,industrial,98.4,False
MT303585,FD-033,residential,,domestic-standard,,False
MT301512,FD-027,commercial,2025-12-14,commercial,,False
MT304321,FD-021,residential,,industrial,105.3,True
MT310036,FD-020,residential,,domestic-low,,False
MT309258,FD-007,industrial,,domestic-low,,False
MT307653,FD-027,commercial,,social,,False
MT300407,FD-004,residential,,industrial,43.8,False
MT301468,FD-025,commercial,,industrial,43.1,True
MT301452,FD-018,residential,,social,239.3,False
MT300905,FD-027,commercial,,social,,True
MT300419,FD-027,commercial,,domestic-standard,253.9,True
MT300927,FD-034,public,,commercial,,False
MT303459,FD-026,industrial,,domestic-standard,214.8,True
MT301714,FD-002,industrial,,industrial,156.9,False
MT301864,FD-009,residential,,domestic-standard,95.5,True
MT305821,FD-005,commercial,,domestic-standard,9.5,True
MT309309,FD-016,industrial,,domestic-low,84.0,False
MT303175,FD-004,public,,domestic-low,145.1,True
MT308552,FD-008,residential,,commercial,,False
MT300361,FD-009,public,,industrial,,True
MT306111,FD-009,industrial,,domestic-standard,82.5,False
MT305520,FD-018,residential,,domestic-low,,True
MT310688,FD-008,residential,,industrial,,False
MT300078,FD-015,residential,,commercial,,True
MT306912,FD-019,industrial,,industrial,152.0,False
MT308927,FD-007,residential,,domestic-low,,False
MT301542,FD-035,industrial,,domestic-low,87.5,False
MT300611,FD-031,public,,domestic-low,108.4,False
MT304013,FD-019,residential,2020-04-27,domestic-low,,False
MT301601,FD-010,industrial,,social,54.1,True
MT305350,FD-030,residential,,domestic-standard,,False
MT300457,FD-017,residential,2024-09-14,domestic-standard,189.3,True
MT305805,FD-016,residential,,domestic-standard,,False
MT308839,FD-024,public,2019-03-12,industrial,36.4,False
MT300888,FD-009,commercial,,commercial,74.7,True
MT306909,FD-011,residential,,domestic-standard,174.0,False
MT301217,FD-023,public,,industrial,,True
MT305140,FD-013,residential,,domestic-standard,,True
MT303247,FD-022,residential,,industrial,73.2,True
MT303304,FD-010,industrial,,domestic-low,,False
MT302616,FD-020,residential,,industrial,45.1,True
MT301748,FD-037,industrial,2024-03-11,social,69.6,True
MT301992,FD-004,public,,commercial,,True
MT307894,FD-016,industrial,,commercial,28.0,True
MT310637,FD-002,industrial,2020-03-13,domestic-low,134.1,False
MT307827,FD-017,residential,,domestic-low,121.9,False
MT301876,FD-020,residential,,industrial,,True
MT308308,FD-014,residential,,domestic-standard,98.5,True
MT300873,FD-016,residential,,industrial,127.2,False
MT304050,FD-005,public,,domestic-low,71.2,True
MT309244,FD-007,public,,industrial,,False
MT301353,FD-016,residential,,domestic-low,188.4,True
MT310387,FD-012,industrial,2024-01-23,domestic-standard,44.8,False
MT308537,FD-024,industrial,,commercial,45.6,True
MT303817,FD-007,commercial,,domestic-low,63.1,True
MT302151,FD-018,public,,social,,True
MT300955,FD-019,residential,2023-12-24,domestic-standard,188.3,True
MT301766,FD-015,residential,,domestic-low,78.8,False
MT306339,FD-024,residential,,social,,True
MT305307,FD-025,residential,,domestic-standard,9.3,True
MT307769,FD-036,public,,industrial,113.6,True
MT309478,FD-025,residential,,domestic-low,,False
MT308317,FD-031,public,,industrial,,True
MT306895,FD-033,residential,,social,136.7,True
MT307990,FD-019,commercial,,social,,True
MT301781,FD-005,residential,,domestic-low,,False
MT302338,FD-008,commercial,,domestic-low,,True
MT300993,FD-020,public,,commercial,174.5,False
MT303055,FD-018,residential,,domestic-low,,True
MT302154,FD-002,residential,,social,,True
MT307830,FD-016,industrial,,domestic-low,47.8,False
MT303569,FD-008,public,,industrial,,False
MT306719,FD-023,residential,2020-02-04,domestic-low,130.9,True
MT309293,FD-001,industrial,2021-05-02,domestic-low,84.8,True
MT304746,FD-034,public,,domestic-low,,True
MT308219,FD-020,commercial,,social,139.9,True
MT303965,FD-020,commercial,,domestic-low,147.9,False
MT308544,FD-016,residential,,social,,True
MT309213,FD-011,public,,commercial,113.8,False
MT305502,FD-031,residential,,social,102.7,True
MT308117,FD-034,residential,,domestic-low,,True
MT301421,FD-033,residential,,domestic-low,,True
MT307060,FD-026,residential,,commercial,,True
MT303253,FD-021,public,,social,,True
MT302396,FD-001,residential,,domestic-low,,True
MT308560,FD-021,residential,,commercial,106.8,False
MT307705,FD-020,residential,,domestic-standard,89.3,False
MT307722,FD-014,residential,,social,28.8,False
MT305965,FD-020,residential,,domestic-standard,196.1,False
MT310803,FD-017,residential,,domestic-low,54.2,True
MT307125,FD-021,commercial,,domestic-low,13.4,True
MT308384,FD-018,residential,2026-04-04,commercial,128.2,True
MT303466,FD-012,industrial,,social,,True
MT307254,FD-036,residential,,social,57.4,True
MT307131,FD-016,public,,social,231.3,True
MT300354,FD-005,residential,,domestic-low,14.9,False
MT302904,FD-036,public,,commercial,85.1,True
MT304769,FD-012,public,,domestic-standard,179.3,True
MT310049,FD-023,commercial,,social,24.5,True
MT307184,FD-004,industrial,,domestic-low,,False
MT307872,FD-019,commercial,,domestic-low,26.4,True
MT310093,FD-014,residential,,industrial,33.3,False
MT308484,FD-008,public,,domestic-standard,124.5,False
MT303068,FD-026,residential,,commercial,270.9,True
MT303315,FD-005,residential,2023-11-28,social,,True
MT308488,FD-021,commercial,,domestic-low,105.6,False
MT304745,FD-027,residential,2024-01-18,commercial,59.0,False
MT305726,FD-025,residential,,domestic-low,94.3,True
MT310325,FD-002,residential,,domestic-low,153.8,False
MT309159,FD-019,public,,commercial,218.0,False
MT305715,FD-013,residential,,social,175.1,True
MT308170,FD-025,public,,industrial,10.5,True
MT309448,FD-035,commercial,,domestic-low,218.0,True
MT301057,FD-004,public,,industrial,186.2,False
MT307114,FD-037,residential,,industrial,189.4,False
MT310882,FD-011,industrial,,domestic-low,,False
MT300269,FD-012,residential,,domestic-low,,False
MT307786,FD-013,commercial,,domestic-low,,False
MT302437,FD-026,residential,,commercial,,False
MT302176,FD-023,public,,domestic-low,,True
MT308200,FD-002,commercial,,social,98.3,True
MT307933,FD-022,residential,,domestic-low,,False
MT307197,FD-023,residential,,industrial,42.6,False
MT310667,FD-029,public,,industrial,47.8,True
MT300417,FD-016,residential,,social,207.4,False
MT305037,FD-031,residential,,social,150.9,False
MT303825,FD-016,commercial,,social,,False
MT309867,FD-023,commercial,,industrial,,False
MT309305,FD-011,residential,,commercial,,True
MT306992,FD-010,residential,,social,219.6,False
MT300889,FD-019,industrial,,domestic-low,184.9,False
MT301875,FD-009,residential,,domestic-standard,47.4,True
MT310012,FD-009,commercial,,industrial,81.9,False
MT304583,FD-028,residential,,commercial,96.1,True
MT306549,FD-037,commercial,,social,104.6,True
MT305303,FD-012,residential,,industrial,181.1,False
MT305057,FD-008,residential,2019-08-06,industrial,43.9,False
MT310149,FD-021,residential,2025-03-01,industrial,109.6,False
MT301134,FD-022,residential,,domestic-low,134.9,False
MT304845,FD-001,industrial,,domestic-low,158.3,False
MT310580,FD-034,industrial,,industrial,,True
MT306705,FD-034,public,,industrial,142.3,False
MT306019,FD-011,residential,,social,165.6,False
MT302192,FD-026,residential,,domestic-low,198.4,True
MT306198,FD-022,residential,,industrial,,False
MT310653,FD-023,industrial,,domestic-low,,False
MT306685,FD-010,public,,domestic-low,48.8,False
MT302328,FD-014,residential,,industrial,131.3,True
MT308848,FD-034,residential,,domestic-low,18.6,True
MT308173,FD-033,residential,,domestic-low,149.2,False
MT310198,FD-018,residential,,domestic-standard,90.0,False
MT301628,FD-008,residential,,commercial,109.8,False
MT303975,FD-011,industrial,2025-02-18,domestic-standard,452.6,False
MT310990,FD-025,industrial,2025-01-18,domestic-low,113.1,False
MT303516,FD-033,residential,,industrial,122.7,True
MT303263,FD-006,commercial,,commercial,26.2,False
MT306784,FD-001,residential,,commercial,33.4,True
MT308174,FD-011,commercial,,domestic-standard,,False
MT306706,FD-029,residential,,domestic-low,127.8,False
MT310469,FD-006,residential,,domestic-standard,,True
MT303872,FD-037,residential,,domestic-low,51.6,True
MT301810,FD-005,residential,,domestic-standard,133.4,False
MT308868,FD-011,industrial,,domestic-low,21.2,False
MT310262,FD-027,residential,,industrial,126.5,True
MT310014,FD-006,residential,,social,90.6,False
MT304630,FD-016,industrial,,domestic-low,32.1,True
MT300913,FD-025,residential,,industrial,125.7,True
MT310243,FD-016,commercial,,industrial,18.0,True
MT302301,FD-031,residential,,social,59.0,True
MT307829,FD-027,industrial,,social,221.4,True
MT308877,FD-036,residential,,domestic-standard,,False
MT306416,FD-014,residential,,domestic-low,,True
MT310211,FD-025,residential,2025-01-06,domestic-low,30.0,True
MT306483,FD-001,residential,,commercial,,True
MT310868,FD-033,public,,domestic-low,103.2,False
MT306447,FD-008,residential,,domestic-standard,150.4,False
MT300833,FD-025,public,,domestic-low,71.4,True
MT308700,FD-031,residential,2021-01-10,domestic-standard,127.9,True
MT308768,FD-008,public,,commercial,32.1,False
MT309625,FD-002,residential,,domestic-low,,False
MT304939,FD-019,commercial,,domestic-low,,True
MT308371,FD-026,residential,,commercial,,True
MT305183,FD-001,residential,,social,66.0,True
MT302012,FD-025,commercial,2025-11-06,domestic-standard,106.4,True
MT303923,FD-020,residential,,commercial,104.9,True
MT300231,FD-021,public,,domestic-low,,True
MT308738,FD-028,public,,domestic-low,,False
MT301028,FD-029,commercial,,domestic-standard,,True
MT303077,FD-032,public,,social,,True
MT301556,FD-004,commercial,,domestic-standard,,False
MT305145,FD-014,commercial,,domestic-standard,88.8,False
MT300999,FD-013,residential,,domestic-low,82.2,True
MT303549,FD-007,public,,domestic-standard,101.3,False
MT308179,FD-029,residential,,social,16.9,False
MT305598,FD-011,public,,social,,True
MT301392,FD-008,residential,,commercial,,True
MT309553,FD-002,residential,2021-10-09,domestic-standard,,False
MT306165,FD-037,public,,commercial,265.6,False
MT310591,FD-012,residential,,domestic-low,247.1,True
MT300689,FD-016,residential,,commercial,50.3,False
MT307037,FD-023,residential,,social,,True
MT300493,FD-037,commercial,,social,121.5,False
MT310261,FD-037,public,,domestic-low,111.4,True
MT302297,FD-005,residential,,commercial,256.1,True
MT301847,FD-013,commercial,,social,67.3,True
MT308958,FD-023,commercial,,domestic-standard,139.8,True
MT301979,FD-010,public,,domestic-low,,True
MT301172,FD-012,residential,,domestic-low,113.5,False
MT304858,FD-011,public,,domestic-low,,True
MT300825,FD-030,residential,,domestic-low,,False
MT301178,FD-007,industrial,,domestic-standard,,True
MT306908,FD-018,public,,industrial,161.0,True
MT307297,FD-023,residential,,industrial,86.0,False
MT306302,FD-024,residential,,social,87.7,True
MT306980,FD-009,residential,,industrial,213.0,False
MT301928,FD-023,commercial,,domestic-standard,,True
MT303122,FD-036,residential,,commercial,88.8,True
MT305255,FD-018,residential,,domestic-low,45.6,False
MT310516,FD-002,public,,industrial,239.9,True
MT301600,FD-019,commercial,,domestic-low,120.9,True
MT309333,FD-015,residential,,domestic-low,48.1,True
MT306831,FD-021,residential,,social,267.3,True
MT300181,FD-008,residential,,social,,False
MT300746,FD-029,residential,,industrial,129.6,True
MT302336,FD-028,industrial,,domestic-low,47.3,True
MT309856,FD-020,public,,domestic-low,134.1,False
MT310451,FD-033,residential,,industrial,85.9,True
MT301990,FD-033,residential,,industrial,96.4,False
MT303321,FD-003,residential,,commercial,92.0,False
MT310109,FD-001,commercial,,domestic-standard,,True
MT307957,FD-008,residential,,domestic-standard,114.7,True
MT300082,FD-013,commercial,,domestic-low,102.3,False
MT303861,FD-007,residential,,social,101.4,False
MT304751,FD-030,residential,,commercial,111.4,False
MT309984,FD-032,residential,2020-08-27,domestic-standard,84.4,False
MT305205,FD-030,commercial,,commercial,,False
MT304060,FD-030,residential,,domestic-low,,True
MT309355,FD-018,industrial,,industrial,,False
MT304465,FD-005,public,,industrial,207.4,True
MT301669,FD-014,residential,,commercial,97.8,True
MT310854,FD-002,industrial,,industrial,247.0,False
MT303385,FD-005,commercial,,domestic-standard,,True
MT309306,FD-004,industrial,,industrial,46.6,True
MT307124,FD-037,residential,2024-04-19,commercial,147.3,True
MT310946,FD-026,residential,,commercial,,False
MT301552,FD-018,commercial,,industrial,140.7,True
MT310520,FD-005,residential,,commercial,,False
MT306713,FD-022,commercial,,domestic-low,,True
MT310626,FD-021,residential,,domestic-low,9.5,False
MT303532,FD-006,residential,2021-03-17,industrial,,False
MT306297,FD-029,residential,,social,143.6,True
MT310361,FD-005,residential,,domestic-low,37.8,False
MT305130,FD-009,residential,,domestic-low,,True
MT308625,FD-007,industrial,,domestic-low,83.5,False
MT307380,FD-003,public,,social,,True
MT304720,FD-037,residential,,commercial,40.7,True
MT310190,FD-007,industrial,,domestic-low,38.6,True
MT305701,FD-018,residential,,industrial,220.3,False
MT301147,FD-030,residential,,domestic-low,148.6,False
MT302775,FD-031,residential,,domestic-low,33.8,True
MT305559,FD-014,residential,,industrial,,True
MT307621,FD-036,public,,commercial,194.8,True
MT301509,FD-013,public,2022-05-26,domestic-low,87.6,False
MT310598,FD-029,industrial,,industrial,,False
MT310083,FD-006,public,,domestic-standard,,False
MT310183,FD-030,residential,,domestic-low,138.3,False
MT310964,FD-017,residential,,domestic-low,47.6,True
MT301055,FD-023,public,,domestic-standard,,False
MT309674,FD-021,residential,,domestic-low,93.0,False
MT309986,FD-013,residential,,industrial,,True
MT300480,FD-020,residential,,commercial,210.5,True
MT309933,FD-018,residential,,industrial,,True
MT310206,FD-028,public,,domestic-low,,True
MT309945,FD-008,residential,,social,160.5,True
MT307436,FD-031,commercial,,domestic-standard,67.0,False
MT309510,FD-005,industrial,,domestic-low,11.0,True
MT301823,FD-007,public,,commercial,115.4,False
MT300362,FD-023,residential,,domestic-standard,171.9,False
MT309131,FD-017,industrial,,domestic-low,,False
MT302803,FD-033,residential,,commercial,49.7,True
MT309999,FD-012,residential,,domestic-low,,False
MT305495,FD-018,commercial,,domestic-standard,161.4,True
MT305431,FD-035,industrial,2021-12-02,commercial,165.4,True
MT302561,FD-025,public,2024-09-27,domestic-low,161.2,False
MT300684,FD-035,residential,,industrial,99.6,False
MT301063,FD-008,residential,,domestic-standard,197.2,False
MT305566,FD-005,industrial,,domestic-standard,104.2,True
MT304592,FD-034,industrial,,social,,False
MT304276,FD-022,residential,,domestic-standard,,True
MT304202,FD-032,residential,,domestic-standard,147.4,False
MT301489,FD-024,residential,,domestic-low,62.4,False
MT305914,FD-017,public,,commercial,25.2,True
MT310725,FD-005,residential,,social,,False
MT308312,FD-030,public,,domestic-standard,,True
MT306863,FD-016,residential,,commercial,67.4,False
MT305746,FD-025,industrial,,domestic-low,189.8,True
MT308980,FD-012,residential,,social,67.1,False
MT303103,FD-013,residential,,domestic-low,13.5,False
MT306166,FD-031,public,,social,133.4,True
MT301665,FD-005,residential,,social,157.8,False
MT308769,FD-035,residential,,commercial,36.5,False
MT304299,FD-019,public,,industrial,,False
MT303517,FD-020,residential,2022-11-14,industrial,,True
MT303971,FD-036,residential,,commercial,218.1,False
MT305457,FD-031,public,,industrial,68.0,False
MT301317,FD-012,residential,,domestic-standard,101.1,False
MT302570,FD-037,residential,,commercial,41.4,False
MT308513,FD-018,commercial,,industrial,284.0,True
MT300450,FD-008,industrial,,domestic-low,79.0,False
MT300941,FD-012,residential,,commercial,,False
MT308717,FD-006,residential,,commercial,111.8,True
MT306359,FD-022,residential,,social,,True
MT304977,FD-009,public,,industrial,136.0,False
MT309202,FD-010,residential,,domestic-low,,True
MT309707,FD-003,public,,domestic-standard,,False
MT301151,FD-013,industrial,,domestic-standard,12.1,True
MT302431,FD-023,industrial,2026-01-13,domestic-standard,,True
MT308467,FD-022,residential,,domestic-low,109.9,True
MT310099,FD-018,industrial,,domestic-standard,,True
MT303436,FD-027,residential,,domestic-standard,176.1,False
MT307888,FD-001,industrial,,social,70.4,True
MT309687,FD-035,residential,,commercial,,False
MT301877,FD-009,residential,,social,210.5,False
MT303595,FD-020,residential,,domestic-standard,,True
MT304094,FD-037,public,,domestic-low,65.5,True
MT307890,FD-020,public,2022-11-16,domestic-low,118.7,False
MT306842,FD-018,residential,,social,,False
MT301580,FD-036,public,,commercial,113.8,True
MT305420,FD-006,commercial,,industrial,61.1,True
MT310610,FD-018,commercial,,commercial,47.2,True
MT309871,FD-020,residential,,commercial,124.3,False
MT308704,FD-002,residential,,domestic-low,,True
MT307176,FD-025,public,,industrial,114.9,True
MT300919,FD-029,residential,,social,178.5,True
MT309663,FD-025,residential,,domestic-standard,90.3,True
MT310444,FD-029,industrial,,domestic-low,171.1,True
MT308795,FD-004,commercial,,domestic-low,,True
MT306469,FD-032,public,,domestic-low,,True
MT304491,FD-012,industrial,,domestic-standard,232.5,True
MT305884,FD-030,commercial,,industrial,,True
MT307484,FD-003,residential,,domestic-standard,81.6,False
MT301619,FD-028,commercial,,domestic-low,8.5,True
MT305253,FD-013,residential,,commercial,108.4,True
MT305312,FD-011,industrial,,commercial,168.4,False
MT307372,FD-016,residential,,social,57.1,True
MT305438,FD-028,residential,2024-10-16,industrial,,True
MT301943,FD-023,residential,,industrial,,False
MT301754,FD-007,residential,,industrial,102.2,True
MT300624,FD-014,commercial,,domestic-standard,,False
MT304540,FD-028,commercial,,domestic-low,64.2,False
MT301862,FD-013,industrial,,industrial,29.7,True
MT304231,FD-012,industrial,,domestic-low,148.1,False
MT304144,FD-025,commercial,2025-06-10,domestic-standard,,False
MT309988,FD-030,industrial,,domestic-standard,223.9,False
MT305336,FD-025,residential,,social,,False
MT310563,FD-036,residential,,commercial,249.3,True
MT304017,FD-021,public,,domestic-low,206.6,False
MT306787,FD-019,residential,,domestic-low,105.8,True
MT307066,FD-001,industrial,,industrial,,False
MT307552,FD-018,public,,social,,False
MT303036,FD-025,industrial,,domestic-low,10.8,False
MT304026,FD-028,public,2025-11-06,social,153.3,True
MT305308,FD-017,public,2021-01-26,domestic-low,140.5,False
MT308208,FD-026,industrial,,domestic-standard,72.7,True
MT307732,FD-029,commercial,2023-07-26,social,,False
MT307378,FD-035,residential,,domestic-low,,False
MT302266,FD-027,residential,2022-09-12,domestic-low,36.9,True
MT310674,FD-009,residential,,domestic-low,251.5,True
MT302845,FD-029,residential,,social,,False
MT309079,FD-029,public,,social,178.1,False
MT310817,FD-019,residential,2024-11-06,domestic-low,,True
MT304608,FD-004,residential,,domestic-low,35.4,False
MT310529,FD-014,commercial,,domestic-low,110.8,False
MT301339,FD-011,residential,,social,,False
MT302410,FD-004,residential,,commercial,,False
MT309503,FD-010,commercial,,domestic-low,99.0,False
MT304892,FD-023,residential,,domestic-low,50.0,True
MT303899,FD-026,industrial,,commercial,99.4,True
MT309761,FD-037,commercial,,domestic-low,,False
MT306388,FD-019,public,,domestic-standard,208.3,False
MT303064,FD-002,commercial,,domestic-standard,51.9,True
MT309102,FD-012,residential,,domestic-standard,,True
MT304850,FD-006,residential,,industrial,252.4,False
MT300857,FD-018,residential,,domestic-low,186.9,False
MT306018,FD-018,public,,domestic-standard,87.5,True
MT301034,FD-028,residential,,domestic-low,,True
MT307196,FD-031,industrial,,commercial,74.2,True
MT308347,FD-017,residential,,domestic-standard,,False
MT300060,FD-003,commercial,,domestic-standard,79.4,True
MT304262,FD-021,residential,2021-04-08,industrial,47.2,False
MT304246,FD-023,commercial,,social,,True
MT304384,FD-030,residential,,commercial,,False
MT305539,FD-021,commercial,,social,84.4,False
MT300581,FD-013,residential,2023-02-05,domestic-low,,False
MT306326,FD-003,commercial,,domestic-low,144.6,False
MT309879,FD-017,industrial,,industrial,,False
MT308185,FD-019,residential,,social,,False
MT305940,FD-027,public,,domestic-low,42.2,True
MT305103,FD-010,residential,,domestic-low,10.1,True
MT303950,FD-020,residential,,domestic-low,,True
MT306882,FD-032,residential,,social,127.1,False
MT309504,FD-025,residential,,domestic-standard,174.6,False
MT303136,FD-023,commercial,,commercial,83.2,False
MT308788,FD-023,industrial,,commercial,109.7,False
MT300033,FD-027,residential,,domestic-standard,111.3,True
MT307642,FD-007,residential,,social,112.2,True
MT302612,FD-012,public,,commercial,184.6,False
MT308464,FD-029,residential,,domestic-low,190.3,False
MT309657,FD-028,industrial,,commercial,10.7,True
MT310677,FD-024,residential,,industrial,151.4,True
MT306864,FD-033,residential,,commercial,,True
MT308920,FD-024,industrial,,social,,False
MT304129,FD-008,residential,,industrial,,False
MT309201,FD-024,public,,domestic-standard,,False
MT305344,FD-015,residential,,industrial,,False
MT300540,FD-006,residential,,social,202.0,False
MT309361,FD-030,public,,social,162.3,False
MT310220,FD-002,residential,,industrial,134.3,False
MT301977,FD-015,residential,,domestic-standard,161.9,False
MT310168,FD-023,residential,,industrial,96.1,False
MT302398,FD-029,commercial,2019-07-21,domestic-low,177.6,False
MT300146,FD-027,residential,,industrial,,False
MT304784,FD-028,residential,,domestic-standard,136.8,True
MT308774,FD-012,residential,,domestic-low,141.7,True
MT303116,FD-021,public,,domestic-low,,False
MT309272,FD-018,residential,,commercial,246.8,True
MT309326,FD-035,residential,,domestic-low,133.2,True
MT308319,FD-019,residential,2025-08-05,commercial,,False
MT305761,FD-017,commercial,,domestic-low,128.8,True
MT302184,FD-029,residential,,social,117.8,True
MT301285,FD-036,public,2024-04-23,domestic-low,111.0,False
MT305218,FD-032,commercial,,social,139.3,True
MT300275,FD-021,residential,,domestic-low,190.5,True
MT300575,FD-035,commercial,,industrial,,False
MT302404,FD-012,commercial,,domestic-low,,False
MT300525,FD-019,industrial,,commercial,156.3,False
MT301480,FD-023,residential,2023-03-23,domestic-standard,,False
MT306582,FD-030,public,,social,,False
MT306652,FD-035,industrial,,social,29.3,True
MT300459,FD-004,residential,,social,48.2,False
MT304878,FD-034,residential,,domestic-low,93.1,True
MT300916,FD-037,industrial,,domestic-low,,True
MT307049,FD-010,residential,,domestic-low,106.0,True
MT303046,FD-006,commercial,,domestic-low,175.9,True
MT305061,FD-035,public,,commercial,,False
MT309634,FD-017,residential,,commercial,,True
MT303457,FD-007,residential,,social,,False
MT309913,FD-006,residential,,domestic-standard,131.3,False
MT308637,FD-003,residential,,social,40.4,True
MT307617,FD-024,commercial,,commercial,75.2,True
MT309285,FD-016,residential,,industrial,188.3,True
MT303502,FD-019,residential,,industrial,,True
MT309172,FD-024,residential,,social,224.6,False
MT306785,FD-013,public,,domestic-low,53.3,True
MT304912,FD-016,commercial,,commercial,,True
MT301258,FD-022,residential,,domestic-low,,True
MT307327,FD-015,residential,,domestic-low,66.2,False
MT304433,FD-022,residential,2019-03-15,domestic-low,,False
MT307709,FD-016,commercial,,domestic-low,133.4,True
MT300005,FD-028,residential,,domestic-low,172.7,False
MT300535,FD-013,residential,,domestic-low,66.4,False
MT310490,FD-033,residential,,domestic-low,93.4,True
MT306330,FD-024,residential,,domestic-standard,,True
MT304874,FD-030,residential,,domestic-low,211.7,False
MT301223,FD-036,residential,,domestic-low,,False
MT310320,FD-012,industrial,2020-03-10,industrial,,True
MT302686,FD-003,residential,,domestic-low,104.9,True
MT306000,FD-002,residential,,domestic-low,76.5,False
MT301495,FD-007,residential,2020-02-23,commercial,,True
MT310315,FD-026,public,,industrial,91.0,False
MT307122,FD-034,public,,domestic-standard,73.1,False
MT308265,FD-014,public,,social,,False
MT301690,FD-010,industrial,,social,122.7,False
MT304839,FD-025,industrial,,domestic-standard,98.3,True
MT302974,FD-032,residential,,social,47.5,False
MT303098,FD-004,residential,,domestic-low,,True
MT309378,FD-008,residential,,domestic-low,,False
MT305424,FD-025,commercial,,domestic-low,156.9,False
MT309063,FD-003,industrial,,domestic-low,,False
MT308431,FD-010,public,,social,105.0,True
MT309833,FD-020,public,,industrial,,True
MT304762,FD-031,public,,commercial,71.5,False
MT300598,FD-035,public,2025-10-05,domestic-standard,256.0,True
MT310772,FD-021,commercial,,domestic-low,110.5,True
MT308822,FD-018,public,,domestic-low,,False
MT300920,FD-036,industrial,,domestic-low,82.5,False
MT310659,FD-030,residential,,industrial,102.0,False
MT307353,FD-018,residential,,domestic-low,101.9,False
MT300784,FD-034,industrial,,industrial,49.7,False
MT301753,FD-030,residential,,domestic-low,,True
MT302315,FD-023,residential,,social,156.7,False
MT305358,FD-035,commercial,,domestic-low,31.4,False
MT300798,FD-037,public,,commercial,11.0,False
MT309413,FD-006,residential,,industrial,119.2,True
MT303104,FD-029,residential,,industrial,203.4,True
MT309431,FD-018,commercial,,domestic-low,,True
MT300584,FD-017,residential,,domestic-low,56.9,False
MT300653,FD-003,commercial,,commercial,,True
MT308044,FD-010,residential,,commercial,120.2,False
MT304959,FD-013,residential,,industrial,214.0,False
MT303851,FD-014,public,,domestic-standard,109.9,False
MT302414,FD-029,residential,,domestic-standard,,True
MT308590,FD-020,industrial,,commercial,159.0,False
MT303615,FD-010,industrial,,domestic-standard,,True
MT302304,FD-024,commercial,,commercial,8.7,True
MT301005,FD-010,industrial,,industrial,112.3,False
MT303660,FD-020,residential,,commercial,,True
MT309094,FD-020,commercial,,commercial,,False
MT309446,FD-001,residential,,commercial,139.4,True
MT305547,FD-017,public,,social,111.1,False
MT301812,FD-025,commercial,,domestic-low,163.3,False
MT305862,FD-007,industrial,,social,,False
MT301454,FD-004,residential,,industrial,128.6,False
MT302965,FD-011,commercial,,social,69.0,False
MT306269,FD-029,residential,,industrial,154.4,True
MT307074,FD-005,residential,,domestic-standard,46.0,True
MT309543,FD-031,residential,2020-03-31,industrial,174.4,True
MT307529,FD-029,industrial,,domestic-standard,,False
MT302543,FD-032,residential,,commercial,,False
MT303570,FD-012,residential,,domestic-low,132.1,True
MT305142,FD-030,industrial,2024-02-05,domestic-low,129.9,True
MT300541,FD-012,residential,2022-07-03,commercial,,True
MT302600,FD-032,industrial,,social,,False
MT308326,FD-024,public,2020-09-21,commercial,236.5,True
MT301455,FD-019,industrial,,industrial,212.6,True
MT309680,FD-035,public,,domestic-low,,True
MT308052,FD-012,residential,,industrial,109.0,False
MT310347,FD-033,industrial,,domestic-low,118.8,False
MT307930,FD-025,commercial,,domestic-low,,False
MT308391,FD-017,commercial,,social,125.3,False
MT300433,FD-019,residential,,industrial,149.4,False
MT308801,FD-032,commercial,,social,204.9,True
MT310812,FD-032,residential,,domestic-standard,149.0,False
MT301887,FD-035,public,,industrial,,False
MT304978,FD-033,public,2019-04-14,commercial,19.4,True
MT306250,FD-017,residential,,domestic-low,93.6,False
MT303936,FD-034,commercial,,domestic-standard,100.3,False
MT306476,FD-007,residential,,domestic-standard,225.1,True
MT309801,FD-033,residential,2019-06-16,domestic-low,18.8,True
MT300438,FD-003,residential,,social,25.9,False
MT303970,FD-028,residential,,industrial,,True
MT309845,FD-011,residential,,commercial,,True
MT306412,FD-002,industrial,,commercial,124.3,True
MT305854,FD-021,public,,social,,False
MT303915,FD-024,residential,,domestic-low,,False
MT305879,FD-035,industrial,,social,197.9,True
MT306014,FD-006,industrial,,domestic-standard,102.5,True
MT301060,FD-024,residential,2021-06-08,domestic-low,,True
MT301541,FD-030,residential,2021-04-02,domestic-low,,True
MT306854,FD-021,public,,domestic-standard,,False
MT303276,FD-001,residential,,industrial,,False
MT308619,FD-008,public,,social,169.8,True
MT302153,FD-024,residential,,domestic-standard,,False
MT310948,FD-003,residential,,commercial,,False
MT301210,FD-020,commercial,,domestic-low,240.3,True
MT308546,FD-030,residential,,social,12.0,False
MT303836,FD-025,public,,domestic-low,,True
MT307202,FD-026,public,,domestic-low,32.7,False
MT304165,FD-035,residential,2025-09-25,industrial,,False
MT305471,FD-030,residential,2021-02-01,domestic-low,,False
MT306793,FD-009,residential,,commercial,121.1,True
MT308782,FD-016,industrial,2022-01-07,domestic-low,,True
MT308755,FD-006,industrial,,domestic-standard,43.6,False
MT310657,FD-033,commercial,,commercial,204.7,True
MT304091,FD-020,residential,,commercial,182.4,True
MT309698,FD-016,commercial,,social,71.5,True
MT303574,FD-013,residential,,domestic-low,123.5,False
MT303076,FD-019,public,,commercial,55.1,True
MT304469,FD-017,commercial,,domestic-standard,,True
MT309735,FD-026,commercial,,commercial,,False
MT307004,FD-023,industrial,2025-03-02,social,,True
MT305195,FD-001,residential,,domestic-low,61.7,True
MT306999,FD-033,commercial,,domestic-standard,,False
MT306873,FD-018,residential,,commercial,12.1,True
MT302725,FD-034,industrial,,commercial,34.9,True
MT302642,FD-021,commercial,,domestic-standard,,True
MT307702,FD-037,residential,,commercial,131.9,False
MT304627,FD-016,commercial,,domestic-low,,False
MT309603,FD-036,commercial,,domestic-low,92.3,False
MT306635,FD-028,residential,,domestic-low,18.9,True
MT306702,FD-011,commercial,2025-01-10,social,,True
MT301922,FD-030,commercial,,domestic-low,,False
MT305121,FD-024,industrial,,domestic-standard,11.1,False
MT303982,FD-017,commercial,,commercial,42.4,True
MT300794,FD-014,residential,,social,93.3,True
MT308663,FD-012,residential,2021-08-10,commercial,144.6,False
MT310114,FD-033,residential,,social,42.1,True
MT300077,FD-034,commercial,,domestic-low,,False
MT307139,FD-027,residential,,domestic-standard,,False
MT301770,FD-027,residential,,domestic-low,,True
MT307053,FD-016,public,,domestic-standard,,True
MT303862,FD-034,residential,,social,,False
MT302517,FD-016,public,2025-04-09,domestic-standard,36.2,False
MT309721,FD-036,industrial,,commercial,161.1,False
MT306890,FD-002,residential,2022-02-20,domestic-standard,111.6,False
MT309754,FD-001,commercial,,social,85.5,False
MT306036,FD-019,public,,domestic-low,31.2,True
MT304131,FD-014,residential,,industrial,,True
MT300814,FD-011,public,,domestic-standard,11.0,True
MT302271,FD-022,industrial,,industrial,152.3,False
MT302252,FD-025,residential,2022-03-26,social,,False
MT300667,FD-017,residential,,social,,False
MT309224,FD-013,residential,,domestic-low,109.3,False
MT303870,FD-011,industrial,2024-11-24,social,93.9,False
MT303917,FD-010,residential,,domestic-low,,False
MT305377,FD-010,residential,,industrial,24.6,False
MT300372,FD-005,residential,,domestic-low,72.9,False
MT300390,FD-036,residential,,domestic-standard,,True
MT307305,FD-027,residential,,commercial,151.0,True
MT305115,FD-026,industrial,,domestic-low,123.5,False
MT300593,FD-030,residential,,industrial,,True
MT307338,FD-003,residential,2021-01-28,social,111.3,False
MT307650,FD-037,industrial,,domestic-low,225.3,True
MT309968,FD-028,residential,,domestic-standard,,True
MT310916,FD-027,residential,2021-05-29,domestic-low,83.5,True
MT305207,FD-017,residential,,industrial,,True
MT303688,FD-002,residential,,commercial,,False
MT303828,FD-016,commercial,,industrial,128.7,False
MT305027,FD-024,residential,,domestic-low,164.9,True
MT309908,FD-002,industrial,,domestic-standard,11.9,True
MT308015,FD-018,residential,,domestic-standard,,True
MT302205,FD-019,residential,,commercial,10.0,True
MT301796,FD-005,residential,,industrial,,False
MT309426,FD-013,commercial,,domestic-low,136.8,False
MT303157,FD-014,public,,domestic-low,,True
MT309517,FD-026,residential,,commercial,265.2,True
MT308675,FD-003,residential,,social,,True
MT309920,FD-031,public,,social,26.4,True
MT309284,FD-008,residential,,domestic-low,49.0,False
MT305384,FD-024,industrial,2020-10-03,social,74.1,True
MT307766,FD-006,residential,,industrial,118.1,True
MT303691,FD-025,residential,,social,,True
MT309103,FD-020,commercial,,industrial,,True
MT302487,FD-035,public,,domestic-low,190.1,False
MT308060,FD-036,residential,,domestic-low,,False
MT304362,FD-027,residential,,domestic-low,,True
MT306433,FD-016,commercial,,commercial,127.6,True
MT309416,FD-009,industrial,,domestic-low,41.3,False
MT304825,FD-022,industrial,,social,,False
MT310774,FD-012,residential,2020-05-27,social,95.1,True
MT308635,FD-004,residential,,industrial,30.2,True
MT301365,FD-005,public,2023-12-28,commercial,107.0,False
MT300049,FD-009,industrial,,domestic-standard,19.8,True
MT301133,FD-016,residential,,domestic-low,9.4,True
MT304382,FD-032,residential,,domestic-standard,205.9,True
MT306341,FD-021,residential,,domestic-low,263.3,False
MT305597,FD-007,residential,,social,122.8,False
MT308817,FD-005,public,,social,23.3,True
MT301573,FD-011,residential,,social,18.9,False
MT307528,FD-013,residential,,domestic-low,184.3,True
MT309921,FD-019,residential,,commercial,,False
MT304954,FD-034,residential,,commercial,96.8,True
MT306402,FD-032,commercial,,commercial,84.0,True
MT301895,FD-013,residential,,commercial,71.8,False
MT300571,FD-004,residential,,domestic-low,27.7,True
MT301706,FD-002,residential,,social,72.4,True
MT303911,FD-002,residential,,domestic-standard,74.5,False
MT301137,FD-031,residential,,industrial,,False
MT300570,FD-035,residential,,domestic-low,,False
MT303537,FD-011,residential,,commercial,222.7,False
MT305264,FD-006,commercial,,domestic-standard,109.9,False
MT304343,FD-029,commercial,,industrial,119.1,True
MT303494,FD-031,residential,,domestic-standard,178.8,True
MT307656,FD-012,commercial,,commercial,204.9,True
MT306903,FD-035,residential,,commercial,72.7,False
MT301696,FD-016,residential,,social,14.6,False
MT308435,FD-022,residential,,domestic-low,86.7,False
MT305678,FD-025,industrial,,commercial,217.6,True
MT308268,FD-005,residential,,domestic-low,,False
MT306839,FD-002,public,,domestic-low,22.5,False
MT303797,FD-003,public,,domestic-low,,True
MT309241,FD-030,residential,,industrial,174.0,True
MT300728,FD-035,public,,domestic-low,,False
MT303031,FD-002,residential,,domestic-standard,73.8,False
MT306810,FD-014,residential,,domestic-standard,36.0,True
MT309092,FD-022,public,2019-01-13,social,141.8,True
MT305056,FD-029,public,2022-04-16,commercial,87.9,False
MT300250,FD-032,residential,,domestic-low,54.1,False
MT309175,FD-002,public,,commercial,215.2,True
MT306592,FD-009,residential,,domestic-standard,142.4,True
MT305718,FD-022,residential,,domestic-low,,False
MT309695,FD-020,industrial,,social,,False
MT303692,FD-025,commercial,,domestic-standard,28.1,True
MT306396,FD-037,residential,,domestic-standard,,False
MT301677,FD-018,residential,,industrial,,True
MT302201,FD-031,industrial,,domestic-low,66.6,False
MT303340,FD-032,residential,,social,,True
MT310959,FD-016,residential,,domestic-standard,148.7,False
MT305790,FD-002,residential,,commercial,136.1,False
MT300716,FD-033,industrial,,domestic-standard,15.1,True
MT309243,FD-008,commercial,,domestic-low,59.1,True
MT305866,FD-016,residential,,industrial,,False
MT301741,FD-021,residential,,commercial,15.1,True
MT306725,FD-004,public,,domestic-standard,44.7,True
MT303830,FD-024,commercial,,commercial,160.1,False
MT300242,FD-002,residential,,domestic-low,93.9,False
MT309682,FD-004,public,,domestic-low,68.1,True
MT302839,FD-036,public,,commercial,69.9,False
MT301479,FD-037,residential,2023-08-22,commercial,20.4,True
MT309374,FD-033,commercial,,domestic-standard,166.9,False
MT302331,FD-037,industrial,,commercial,16.7,False
MT303135,FD-003,public,,industrial,116.7,True
MT310521,FD-003,commercial,,social,178.5,False
MT306159,FD-021,public,,domestic-low,,True
MT302538,FD-028,residential,,industrial,,False
MT305928,FD-016,residential,,social,104.5,False
MT302606,FD-016,residential,,social,234.1,True
MT304326,FD-015,public,,domestic-standard,53.2,False
MT305446,FD-006,residential,,social,66.8,False
MT307107,FD-007,residential,,domestic-low,,False
MT303809,FD-026,residential,,commercial,133.4,False
MT309112,FD-021,residential,,social,,True
MT305900,FD-001,commercial,,industrial,128.7,False
MT302174,FD-035,residential,,social,170.8,True
MT302903,FD-002,residential,,social,,False
MT310884,FD-012,residential,,domestic-low,154.6,False
MT307094,FD-004,industrial,,domestic-low,,False
MT302295,FD-001,industrial,,social,,False
MT304483,FD-022,public,,commercial,,True
MT309087,FD-023,commercial,,social,54.0,True
MT308642,FD-036,public,,domestic-low,202.4,False
MT307179,FD-020,residential,,domestic-low,,False
MT302816,FD-037,residential,,commercial,240.6,False
MT304361,FD-005,residential,,commercial,82.8,False
MT306624,FD-023,public,,domestic-low,95.7,False
MT307803,FD-016,industrial,,domestic-low,,True
MT302046,FD-003,commercial,,industrial,,True
MT303662,FD-002,commercial,,industrial,155.3,True
MT303484,FD-018,industrial,,domestic-low,222.4,False
MT303869,FD-007,commercial,,domestic-low,56.8,False
MT302698,FD-019,residential,,domestic-low,,False
MT302865,FD-017,residential,,commercial,,True
MT305749,FD-010,public,,domestic-low,69.3,True
MT305221,FD-009,commercial,,social,,False
MT304766,FD-013,public,2022-11-29,domestic-standard,,False
MT304027,FD-010,residential,,social,85.0,False
MT305128,FD-020,commercial,,commercial,,False
MT310633,FD-008,residential,,commercial,211.5,True
MT301656,FD-010,commercial,,commercial,,False
MT304168,FD-007,residential,,industrial,,True
MT304639,FD-002,residential,,commercial,81.9,False
MT305847,FD-029,public,2025-09-24,industrial,,False
MT309970,FD-011,residential,,social,,False
MT304244,FD-024,industrial,,commercial,,False
MT302031,FD-003,residential,,domestic-low,26.8,False
MT308292,FD-034,residential,2024-02-02,social,114.5,False
MT303543,FD-005,residential,,domestic-standard,141.0,False
MT309622,FD-027,residential,,social,,True
MT308759,FD-022,public,,domestic-standard,39.2,True
MT308421,FD-022,residential,,domestic-low,,True
MT300292,FD-005,residential,,industrial,,True
MT300908,FD-035,residential,,commercial,87.3,True
MT302426,FD-017,public,,social,,True
MT306862,FD-011,public,,domestic-low,,True
MT307767,FD-007,industrial,2023-01-23,commercial,90.6,True
MT300046,FD-010,residential,,industrial,,False
MT310540,FD-006,residential,,commercial,98.2,True
MT301236,FD-005,residential,,social,13.0,False
MT307226,FD-034,public,,domestic-standard,59.9,True
MT304965,FD-030,public,,commercial,102.5,False
MT305922,FD-024,commercial,2024-10-02,industrial,178.4,False
MT309967,FD-007,residential,,industrial,,False
MT302325,FD-034,residential,2022-05-21,commercial,102.2,True
MT305738,FD-024,public,,domestic-standard,166.1,True
MT308113,FD-027,public,,domestic-low,95.2,False
MT310658,FD-011,residential,,social,11.7,False
MT300754,FD-028,commercial,2019-12-05,social,180.3,False
MT304877,FD-014,residential,2024-12-06,industrial,9.5,False
MT302700,FD-014,commercial,,industrial,120.6,False
MT306683,FD-025,residential,,domestic-low,20.8,False
MT306364,FD-021,industrial,,commercial,52.4,True
MT300401,FD-028,residential,,industrial,,True
MT305612,FD-029,industrial,,domestic-low,51.1,True
MT308144,FD-022,commercial,,domestic-low,15.0,True
MT304984,FD-003,industrial,,domestic-standard,134.5,False
MT303258,FD-003,residential,,domestic-low,162.6,False
MT300756,FD-022,residential,,industrial,131.8,True
MT300336,FD-018,commercial,,social,47.8,True
MT306493,FD-004,public,,domestic-low,,False
MT301043,FD-023,residential,,industrial,152.1,False
MT303831,FD-013,residential,,industrial,,False
MT301718,FD-007,residential,,industrial,127.0,False
MT301470,FD-003,residential,,domestic-low,47.5,False
MT308062,FD-025,industrial,,social,163.5,False
MT301315,FD-031,residential,,industrial,,False
MT300851,FD-015,industrial,,domestic-low,17.6,False
MT310984,FD-024,commercial,,commercial,56.5,False
MT306338,FD-030,residential,,domestic-low,63.3,False
MT310933,FD-005,residential,,social,32.8,True
MT300029,FD-001,commercial,,domestic-low,,True
MT306753,FD-003,public,,industrial,82.9,False
MT300484,FD-022,commercial,,social,203.5,False
MT306351,FD-017,public,2019-11-12,commercial,,False
MT302514,FD-013,residential,,social,212.0,False
MT307190,FD-033,residential,,industrial,,True
MT309783,FD-028,residential,,commercial,204.4,True
MT308119,FD-008,industrial,,domestic-low,,False
MT301644,FD-005,residential,,domestic-low,32.1,True
MT301970,FD-030,public,,commercial,,False
MT301280,FD-001,industrial,,domestic-low,,False
MT305620,FD-032,public,,social,54.2,False
MT307536,FD-021,residential,,industrial,42.0,True
MT300985,FD-018,residential,2026-01-02,commercial,,True
MT302990,FD-014,industrial,,social,,True
MT305393,FD-011,residential,,domestic-low,63.6,True
MT306294,FD-011,public,,domestic-low,52.5,False
MT308216,FD-017,residential,,domestic-low,151.6,False
MT301572,FD-029,residential,,social,189.1,True
MT306466,FD-037,residential,,domestic-standard,,True
MT301174,FD-008,residential,,domestic-standard,,True
MT307212,FD-029,residential,,commercial,85.4,True
MT302352,FD-037,residential,,domestic-standard,127.2,True
MT302006,FD-029,industrial,,industrial,32.2,False
MT305894,FD-019,residential,,domestic-standard,15.7,False
MT300671,FD-016,commercial,,domestic-standard,,True
MT301921,FD-037,residential,2022-08-18,industrial,255.7,False
MT301093,FD-009,industrial,,domestic-low,127.4,True
MT309184,FD-009,residential,,domestic-low,,False
MT304132,FD-023,industrial,2024-04-13,domestic-low,98.3,False
MT310887,FD-033,residential,,domestic-low,122.4,True
MT300035,FD-034,residential,,domestic-low,267.8,True
MT308710,FD-034,industrial,,domestic-standard,,True
MT310146,FD-002,residential,,domestic-low,,True
MT309334,FD-020,industrial,,commercial,196.2,True
MT306385,FD-028,industrial,2023-11-13,commercial,158.1,True
MT302687,FD-006,residential,,social,,False
MT308655,FD-013,public,,social,45.9,True
MT310987,FD-005,public,,domestic-low,215.9,False
MT308643,FD-001,residential,,domestic-low,171.7,True
MT307416,FD-015,residential,2022-12-08,domestic-low,20.1,False
MT308149,FD-033,industrial,,industrial,104.8,False
MT310467,FD-032,residential,,domestic-low,,True
MT308016,FD-011,industrial,,industrial,,True
MT310269,FD-022,industrial,,social,122.3,False
MT308109,FD-006,residential,,domestic-low,208.8,True
MT310562,FD-035,commercial,,domestic-low,65.8,False
MT300453,FD-022,commercial,,domestic-low,98.0,True
MT307818,FD-006,residential,,industrial,163.9,True
MT304876,FD-006,residential,,domestic-low,149.4,True
MT307198,FD-003,residential,,domestic-standard,,True
MT310193,FD-026,residential,,industrial,71.2,False
MT300755,FD-012,commercial,2023-03-16,domestic-low,17.5,True
MT302099,FD-009,residential,,industrial,81.5,True
MT308620,FD-009,public,,domestic-low,146.7,True
MT310625,FD-030,residential,,industrial,,False
MT300958,FD-023,residential,,domestic-standard,167.3,False
MT310055,FD-029,industrial,,commercial,,False
MT302104,FD-020,public,,commercial,172.5,True
MT304385,FD-001,residential,,domestic-standard,72.0,True
MT304765,FD-030,residential,,domestic-low,180.2,True
MT300925,FD-034,public,,commercial,151.6,True
MT302255,FD-001,residential,,commercial,196.1,True
MT304560,FD-030,residential,,domestic-low,11.9,False
MT306303,FD-033,residential,2021-11-28,commercial,77.1,False
MT310613,FD-034,commercial,,domestic-low,127.7,False
MT308289,FD-018,residential,,domestic-low,42.8,False
MT306039,FD-012,residential,,domestic-standard,91.4,False
MT305169,FD-013,residential,,domestic-standard,9.4,False
MT306919,FD-023,public,,domestic-low,66.6,True
MT302979,FD-037,commercial,,domestic-low,134.6,True
MT302777,FD-021,residential,2019-07-30,domestic-low,63.8,False
MT305178,FD-015,residential,,domestic-low,95.2,True
MT309778,FD-005,industrial,2024-01-10,industrial,,True
MT310841,FD-023,residential,,domestic-low,147.5,True
MT305339,FD-006,public,,social,,False
MT304663,FD-034,industrial,,social,8.4,False
MT307316,FD-014,commercial,,industrial,95.5,True
MT302541,FD-023,public,,domestic-low,118.9,True
MT304255,FD-025,industrial,,industrial,93.4,False
MT302854,FD-035,industrial,,domestic-standard,14.7,True
MT310235,FD-034,public,,industrial,,True
MT302243,FD-001,residential,,industrial,18.1,True
MT301446,FD-034,industrial,,industrial,,False
MT305361,FD-034,public,2020-11-28,commercial,105.8,False
MT300648,FD-006,residential,,domestic-low,45.9,True
MT302318,FD-030,residential,,domestic-low,49.9,True
MT307079,FD-018,industrial,,domestic-low,38.9,False
MT304971,FD-021,residential,,industrial,,True
MT301106,FD-003,public,,domestic-low,108.6,True
MT304759,FD-018,industrial,,social,,False
MT310509,FD-006,commercial,,domestic-low,168.7,True
MT309578,FD-017,residential,,domestic-low,94.5,True
MT309354,FD-030,industrial,,social,167.1,False
MT301995,FD-019,residential,,social,115.9,False
MT310768,FD-033,residential,,domestic-low,139.1,True
MT305782,FD-025,residential,,industrial,231.2,False
MT304552,FD-004,commercial,,social,101.7,False
MT306817,FD-033,public,,social,158.4,True
MT304668,FD-036,residential,,commercial,119.8,True
MT303195,FD-013,public,,industrial,71.1,False
MT306554,FD-025,residential,,social,103.7,False
MT305982,FD-005,residential,,social,,True
MT301218,FD-007,residential,,commercial,81.4,True
MT305351,FD-026,residential,2020-05-05,domestic-low,155.4,True
MT307880,FD-026,industrial,,industrial,85.7,True
MT308945,FD-013,residential,,social,,False
MT310488,FD-006,residential,,commercial,154.0,True
MT305986,FD-016,residential,,domestic-low,,False
MT310930,FD-031,commercial,,commercial,151.6,False
MT310543,FD-036,residential,,industrial,,True
MT304931,FD-007,residential,,social,88.6,False
MT301946,FD-003,residential,,domestic-low,,True
MT306697,FD-007,residential,,domestic-standard,,False
MT306782,FD-027,residential,,commercial,206.7,True
MT307614,FD-004,residential,,social,,True
MT307980,FD-023,residential,,industrial,52.5,True
MT309725,FD-008,residential,,commercial,50.1,False
MT307210,FD-004,commercial,,domestic-low,123.4,True
MT306335,FD-007,commercial,,commercial,72.2,True
MT309533,FD-028,industrial,,social,29.6,False
MT304327,FD-015,residential,,domestic-low,31.6,False
MT305494,FD-030,public,,domestic-low,,False
MT301773,FD-005,commercial,,commercial,,False
MT300165,FD-028,residential,2024-06-03,domestic-standard,,False
MT304190,FD-016,industrial,,social,81.2,True
MT302584,FD-013,residential,,commercial,,False
MT303919,FD-014,public,,commercial,46.1,True
MT309702,FD-013,public,,industrial,,False
MT304036,FD-037,residential,,domestic-low,230.3,False
MT308559,FD-028,residential,,social,91.0,True
MT301253,FD-005,residential,2024-11-12,domestic-low,20.0,False
MT304872,FD-001,residential,,domestic-low,180.9,False
MT305696,FD-027,residential,,domestic-standard,,True
MT308147,FD-037,public,,industrial,116.4,True
MT302802,FD-036,residential,,domestic-standard,85.3,False
MT308080,FD-015,industrial,,domestic-standard,54.5,True
MT309755,FD-004,industrial,,commercial,139.9,True
MT300789,FD-002,residential,,domestic-low,193.3,False
MT309857,FD-024,residential,,social,113.5,True
MT301983,FD-022,industrial,,domestic-low,,True
MT303431,FD-005,residential,,domestic-low,60.0,True
MT304106,FD-033,public,,industrial,,True
MT300449,FD-014,industrial,,domestic-low,182.1,True
MT306752,FD-033,residential,,social,,True
MT309066,FD-017,residential,,industrial,30.9,False
MT307375,FD-034,commercial,,domestic-standard,9.5,False
MT308551,FD-029,residential,,domestic-low,,False
MT310988,FD-017,commercial,,domestic-standard,9.3,True
MT305113,FD-018,residential,,domestic-standard,156.1,True
MT302406,FD-005,residential,,commercial,98.7,False
MT301861,FD-029,industrial,,industrial,112.1,False
MT301730,FD-029,residential,,domestic-low,12.9,False
MT302452,FD-002,public,,industrial,203.5,True
MT306560,FD-033,residential,,commercial,,False
MT302579,FD-006,residential,,commercial,154.2,False
MT306274,FD-008,industrial,,commercial,165.9,False
MT308607,FD-030,industrial,,social,8.3,True
MT300837,FD-023,public,,industrial,107.4,False
MT305646,FD-015,commercial,,social,59.2,True
MT304626,FD-036,commercial,,domestic-low,145.8,True
MT306170,FD-007,residential,,commercial,,True
MT305663,FD-033,public,,social,37.3,True
MT301505,FD-006,public,2026-03-20,domestic-low,,False
MT310848,FD-019,industrial,,social,,True
MT306415,FD-013,residential,,domestic-low,8.7,True
MT303772,FD-037,commercial,,industrial,59.6,False
MT309052,FD-020,commercial,,domestic-low,31.9,True
MT310523,FD-035,public,,commercial,,False
MT308475,FD-026,industrial,,social,101.1,True
MT308477,FD-027,commercial,,industrial,125.9,False
MT308330,FD-032,residential,,commercial,,False
MT300544,FD-026,industrial,,commercial,130.8,False
MT307781,FD-021,residential,,commercial,,False
MT305083,FD-019,residential,,industrial,182.6,False
MT302741,FD-011,residential,,domestic-standard,136.2,True
MT303774,FD-023,residential,,domestic-low,185.0,False
MT309596,FD-007,residential,,domestic-low,135.9,False
MT304873,FD-020,residential,2025-10-18,industrial,,False
MT303479,FD-007,industrial,,domestic-low,,False
MT302206,FD-020,residential,,commercial,,True
MT305680,FD-024,commercial,,domestic-low,168.2,False
MT306580,FD-034,residential,,commercial,96.5,True
MT310585,FD-016,public,,domestic-low,,False
MT309834,FD-029,industrial,,domestic-standard,56.9,True
MT306333,FD-004,residential,2020-04-11,domestic-low,73.7,False
MT302400,FD-030,residential,,commercial,141.6,False
MT304748,FD-012,residential,,industrial,108.6,True
MT305166,FD-034,residential,,commercial,,True
MT309404,FD-028,residential,,domestic-standard,50.5,False
MT305454,FD-036,industrial,,domestic-low,124.3,False
MT305945,FD-009,commercial,,industrial,175.0,False
MT306724,FD-031,residential,,domestic-standard,,False
MT300590,FD-022,commercial,,domestic-low,104.3,False
MT304754,FD-018,public,2019-02-22,domestic-standard,52.5,True
MT307753,FD-009,residential,,domestic-low,,True
MT303086,FD-001,industrial,,domestic-low,,True
MT302506,FD-014,residential,,industrial,17.6,False
MT307497,FD-022,public,,domestic-standard,,True
MT300016,FD-001,industrial,,domestic-low,73.4,True
MT309579,FD-006,public,,commercial,160.9,False
MT302685,FD-007,residential,,domestic-low,35.5,True
MT308270,FD-014,residential,,domestic-low,116.4,False
MT308582,FD-019,residential,2024-11-25,industrial,,False
MT306334,FD-016,residential,,domestic-low,116.5,False
MT303023,FD-034,residential,,domestic-low,119.7,True
MT301491,FD-011,commercial,,domestic-low,44.8,True
MT307819,FD-011,residential,,industrial,129.6,False
MT308007,FD-013,public,,social,,False
MT300508,FD-023,industrial,,domestic-low,52.8,False
MT309571,FD-029,residential,,industrial,,False
MT300178,FD-003,residential,,domestic-low,,False
MT306646,FD-011,industrial,2020-04-22,commercial,52.8,False
MT300603,FD-016,public,,domestic-low,143.0,True
MT304221,FD-033,public,,industrial,121.7,True
MT301046,FD-011,industrial,,domestic-low,,True
MT303920,FD-018,residential,,domestic-standard,135.3,False
MT304969,FD-013,residential,,domestic-low,9.3,False
MT310381,FD-016,industrial,,domestic-standard,,True
MT309454,FD-027,residential,,domestic-low,16.3,False
MT308287,FD-014,residential,,domestic-standard,143.3,False
MT300230,FD-017,residential,,domestic-low,248.4,True
MT310636,FD-006,residential,,domestic-low,105.8,False
MT310980,FD-012,commercial,,domestic-low,46.9,False
MT310042,FD-010,public,,industrial,164.0,True
MT302073,FD-025,industrial,,commercial,,False
MT304980,FD-001,residential,,commercial,173.2,False
MT305532,FD-015,public,,commercial,,True
MT310351,FD-027,residential,,domestic-low,75.6,True
MT307388,FD-021,residential,,commercial,60.4,True
MT300633,FD-026,residential,,domestic-standard,161.1,True
MT307595,FD-025,residential,,commercial,,True
MT310025,FD-003,industrial,,social,168.0,False
MT309439,FD-028,residential,,commercial,180.0,False
MT306536,FD-028,residential,,domestic-standard,136.1,True
MT310669,FD-007,commercial,,domestic-low,,False
MT300403,FD-001,residential,,domestic-low,157.5,False
MT301484,FD-016,residential,,industrial,205.1,True
MT303019,FD-022,residential,,domestic-standard,54.8,False
MT310496,FD-020,residential,,domestic-standard,221.2,False
MT305374,FD-011,public,,domestic-low,145.4,False
MT305316,FD-022,commercial,,domestic-low,,True
MT307565,FD-006,residential,,domestic-low,86.0,False
MT302433,FD-032,residential,,commercial,75.9,False
MT309521,FD-029,residential,,domestic-standard,297.7,False
MT307397,FD-034,residential,,social,,False
MT301749,FD-016,public,,domestic-standard,34.1,True
MT304537,FD-019,residential,,domestic-standard,185.1,True
MT307801,FD-033,residential,,domestic-standard,203.9,False
MT300142,FD-029,public,2026-05-02,industrial,173.8,False
MT300261,FD-012,industrial,,commercial,114.8,False
MT300099,FD-028,public,,domestic-low,21.6,True
MT304749,FD-003,industrial,,industrial,37.9,False
MT304829,FD-028,residential,,industrial,,True
MT300182,FD-011,industrial,,domestic-standard,,False
MT302573,FD-007,public,,domestic-standard,103.4,True
MT307604,FD-008,residential,,social,,True
MT302442,FD-032,residential,,domestic-standard,,False
MT303948,FD-007,residential,,industrial,115.8,False
MT308819,FD-004,public,2021-06-20,domestic-standard,,True
MT310363,FD-016,industrial,,domestic-low,118.9,True
MT300311,FD-018,commercial,,industrial,271.0,False
MT301128,FD-011,industrial,,commercial,,False
MT302702,FD-002,residential,,industrial,,False
MT300281,FD-016,industrial,,commercial,215.5,False
MT309453,FD-022,industrial,,domestic-low,76.0,True
MT303793,FD-013,commercial,,industrial,204.9,True
MT307081,FD-008,residential,2025-06-18,domestic-low,122.6,True
MT302993,FD-009,residential,,domestic-low,163.4,False
MT306826,FD-030,public,,industrial,,False
MT309330,FD-020,residential,2023-02-13,social,35.4,False
MT304247,FD-020,residential,,domestic-standard,,True
MT300185,FD-030,residential,,domestic-low,135.0,False
MT301389,FD-023,residential,,industrial,137.9,True
MT307806,FD-015,public,,domestic-low,190.5,False
MT306312,FD-029,residential,,domestic-low,27.9,True
MT301268,FD-017,residential,,domestic-low,35.4,False
MT310880,FD-018,public,,domestic-low,144.6,True
MT307263,FD-028,residential,,industrial,66.1,True
MT303203,FD-027,residential,2019-08-24,domestic-standard,61.7,False
MT301618,FD-037,public,2020-07-31,domestic-standard,,False
MT308284,FD-014,public,,domestic-low,,False
MT305190,FD-007,residential,,domestic-low,26.8,False
MT303002,FD-012,industrial,,industrial,23.5,True
MT305134,FD-037,industrial,,social,68.1,True
MT302081,FD-030,industrial,,domestic-standard,47.1,False
MT302651,FD-020,residential,,domestic-low,154.3,True
MT309196,FD-003,residential,,domestic-standard,66.7,False
MT309140,FD-022,public,,commercial,39.4,True
MT303814,FD-006,public,,domestic-low,,False
MT304422,FD-009,residential,,commercial,,True
MT302475,FD-021,residential,,domestic-low,38.7,False
MT309654,FD-016,industrial,,industrial,74.3,False
MT309041,FD-007,residential,,domestic-low,112.1,False
MT304049,FD-029,commercial,,domestic-low,118.1,False
MT306357,FD-009,industrial,,social,95.7,True
MT302158,FD-011,public,,social,,True
MT305658,FD-026,residential,,domestic-standard,14.2,False
MT309536,FD-037,public,,domestic-low,,False
MT307108,FD-020,residential,,commercial,191.6,True
MT307112,FD-018,residential,2023-12-24,domestic-low,,False
MT309190,FD-004,residential,,domestic-standard,,False
MT304153,FD-021,commercial,,domestic-low,149.9,True
MT310048,FD-036,commercial,,commercial,131.7,True
MT304760,FD-012,residential,,domestic-low,41.5,False
MT302515,FD-001,commercial,,domestic-low,,True
MT302236,FD-005,industrial,,social,47.2,True
MT310373,FD-006,commercial,2021-09-09,domestic-low,186.5,False
MT301671,FD-020,residential,,domestic-low,60.7,True
MT310864,FD-005,residential,,industrial,105.9,False
MT309322,FD-023,residential,2019-02-26,commercial,174.8,True
MT300967,FD-009,residential,,domestic-low,,False
MT309960,FD-012,residential,,social,51.6,True
MT305257,FD-036,residential,,industrial,176.7,False
MT309187,FD-034,residential,,industrial,147.6,True
MT310950,FD-008,residential,,industrial,8.9,True
MT308919,FD-011,industrial,,domestic-low,29.3,False
MT307856,FD-006,residential,,domestic-low,117.3,True
MT307848,FD-035,residential,,domestic-low,54.8,True
MT302231,FD-024,residential,,domestic-low,173.6,False
MT307879,FD-034,public,,domestic-low,113.2,False
MT310614,FD-020,industrial,,domestic-low,,False
MT307574,FD-006,residential,2025-08-10,domestic-low,17.5,True
MT302528,FD-008,residential,,domestic-low,109.6,True
MT308676,FD-035,commercial,,social,63.0,True
MT302723,FD-013,commercial,,social,177.4,True
MT309931,FD-020,residential,,industrial,106.8,False
MT305605,FD-035,public,2024-12-12,social,12.8,True
MT301676,FD-026,industrial,,social,136.5,True
MT306152,FD-037,public,,domestic-low,100.7,True
MT310267,FD-013,public,,social,177.7,True
MT300703,FD-033,residential,,domestic-low,42.1,True
MT302152,FD-029,industrial,,industrial,77.0,True
MT304782,FD-029,industrial,,social,57.5,False
MT302510,FD-025,residential,,industrial,78.5,True
MT308898,FD-017,residential,,domestic-standard,,False
MT303328,FD-029,public,,domestic-low,,True
MT307684,FD-033,commercial,,industrial,57.0,True
MT304437,FD-025,commercial,,social,,True
MT305146,FD-021,residential,,domestic-low,80.5,True
MT310166,FD-003,industrial,,domestic-standard,71.3,True
MT309512,FD-033,residential,2020-10-20,industrial,212.4,True
MT304680,FD-002,residential,2025-06-05,domestic-standard,,True
MT308320,FD-033,commercial,,domestic-low,,True
MT309836,FD-026,public,,domestic-standard,104.7,True
MT301909,FD-032,residential,,domestic-standard,62.8,False
MT303637,FD-034,industrial,,commercial,155.1,True
MT310747,FD-008,residential,,commercial,53.4,False
MT303787,FD-037,commercial,,domestic-low,175.8,False
MT304047,FD-029,residential,,domestic-low,,False
MT305626,FD-028,industrial,,social,,False
MT300268,FD-016,commercial,2022-11-06,commercial,95.0,False
MT303358,FD-002,residential,,commercial,133.7,False
MT306449,FD-007,residential,,industrial,89.7,False
MT306075,FD-014,residential,,domestic-standard,25.5,True
MT303308,FD-026,commercial,,industrial,,True
MT301316,FD-001,residential,,domestic-low,43.6,True
MT304942,FD-025,commercial,,domestic-low,200.4,False
MT302259,FD-014,residential,,commercial,92.6,True
MT303053,FD-016,residential,,domestic-standard,174.2,False
MT308991,FD-034,commercial,,industrial,111.8,False
MT301525,FD-008,commercial,,social,,True
MT302614,FD-034,residential,,domestic-low,74.1,False
MT310838,FD-012,residential,,commercial,,True
MT305617,FD-027,industrial,,domestic-standard,136.4,False
MT309039,FD-016,residential,,domestic-standard,9.4,True
MT303371,FD-006,public,,social,,False
MT301834,FD-032,residential,,industrial,19.0,True
MT303218,FD-021,residential,,commercial,51.9,True
MT306883,FD-024,residential,,domestic-standard,,True
MT309719,FD-023,residential,,industrial,,True
MT300516,FD-006,public,,domestic-low,32.2,False
MT301279,FD-014,commercial,2024-04-14,social,10.1,True
MT301142,FD-006,residential,,social,141.5,True
MT309770,FD-010,public,2020-07-03,industrial,65.5,True
MT308831,FD-012,residential,,industrial,,False
MT307838,FD-029,industrial,,commercial,151.0,False
MT304115,FD-024,residential,,domestic-standard,156.8,True
MT301543,FD-034,industrial,,domestic-low,,True
MT305387,FD-022,commercial,,industrial,,True
MT304375,FD-033,public,,domestic-standard,100.5,False
MT301156,FD-024,residential,,industrial,130.5,False
MT308433,FD-004,residential,,commercial,140.3,False
MT300320,FD-028,residential,,domestic-low,100.6,False
MT302339,FD-009,industrial,,social,,True
MT307287,FD-018,residential,,domestic-standard,99.7,False
MT308150,FD-013,commercial,,industrial,,True
MT309829,FD-024,residential,,industrial,47.1,False
MT308238,FD-014,public,,domestic-standard,,False
MT310331,FD-010,residential,,domestic-low,44.3,False
MT305378,FD-016,residential,,domestic-low,,False
MT300135,FD-037,public,2023-03-27,commercial,48.0,False
MT306081,FD-011,commercial,,domestic-low,25.9,False
MT305022,FD-028,residential,,domestic-standard,104.2,True
MT307133,FD-037,residential,,domestic-low,,True
MT306804,FD-033,commercial,,commercial,70.6,False
MT309731,FD-018,public,,domestic-low,99.8,True
MT306567,FD-014,industrial,,social,52.6,True
MT302650,FD-006,residential,,social,76.0,False
MT310761,FD-037,commercial,,social,61.2,False
MT303044,FD-010,public,,industrial,,True
MT303152,FD-016,residential,,industrial,,True
MT309081,FD-029,residential,,industrial,,True
MT303124,FD-031,residential,,industrial,,True
MT302765,FD-008,industrial,,industrial,187.8,False
MT300886,FD-001,residential,,social,41.1,True
MT300179,FD-025,industrial,,domestic-standard,,False
MT309317,FD-019,residential,,domestic-low,209.7,False
MT304935,FD-036,residential,,industrial,50.8,False
MT304629,FD-014,residential,,domestic-standard,163.8,False
MT308814,FD-011,residential,2019-01-02,social,74.7,True
MT310652,FD-027,public,,industrial,,False
MT300529,FD-020,public,,industrial,88.6,True
MT302843,FD-021,industrial,,social,,True
MT304324,FD-020,public,,domestic-low,100.3,False
MT300297,FD-005,residential,,social,181.1,True
MT300024,FD-025,residential,,social,,False
MT307736,FD-028,industrial,,domestic-low,49.5,False
MT310411,FD-008,residential,2023-03-17,domestic-low,,False
MT307268,FD-022,industrial,2022-06-04,domestic-low,120.2,False
MT301954,FD-023,residential,,industrial,215.2,False
MT305062,FD-006,residential,,domestic-low,111.1,False
MT308629,FD-003,commercial,,commercial,114.8,False
MT309666,FD-024,public,,domestic-low,,True
MT306791,FD-008,public,,social,,False
MT305841,FD-035,industrial,,domestic-standard,,True
MT306336,FD-018,commercial,,commercial,152.0,False
MT307325,FD-009,residential,,social,263.9,False
MT305177,FD-006,industrial,,industrial,128.6,False
MT304354,FD-009,residential,,domestic-low,294.3,False
MT300330,FD-008,public,2024-07-27,commercial,,False
MT306082,FD-025,public,,domestic-low,,False
MT309919,FD-001,residential,,domestic-standard,17.7,False
MT305999,FD-030,residential,,domestic-low,178.1,False
MT302792,FD-009,commercial,,domestic-standard,154.5,False
MT301168,FD-008,public,,social,68.1,False
MT301813,FD-016,public,,industrial,73.8,False
MT307401,FD-008,industrial,2025-03-19,domestic-standard,,True
MT306813,FD-033,industrial,,social,,False
MT305732,FD-031,residential,,industrial,,True
MT306558,FD-031,residential,,domestic-standard,,True
MT303441,FD-006,industrial,,commercial,,True
MT306440,FD-005,public,,domestic-low,,True
MT310683,FD-003,residential,,social,,False
MT307466,FD-036,residential,,domestic-low,205.1,True
MT302065,FD-021,industrial,,industrial,204.1,True
MT302817,FD-001,industrial,,domestic-standard,132.8,False
MT301627,FD-018,commercial,,social,44.2,False
MT309752,FD-034,residential,,industrial,27.8,True
MT307439,FD-029,public,,commercial,,False
MT304024,FD-030,public,2022-10-10,social,151.1,True
MT310296,FD-004,public,,industrial,,True
MT303473,FD-026,residential,,domestic-standard,36.3,True
MT306589,FD-027,public,2025-12-10,social,40.1,True
MT306411,FD-008,public,2023-11-10,industrial,,False
MT308258,FD-028,residential,,domestic-low,105.2,False
MT308027,FD-021,industrial,,social,,True
MT301804,FD-021,residential,,commercial,129.4,True
MT301657,FD-004,commercial,2019-02-07,social,70.2,True
MT300338,FD-036,industrial,,domestic-standard,,True
MT303337,FD-019,industrial,2025-11-08,domestic-standard,111.3,True
MT306368,FD-033,industrial,,social,30.7,True
MT306125,FD-005,industrial,,industrial,123.2,True
MT305485,FD-004,residential,,domestic-standard,45.9,False
MT308486,FD-020,residential,,domestic-low,,False
MT300674,FD-012,commercial,,social,,False
MT307600,FD-010,residential,,industrial,,False
MT308940,FD-013,industrial,,domestic-low,79.6,True
MT304569,FD-033,public,,domestic-standard,176.6,False
MT305665,FD-025,residential,,industrial,17.7,True
MT302367,FD-029,residential,,social,117.2,True
MT306596,FD-017,residential,,commercial,27.5,False
MT305647,FD-010,industrial,2024-08-04,industrial,37.4,False
MT308380,FD-023,commercial,,domestic-standard,,False
MT305089,FD-001,public,2019-12-12,domestic-low,36.4,False
MT305621,FD-035,industrial,,social,177.5,True
MT301105,FD-028,residential,,social,,True
MT303406,FD-021,residential,2024-08-24,commercial,58.6,False
MT308395,FD-023,industrial,2023-03-31,social,49.5,False
MT305277,FD-012,public,,commercial,9.5,True
MT300641,FD-004,commercial,,industrial,,False
MT308065,FD-013,residential,,social,,True
MT310710,FD-013,residential,,social,,False
MT305435,FD-011,commercial,,domestic-standard,,True
MT300349,FD-029,residential,,domestic-low,,False
MT306892,FD-036,residential,,domestic-low,115.9,True
MT303045,FD-033,residential,,domestic-standard,186.8,True
MT310461,FD-014,industrial,,domestic-standard,,False
MT300158,FD-005,residential,,domestic-standard,148.3,False
MT309618,FD-028,residential,2024-07-26,social,117.4,True
MT300252,FD-016,industrial,,domestic-low,101.6,False
MT310965,FD-023,residential,,social,140.0,False
MT303983,FD-036,residential,,social,116.8,True
MT306727,FD-011,industrial,,social,133.7,True
MT310700,FD-032,residential,2019-10-01,social,122.6,True
MT306355,FD-031,residential,,industrial,,False
MT307889,FD-023,industrial,,social,113.5,True
MT304316,FD-033,public,,domestic-low,,False
MT310837,FD-010,residential,,industrial,14.6,True
MT308426,FD-029,residential,,commercial,,True
MT301795,FD-011,industrial,,commercial,,False
MT305533,FD-006,residential,,domestic-standard,123.8,True
MT303954,FD-005,residential,,domestic-low,85.7,True
MT305148,FD-025,public,,domestic-low,,True
MT303269,FD-032,residential,,domestic-low,152.2,True
MT304067,FD-009,commercial,,social,39.0,False
MT303291,FD-001,public,,domestic-low,187.8,True
MT306453,FD-004,public,,commercial,117.7,False
MT302613,FD-027,residential,,domestic-low,58.5,True
MT303142,FD-009,residential,,domestic-standard,94.4,False
MT305325,FD-023,commercial,,domestic-low,124.1,True
MT303583,FD-003,residential,,social,197.0,False
MT308955,FD-003,residential,,domestic-low,,False
MT303730,FD-007,residential,2026-05-20,social,122.9,False
MT304739,FD-002,residential,,domestic-low,184.2,True
MT302578,FD-029,commercial,,industrial,174.1,True
MT303770,FD-026,residential,,commercial,87.4,False
MT306361,FD-037,industrial,,commercial,97.5,True
MT309365,FD-024,residential,,domestic-low,162.7,False
MT305417,FD-027,residential,,domestic-low,,True
MT302784,FD-031,commercial,,domestic-low,,False
MT306897,FD-029,residential,,social,59.9,True
MT304523,FD-027,residential,,social,,False
MT304891,FD-033,residential,,social,183.6,True
MT305628,FD-003,residential,,domestic-standard,143.9,False
MT308910,FD-011,residential,,commercial,151.9,False
MT310003,FD-015,residential,,industrial,,False
MT300216,FD-029,residential,,industrial,48.9,False
MT307194,FD-028,residential,,domestic-low,257.6,False
MT304628,FD-006,residential,,domestic-low,,True
MT301270,FD-004,residential,,commercial,,True
MT307873,FD-026,industrial,,commercial,43.3,False
MT306638,FD-026,industrial,,industrial,78.2,False
MT310078,FD-003,public,,social,27.9,False
MT308591,FD-024,industrial,,domestic-low,,False
MT301050,FD-013,residential,,domestic-low,,False
MT307496,FD-007,public,2021-09-23,domestic-standard,140.6,False
MT301841,FD-003,commercial,,domestic-low,161.0,False
MT306146,FD-034,residential,,domestic-low,64.8,True
MT306084,FD-034,commercial,,commercial,,True
MT309127,FD-007,residential,,commercial,9.7,False
MT308090,FD-014,residential,,industrial,93.2,True
MT300011,FD-007,residential,,industrial,53.6,True
MT301000,FD-016,commercial,,industrial,,False
MT304686,FD-031,public,,domestic-low,87.4,True
MT304701,FD-012,residential,,commercial,9.6,False
MT305932,FD-001,residential,,domestic-low,,False
MT302034,FD-004,industrial,,social,65.2,True
MT302159,FD-033,commercial,,domestic-low,97.0,False
MT300520,FD-032,residential,,commercial,141.4,True
MT309044,FD-006,residential,,commercial,,False
MT309208,FD-022,residential,,domestic-low,139.3,False
MT302722,FD-002,public,2019-11-07,domestic-low,186.5,False
MT308493,FD-026,residential,,industrial,79.4,False
MT308861,FD-030,public,,industrial,75.2,True
MT303581,FD-037,residential,,commercial,,True
MT306485,FD-021,residential,,commercial,175.3,False
MT305618,FD-016,industrial,,domestic-standard,,True
MT310534,FD-016,residential,,industrial,105.1,False
MT309200,FD-026,public,,domestic-low,21.8,True
MT308825,FD-035,industrial,,commercial,159.5,True
MT310974,FD-018,residential,,industrial,,False
MT310556,FD-024,industrial,,social,,True
MT307887,FD-024,public,,domestic-low,,False
MT307550,FD-023,industrial,2023-01-09,social,,False
MT308856,FD-022,commercial,,commercial,,False
MT305734,FD-033,residential,,domestic-low,166.8,False
MT301531,FD-026,residential,,domestic-standard,69.8,False
MT304177,FD-005,residential,,domestic-low,,False
MT300426,FD-034,residential,,commercial,186.7,False
MT308242,FD-004,commercial,,domestic-low,,True
MT300164,FD-033,residential,,industrial,,False
MT302793,FD-026,commercial,,commercial,232.1,False
MT309820,FD-018,residential,,commercial,,True
MT301492,FD-037,residential,,domestic-low,,False
MT303879,FD-014,residential,,industrial,124.3,True
MT301186,FD-013,commercial,,commercial,,False
MT300657,FD-025,commercial,,social,,True
MT301220,FD-037,industrial,2020-02-14,social,,False
MT303561,FD-017,residential,,commercial,142.4,False
MT300415,FD-033,residential,,domestic-low,72.5,True
MT310297,FD-009,industrial,,domestic-standard,,True
MT300496,FD-013,residential,,industrial,175.1,True
MT306990,FD-009,commercial,,domestic-standard,128.0,True
MT309677,FD-014,residential,,domestic-low,99.5,True
MT305755,FD-031,commercial,2020-02-03,domestic-low,181.0,True
MT305114,FD-012,public,,domestic-low,114.8,False
MT301534,FD-037,public,,industrial,,True
MT310281,FD-020,public,2025-08-03,industrial,80.0,True
MT306191,FD-007,commercial,,domestic-standard,50.9,False
MT300357,FD-006,public,,social,159.2,True
MT304074,FD-003,residential,,domestic-low,216.9,True
MT309987,FD-027,residential,,social,33.1,False
MT306177,FD-036,commercial,,social,,True
MT302721,FD-022,residential,,domestic-low,191.6,True
MT303957,FD-014,residential,,industrial,19.1,False
MT301750,FD-008,residential,,domestic-low,,False
MT302842,FD-021,residential,,industrial,16.5,True
MT300067,FD-004,commercial,,social,123.4,False
MT308213,FD-023,residential,,social,,False
MT307750,FD-020,residential,,social,,False
MT300658,FD-008,industrial,,domestic-low,,False
MT301257,FD-033,residential,,industrial,123.4,False
MT306739,FD-026,public,,commercial,108.3,False
MT308862,FD-021,residential,,social,206.2,True
MT308533,FD-021,commercial,,domestic-low,111.4,True
MT302882,FD-025,residential,,social,,True
MT310231,FD-025,industrial,,commercial,,True
MT303310,FD-023,residential,,industrial,,True
MT304117,FD-030,commercial,,domestic-low,86.7,False
MT301284,FD-014,industrial,,domestic-standard,34.0,False
MT308224,FD-014,industrial,,industrial,58.7,False
MT307926,FD-009,commercial,,domestic-low,125.1,False
MT308068,FD-016,residential,,commercial,46.0,True
MT308460,FD-007,commercial,2022-07-28,social,150.8,False
MT305773,FD-014,residential,,domestic-low,,False
MT309624,FD-037,residential,,industrial,253.3,True
MT304854,FD-009,residential,,commercial,174.2,True
MT307534,FD-003,public,,social,203.0,False
MT307762,FD-009,commercial,,domestic-standard,168.1,True
MT306534,FD-006,commercial,,domestic-standard,137.0,False
MT310804,FD-014,industrial,,social,98.4,True
MT302166,FD-015,commercial,,commercial,64.8,False
MT309522,FD-010,residential,2023-05-18,domestic-low,162.6,False
MT300113,FD-012,industrial,,industrial,190.5,True
MT309885,FD-028,residential,,industrial,,False
MT300588,FD-033,residential,,social,137.7,True
MT302728,FD-005,commercial,,domestic-standard,165.1,False
MT303294,FD-008,public,2020-05-02,industrial,,False
MT310750,FD-013,residential,,domestic-low,117.3,True
MT308428,FD-004,residential,,social,41.1,True
MT308171,FD-017,residential,,domestic-standard,,True
MT308890,FD-037,public,2024-09-18,domestic-standard,,True
MT301430,FD-022,industrial,,social,17.6,True
MT306353,FD-011,residential,,domestic-standard,92.7,False
MT303838,FD-024,residential,,domestic-low,214.5,True
MT307981,FD-015,public,,social,69.0,False
MT303802,FD-036,public,,commercial,,False
MT306240,FD-006,residential,,domestic-standard,,True
MT305370,FD-006,industrial,,domestic-low,119.6,False
MT309799,FD-019,residential,,industrial,59.5,True
MT300003,FD-005,commercial,,domestic-low,8.2,True
MT303008,FD-028,industrial,,social,,True
MT300706,FD-037,residential,2019-12-10,commercial,,False
MT309004,FD-011,residential,,domestic-standard,338.2,False
MT309271,FD-032,residential,,domestic-standard,,True
MT303721,FD-025,residential,,social,151.6,False
MT302981,FD-005,public,,domestic-low,165.7,False
MT309221,FD-029,residential,,social,110.8,False
MT301639,FD-009,residential,,commercial,,True
MT309951,FD-012,residential,,industrial,,True
MT310932,FD-028,commercial,,industrial,,False
MT309007,FD-004,residential,,commercial,124.2,True
MT305412,FD-027,residential,,domestic-low,,False
MT306816,FD-025,commercial,,domestic-low,,True
MT305041,FD-025,residential,,industrial,155.0,False
MT310843,FD-036,public,,commercial,83.4,True
MT302921,FD-002,industrial,,domestic-standard,192.2,True
MT308828,FD-006,public,,commercial,142.5,False
MT303900,FD-020,commercial,,domestic-low,97.5,False
MT307283,FD-031,residential,,domestic-standard,133.3,True
MT304796,FD-027,residential,,commercial,163.3,False
MT308454,FD-023,residential,2023-05-05,industrial,,True
MT304440,FD-016,residential,,social,93.8,False
MT300396,FD-017,residential,,commercial,201.4,True
MT308201,FD-037,public,,commercial,,False
MT306264,FD-008,public,,commercial,,False
MT309720,FD-008,industrial,,social,,False
MT306847,FD-034,residential,,commercial,,True
MT306522,FD-018,public,,commercial,179.4,False
MT302480,FD-036,public,,industrial,44.4,False
MT303769,FD-018,residential,,industrial,70.0,False
MT304961,FD-006,residential,,domestic-low,192.6,True
MT303384,FD-004,residential,,domestic-standard,184.6,False
MT310124,FD-034,commercial,,industrial,141.3,True
MT310312,FD-024,public,,domestic-low,,True
MT302306,FD-009,industrial,,industrial,86.3,False
MT302949,FD-020,industrial,,domestic-standard,,True
MT306611,FD-004,residential,,commercial,100.3,True
MT300669,FD-015,public,,domestic-low,133.5,False
MT306789,FD-033,public,,domestic-low,,False
MT309870,FD-009,residential,,domestic-low,188.0,False
MT307150,FD-034,public,,commercial,,True
MT302932,FD-009,commercial,,domestic-low,88.3,True
MT306604,FD-011,residential,,domestic-low,106.8,True
MT302782,FD-019,residential,,domestic-low,93.1,False
MT302874,FD-027,commercial,,social,247.1,False
MT310117,FD-012,commercial,,industrial,150.1,True
MT305958,FD-032,industrial,,commercial,24.8,True
MT305793,FD-017,residential,2025-02-06,social,186.3,True
MT306092,FD-035,public,,domestic-low,23.5,False
MT302365,FD-027,public,,social,,False
MT302326,FD-019,residential,,domestic-standard,12.3,True
MT307482,FD-030,public,,commercial,,False
MT306315,FD-036,residential,,commercial,,True
MT301686,FD-020,residential,,domestic-low,,True
MT302512,FD-033,residential,,domestic-standard,50.7,False
MT306751,FD-015,residential,,domestic-standard,86.8,True
MT310775,FD-025,residential,,domestic-standard,174.9,False
MT307351,FD-028,residential,2024-02-19,commercial,122.3,True
MT301006,FD-023,commercial,,domestic-low,,False
MT309607,FD-030,residential,,domestic-low,117.7,False
MT307976,FD-035,public,,industrial,,False
MT307121,FD-016,industrial,,social,,True
MT310442,FD-017,industrial,,domestic-low,236.5,False
MT308925,FD-024,commercial,,domestic-standard,,False
MT308653,FD-015,residential,,commercial,102.1,True
MT302371,FD-007,industrial,,social,,False
MT309740,FD-034,public,,commercial,159.6,True
MT307000,FD-029,residential,,domestic-low,94.0,False
MT309228,FD-024,industrial,,domestic-low,,False
MT307950,FD-031,public,,social,221.0,False
MT305382,FD-005,residential,,social,35.0,True
MT300620,FD-027,residential,,domestic-low,22.5,False
MT302550,FD-034,residential,,industrial,114.7,True
MT300283,FD-028,industrial,,domestic-standard,122.7,True
MT307747,FD-021,residential,2019-02-02,social,200.3,False
MT300249,FD-023,residential,,industrial,204.7,True
MT308800,FD-027,residential,2022-05-23,commercial,67.1,True
MT300384,FD-013,public,,domestic-low,91.2,False
MT306953,FD-036,industrial,,social,21.9,True
MT306169,FD-037,residential,,domestic-standard,15.9,False
MT304477,FD-003,residential,2024-08-24,domestic-standard,145.4,True
MT308196,FD-029,residential,,commercial,,True
MT302572,FD-036,industrial,,domestic-low,88.4,True
MT306544,FD-012,residential,,domestic-low,101.3,True
MT309976,FD-031,public,,commercial,106.6,False
MT310528,FD-028,residential,,industrial,,True
MT303237,FD-031,residential,,industrial,178.8,False
MT301705,FD-028,public,,domestic-low,48.6,False
MT303513,FD-034,residential,,domestic-low,53.9,True
MT309658,FD-027,public,,domestic-low,,True
MT310763,FD-031,residential,,commercial,56.6,False
MT303587,FD-010,commercial,,domestic-standard,,True
MT309963,FD-029,industrial,,domestic-low,139.8,True
MT308129,FD-022,residential,,social,78.4,False
MT306511,FD-024,residential,,domestic-standard,184.8,False
MT304140,FD-005,commercial,,social,,False
MT302199,FD-003,public,,domestic-low,17.9,False
MT303712,FD-031,residential,,social,67.0,False
MT309588,FD-003,industrial,,industrial,92.6,True
MT307450,FD-023,residential,,domestic-low,27.9,False
MT307009,FD-003,industrial,,domestic-low,116.7,False
MT300819,FD-034,public,,domestic-standard,69.4,False
MT305920,FD-017,industrial,2022-10-20,domestic-low,22.4,False
MT307608,FD-020,residential,,industrial,155.2,True
MT302037,FD-028,industrial,,commercial,,True
MT305305,FD-022,residential,2021-06-01,domestic-standard,173.6,False
MT305065,FD-010,commercial,,commercial,,True
MT309254,FD-017,commercial,,social,146.9,True
MT303102,FD-026,residential,2025-06-25,domestic-standard,108.1,True
MT304694,FD-001,public,,domestic-low,146.3,True
MT305859,FD-009,residential,,domestic-standard,159.6,True
MT307246,FD-036,public,,domestic-low,126.6,False
MT303527,FD-003,residential,,commercial,82.8,True
MT306109,FD-005,residential,,domestic-low,169.4,True
MT304171,FD-025,residential,,domestic-low,108.8,False
MT306790,FD-036,residential,,industrial,,False
MT301612,FD-029,residential,,social,53.5,True
MT309633,FD-007,public,,domestic-standard,,False
MT302557,FD-034,industrial,,industrial,115.9,True
MT309673,FD-018,residential,,commercial,13.4,True
MT303374,FD-022,public,2020-09-22,social,,False
MT309995,FD-026,residential,,commercial,75.3,True
MT305021,FD-021,residential,,social,102.4,True
MT309379,FD-013,public,,social,60.6,False
MT310353,FD-001,residential,,social,26.5,True
MT303891,FD-017,commercial,,commercial,,True
MT304405,FD-022,residential,,domestic-standard,114.4,False
MT302551,FD-014,residential,,domestic-low,114.9,True
MT303259,FD-037,public,,social,80.1,False
MT300692,FD-002,commercial,2024-12-06,domestic-low,71.2,False
MT308702,FD-030,residential,,domestic-low,,False
MT300446,FD-037,public,,domestic-standard,,True
MT301324,FD-023,industrial,,commercial,74.4,True
MT304503,FD-035,commercial,2019-06-28,commercial,,True
MT300610,FD-026,commercial,,domestic-low,61.3,True
MT301103,FD-018,residential,,social,65.7,False
MT307660,FD-001,residential,,commercial,,False
MT301794,FD-004,residential,2022-06-14,domestic-low,,True
MT306584,FD-008,residential,,domestic-low,,False
MT306387,FD-019,residential,2021-04-22,commercial,35.3,False
MT306881,FD-031,residential,,commercial,187.7,False
MT300058,FD-017,residential,,social,,False
MT307942,FD-006,residential,,commercial,161.6,True
MT300907,FD-029,industrial,,domestic-low,28.7,False
MT303709,FD-001,commercial,,industrial,52.4,False
MT306965,FD-019,public,,domestic-low,126.4,False
MT302708,FD-005,residential,,domestic-standard,10.2,False
MT305459,FD-036,commercial,,domestic-low,,False
MT304835,FD-033,residential,,domestic-standard,60.3,True
MT301234,FD-008,residential,,domestic-low,210.4,True
MT301212,FD-012,residential,2023-11-27,domestic-low,193.0,False
MT310037,FD-024,residential,,industrial,,True
MT307170,FD-034,public,,commercial,227.6,True
MT308712,FD-011,commercial,,commercial,21.3,True
MT303334,FD-032,residential,2020-08-07,commercial,,False
MT305707,FD-029,public,2026-02-08,industrial,,True
MT302627,FD-012,residential,,domestic-standard,84.1,True
MT301073,FD-008,residential,,domestic-low,,False
MT310161,FD-033,residential,,domestic-low,,True
MT305764,FD-033,residential,,domestic-low,63.2,False
MT301836,FD-033,industrial,,commercial,,False
MT306771,FD-004,residential,,commercial,53.3,True
MT310465,FD-002,industrial,,domestic-low,174.9,False
MT308772,FD-036,residential,,domestic-standard,80.8,True
MT302520,FD-014,residential,,commercial,214.6,False
MT301082,FD-023,commercial,,domestic-low,94.2,False
MT308982,FD-016,commercial,,industrial,84.8,True
MT303855,FD-020,commercial,,domestic-standard,,False
MT302695,FD-013,industrial,,commercial,,True
MT301939,FD-004,commercial,,commercial,47.6,True
MT300845,FD-005,residential,,commercial,59.9,True
MT308367,FD-026,residential,2025-12-12,social,,True
MT309251,FD-024,commercial,,domestic-standard,103.7,True
MT304938,FD-004,public,,domestic-low,,True
MT310517,FD-037,residential,,domestic-standard,,False
MT304065,FD-034,industrial,,domestic-standard,224.4,False
MT304620,FD-018,public,,domestic-standard,14.5,True
MT305664,FD-022,residential,,domestic-standard,,True
MT309189,FD-005,industrial,2020-12-06,domestic-standard,248.2,False
MT304366,FD-032,residential,,commercial,,False
MT307128,FD-028,commercial,,industrial,,True
MT304347,FD-012,residential,,commercial,205.2,False
MT306367,FD-013,residential,,industrial,,True
MT309194,FD-025,industrial,,commercial,68.9,False
MT302986,FD-020,residential,,social,,False
MT307175,FD-031,public,,domestic-low,56.1,True
MT301159,FD-032,commercial,,domestic-low,222.1,True
MT307491,FD-028,commercial,,domestic-low,111.5,True
MT306501,FD-016,residential,,domestic-low,,False
MT305887,FD-028,commercial,,domestic-standard,,False
MT307242,FD-009,residential,,commercial,91.8,False
MT302011,FD-010,residential,,social,179.8,True
MT307153,FD-024,public,,domestic-low,,True
MT300025,FD-005,public,,domestic-standard,34.1,True
MT300206,FD-027,industrial,,commercial,116.8,False
MT309593,FD-035,public,,industrial,,True
MT309195,FD-025,public,,domestic-low,163.1,True
MT301301,FD-011,commercial,,domestic-low,139.1,False
MT301123,FD-006,industrial,,domestic-low,175.6,False
MT307218,FD-020,residential,,industrial,,True
MT308480,FD-016,residential,,social,116.2,True
MT303171,FD-037,public,,domestic-low,173.7,True
MT307269,FD-011,residential,,commercial,197.0,True
MT310051,FD-016,residential,2021-06-28,domestic-low,9.3,True
MT304505,FD-017,industrial,,industrial,,True
MT300963,FD-009,residential,,commercial,154.5,True
MT307971,FD-012,residential,,commercial,,False
MT305563,FD-017,industrial,,commercial,15.5,False
MT305216,FD-031,residential,,domestic-low,126.8,False
MT308669,FD-023,residential,,social,,True
MT306672,FD-030,residential,,industrial,119.3,False
MT301889,FD-037,residential,,social,,True
MT304642,FD-035,industrial,,commercial,89.0,False
MT308689,FD-011,commercial,,social,153.4,True
MT302549,FD-034,residential,,domestic-low,139.8,True
MT307897,FD-023,industrial,,commercial,,False
MT306749,FD-025,residential,2026-05-03,commercial,213.3,True
MT306562,FD-022,residential,,domestic-low,56.4,False
MT300105,FD-027,residential,,domestic-standard,255.1,True
MT300494,FD-008,public,,domestic-standard,89.6,True
MT309594,FD-023,residential,,domestic-low,35.4,True
MT301079,FD-025,residential,,domestic-standard,144.2,False
MT305295,FD-033,residential,,domestic-low,129.0,True
MT306645,FD-007,public,2021-08-20,domestic-standard,,True
MT300619,FD-020,residential,,social,,False
MT309809,FD-001,residential,,domestic-low,161.7,True
MT305872,FD-002,public,,commercial,,False
MT310425,FD-021,residential,,commercial,,False
MT309803,FD-001,industrial,,commercial,,False
MT307317,FD-001,commercial,,commercial,,True
MT302647,FD-030,residential,,industrial,84.0,False
MT304996,FD-027,public,,domestic-low,55.2,False
MT305507,FD-011,residential,,domestic-low,96.0,False
MT310034,FD-017,residential,2022-11-04,domestic-low,121.4,False
MT303280,FD-018,commercial,,domestic-low,,False
MT307816,FD-015,residential,2019-01-06,domestic-standard,41.7,True
MT303437,FD-022,residential,,domestic-standard,109.8,True
MT300777,FD-024,public,,domestic-low,35.7,False
MT310800,FD-018,residential,,industrial,51.7,True
MT305286,FD-029,public,,domestic-low,123.5,False
MT306837,FD-029,residential,,domestic-standard,117.1,False
MT304082,FD-008,residential,,domestic-standard,34.4,True
MT302832,FD-017,residential,,domestic-standard,87.0,True
MT308974,FD-033,public,,social,,True
MT301701,FD-021,public,,domestic-standard,,False
MT306266,FD-011,residential,,domestic-standard,161.0,True
MT310088,FD-006,commercial,,domestic-low,,False
MT310934,FD-010,commercial,2020-01-31,domestic-low,86.0,True
MT301413,FD-028,industrial,,domestic-standard,117.4,False
MT309148,FD-034,residential,2020-06-10,industrial,94.0,False
MT305085,FD-033,residential,,commercial,12.7,True
MT308305,FD-023,residential,,social,45.9,True
MT309470,FD-013,residential,,industrial,193.0,False
MT304407,FD-017,industrial,,commercial,152.5,False
MT302482,FD-019,industrial,,domestic-standard,45.4,True
MT304287,FD-019,commercial,,domestic-low,144.3,True
MT304102,FD-007,commercial,,domestic-standard,,True
MT309382,FD-022,residential,,domestic-standard,,True
MT301537,FD-005,industrial,,domestic-low,198.3,True
MT301238,FD-035,residential,,domestic-low,50.7,False
MT300251,FD-009,residential,,domestic-low,,True
MT300546,FD-030,public,,social,20.5,False
MT304962,FD-021,residential,,domestic-standard,,False
MT301609,FD-016,commercial,,domestic-low,78.5,True
MT300163,FD-001,residential,,domestic-low,50.7,True
MT307062,FD-005,residential,,social,100.1,True
MT305997,FD-005,residential,,domestic-low,,True
MT310077,FD-001,commercial,,social,,False
MT300906,FD-024,residential,2019-10-01,industrial,16.1,False
MT303938,FD-015,industrial,,industrial,169.4,True
MT302853,FD-021,residential,,domestic-standard,131.1,True
MT309790,FD-004,residential,,domestic-low,,False
MT301450,FD-034,residential,,domestic-low,45.1,False
MT303714,FD-017,industrial,2025-06-29,domestic-standard,,True
MT306444,FD-033,residential,,domestic-low,33.6,True
MT310564,FD-003,residential,,domestic-standard,,False
MT300577,FD-019,commercial,2021-04-01,domestic-standard,163.1,True
MT308672,FD-008,industrial,,domestic-standard,,False
MT310874,FD-032,residential,,domestic-low,93.4,False
MT306212,FD-018,residential,,domestic-low,53.7,True
MT305579,FD-008,commercial,,social,,True
MT306750,FD-028,public,,social,49.2,False
MT301436,FD-030,residential,,domestic-standard,36.5,True
MT309583,FD-035,residential,,domestic-standard,191.8,True
MT304360,FD-035,public,2024-09-06,domestic-low,127.0,True
MT308333,FD-018,residential,2021-01-07,commercial,66.8,True
MT305615,FD-002,residential,,commercial,85.3,False
MT303378,FD-012,commercial,,domestic-standard,170.0,False
MT308082,FD-024,residential,,domestic-low,,False
MT305576,FD-020,residential,,domestic-low,145.5,True
MT300027,FD-033,public,2023-05-10,domestic-low,,False
MT301636,FD-010,public,2020-04-22,domestic-standard,63.5,True
MT302748,FD-024,commercial,,domestic-standard,100.5,True
MT304869,FD-024,residential,,domestic-standard,9.0,True
MT305363,FD-005,industrial,,domestic-standard,105.0,False
MT309614,FD-017,industrial,,industrial,,False
MT306760,FD-018,commercial,,domestic-standard,101.6,True
MT305409,FD-017,residential,,domestic-low,97.5,True
MT304672,FD-001,industrial,,commercial,75.3,True
MT305397,FD-005,residential,,industrial,38.8,False
MT304380,FD-035,residential,,social,118.9,True
MT307054,FD-012,residential,,industrial,174.3,False
MT306104,FD-013,public,,industrial,,False
MT308969,FD-006,residential,,social,,False
MT304893,FD-034,residential,,domestic-standard,57.6,True
MT302086,FD-026,public,,industrial,138.3,True
MT303491,FD-017,industrial,,social,219.1,False
MT305586,FD-008,public,,domestic-low,153.7,True
MT303558,FD-001,residential,2020-01-31,commercial,77.2,True
MT306195,FD-001,residential,,domestic-low,71.1,False
MT310595,FD-019,commercial,,industrial,147.2,True
MT307607,FD-020,commercial,2019-04-15,domestic-low,50.3,False
MT308039,FD-015,commercial,2025-07-25,social,124.7,True
MT301746,FD-020,residential,2021-06-18,commercial,,True
MT302170,FD-037,residential,,domestic-low,,True
MT303482,FD-014,residential,,social,162.5,False
MT310091,FD-028,residential,2019-04-08,industrial,102.8,True
MT302366,FD-006,industrial,,domestic-low,35.7,True
MT308747,FD-025,commercial,,industrial,140.1,True
MT308785,FD-020,public,,domestic-low,,False
MT301820,FD-027,commercial,,domestic-low,,True
MT300477,FD-014,residential,,domestic-low,35.6,True
MT302381,FD-003,residential,,domestic-low,136.1,True
MT304310,FD-017,public,,social,184.8,True
MT301256,FD-004,residential,,domestic-low,108.7,True
MT306925,FD-031,residential,,domestic-standard,175.4,False
MT309445,FD-032,commercial,,social,318.0,False
MT306188,FD-020,commercial,,domestic-low,295.2,True
MT303005,FD-026,industrial,2021-08-12,domestic-standard,141.5,False
MT305200,FD-011,public,,domestic-low,43.7,True
MT303138,FD-023,residential,,domestic-low,39.3,False
MT302680,FD-002,residential,2019-09-08,domestic-low,77.9,True
MT301700,FD-012,residential,,domestic-low,92.4,False
MT302941,FD-004,residential,,industrial,,False
MT309126,FD-026,residential,,industrial,133.8,False
MT310189,FD-022,residential,,social,165.4,False
MT308674,FD-004,residential,,domestic-low,99.9,True
MT300447,FD-017,public,,social,80.2,False
MT304719,FD-027,residential,,commercial,186.0,False
MT310364,FD-003,commercial,,commercial,109.0,True
MT309193,FD-020,residential,2024-04-02,domestic-standard,,True
MT310712,FD-002,residential,,commercial,,False
MT300872,FD-019,industrial,,domestic-standard,59.2,False
MT308429,FD-001,residential,,domestic-low,224.3,False
MT302969,FD-003,industrial,,domestic-standard,,False
MT302093,FD-009,residential,,domestic-standard,,False
MT303597,FD-012,residential,,social,55.4,False
MT301089,FD-036,residential,,industrial,,True
MT309164,FD-025,residential,,domestic-low,160.3,True
MT310385,FD-006,public,,social,134.2,True
MT301348,FD-013,industrial,,domestic-low,136.0,True
MT308070,FD-007,public,,industrial,98.4,False
MT303521,FD-017,residential,,domestic-standard,110.9,False
MT310634,FD-008,residential,,commercial,176.0,True
MT309746,FD-034,industrial,,commercial,,True
MT301158,FD-020,residential,,commercial,,True
MT302962,FD-016,commercial,,commercial,,True
MT301088,FD-031,residential,,domestic-low,,True
MT310349,FD-025,residential,,industrial,,False
MT310795,FD-025,industrial,,commercial,62.1,True
MT304057,FD-018,commercial,,domestic-low,,False
MT301878,FD-022,residential,,domestic-standard,141.8,False
MT306884,FD-024,residential,,domestic-low,,False
MT301456,FD-012,industrial,,domestic-low,151.7,False
MT304813,FD-013,residential,,domestic-low,69.1,True
MT305671,FD-013,commercial,,domestic-low,,True
MT303800,FD-020,industrial,,domestic-low,39.3,False
MT304753,FD-003,public,,industrial,,False
MT302264,FD-019,residential,,domestic-low,,True
MT306613,FD-013,residential,2022-09-07,domestic-low,,True
MT305463,FD-014,residential,,social,142.7,True
MT310327,FD-005,residential,,domestic-standard,160.7,True
MT309699,FD-023,public,,social,224.8,True
MT307853,FD-023,industrial,,social,,True
MT304116,FD-008,industrial,,commercial,109.7,False
MT307354,FD-027,residential,,domestic-standard,,True
MT306373,FD-019,commercial,,social,63.4,False
MT304520,FD-008,commercial,,social,,False
MT301654,FD-034,public,,social,,False
MT304580,FD-025,residential,,industrial,,False
MT302699,FD-020,public,,domestic-low,,False
MT306154,FD-033,commercial,,domestic-standard,,True
MT305994,FD-023,commercial,,social,,False
MT300640,FD-017,residential,,commercial,169.2,False
MT306943,FD-018,public,,domestic-low,120.6,False
MT303719,FD-011,residential,,domestic-low,,False
MT310407,FD-011,public,,social,32.6,True
MT301099,FD-021,residential,,social,,True
MT309742,FD-027,public,2019-09-14,domestic-low,96.7,False
MT307028,FD-024,residential,,social,68.4,True
MT305811,FD-026,residential,,domestic-standard,207.1,True
MT306935,FD-033,industrial,,domestic-low,,False
MT300475,FD-032,commercial,,commercial,,False
MT306870,FD-009,residential,,commercial,153.1,True
MT302464,FD-014,residential,,industrial,105.6,True
MT309419,FD-018,industrial,,social,,True
MT303816,FD-025,industrial,,domestic-standard,,False
MT306820,FD-022,public,,commercial,109.6,True
MT305278,FD-020,residential,,commercial,95.8,True
MT300406,FD-032,residential,,domestic-standard,36.7,False
MT301968,FD-029,commercial,,domestic-low,70.2,False
MT303529,FD-005,industrial,,domestic-low,161.2,False
MT307674,FD-027,residential,,domestic-standard,143.6,False
MT304502,FD-021,residential,2019-11-10,domestic-standard,73.6,False
MT310559,FD-006,public,,commercial,,True
MT306067,FD-003,residential,,industrial,,True
MT301739,FD-033,public,,domestic-standard,18.3,True
MT306460,FD-014,commercial,,domestic-low,,True
MT308133,FD-032,commercial,,social,70.5,True
MT300974,FD-020,residential,,social,210.7,False
MT307490,FD-030,commercial,,domestic-standard,,False
MT305279,FD-005,residential,,domestic-low,,True
MT303593,FD-037,residential,2019-06-30,industrial,101.1,True
MT310491,FD-029,residential,2024-12-17,social,163.0,False
MT302849,FD-020,industrial,2022-11-16,domestic-low,144.8,True
MT310796,FD-013,residential,,domestic-standard,229.0,True
MT307234,FD-027,industrial,,social,39.6,False
MT308462,FD-033,residential,,social,87.0,False
MT306899,FD-035,industrial,,domestic-standard,39.1,False
MT310802,FD-029,industrial,,domestic-low,162.3,True
MT308719,FD-025,industrial,,domestic-low,,True
MT308385,FD-010,commercial,,commercial,97.1,False
MT304498,FD-014,residential,,social,,False
MT308197,FD-032,residential,,domestic-standard,153.5,True
MT309932,FD-036,public,2020-01-06,social,173.4,True
MT303043,FD-007,commercial,,domestic-standard,55.2,True
MT303018,FD-009,industrial,,social,100.5,False
MT305421,FD-009,industrial,,industrial,146.9,False
MT309575,FD-017,residential,,domestic-low,134.4,False
MT306139,FD-023,commercial,,domestic-low,108.2,False
MT302353,FD-022,residential,,domestic-standard,124.9,True
MT300537,FD-002,public,,commercial,152.7,False
MT306670,FD-034,residential,,social,48.7,True
MT309606,FD-025,residential,,domestic-low,,False
MT301828,FD-015,commercial,,domestic-standard,100.3,True
MT310744,FD-031,residential,,social,45.4,False
MT302872,FD-021,residential,,social,91.3,False
MT308681,FD-035,residential,2026-05-11,domestic-low,153.8,False
MT303557,FD-035,residential,,domestic-low,137.6,True
MT307996,FD-028,residential,,domestic-low,214.3,True
MT303694,FD-028,commercial,,commercial,60.3,True
MT307362,FD-024,residential,,commercial,,True
MT309163,FD-035,public,,domestic-low,55.5,False
MT310834,FD-025,residential,,domestic-standard,55.2,False
MT305321,FD-026,residential,,domestic-low,110.3,True
MT303626,FD-028,commercial,,commercial,,True
MT303698,FD-031,public,,industrial,198.5,False
MT309529,FD-028,public,,social,182.6,True
MT302330,FD-023,residential,,social,135.1,False
MT309468,FD-008,residential,,social,,True
MT304193,FD-029,residential,,social,91.9,False
MT304396,FD-028,residential,,commercial,75.8,True
MT302013,FD-009,residential,,industrial,83.5,True
MT304046,FD-011,commercial,,industrial,,True
MT307805,FD-034,residential,,industrial,164.9,False
MT300013,FD-014,industrial,,domestic-standard,158.8,True
MT307189,FD-013,commercial,,domestic-low,86.2,False
MT301723,FD-025,public,,industrial,11.5,True
MT308813,FD-034,industrial,,industrial,156.5,False
MT306542,FD-022,public,,domestic-standard,,False
MT306244,FD-027,commercial,,domestic-low,,True
MT309084,FD-023,industrial,,social,34.3,False
MT304009,FD-005,residential,,industrial,46.2,True
MT300726,FD-019,residential,,social,38.6,False
MT309751,FD-008,industrial,,domestic-standard,84.3,False
MT301330,FD-016,residential,,domestic-low,,True
MT302173,FD-003,commercial,,domestic-low,20.1,False
MT307875,FD-035,residential,,commercial,159.0,True
MT301670,FD-009,residential,,domestic-standard,,False
MT303961,FD-031,residential,,commercial,,True
MT306814,FD-010,residential,,social,,True
MT303026,FD-019,residential,,domestic-standard,71.5,True
MT302327,FD-013,residential,,domestic-low,,True
MT306137,FD-006,residential,,domestic-standard,78.5,False
MT300065,FD-028,residential,,domestic-low,188.8,False
MT305448,FD-011,public,,domestic-standard,,True
MT310316,FD-016,commercial,,industrial,86.8,True
MT310264,FD-020,residential,,domestic-low,105.5,True
MT306456,FD-033,industrial,,domestic-low,121.1,True
MT300051,FD-022,commercial,,domestic-low,53.9,False
MT308820,FD-029,residential,,domestic-low,162.1,False
MT304932,FD-013,commercial,,domestic-standard,24.8,False
MT306948,FD-033,residential,,social,,False
MT303707,FD-024,residential,,domestic-standard,42.7,True
MT304329,FD-026,public,,commercial,205.1,True
MT301126,FD-001,residential,,industrial,177.7,True
MT302513,FD-001,commercial,,social,,False
MT310072,FD-013,public,,commercial,174.1,True
MT305716,FD-037,public,,social,37.2,True
MT304951,FD-030,industrial,,domestic-standard,90.5,False
MT308043,FD-010,commercial,,domestic-low,17.2,False
MT308138,FD-013,public,,social,10.7,True
MT306918,FD-037,commercial,,domestic-low,171.4,False
MT308665,FD-006,residential,,domestic-low,103.1,False
MT310561,FD-026,residential,,industrial,141.7,True
MT303087,FD-008,residential,,commercial,,True
MT309447,FD-030,residential,2021-09-21,domestic-low,90.3,True
MT306474,FD-025,residential,,domestic-standard,167.5,False
MT301814,FD-012,commercial,,industrial,175.2,False
MT307460,FD-037,residential,,industrial,156.3,False
MT300922,FD-002,residential,,domestic-standard,22.3,True
MT300935,FD-014,public,,domestic-standard,101.6,False
MT305535,FD-023,industrial,,domestic-standard,102.0,True
MT304826,FD-016,residential,,industrial,62.3,False
MT304902,FD-007,residential,,domestic-low,287.1,False
MT301540,FD-023,residential,,domestic-standard,227.8,False
MT304337,FD-028,residential,,industrial,121.2,True
MT302267,FD-020,industrial,,commercial,82.4,True
MT310704,FD-027,commercial,,domestic-low,204.3,True
MT305340,FD-028,commercial,2025-05-18,domestic-low,,False
MT301017,FD-017,public,,domestic-low,93.4,False
MT304004,FD-001,residential,,domestic-standard,61.9,True
MT308457,FD-035,industrial,,domestic-low,119.7,True
MT303040,FD-015,residential,,industrial,176.8,False
MT305095,FD-006,commercial,,social,35.6,True
MT301704,FD-028,residential,,industrial,229.0,False
MT308687,FD-030,industrial,2022-05-24,domestic-low,147.8,False
MT305766,FD-005,commercial,,industrial,82.0,True
MT301293,FD-003,residential,,domestic-standard,58.0,True
MT306431,FD-008,residential,,domestic-low,,False
MT304497,FD-015,industrial,,domestic-low,,False
MT303137,FD-010,commercial,,industrial,,False
MT303354,FD-014,residential,,domestic-low,8.8,True
MT306403,FD-012,residential,,domestic-standard,121.9,False
MT300314,FD-013,residential,,commercial,137.4,True
MT302233,FD-011,industrial,,domestic-standard,108.9,True
MT308228,FD-006,residential,,domestic-low,77.1,False
MT308089,FD-027,public,,domestic-low,25.4,True
MT305699,FD-030,industrial,,social,9.7,False
MT306419,FD-018,public,,industrial,152.5,False
MT308914,FD-024,commercial,,domestic-low,212.0,False
MT308968,FD-027,commercial,,domestic-standard,65.9,True
MT309616,FD-026,industrial,,domestic-low,,True
MT306666,FD-015,residential,,industrial,73.6,False
MT308863,FD-032,industrial,2025-05-18,domestic-low,83.6,True
MT306830,FD-014,residential,,domestic-low,30.5,True
MT305179,FD-003,public,,domestic-low,59.2,True
MT301035,FD-002,residential,,industrial,,False
MT307452,FD-034,industrial,,domestic-standard,48.8,False
MT301155,FD-031,residential,,social,141.5,True
MT302424,FD-001,public,,social,,False
MT305823,FD-037,industrial,,domestic-low,163.2,True
MT307795,FD-021,public,,industrial,69.7,False
MT301842,FD-025,residential,,domestic-low,140.2,False
MT303177,FD-035,industrial,2025-01-04,social,,True
MT303892,FD-008,commercial,,industrial,,True
MT309465,FD-036,commercial,2025-03-12,domestic-standard,84.5,True
MT309617,FD-017,commercial,,domestic-low,,False
MT308786,FD-001,commercial,,domestic-low,21.1,True
MT302694,FD-006,residential,,commercial,112.5,False
MT304535,FD-024,residential,,social,165.4,True
MT301945,FD-012,commercial,2024-05-23,domestic-standard,99.7,False
MT301095,FD-009,residential,,commercial,,False
MT305048,FD-011,public,,industrial,106.7,False
MT308398,FD-020,residential,,domestic-low,161.6,True
MT309718,FD-007,public,,domestic-standard,,False
MT310458,FD-013,commercial,,domestic-low,,False
MT306550,FD-001,commercial,,social,,False
MT300293,FD-027,industrial,,domestic-low,125.8,False
MT302888,FD-032,residential,,social,101.6,True
MT304228,FD-009,residential,2024-02-04,social,68.1,True
MT302870,FD-023,residential,,social,,False
MT305219,FD-012,residential,,industrial,99.7,True
MT307921,FD-009,residential,,social,,False
MT307712,FD-034,industrial,,social,84.2,True
MT303999,FD-028,commercial,,industrial,,True
MT300443,FD-023,commercial,,domestic-low,42.6,True
MT309169,FD-020,residential,,industrial,106.2,False
MT309021,FD-016,residential,,domestic-low,,False
MT303571,FD-037,residential,,domestic-low,,True
MT306932,FD-029,residential,,domestic-standard,132.1,False
MT303854,FD-009,residential,,industrial,150.5,True
MT303689,FD-025,industrial,,domestic-standard,,True
MT300513,FD-023,residential,,domestic-low,,True
MT307799,FD-036,commercial,,social,82.9,True
MT309231,FD-002,commercial,,domestic-low,,True
MT307409,FD-031,residential,,social,,False
MT309500,FD-009,residential,,industrial,131.7,True
MT300898,FD-031,commercial,,domestic-standard,27.7,True
MT305925,FD-009,residential,,industrial,194.1,True
MT303780,FD-021,commercial,,domestic-low,88.3,False
MT306553,FD-016,commercial,,domestic-standard,,False
MT306028,FD-015,residential,,domestic-standard,128.4,False
MT300128,FD-009,industrial,,commercial,,False
MT300038,FD-022,public,,industrial,72.3,False
MT308878,FD-001,industrial,,domestic-standard,72.6,False
MT309038,FD-031,commercial,,commercial,,True
MT305756,FD-024,residential,,domestic-standard,,False
MT307463,FD-036,public,,domestic-low,,True
MT308490,FD-023,residential,,domestic-standard,,False
MT304039,FD-017,industrial,,social,159.8,False
MT301448,FD-016,commercial,,domestic-low,91.7,True
MT300553,FD-032,residential,,domestic-standard,,True
MT300676,FD-014,residential,,commercial,,True
MT305004,FD-035,commercial,,social,,True
MT308632,FD-035,residential,2020-02-02,social,23.8,True
MT305794,FD-031,residential,,commercial,,False
MT302892,FD-016,residential,,commercial,77.3,False
MT302209,FD-018,residential,,domestic-low,,False
MT308833,FD-032,commercial,,domestic-low,162.5,True
MT309560,FD-028,industrial,,domestic-standard,68.5,True
MT305383,FD-035,residential,,commercial,,True
MT306779,FD-004,residential,,social,56.3,False
MT302260,FD-007,industrial,,domestic-low,229.4,False
MT306259,FD-009,public,,domestic-standard,,True
MT310464,FD-017,residential,,industrial,35.0,True
MT305198,FD-006,residential,,social,,True
MT305911,FD-025,industrial,,social,,True
MT304372,FD-015,industrial,,social,90.2,False
MT304669,FD-015,public,2021-06-29,domestic-low,46.1,True
MT307804,FD-025,residential,,social,153.7,False
MT304709,FD-028,residential,,industrial,,True
MT306942,FD-009,commercial,,commercial,136.8,True
MT308469,FD-035,residential,,domestic-low,24.9,False
MT310310,FD-009,residential,,industrial,61.4,False
MT307611,FD-020,industrial,,domestic-standard,44.3,True
MT305068,FD-025,residential,,domestic-low,,False
MT307826,FD-010,commercial,,domestic-low,,False
MT303490,FD-012,commercial,,social,204.3,False
MT304079,FD-009,commercial,,domestic-low,,True
MT304256,FD-036,industrial,,domestic-standard,130.0,False
MT301260,FD-029,industrial,,commercial,112.5,True
MT303515,FD-014,public,,industrial,122.4,False
MT309459,FD-033,industrial,,domestic-standard,39.2,False
MT309872,FD-032,residential,2025-11-14,domestic-standard,,True
MT302280,FD-006,public,2021-07-20,domestic-low,141.9,False
MT304339,FD-034,commercial,,domestic-standard,,False
MT307612,FD-005,commercial,,domestic-low,89.6,True
MT304447,FD-023,commercial,,domestic-low,,False
MT310749,FD-031,industrial,,domestic-low,,True
MT303183,FD-012,residential,,domestic-standard,102.2,True
MT305016,FD-019,residential,2025-10-01,social,17.6,True
MT303576,FD-005,commercial,2025-10-30,domestic-standard,56.7,True
MT301881,FD-023,industrial,,commercial,116.1,False
MT302085,FD-019,residential,,commercial,16.2,True
MT305868,FD-008,residential,,domestic-low,46.8,True
MT301544,FD-029,residential,2019-09-28,social,86.9,False
MT305799,FD-023,residential,,industrial,30.2,False
MT306563,FD-012,residential,2023-01-02,industrial,233.7,True
MT304446,FD-001,residential,,domestic-low,87.2,False
MT310728,FD-017,residential,,domestic-low,89.1,True
MT307457,FD-016,industrial,,domestic-low,,False
MT303723,FD-012,residential,,domestic-low,143.6,False
MT306888,FD-022,industrial,,domestic-standard,63.3,False
MT305282,FD-001,industrial,2022-04-23,commercial,87.9,True
MT310448,FD-021,residential,,industrial,79.1,False
MT304662,FD-005,public,,social,77.7,False
MT304023,FD-007,residential,,domestic-standard,,True
MT308232,FD-025,commercial,2020-04-27,commercial,,True
MT304070,FD-032,residential,,domestic-low,,True
MT301493,FD-021,public,2023-08-30,social,124.0,False
MT310828,FD-031,industrial,,industrial,,True
MT301426,FD-004,residential,,domestic-low,33.2,True
MT304539,FD-005,residential,2020-09-13,domestic-standard,,True
MT306937,FD-004,residential,,domestic-low,,False
MT306230,FD-012,residential,,industrial,89.0,False
MT301617,FD-024,industrial,,domestic-low,,True
MT308626,FD-021,industrial,2020-01-17,domestic-standard,,True
MT303207,FD-017,residential,,domestic-low,65.1,True
MT300536,FD-023,commercial,,social,,True
MT302618,FD-019,residential,,social,203.7,True
MT303696,FD-013,residential,,domestic-low,,True
MT300700,FD-003,residential,,domestic-low,178.5,False
MT309451,FD-023,public,,industrial,125.6,True
MT310579,FD-002,residential,,domestic-low,195.6,False
MT308775,FD-024,commercial,,commercial,14.6,True
MT307274,FD-005,public,,industrial,,False
MT302448,FD-026,public,,domestic-low,96.8,True
MT304124,FD-014,residential,,domestic-low,195.5,True
MT310476,FD-035,residential,2024-11-10,industrial,167.8,False
MT305469,FD-013,industrial,,domestic-standard,,False
MT303564,FD-019,residential,2023-12-11,domestic-standard,,False
MT300810,FD-013,commercial,,industrial,,False
MT310105,FD-027,industrial,,domestic-standard,,True
MT300615,FD-013,industrial,,domestic-low,,True
MT304432,FD-031,public,,social,66.4,False
MT300786,FD-036,commercial,,domestic-standard,,False
MT310808,FD-002,residential,,domestic-low,,True
MT301027,FD-014,industrial,,domestic-low,,False
MT305752,FD-026,residential,,commercial,,False
MT306408,FD-006,residential,,commercial,111.7,True
MT303339,FD-012,public,,domestic-low,,True
MT300614,FD-014,commercial,,social,,False
MT302019,FD-025,residential,,domestic-standard,14.4,True
MT308309,FD-006,commercial,,commercial,29.9,False
MT310904,FD-006,industrial,,domestic-low,,False
MT303889,FD-028,residential,2024-08-18,domestic-low,208.7,True
MT307817,FD-024,commercial,,domestic-low,63.9,True
MT307393,FD-033,residential,,domestic-low,,True
MT301358,FD-037,public,,commercial,,True
MT300741,FD-037,industrial,,domestic-standard,,False
MT308001,FD-016,residential,,domestic-standard,78.9,True
MT303648,FD-007,commercial,,domestic-low,98.4,False
MT300870,FD-017,residential,,domestic-low,19.2,False
MT302824,FD-012,residential,,domestic-low,,True
MT310116,FD-018,residential,,domestic-standard,,False
MT307233,FD-020,industrial,,industrial,184.7,False
MT310473,FD-027,commercial,,domestic-low,,True
MT308361,FD-003,public,,domestic-standard,,True
MT300890,FD-017,residential,,commercial,105.8,False
MT310719,FD-005,residential,,industrial,,False
MT303544,FD-012,public,,domestic-low,26.2,False
MT307526,FD-016,commercial,,commercial,176.3,True
MT306819,FD-033,industrial,,domestic-low,62.3,True
MT305138,FD-026,residential,,domestic-low,,True
MT301477,FD-019,industrial,,domestic-standard,,True
MT307209,FD-029,residential,,commercial,176.3,False
MT306132,FD-013,public,,domestic-standard,,True
MT300543,FD-029,industrial,,social,,True
MT307968,FD-018,residential,,domestic-low,,True
MT302347,FD-033,industrial,,social,,True
MT309357,FD-024,industrial,,domestic-low,164.5,False
MT309523,FD-027,commercial,,industrial,239.8,True
MT304982,FD-020,industrial,,domestic-low,59.1,False
MT306136,FD-014,residential,,domestic-low,99.2,False
MT308505,FD-001,industrial,,commercial,138.3,False
MT308160,FD-023,industrial,,domestic-low,,True
MT303881,FD-017,public,,domestic-standard,101.5,True
MT308323,FD-003,residential,,commercial,,True
MT303295,FD-024,residential,,domestic-low,40.3,False
MT305243,FD-028,commercial,,domestic-low,87.6,False
MT303082,FD-029,public,,social,123.2,True
MT305591,FD-035,residential,,domestic-low,39.0,False
MT310861,FD-006,residential,,domestic-low,,False
MT304242,FD-016,industrial,,domestic-standard,158.9,True
MT310192,FD-003,industrial,,domestic-low,,False
MT300085,FD-011,residential,,social,169.8,False
MT309311,FD-004,residential,,domestic-low,,True
MT301697,FD-034,residential,,domestic-low,75.6,False
MT300063,FD-031,public,,domestic-standard,,False
MT310002,FD-022,public,,social,120.2,False
MT305883,FD-011,residential,,commercial,,False
MT305337,FD-002,residential,,commercial,193.6,True
MT307877,FD-025,residential,,domestic-standard,146.5,True
MT308008,FD-003,residential,,domestic-low,70.3,True
MT307585,FD-011,residential,,domestic-low,,False
MT303107,FD-032,residential,,domestic-low,,True
MT306271,FD-010,industrial,,social,110.8,False
MT306593,FD-014,commercial,,domestic-low,,True
MT307582,FD-017,residential,,social,,True
MT303767,FD-033,residential,,industrial,106.5,False
MT302253,FD-013,residential,,domestic-low,119.6,True
MT309930,FD-014,residential,,commercial,,True
MT303297,FD-034,residential,,social,,False
MT310441,FD-005,residential,,domestic-low,125.3,False
MT310203,FD-034,residential,,industrial,,True
MT309162,FD-005,public,,domestic-low,125.8,False
MT304956,FD-006,residential,,social,45.4,True
MT309410,FD-002,residential,,social,75.3,True
MT309260,FD-034,residential,,commercial,79.6,False
MT302679,FD-023,residential,,social,,True
MT300933,FD-005,residential,,domestic-low,122.6,True
MT306950,FD-026,industrial,,social,,False
MT301051,FD-002,commercial,,domestic-standard,60.8,True
MT310602,FD-031,residential,,domestic-standard,101.8,False
MT306545,FD-023,residential,,industrial,153.2,True
MT306889,FD-011,residential,,domestic-standard,70.5,False
MT305465,FD-029,residential,,domestic-low,,True
MT310410,FD-037,commercial,,domestic-low,79.7,True
MT307083,FD-016,residential,,domestic-low,,True
MT306243,FD-001,commercial,,social,81.0,True
MT307605,FD-035,commercial,,industrial,,True
MT300818,FD-018,residential,,social,111.3,True
MT305828,FD-031,industrial,,commercial,228.0,False
MT302217,FD-020,residential,,domestic-standard,222.8,True
MT300747,FD-020,residential,,domestic-low,,False
MT308120,FD-020,industrial,,social,,False
MT310452,FD-008,residential,,industrial,54.2,True
MT304643,FD-027,commercial,2021-11-30,domestic-standard,,True
MT308302,FD-003,industrial,,domestic-low,167.3,False
MT305232,FD-003,commercial,,domestic-low,,False
MT308341,FD-026,residential,,industrial,267.9,True
MT310291,FD-033,residential,,commercial,,False
MT307448,FD-009,industrial,,domestic-standard,,False
MT307733,FD-029,residential,,domestic-low,97.4,False
MT307467,FD-024,residential,,industrial,99.7,True
MT300031,FD-026,industrial,,commercial,,True
MT309248,FD-014,commercial,,commercial,127.2,True
MT310673,FD-011,public,,domestic-low,,True
MT300500,FD-012,residential,,domestic-low,38.1,False
MT308716,FD-018,public,,domestic-low,171.1,False
MT309861,FD-007,residential,,domestic-low,90.5,True
MT306017,FD-017,public,,domestic-low,75.6,True
MT301805,FD-001,industrial,,industrial,75.0,True
MT309656,FD-035,residential,,domestic-low,44.4,True
MT300677,FD-026,public,,domestic-low,,True
MT307361,FD-003,residential,,domestic-standard,148.2,True
MT308130,FD-029,residential,,industrial,60.8,False
MT308767,FD-018,residential,,domestic-low,,False
MT305781,FD-013,residential,,commercial,11.2,False
MT307740,FD-019,residential,,domestic-low,113.8,False
MT305080,FD-005,residential,2020-08-12,social,,True
MT300076,FD-033,residential,2024-04-13,domestic-low,,True
MT301725,FD-030,residential,,domestic-low,35.1,False
MT300318,FD-035,commercial,,commercial,139.0,True
MT300655,FD-028,industrial,,social,151.1,True
MT309308,FD-037,residential,,domestic-low,164.3,False
MT306128,FD-007,residential,,domestic-low,,True
MT305256,FD-027,industrial,,domestic-low,,False
MT300795,FD-017,residential,,industrial,,False
MT306503,FD-031,residential,,social,206.3,False
MT301616,FD-033,commercial,,social,65.2,False
MT308954,FD-036,public,,domestic-standard,60.8,True
MT307142,FD-019,residential,,industrial,,True
MT306608,FD-026,residential,,domestic-low,109.5,False
MT305944,FD-016,residential,,domestic-low,49.9,True
MT307289,FD-010,industrial,,industrial,,False
MT310998,FD-003,residential,,domestic-low,162.1,False
MT302778,FD-034,residential,,commercial,194.2,True
MT307061,FD-036,commercial,,commercial,189.4,False
MT310706,FD-025,commercial,,domestic-low,,True
MT302478,FD-013,residential,,domestic-low,98.6,True
MT301326,FD-021,public,,industrial,,True
MT306723,FD-025,commercial,,domestic-low,121.6,False
MT309502,FD-005,commercial,,industrial,,False
MT308030,FD-030,public,,industrial,101.5,True
MT303974,FD-002,commercial,,domestic-standard,,False
MT308706,FD-012,residential,,commercial,62.5,True
MT306845,FD-012,residential,2020-12-21,industrial,131.2,False
MT310100,FD-003,commercial,,domestic-low,,True
MT310756,FD-005,residential,,domestic-standard,187.9,False
MT301359,FD-017,commercial,,domestic-low,135.9,True
MT305389,FD-012,commercial,,social,249.9,False
MT300050,FD-020,residential,,domestic-standard,132.2,False
MT305606,FD-014,residential,,domestic-low,57.6,True
MT301427,FD-028,industrial,,domestic-standard,67.5,True
MT308372,FD-003,residential,,domestic-standard,155.9,False
MT307015,FD-035,public,,industrial,,True
MT306656,FD-020,public,,social,226.1,False
MT301227,FD-001,public,,domestic-low,190.0,False
MT306585,FD-010,residential,,domestic-low,10.1,True
MT301816,FD-027,commercial,,domestic-low,96.5,False
MT303636,FD-024,commercial,,domestic-low,132.9,False
MT303460,FD-024,residential,,domestic-low,241.9,True
MT300951,FD-006,commercial,,domestic-low,98.0,False
MT308271,FD-017,industrial,,social,57.5,True
MT309892,FD-018,public,,domestic-low,138.3,False
MT308051,FD-025,residential,,domestic-standard,140.7,True
MT309143,FD-010,residential,,social,83.1,True
MT300722,FD-016,industrial,,social,,False
MT304021,FD-014,residential,,domestic-low,,False
MT303679,FD-027,residential,,commercial,14.5,True
MT307521,FD-006,residential,,domestic-standard,43.1,False
MT303702,FD-007,residential,,commercial,180.9,True
MT303024,FD-009,industrial,,domestic-low,31.0,False
MT301633,FD-026,residential,,domestic-low,11.9,False
MT307029,FD-030,industrial,,domestic-low,153.2,False
MT304501,FD-024,commercial,,domestic-low,48.0,True
MT307772,FD-024,public,,domestic-low,57.7,True
MT310102,FD-012,residential,,domestic-low,25.4,True
MT303833,FD-014,industrial,,domestic-standard,96.0,True
MT308076,FD-013,residential,,commercial,34.2,False
MT302737,FD-005,residential,,domestic-low,48.0,True
MT302953,FD-034,industrial,,industrial,,True
MT300649,FD-021,commercial,,domestic-low,85.7,True
MT305392,FD-029,residential,,industrial,,True
MT305044,FD-017,industrial,,commercial,51.7,False
MT306052,FD-003,public,,domestic-low,26.5,True
MT303884,FD-035,commercial,,domestic-low,,True
MT301827,FD-034,residential,,domestic-low,,False
MT310686,FD-020,residential,2019-10-29,commercial,25.4,False
MT306857,FD-007,residential,,commercial,78.4,True
MT300209,FD-024,residential,,domestic-standard,67.3,False
MT309398,FD-003,industrial,2021-11-05,domestic-low,,True
MT304176,FD-024,commercial,,industrial,47.5,True
MT304616,FD-029,industrial,2025-09-20,industrial,72.9,True
MT305309,FD-034,residential,,social,277.5,False
MT305366,FD-005,public,,commercial,147.2,True
MT306352,FD-004,residential,,social,,False
MT302667,FD-001,residential,2019-01-18,domestic-low,89.3,False
MT307116,FD-016,public,2025-10-22,domestic-low,82.8,True
MT304020,FD-031,commercial,,social,107.6,False
MT310958,FD-011,residential,,industrial,204.9,False
MT304274,FD-035,public,2025-04-07,industrial,123.4,True
MT305831,FD-026,residential,,domestic-low,,False
MT305478,FD-029,residential,,domestic-low,,False
MT310123,FD-029,industrial,,industrial,39.2,True
MT310300,FD-031,industrial,2022-09-09,domestic-standard,41.6,False
MT300656,FD-005,residential,,industrial,,False
MT301418,FD-022,residential,,domestic-standard,,False
MT304373,FD-025,residential,,social,103.9,False
MT300597,FD-033,residential,,industrial,58.2,False
MT306497,FD-004,residential,,industrial,,False
MT305437,FD-002,residential,,domestic-low,,False
MT308948,FD-014,public,,domestic-low,124.2,False
MT303238,FD-011,residential,,domestic-standard,73.3,True
MT302003,FD-024,industrial,,domestic-low,93.6,True
MT304887,FD-008,residential,,industrial,158.2,True
MT301752,FD-015,residential,,commercial,,True
MT305214,FD-008,residential,,social,162.7,False
MT301145,FD-022,residential,,domestic-low,163.6,False
MT303312,FD-013,residential,,domestic-low,44.1,True
MT305713,FD-019,public,,domestic-low,41.6,True
MT303485,FD-034,commercial,,domestic-low,14.1,False
MT310502,FD-026,industrial,,domestic-low,,True
MT309775,FD-008,residential,,domestic-low,96.3,True
MT303206,FD-028,residential,,domestic-low,22.3,False
MT304712,FD-017,commercial,,domestic-low,57.2,False
MT303776,FD-007,public,,social,,True
MT307223,FD-007,residential,,domestic-standard,157.0,True
MT304910,FD-032,residential,,social,,True
MT306168,FD-007,residential,,domestic-low,108.4,True
MT308472,FD-022,commercial,2023-03-14,commercial,54.5,True
MT306840,FD-019,residential,,commercial,,False
MT309712,FD-015,public,,commercial,,False
MT303546,FD-014,public,,social,87.3,False
MT301680,FD-001,commercial,,domestic-standard,89.8,True
MT303180,FD-032,commercial,,domestic-low,171.1,False
MT304780,FD-004,residential,,industrial,,True
MT303065,FD-037,residential,,domestic-low,75.7,True
MT305075,FD-034,residential,,industrial,,True
MT302956,FD-014,residential,,domestic-low,135.1,False
MT301957,FD-003,residential,,social,,False
MT306678,FD-010,residential,,domestic-standard,117.3,True
MT309737,FD-012,residential,,domestic-standard,193.1,False
MT308990,FD-020,industrial,,social,83.8,False
MT309989,FD-036,residential,2019-01-18,industrial,174.9,False
MT309233,FD-028,commercial,,domestic-low,189.0,True
MT303221,FD-007,industrial,,commercial,40.0,True
MT305717,FD-002,industrial,,industrial,104.4,True
MT310878,FD-033,industrial,,social,,True
MT300939,FD-022,residential,,commercial,,True
MT310908,FD-035,residential,,domestic-standard,,True
MT302580,FD-008,residential,,industrial,,True
MT306032,FD-015,public,,domestic-low,,True
MT307451,FD-005,industrial,,domestic-low,87.2,False
MT301755,FD-020,residential,,domestic-standard,48.5,True
MT307352,FD-028,public,,domestic-low,,False
MT310365,FD-014,residential,,social,125.4,True
MT304137,FD-003,commercial,,domestic-low,,False
MT306815,FD-013,commercial,,industrial,,False
MT303032,FD-033,industrial,,social,,False
MT305946,FD-022,residential,,commercial,130.6,True
MT310303,FD-032,residential,,social,74.5,True
MT310218,FD-008,residential,,domestic-standard,,False
MT302014,FD-015,commercial,,social,34.9,False
MT302427,FD-010,residential,,domestic-low,29.4,False
MT310928,FD-023,residential,,commercial,128.7,True
MT303151,FD-001,public,,domestic-low,,True
MT310059,FD-001,residential,2019-12-05,domestic-low,81.7,True
MT308692,FD-010,residential,,commercial,167.3,True
MT308571,FD-007,residential,,industrial,95.5,False
MT301364,FD-032,commercial,,commercial,,True
MT303969,FD-032,residential,,commercial,,True
MT303512,FD-032,public,,domestic-standard,,True
MT303611,FD-030,public,,domestic-low,,False
MT306969,FD-016,residential,,commercial,200.0,False
MT302496,FD-034,industrial,,commercial,,True
MT308575,FD-037,residential,,domestic-standard,73.1,True
MT310400,FD-020,residential,,domestic-standard,,True
MT306838,FD-015,residential,,domestic-low,78.0,False
MT302786,FD-031,residential,,domestic-low,44.1,False
MT307680,FD-018,residential,,domestic-low,11.6,False
MT309080,FD-029,residential,,commercial,217.5,False
MT305769,FD-014,residential,,industrial,,True
MT309914,FD-033,residential,,industrial,192.8,True
MT304350,FD-011,commercial,,domestic-standard,74.0,True
MT300098,FD-028,residential,,domestic-low,,True
MT301116,FD-001,public,,domestic-low,33.3,True
MT307537,FD-037,public,,commercial,11.1,True
MT303341,FD-018,residential,,social,97.0,False
MT307073,FD-001,commercial,,industrial,,True
MT305228,FD-017,residential,,commercial,108.8,True
MT309910,FD-001,public,2023-11-20,industrial,36.5,True
MT301247,FD-036,public,,social,,True
MT302998,FD-024,residential,,domestic-low,,True
MT310062,FD-037,commercial,,industrial,,False
MT306201,FD-031,industrial,,domestic-low,13.5,True
MT300779,FD-029,industrial,2022-05-27,social,143.1,False
MT302156,FD-034,industrial,,domestic-standard,,True
MT303320,FD-014,residential,,commercial,96.8,True
MT310511,FD-012,residential,,domestic-low,187.6,True
MT306140,FD-020,public,,domestic-low,197.2,True
MT305427,FD-002,commercial,,industrial,,False
MT303708,FD-029,residential,,domestic-low,113.3,True
MT310335,FD-019,commercial,,domestic-standard,10.4,False
MT310501,FD-034,residential,,social,31.3,False
MT301398,FD-034,public,,social,84.3,False
MT302711,FD-011,residential,,industrial,140.2,True
MT306316,FD-023,residential,,domestic-standard,116.5,True
MT310118,FD-001,residential,,industrial,,False
MT301379,FD-025,residential,,social,,False
MT307072,FD-001,public,,domestic-low,158.6,False
MT304495,FD-008,residential,,commercial,,True
MT305091,FD-028,industrial,2019-08-31,industrial,,True
MT310966,FD-032,industrial,,social,65.8,False
MT304181,FD-007,residential,,domestic-low,,True
MT300492,FD-006,public,,domestic-standard,,True
MT305875,FD-035,residential,,domestic-low,107.7,True
MT309327,FD-003,commercial,,domestic-low,132.0,True
MT304097,FD-007,commercial,,domestic-standard,,False
MT300757,FD-018,industrial,,commercial,112.7,False
MT304865,FD-003,industrial,,domestic-low,8.0,True
MT306348,FD-003,residential,,domestic-standard,144.8,True
MT301659,FD-029,industrial,,domestic-low,67.9,True
MT309524,FD-024,commercial,,social,41.5,False
MT307323,FD-005,residential,,commercial,,True
MT305311,FD-019,industrial,,domestic-low,29.7,True
MT310362,FD-012,commercial,,industrial,54.7,True
MT304819,FD-012,public,,industrial,14.3,False
MT306012,FD-010,industrial,,social,193.4,True
MT309893,FD-025,public,,industrial,112.5,True
MT303009,FD-013,public,,commercial,170.2,True
MT306896,FD-035,public,,domestic-low,177.5,False
MT306044,FD-014,residential,,domestic-low,233.8,True
MT300340,FD-004,residential,,industrial,100.3,True
MT302672,FD-004,commercial,,domestic-standard,65.7,False
MT301655,FD-001,public,,social,160.3,False
MT303266,FD-034,industrial,,domestic-low,124.4,False
MT302624,FD-030,residential,,social,124.4,True
MT309858,FD-031,industrial,,domestic-standard,87.2,True
MT303988,FD-001,residential,2026-05-14,domestic-standard,103.4,True
MT305076,FD-037,residential,,domestic-low,134.1,False
MT308221,FD-016,industrial,,domestic-standard,,True
MT306380,FD-031,residential,,domestic-low,165.3,True
MT310999,FD-004,commercial,2020-12-21,social,123.5,False
MT306210,FD-014,residential,,industrial,,False
MT304716,FD-025,public,,domestic-low,14.7,False
MT303856,FD-036,public,2020-03-25,industrial,,True
MT309904,FD-025,residential,,domestic-low,144.0,False
MT303905,FD-001,industrial,,domestic-low,,False
MT307136,FD-029,residential,2021-10-17,commercial,113.4,True
MT306746,FD-029,industrial,,domestic-low,41.3,True
MT303449,FD-019,residential,,domestic-low,137.0,True
MT306320,FD-022,residential,,domestic-standard,,False
MT310733,FD-020,public,,domestic-low,247.4,True
MT308896,FD-018,residential,,domestic-low,218.1,True
MT301927,FD-004,residential,,industrial,,False
MT310233,FD-012,residential,,social,162.0,True
MT309925,FD-018,public,,domestic-low,,False
MT308824,FD-003,commercial,,commercial,,False
MT309204,FD-011,commercial,,domestic-low,220.8,False
MT302707,FD-036,residential,,commercial,65.6,True
MT305625,FD-021,residential,,domestic-standard,,True
MT306328,FD-035,residential,,domestic-standard,33.2,True
MT300930,FD-012,residential,2023-10-25,domestic-standard,88.4,True
MT302268,FD-035,public,,domestic-standard,,False
MT300308,FD-033,residential,,domestic-standard,117.9,True
MT303653,FD-034,residential,,social,60.5,True
MT307713,FD-030,residential,,commercial,,True
MT302492,FD-020,residential,,industrial,,True
MT302368,FD-026,residential,,social,24.3,True
MT308097,FD-016,residential,,commercial,38.8,False
MT309704,FD-019,residential,,domestic-standard,205.5,True
MT303495,FD-007,residential,,domestic-low,72.0,True
MT308036,FD-004,residential,,industrial,196.4,True
MT308603,FD-037,residential,,social,,False
MT302814,FD-030,commercial,,domestic-low,108.4,True
MT305850,FD-033,residential,,social,187.1,False
MT305444,FD-014,public,,domestic-low,115.3,False
MT305588,FD-036,residential,,domestic-standard,,False
MT303208,FD-033,public,,domestic-standard,102.6,True
MT309569,FD-025,public,2020-07-23,domestic-standard,187.1,False
MT308267,FD-037,commercial,,domestic-low,46.4,False
MT310253,FD-030,residential,,domestic-low,70.5,False
MT305007,FD-010,industrial,,social,144.6,True
MT307998,FD-014,public,,social,205.3,False
MT304471,FD-012,commercial,,social,11.3,True
MT306715,FD-035,residential,,domestic-low,224.3,False
MT307340,FD-020,residential,,domestic-standard,,False
MT302947,FD-019,commercial,2024-09-20,domestic-standard,,False
MT304797,FD-014,commercial,,social,132.6,False
MT305084,FD-025,public,,commercial,75.8,True
MT307266,FD-022,commercial,,social,77.2,False
MT303669,FD-007,public,,social,,True
MT309992,FD-005,commercial,2022-04-15,domestic-low,253.1,True
MT300020,FD-030,industrial,,domestic-standard,,False
MT302277,FD-021,residential,,industrial,25.9,False
MT307374,FD-002,industrial,,commercial,,True
MT301511,FD-003,public,,domestic-standard,121.3,True
MT307661,FD-006,residential,,commercial,28.8,True
MT302195,FD-035,residential,,commercial,214.3,False
MT306993,FD-021,residential,,domestic-low,33.7,False
MT302829,FD-017,residential,,domestic-low,136.8,False
MT306241,FD-001,commercial,,domestic-standard,,False
MT310670,FD-037,residential,,social,16.3,True
MT300618,FD-004,residential,,commercial,158.5,True
MT304675,FD-006,commercial,,social,,True
MT306675,FD-029,residential,,domestic-low,,True
MT302111,FD-036,residential,,social,,True
MT302106,FD-011,public,,domestic-standard,53.6,False
MT306496,FD-009,public,,domestic-standard,28.1,True
MT308506,FD-029,residential,,social,,True
MT301522,FD-033,residential,,domestic-standard,14.0,True
MT308004,FD-020,industrial,,commercial,,True
MT305136,FD-015,residential,2020-02-24,domestic-standard,48.6,False
MT310911,FD-014,industrial,,domestic-low,105.1,True
MT300001,FD-016,commercial,,commercial,126.0,True
MT306293,FD-012,residential,,domestic-standard,68.1,True
MT306376,FD-013,residential,,domestic-standard,79.0,False
MT301467,FD-015,residential,,industrial,58.9,True
MT304128,FD-009,residential,,domestic-low,,True
MT300441,FD-031,residential,,domestic-standard,60.6,False
MT302216,FD-009,residential,,domestic-standard,65.8,False
MT310960,FD-008,industrial,,social,128.8,True
MT306217,FD-022,residential,,domestic-low,,True
MT305740,FD-034,public,,domestic-low,108.4,False
MT309800,FD-034,commercial,,industrial,61.2,False
MT308776,FD-029,commercial,,domestic-low,48.1,False
MT302656,FD-033,residential,,commercial,161.0,False
MT308688,FD-001,industrial,,commercial,106.7,False
MT308520,FD-018,residential,,industrial,138.7,True
MT300416,FD-022,residential,,domestic-low,,True
MT306983,FD-013,commercial,,domestic-low,203.3,True
MT308198,FD-017,residential,,domestic-standard,,False
MT305904,FD-023,public,,domestic-low,189.7,False
MT307205,FD-018,commercial,,domestic-low,53.5,True
MT303686,FD-017,industrial,,industrial,,False
MT302032,FD-029,residential,,domestic-low,102.5,False
MT307483,FD-006,public,,domestic-low,,True
MT307780,FD-014,residential,,social,,True
MT302394,FD-018,industrial,,social,12.8,True
MT306609,FD-018,public,,industrial,,False
MT309123,FD-004,residential,,domestic-low,,True
MT306718,FD-014,residential,,commercial,,False
MT310250,FD-015,commercial,,commercial,,True
MT308844,FD-036,residential,,domestic-low,195.4,False
MT302719,FD-025,residential,,domestic-low,75.7,False
MT304827,FD-014,commercial,,commercial,109.7,True
MT301435,FD-016,public,,social,146.8,False
MT302813,FD-026,public,,domestic-low,138.4,False
MT303729,FD-031,residential,,domestic-low,131.0,False
MT300708,FD-023,residential,,domestic-standard,78.2,True
MT304081,FD-015,residential,,domestic-low,188.2,True
MT309954,FD-030,residential,,domestic-low,39.8,False
MT306040,FD-014,residential,,social,68.3,False
MT301783,FD-006,residential,,commercial,69.1,True
MT304556,FD-010,residential,,domestic-low,49.9,False
MT303083,FD-037,public,,domestic-low,177.7,True
MT304570,FD-017,commercial,,social,,False
MT308142,FD-011,residential,,industrial,29.0,True
MT302210,FD-035,residential,,industrial,,False
MT310396,FD-021,industrial,,domestic-low,159.2,False
MT310813,FD-014,public,2024-03-05,domestic-standard,61.8,False
MT301101,FD-025,commercial,,industrial,,False
MT304270,FD-020,residential,,domestic-low,109.1,True
MT305834,FD-010,commercial,,industrial,97.0,True
MT308071,FD-032,public,,domestic-low,138.0,False
MT300800,FD-006,residential,,domestic-standard,61.3,True
MT300129,FD-035,residential,,domestic-low,,True
MT304113,FD-010,residential,,commercial,136.1,True
MT310334,FD-033,commercial,,domestic-standard,,False
MT310583,FD-025,industrial,,industrial,123.9,True
MT305754,FD-027,residential,,industrial,50.7,True
MT301687,FD-037,residential,,commercial,180.0,False
MT302635,FD-025,residential,,domestic-low,193.4,False
MT300262,FD-031,residential,,commercial,259.6,True
MT310165,FD-027,residential,,industrial,148.9,True
MT303363,FD-020,residential,,commercial,101.9,True
MT301596,FD-015,residential,,commercial,,True
MT305985,FD-008,residential,,domestic-standard,259.9,False
MT305706,FD-008,commercial,,domestic-low,42.9,True
MT303375,FD-007,residential,,commercial,13.2,True
MT300114,FD-013,commercial,,industrial,,True
MT310693,FD-002,residential,,social,83.5,False
MT300966,FD-002,industrial,,domestic-low,61.3,True
MT308203,FD-013,residential,,domestic-standard,75.6,True
MT303591,FD-029,commercial,,domestic-low,217.9,False
MT307270,FD-031,residential,,domestic-standard,81.6,False
MT304967,FD-010,industrial,,commercial,129.7,True
MT300246,FD-013,residential,,industrial,,True
MT304952,FD-003,residential,,domestic-standard,,False
MT307363,FD-010,residential,,social,122.6,True
MT302120,FD-026,industrial,,domestic-standard,127.7,False
MT309040,FD-035,residential,,domestic-low,102.8,False
MT309234,FD-025,residential,2026-04-19,commercial,140.5,True
MT300594,FD-019,residential,,domestic-low,,True
MT306581,FD-006,commercial,2019-08-13,industrial,85.8,False
MT309957,FD-024,public,,social,,True
MT306985,FD-013,residential,,social,32.3,False
MT309645,FD-011,commercial,,social,,True
MT304704,FD-007,residential,,domestic-low,107.7,True
MT308368,FD-035,commercial,,domestic-low,75.4,False
MT303508,FD-031,public,,domestic-low,132.4,True
MT305735,FD-010,residential,,domestic-low,90.2,True
MT300957,FD-027,industrial,,social,,True
MT302240,FD-002,commercial,,industrial,,False
MT309876,FD-010,public,,domestic-standard,,True
MT309788,FD-022,residential,,domestic-low,,False
MT302272,FD-011,residential,,domestic-standard,138.9,False
MT300965,FD-026,industrial,,social,185.2,True
MT305443,FD-037,industrial,,commercial,53.7,True
MT301267,FD-027,public,,domestic-low,,True
MT304568,FD-023,commercial,,domestic-standard,199.0,False
MT304286,FD-007,industrial,,social,56.9,False
MT307140,FD-008,industrial,,social,146.3,True
MT309022,FD-020,residential,,commercial,132.6,False
MT301745,FD-036,commercial,,industrial,117.1,True
MT307708,FD-024,public,,domestic-low,157.4,True
MT306941,FD-037,public,,industrial,177.8,True
MT302712,FD-014,commercial,,commercial,,False
MT302401,FD-020,residential,,social,,False
MT306015,FD-029,commercial,,domestic-standard,,False
MT307694,FD-036,residential,,social,153.5,True
MT300846,FD-006,industrial,,commercial,,False
MT302334,FD-022,residential,,domestic-standard,,True
MT309323,FD-032,residential,,commercial,78.4,False
MT309429,FD-011,residential,,social,,True
MT305833,FD-001,industrial,,domestic-standard,81.4,True
MT304566,FD-004,residential,,commercial,12.7,True
MT303370,FD-037,residential,,commercial,240.6,False
MT307238,FD-005,commercial,,industrial,109.6,False
MT304828,FD-036,industrial,,social,70.0,True
MT309991,FD-030,residential,,social,,True
MT308894,FD-002,residential,,commercial,113.7,False
MT303499,FD-035,public,,domestic-low,97.3,True
MT305231,FD-002,residential,2019-01-05,domestic-low,62.9,False
MT307901,FD-029,industrial,,domestic-low,76.5,False
MT301182,FD-026,residential,,domestic-low,85.2,False
MT307428,FD-001,public,2024-06-25,commercial,,True
MT303176,FD-014,commercial,,domestic-low,,True
MT305724,FD-003,residential,,domestic-low,168.4,False
MT304624,FD-012,commercial,2021-11-18,industrial,,True
MT305984,FD-029,commercial,,domestic-standard,88.5,True
MT309520,FD-012,public,,commercial,147.6,True
MT304462,FD-012,residential,2022-10-29,social,,True
MT304198,FD-013,residential,,industrial,13.8,True
MT306758,FD-035,residential,,domestic-low,94.3,True
MT310780,FD-009,commercial,,social,118.7,True
MT309130,FD-004,residential,,industrial,129.2,True
MT308521,FD-018,public,,industrial,70.9,True
MT303081,FD-036,industrial,,domestic-low,103.9,True
MT309013,FD-001,residential,,social,,False
MT305635,FD-002,residential,,industrial,117.7,False
MT309805,FD-003,residential,2022-12-19,domestic-low,,False
MT308989,FD-013,residential,,domestic-low,134.1,True
MT304770,FD-027,residential,,domestic-low,,True
MT310074,FD-017,residential,,industrial,118.9,False
MT303162,FD-022,residential,2019-12-05,domestic-low,63.7,False
MT308255,FD-020,residential,2025-10-29,domestic-low,151.2,True
MT310547,FD-003,residential,,commercial,132.3,True
MT301345,FD-020,commercial,,domestic-low,58.0,False
MT309132,FD-004,residential,,domestic-low,108.0,True
MT310545,FD-028,residential,,social,116.8,False
MT300861,FD-036,industrial,,industrial,60.0,False
MT310942,FD-022,residential,,domestic-low,160.7,True
MT305292,FD-032,residential,,industrial,98.0,False
MT301560,FD-018,commercial,,domestic-standard,,True
MT308631,FD-013,public,,domestic-standard,,True
MT306270,FD-011,residential,,commercial,215.0,False
MT301903,FD-017,industrial,,commercial,,True
MT302658,FD-015,residential,,domestic-low,,True
MT303522,FD-002,residential,,commercial,,True
MT303311,FD-032,residential,,domestic-standard,,True
MT305488,FD-016,commercial,,industrial,93.6,True
MT303257,FD-020,residential,,industrial,35.9,False
MT300312,FD-033,public,,commercial,59.0,False
MT308979,FD-029,residential,,commercial,147.4,True
MT310403,FD-007,commercial,,domestic-standard,,False
MT307356,FD-017,commercial,,domestic-standard,92.3,False
MT301476,FD-033,residential,,commercial,,False
MT308233,FD-001,residential,2021-08-15,domestic-standard,133.6,False
MT307719,FD-017,residential,,domestic-standard,17.7,False
MT303912,FD-002,residential,,industrial,,False
MT307273,FD-007,residential,,commercial,224.5,False
MT306117,FD-030,industrial,,commercial,157.5,True
MT301402,FD-009,commercial,,domestic-standard,95.2,False
MT304458,FD-018,public,2022-03-26,domestic-standard,27.0,False
MT307759,FD-019,residential,,industrial,98.3,False
MT305714,FD-002,residential,,domestic-low,18.8,True
MT301991,FD-001,residential,2020-12-30,domestic-low,,True
MT309387,FD-037,residential,,commercial,33.5,False
MT306041,FD-024,commercial,,commercial,107.8,True
MT302483,FD-028,residential,,social,52.7,False
MT302415,FD-001,industrial,,social,66.2,False
MT300295,FD-019,residential,,social,,False
MT301774,FD-028,residential,2022-07-15,domestic-standard,,True
MT303244,FD-029,public,,domestic-standard,,False
MT310527,FD-029,industrial,,commercial,,True
MT302633,FD-022,residential,,industrial,,False
MT308111,FD-031,commercial,,domestic-low,194.4,False
MT307556,FD-029,residential,,industrial,114.2,False
MT306073,FD-033,residential,,domestic-standard,143.3,True
MT300519,FD-001,public,,social,,False
MT304678,FD-026,public,,industrial,195.6,True
MT310892,FD-035,residential,,industrial,68.1,False
MT305440,FD-017,residential,,domestic-standard,27.3,True
MT307039,FD-013,residential,,social,,False
MT302461,FD-036,industrial,,social,,False
MT306547,FD-029,industrial,,commercial,,True
MT301944,FD-005,residential,,industrial,9.0,False
MT301516,FD-019,industrial,,domestic-low,83.8,False
MT301303,FD-028,public,,domestic-low,51.6,True
MT301169,FD-018,residential,,social,173.1,False
MT302061,FD-023,industrial,,domestic-low,39.4,True
MT310121,FD-035,commercial,2020-11-18,domestic-low,56.4,False
MT304656,FD-029,commercial,,commercial,,False
MT301091,FD-025,residential,,domestic-standard,126.2,False
MT309573,FD-009,residential,,domestic-low,,True
MT303242,FD-009,residential,,domestic-standard,105.6,False
MT302202,FD-029,residential,,social,,False
MT308627,FD-015,residential,,domestic-standard,,False
MT309019,FD-006,industrial,2025-01-02,domestic-standard,268.7,True
MT308599,FD-035,residential,,social,,True
MT304367,FD-022,commercial,,domestic-low,150.3,False
MT308087,FD-033,commercial,,commercial,50.5,True
MT303273,FD-032,residential,2022-09-19,domestic-low,,False
MT303693,FD-002,commercial,2025-03-01,domestic-low,149.0,False
MT307542,FD-022,industrial,,domestic-low,35.1,True
MT305217,FD-031,residential,,domestic-low,169.6,False
MT306337,FD-007,commercial,,domestic-low,,True
MT300160,FD-007,residential,2023-11-15,commercial,,True
MT300300,FD-028,residential,,domestic-low,141.8,True
MT310504,FD-030,commercial,,commercial,27.7,True
MT310672,FD-007,public,,commercial,113.2,False
MT310142,FD-011,public,2024-05-01,domestic-low,,True
MT306479,FD-027,commercial,,industrial,94.9,False
MT301406,FD-003,industrial,,domestic-standard,73.5,True
MT304846,FD-022,commercial,,domestic-low,59.1,False
MT302991,FD-015,public,,industrial,46.7,True
MT308084,FD-001,residential,,domestic-low,46.0,True
MT301007,FD-016,industrial,,domestic-low,175.3,False
MT302978,FD-021,commercial,,domestic-low,25.9,True
MT308981,FD-013,residential,,industrial,58.8,False
MT308538,FD-030,public,,industrial,67.6,False
MT304521,FD-001,industrial,,domestic-low,185.5,False
MT301744,FD-002,residential,,industrial,,True
MT308621,FD-021,public,,industrial,72.8,False
MT308374,FD-024,residential,,domestic-low,159.8,True
MT302004,FD-005,industrial,,social,182.0,False
MT303229,FD-029,residential,,industrial,49.3,True
MT307181,FD-017,public,,domestic-low,111.8,False
MT310370,FD-015,residential,,commercial,46.2,False
MT306148,FD-022,commercial,,social,,False
MT305117,FD-007,residential,,social,44.5,False
MT308353,FD-011,industrial,,domestic-standard,147.9,False
MT304429,FD-036,industrial,,commercial,39.2,True
MT306300,FD-009,commercial,,social,246.4,True
MT300194,FD-032,public,,domestic-standard,103.3,False
MT308495,FD-010,residential,,domestic-low,160.3,False
MT300348,FD-002,industrial,,domestic-low,,False
MT307710,FD-036,residential,,social,99.2,True
MT301164,FD-013,public,,commercial,71.2,False
MT304152,FD-033,public,,domestic-low,57.1,True
MT306491,FD-022,residential,2022-02-24,social,8.8,True
MT300238,FD-031,residential,2021-10-20,domestic-low,224.1,True
MT301762,FD-018,industrial,,domestic-standard,50.0,True
MT310428,FD-009,residential,2024-10-01,domestic-low,286.3,False
MT309236,FD-030,residential,,domestic-standard,44.7,False
MT309494,FD-008,commercial,,commercial,,True
MT301432,FD-015,residential,,industrial,27.7,False
MT309032,FD-026,industrial,,domestic-standard,74.2,True
MT307720,FD-011,industrial,,domestic-low,,True
MT307581,FD-028,commercial,,domestic-standard,,False
MT308752,FD-025,industrial,,industrial,59.2,False
MT301848,FD-019,residential,,domestic-low,31.8,False
MT304634,FD-015,public,,domestic-standard,89.3,False
MT300264,FD-001,industrial,,domestic-low,212.0,True
MT306322,FD-028,residential,,industrial,,True
MT305236,FD-018,industrial,,social,103.2,True
MT310338,FD-004,industrial,,domestic-low,200.3,True
MT302223,FD-002,residential,,domestic-standard,210.4,False
MT309216,FD-007,commercial,,social,,False
MT306278,FD-011,residential,,industrial,,True
MT301084,FD-001,residential,,commercial,,False
MT305467,FD-026,residential,,domestic-low,152.5,True
MT308237,FD-024,residential,,domestic-low,,False
MT301219,FD-014,residential,,domestic-low,14.2,True
MT305274,FD-013,industrial,2021-05-12,industrial,,True
MT309037,FD-008,residential,,social,32.9,False
MT302914,FD-004,industrial,,commercial,,False
MT302639,FD-037,residential,,social,207.0,False
MT302988,FD-037,public,,industrial,,True
MT304638,FD-035,residential,,commercial,38.6,False
MT302837,FD-016,commercial,,commercial,146.4,False
MT301925,FD-021,commercial,,domestic-low,49.0,False
MT304411,FD-004,residential,,social,51.3,True
MT310875,FD-026,residential,,domestic-low,97.1,False
MT300596,FD-021,residential,,domestic-low,41.8,True
MT306591,FD-012,public,,domestic-low,94.1,False
MT301486,FD-021,commercial,,industrial,166.0,False
MT309385,FD-023,commercial,,commercial,203.5,True
MT309240,FD-028,industrial,,domestic-low,,True
MT300904,FD-012,industrial,,commercial,116.6,False
MT302142,FD-027,commercial,,domestic-standard,181.9,True
MT300517,FD-036,public,,domestic-low,81.4,False
MT300409,FD-015,residential,,industrial,,False
MT306221,FD-023,industrial,2022-03-19,domestic-low,118.0,True
MT301590,FD-031,commercial,,domestic-standard,,True
MT302494,FD-002,public,,domestic-standard,172.8,False
MT303174,FD-015,residential,,commercial,,True
MT304048,FD-013,commercial,,social,23.9,True
MT310682,FD-007,residential,,industrial,47.8,True
MT303462,FD-018,public,,social,158.5,False
MT300774,FD-036,residential,,domestic-standard,124.9,True
MT307398,FD-003,commercial,,industrial,174.5,True
MT305162,FD-025,commercial,,domestic-low,,False
MT310720,FD-026,public,,industrial,118.3,True
MT306434,FD-034,industrial,,industrial,128.3,False
MT307259,FD-019,residential,,domestic-low,,False
MT306740,FD-002,public,,domestic-low,139.4,False
MT305122,FD-037,residential,,domestic-low,121.3,False
MT302248,FD-002,residential,,domestic-low,,False
MT301016,FD-030,residential,,domestic-low,,False
MT302534,FD-027,commercial,,domestic-low,,True
MT306398,FD-019,residential,2021-04-30,domestic-low,,False
MT309642,FD-021,residential,,commercial,,False
MT302198,FD-021,industrial,,domestic-low,,False
MT300294,FD-011,residential,,domestic-standard,77.1,False
MT303145,FD-025,residential,,domestic-low,,True
MT305499,FD-033,residential,,domestic-low,,True
MT306107,FD-011,commercial,,domestic-low,93.9,False
MT304866,FD-001,residential,,domestic-standard,61.5,False
MT305719,FD-016,residential,,domestic-low,114.1,True
MT304767,FD-007,industrial,,social,,False
MT302179,FD-029,residential,,domestic-low,,False
MT304455,FD-005,industrial,,domestic-standard,,False
MT307899,FD-020,residential,,social,239.3,True
MT305154,FD-023,residential,2024-09-10,domestic-standard,39.0,False
MT306947,FD-009,residential,,industrial,,False
MT307095,FD-032,industrial,,domestic-standard,,True
MT307640,FD-031,public,,domestic-standard,42.7,True
MT309035,FD-008,residential,2022-09-11,domestic-low,,True
MT310216,FD-001,commercial,,domestic-low,,True
MT302147,FD-023,industrial,2021-08-04,commercial,,True
MT301001,FD-033,industrial,,industrial,116.1,False
MT309561,FD-023,commercial,,social,34.9,False
MT307309,FD-012,residential,,commercial,,False
MT309693,FD-035,industrial,,commercial,133.2,True
MT302593,FD-003,commercial,2019-07-11,domestic-low,107.7,True
MT305209,FD-019,residential,2023-04-04,industrial,129.9,False
MT305736,FD-024,residential,,domestic-standard,248.9,True
MT302329,FD-033,commercial,,industrial,,True
MT310017,FD-020,residential,,domestic-standard,,False
MT301536,FD-022,residential,,domestic-low,86.9,False
MT307332,FD-015,commercial,,commercial,143.6,True
MT306505,FD-021,commercial,,social,65.0,False
MT300452,FD-024,public,,industrial,98.5,False
MT300862,FD-030,residential,,social,25.7,True
MT308023,FD-022,industrial,2023-08-19,domestic-standard,,True
MT301222,FD-025,residential,,domestic-standard,,True
MT300486,FD-011,commercial,2025-04-04,social,33.2,False
MT300124,FD-032,residential,2019-03-22,domestic-low,61.8,False
MT309722,FD-015,public,2025-08-31,industrial,125.4,False
MT301717,FD-035,residential,,domestic-low,,False
MT304903,FD-028,residential,,commercial,,True
MT301195,FD-008,commercial,,domestic-low,96.1,True
MT310913,FD-001,public,,domestic-standard,107.1,True
MT310732,FD-026,commercial,2022-05-21,domestic-standard,,True
MT302591,FD-026,industrial,,industrial,183.2,False
MT308245,FD-015,residential,,commercial,,True
MT301727,FD-034,public,,industrial,184.5,True
MT303661,FD-031,industrial,2023-07-31,commercial,133.9,True
MT307994,FD-023,residential,,domestic-standard,64.7,True
MT309328,FD-022,public,,industrial,,True
MT303148,FD-032,residential,,commercial,131.2,True
MT302450,FD-027,residential,2025-06-29,domestic-standard,43.9,False
MT309697,FD-003,commercial,,social,101.2,True
MT304486,FD-037,public,,industrial,,False
MT301569,FD-007,residential,,industrial,241.7,True
MT310899,FD-002,industrial,,domestic-low,173.3,True
MT308780,FD-014,industrial,,domestic-standard,,True
MT304076,FD-033,commercial,2026-03-21,domestic-low,93.0,True
MT303918,FD-021,commercial,,commercial,,False
MT302898,FD-014,residential,,domestic-low,30.9,True
MT309450,FD-005,residential,,social,32.0,True
MT301139,FD-009,residential,,industrial,157.0,False
MT301273,FD-036,public,,domestic-low,9.8,True
MT307214,FD-021,residential,,domestic-standard,41.0,False
MT310776,FD-010,residential,,domestic-low,,False
MT308670,FD-037,public,,social,64.4,False
MT303973,FD-023,residential,,industrial,81.0,True
MT308553,FD-027,residential,2019-11-03,domestic-low,61.5,False
MT305425,FD-003,public,,commercial,54.7,True
MT305809,FD-036,commercial,,social,142.3,False
MT307808,FD-011,public,,domestic-low,,True
MT310265,FD-032,industrial,,domestic-standard,,True
MT308907,FD-018,commercial,,domestic-low,81.0,False
MT309010,FD-017,commercial,,domestic-low,57.3,False
MT306539,FD-012,industrial,,domestic-low,283.1,False
MT308739,FD-020,residential,,domestic-low,,True
MT301488,FD-004,residential,,industrial,96.6,False
MT301020,FD-023,residential,,domestic-low,,True
MT309151,FD-010,commercial,,commercial,137.6,True
MT307663,FD-023,residential,,domestic-standard,,False
MT304509,FD-021,industrial,,domestic-low,,False
MT305343,FD-013,industrial,,domestic-low,53.0,False
MT303282,FD-037,public,,commercial,,False
MT305301,FD-018,commercial,,domestic-low,,False
MT306405,FD-032,residential,,commercial,129.2,False
MT301143,FD-030,residential,,social,107.9,True
MT305675,FD-026,industrial,,industrial,181.6,True
MT310811,FD-028,industrial,2023-06-25,industrial,89.4,False
MT306653,FD-007,industrial,,domestic-standard,45.9,False
MT303677,FD-033,industrial,,domestic-standard,26.0,False
MT302145,FD-027,residential,,industrial,142.4,True
MT303784,FD-031,residential,,industrial,51.9,True
MT309839,FD-033,commercial,,domestic-standard,,False
MT300968,FD-004,public,,domestic-low,,True
MT303159,FD-027,industrial,,domestic-standard,14.1,False
MT301791,FD-009,commercial,,domestic-standard,,False
MT308463,FD-026,industrial,,social,42.1,True
MT304257,FD-028,commercial,,domestic-low,133.7,True
MT310256,FD-026,industrial,,domestic-low,93.4,False
MT307331,FD-027,public,,domestic-low,58.8,True
MT309006,FD-026,industrial,,social,,True
MT304792,FD-003,commercial,,domestic-standard,,True
MT301465,FD-008,residential,,commercial,,True
MT310272,FD-037,commercial,,domestic-low,,False
MT306781,FD-013,residential,,commercial,,True
MT304945,FD-007,public,,industrial,65.2,False
MT301984,FD-019,industrial,,commercial,,True
MT305283,FD-024,industrial,,commercial,52.7,True
MT300823,FD-034,public,,domestic-standard,,True
MT308660,FD-030,residential,,social,130.9,True
MT305921,FD-018,commercial,,domestic-low,25.8,False
MT308913,FD-028,industrial,,industrial,,True
MT300487,FD-019,industrial,2021-05-11,domestic-low,,True
MT301577,FD-005,residential,,social,46.4,True
MT303736,FD-029,residential,,social,65.3,False
MT302229,FD-026,residential,2023-11-08,social,,True
MT307471,FD-029,residential,,industrial,70.7,True
MT307085,FD-004,public,,commercial,,True
MT301308,FD-023,residential,,commercial,57.4,True
MT306233,FD-009,residential,,industrial,10.5,True
MT305225,FD-026,residential,,industrial,91.8,False
MT310005,FD-023,residential,,industrial,79.7,True
MT307824,FD-021,residential,,domestic-low,74.6,True
MT301012,FD-008,public,,domestic-low,22.2,True
MT304056,FD-033,residential,,domestic-standard,,False
MT306439,FD-028,industrial,,social,293.4,True
MT309000,FD-029,industrial,,domestic-low,186.6,True
MT305819,FD-035,public,,industrial,11.7,False
MT302972,FD-029,public,,industrial,,True
MT300279,FD-020,residential,,commercial,138.9,False
MT300587,FD-012,industrial,,domestic-low,68.4,True
MT309806,FD-034,industrial,,domestic-low,53.4,True
MT308545,FD-018,residential,,domestic-low,67.5,True
MT309647,FD-016,residential,,social,,True
MT308336,FD-035,public,,domestic-standard,,False
MT305630,FD-003,residential,,domestic-low,76.9,False
MT304424,FD-037,commercial,,domestic-low,30.8,False
MT300809,FD-033,residential,,industrial,,False
MT310850,FD-019,commercial,,domestic-standard,,True
MT304374,FD-020,residential,,industrial,204.3,True
MT308072,FD-022,residential,,commercial,87.6,False
MT307699,FD-032,industrial,,domestic-low,31.2,True
MT307590,FD-016,residential,,domestic-low,143.5,False
MT304127,FD-024,residential,,social,202.2,False
MT305549,FD-020,residential,,social,246.7,True
MT305050,FD-024,public,,industrial,,False
MT300761,FD-029,commercial,,industrial,,True
MT306099,FD-021,commercial,,social,134.1,True
MT304940,FD-017,public,,domestic-low,207.2,False
MT300952,FD-026,public,,industrial,75.6,False
MT308937,FD-007,industrial,,domestic-low,53.5,False
MT309766,FD-015,public,,industrial,,True
MT300559,FD-005,residential,2022-01-12,domestic-low,161.0,False
MT306866,FD-006,residential,,domestic-low,282.1,True
MT300395,FD-001,residential,2020-03-02,industrial,98.9,False
MT310141,FD-012,residential,,domestic-low,109.1,False
MT309946,FD-020,commercial,2019-08-08,domestic-low,103.6,False
MT302754,FD-001,residential,,domestic-standard,158.3,True
MT305356,FD-015,commercial,,domestic-low,122.9,True
MT303487,FD-028,industrial,,domestic-low,238.5,True
MT305582,FD-033,public,,domestic-low,,True
MT309676,FD-028,industrial,,domestic-standard,234.1,False
MT301715,FD-010,residential,,domestic-standard,64.4,True
MT304125,FD-005,residential,,domestic-low,159.3,True
MT302822,FD-010,commercial,,social,67.0,True
MT307796,FD-031,commercial,2023-09-04,commercial,179.9,True
MT305239,FD-022,residential,,domestic-low,79.4,True
MT304388,FD-001,residential,,domestic-low,39.8,True
MT303153,FD-032,industrial,2023-10-29,industrial,,False
MT304728,FD-032,industrial,,domestic-low,,True
MT301246,FD-006,residential,,domestic-standard,107.5,False
MT300317,FD-001,residential,,industrial,79.8,True
MT306726,FD-011,industrial,,social,71.5,False
MT310177,FD-017,public,,industrial,,True
MT305669,FD-029,residential,,domestic-low,,True
MT304640,FD-003,residential,,industrial,,True
MT304867,FD-035,residential,2026-05-23,domestic-low,,False
MT310431,FD-026,residential,,domestic-low,130.6,False
MT309182,FD-007,residential,,domestic-low,,True
MT307231,FD-005,residential,,domestic-low,52.0,False
MT305708,FD-004,industrial,2026-02-17,domestic-standard,,True
MT302703,FD-034,commercial,,domestic-standard,174.9,False
MT301851,FD-011,residential,,commercial,232.7,True
MT303417,FD-011,residential,,domestic-standard,57.2,False
MT307440,FD-001,residential,,domestic-low,,True
MT306991,FD-004,commercial,,domestic-low,10.6,True
MT300199,FD-035,commercial,2024-05-30,domestic-standard,45.7,True
MT309134,FD-003,residential,,industrial,173.3,False
MT305031,FD-022,public,,domestic-low,101.4,True
MT308652,FD-004,public,,industrial,139.0,True
MT301163,FD-020,industrial,,domestic-low,,False
MT302422,FD-002,industrial,,domestic-standard,111.2,False
MT301033,FD-034,commercial,,domestic-low,52.2,True
MT305751,FD-002,residential,,industrial,,False
MT310201,FD-034,commercial,,domestic-low,25.3,True
MT300552,FD-024,residential,,industrial,129.6,False
MT307017,FD-003,residential,,social,,False
MT307987,FD-018,residential,,commercial,72.1,True
MT307431,FD-024,residential,,commercial,242.2,False
MT309532,FD-010,public,,commercial,22.3,True
MT308253,FD-035,public,,industrial,,False
MT305266,FD-037,public,2025-02-28,social,,False
MT303775,FD-033,industrial,2022-05-02,commercial,97.3,True
MT305757,FD-004,residential,,domestic-low,,False
MT306898,FD-029,industrial,2024-01-14,social,62.9,False
MT308924,FD-018,residential,,industrial,204.8,False
MT302385,FD-024,residential,,domestic-low,29.6,False
MT304404,FD-033,residential,,domestic-low,44.0,False
MT300787,FD-024,residential,,industrial,,False
MT307137,FD-020,industrial,,domestic-standard,,True
MT300235,FD-036,residential,,domestic-standard,67.3,False
MT304120,FD-012,residential,,social,17.6,True
MT309458,FD-037,residential,,industrial,50.9,True
MT302638,FD-022,industrial,,commercial,9.7,True
MT300445,FD-012,residential,,commercial,74.4,False
MT303795,FD-031,industrial,,domestic-low,,True
MT301999,FD-013,residential,,social,113.6,False
MT309824,FD-017,industrial,,domestic-standard,,True
MT303146,FD-017,residential,,domestic-low,,False
MT307696,FD-033,residential,,domestic-low,98.2,True
MT308644,FD-027,public,,industrial,47.7,False
MT304263,FD-012,residential,,domestic-low,,False
MT301734,FD-034,industrial,,industrial,119.4,True
MT302035,FD-004,residential,2025-09-17,social,25.0,False
MT304014,FD-011,public,,domestic-standard,214.1,True
MT307418,FD-028,residential,,social,73.5,True
MT302820,FD-001,residential,,social,,True
MT300532,FD-010,residential,,domestic-standard,,True
MT305917,FD-007,commercial,,domestic-standard,108.1,False
MT302125,FD-036,industrial,,social,219.9,False
MT309082,FD-018,public,,industrial,,False
MT308510,FD-019,commercial,,social,35.1,True
MT308744,FD-003,residential,,industrial,,True
MT301332,FD-015,residential,2020-01-28,domestic-low,131.2,False
MT309724,FD-011,commercial,,industrial,,True
MT306689,FD-034,residential,,domestic-low,185.7,True
MT301025,FD-009,public,,commercial,,True
MT300548,FD-015,industrial,,commercial,64.6,True
MT309851,FD-036,residential,,industrial,,True
MT307507,FD-020,residential,,industrial,66.7,False
MT308301,FD-029,public,,social,140.2,False
MT305090,FD-013,residential,,social,112.5,True
MT301374,FD-033,residential,,commercial,,False
MT306743,FD-024,residential,,industrial,161.0,False
MT310620,FD-032,residential,,domestic-low,67.7,True
MT306289,FD-003,public,,commercial,180.6,True
MT307989,FD-024,residential,,social,99.7,False
MT305505,FD-021,industrial,,domestic-standard,105.9,False
MT308961,FD-012,residential,,social,,False
MT309161,FD-023,residential,,commercial,183.4,True
MT300781,FD-024,industrial,,industrial,,False
MT301397,FD-023,public,,commercial,174.1,False
MT303210,FD-002,public,,commercial,111.7,False
MT309777,FD-014,industrial,,domestic-low,139.3,False
MT309320,FD-020,residential,,domestic-low,272.5,True
MT305812,FD-033,commercial,,domestic-low,93.9,True
MT306844,FD-019,residential,2020-10-01,domestic-low,201.0,False
MT301973,FD-010,industrial,2025-04-13,domestic-low,,False
MT304901,FD-004,residential,,domestic-standard,,True
MT302313,FD-012,residential,,domestic-low,,True
MT300423,FD-012,public,,social,,True
MT308118,FD-015,residential,,social,46.6,True
MT304871,FD-026,industrial,,social,83.8,True
MT309046,FD-011,residential,,industrial,55.5,True
MT303601,FD-012,industrial,,commercial,77.7,True
MT305055,FD-012,industrial,,domestic-low,,False
MT302463,FD-004,public,,domestic-standard,64.9,True
MT305141,FD-021,residential,,social,83.5,False
MT310202,FD-003,residential,,commercial,87.7,True
MT305905,FD-012,residential,,social,,False
MT300324,FD-028,residential,,social,42.6,True
MT306192,FD-019,residential,,domestic-low,106.5,True
MT303883,FD-008,residential,,domestic-standard,30.1,True
MT310323,FD-009,industrial,,domestic-standard,18.8,True
MT304318,FD-006,commercial,,domestic-low,25.1,True
MT300106,FD-009,public,,commercial,78.2,True
MT303350,FD-008,residential,,industrial,,False
MT307603,FD-033,public,,social,58.6,False
MT310806,FD-009,industrial,,commercial,33.4,True
MT301856,FD-026,residential,,domestic-standard,81.3,False
MT305247,FD-020,public,2023-04-21,industrial,292.5,True
MT307425,FD-015,residential,,social,92.8,False
MT300947,FD-031,public,2019-03-26,industrial,132.7,False
MT305342,FD-016,residential,,commercial,27.6,True
MT301087,FD-017,residential,,domestic-low,125.2,False
MT308410,FD-011,industrial,,domestic-low,78.2,True
MT301938,FD-014,industrial,,commercial,221.6,True
MT305460,FD-011,industrial,,social,,True
MT304273,FD-020,residential,,domestic-low,139.7,False
MT310576,FD-011,public,2024-04-12,domestic-standard,117.1,True
MT309368,FD-024,residential,,domestic-standard,,False
MT307896,FD-034,commercial,,domestic-low,83.2,True
MT308165,FD-004,residential,,domestic-low,,True
MT300278,FD-027,residential,,industrial,,False
MT304496,FD-033,residential,,social,105.2,True
MT308934,FD-022,public,,domestic-standard,215.3,True
MT304386,FD-006,commercial,,commercial,64.7,False
MT306599,FD-033,public,,social,18.9,False
MT310938,FD-026,residential,,domestic-standard,,True
MT306588,FD-026,residential,,industrial,,False
MT305474,FD-008,residential,,social,,False
MT306626,FD-008,residential,,industrial,177.4,False
MT305175,FD-002,public,,industrial,146.0,True
MT306710,FD-002,residential,,industrial,119.2,True
MT301818,FD-035,residential,,industrial,,False
MT310038,FD-031,residential,,domestic-standard,60.6,False
MT306363,FD-001,public,,social,,True
MT304983,FD-025,residential,,commercial,102.0,False
MT301154,FD-008,residential,,domestic-standard,276.0,False
MT308452,FD-014,residential,,social,139.9,True
MT309814,FD-030,commercial,,industrial,41.9,True
MT302646,FD-008,commercial,,domestic-standard,89.0,False
MT304197,FD-022,residential,,domestic-low,170.3,True
MT310408,FD-017,residential,,industrial,102.1,False
MT310787,FD-017,residential,,domestic-low,166.7,True
MT310096,FD-008,residential,,industrial,174.7,False
MT304973,FD-014,residential,,domestic-low,119.8,True
MT309626,FD-024,residential,,industrial,200.1,False
MT310311,FD-022,residential,,industrial,75.6,True
MT306627,FD-001,residential,,commercial,,False
MT307525,FD-013,residential,,industrial,,True
MT302887,FD-031,commercial,2024-01-24,domestic-low,,True
MT306360,FD-003,residential,,domestic-low,126.4,False
MT304726,FD-015,residential,,domestic-standard,202.8,True
MT309630,FD-006,industrial,,domestic-low,,False
MT306446,FD-011,commercial,2025-01-29,domestic-low,,False
MT308502,FD-004,residential,,domestic-low,141.6,True
MT303556,FD-007,public,,social,,True
MT302029,FD-003,residential,,industrial,,True
MT310191,FD-003,residential,2021-01-08,industrial,85.0,False
MT307076,FD-004,residential,,commercial,,False
MT301868,FD-034,residential,,domestic-standard,94.3,False
MT305826,FD-030,residential,,domestic-low,139.9,True
MT307350,FD-009,residential,,industrial,112.8,False
MT301733,FD-020,residential,,domestic-low,,False
MT309576,FD-014,residential,,domestic-low,232.1,False
MT301894,FD-001,industrial,2022-09-16,commercial,,False
MT310513,FD-003,residential,,industrial,,True
MT310319,FD-007,public,,social,,False
MT302286,FD-036,commercial,,domestic-standard,45.0,False
MT302664,FD-030,residential,,domestic-standard,70.9,True
MT305158,FD-029,industrial,2025-02-26,commercial,67.5,False
MT304974,FD-010,public,,domestic-standard,160.7,True
MT304899,FD-006,residential,,domestic-low,72.4,True
MT306214,FD-018,commercial,,domestic-low,,False
MT310847,FD-004,residential,,domestic-low,107.4,True
MT301719,FD-016,industrial,,social,,True
MT304794,FD-019,residential,,domestic-low,44.0,True
MT301243,FD-016,residential,,domestic-low,,True
MT303226,FD-025,industrial,,domestic-low,14.5,False
MT300157,FD-013,residential,,commercial,34.9,True
MT304515,FD-004,industrial,,domestic-low,,True
MT303808,FD-008,industrial,,industrial,,False
MT306265,FD-031,residential,,industrial,,True
MT300218,FD-021,residential,,domestic-low,110.4,False
MT309817,FD-031,residential,,domestic-standard,125.3,False
MT302867,FD-022,residential,2021-12-12,social,203.7,True
MT310784,FD-003,residential,,industrial,,True
MT306644,FD-015,residential,,industrial,109.2,False
MT310454,FD-001,industrial,,domestic-low,110.4,True
MT303935,FD-028,commercial,,social,,False
MT301997,FD-026,residential,2024-09-23,domestic-low,,False
MT307532,FD-035,public,,domestic-low,,False
MT301738,FD-018,residential,2025-12-07,commercial,177.7,True
MT306176,FD-004,residential,,domestic-standard,,True
MT305331,FD-018,residential,,domestic-low,107.0,False
MT305838,FD-011,commercial,,domestic-low,120.5,False
MT306929,FD-015,residential,,domestic-low,126.7,False
MT305003,FD-020,residential,,domestic-standard,162.9,True
MT309199,FD-004,residential,,commercial,,True
MT306824,FD-037,public,,commercial,80.4,True
MT300388,FD-023,residential,,domestic-standard,38.7,True
MT310840,FD-025,commercial,,domestic-low,,False
MT303216,FD-034,commercial,,domestic-standard,,True
MT303230,FD-028,residential,,industrial,72.7,True
MT309764,FD-035,commercial,2021-04-29,commercial,248.3,True
MT306850,FD-028,residential,,domestic-standard,,False
MT308035,FD-012,residential,,domestic-standard,,True
MT305453,FD-034,residential,,industrial,169.5,True
MT309238,FD-020,industrial,,social,228.1,True
MT302284,FD-010,public,,commercial,,False
MT300277,FD-031,residential,,domestic-low,138.9,True
MT302811,FD-020,residential,,domestic-low,51.6,False
MT301809,FD-024,industrial,,domestic-low,,False
MT304843,FD-028,residential,,industrial,,False
MT304815,FD-009,residential,,domestic-low,42.8,True
MT307810,FD-026,residential,,domestic-standard,8.8,True
MT307458,FD-028,public,,domestic-standard,128.3,True
MT305840,FD-036,industrial,,domestic-low,,True
MT307878,FD-022,residential,,industrial,,True
MT306486,FD-028,public,,commercial,142.3,False
MT300990,FD-008,residential,,domestic-low,93.5,True
MT308324,FD-031,residential,,domestic-low,60.8,True
MT308616,FD-018,industrial,2023-02-11,social,,False
MT300563,FD-010,commercial,,commercial,87.4,True
MT309438,FD-037,public,2025-10-17,social,79.3,True
MT308554,FD-036,residential,,domestic-low,75.8,False
MT305069,FD-014,residential,,domestic-standard,,False
MT301310,FD-012,residential,,social,168.4,True
MT308048,FD-031,public,,domestic-low,,True
MT308321,FD-028,industrial,,domestic-low,88.4,False
MT310584,FD-005,residential,,domestic-standard,137.2,True
MT310952,FD-007,industrial,,domestic-standard,35.5,True
MT302467,FD-006,public,2024-04-22,social,110.9,True
MT304418,FD-016,residential,2026-03-20,social,,True
MT300801,FD-010,commercial,,social,48.9,True
MT302762,FD-018,industrial,,commercial,,True
MT302149,FD-036,residential,,domestic-standard,123.0,False
MT301086,FD-017,commercial,,industrial,39.5,False
MT301131,FD-001,residential,,domestic-standard,,False
MT307367,FD-008,residential,,industrial,,True
MT303401,FD-018,commercial,,domestic-low,182.7,True
MT309402,FD-009,commercial,,domestic-low,68.8,False
MT307503,FD-030,public,2020-09-18,commercial,193.3,False
MT305555,FD-025,commercial,,domestic-low,,True
MT310081,FD-019,residential,,social,74.0,True
MT308050,FD-017,commercial,,commercial,79.4,True
MT301401,FD-023,industrial,,commercial,50.9,False
MT301263,FD-028,commercial,,domestic-low,,True
MT301924,FD-018,industrial,,domestic-standard,180.7,True
MT309071,FD-005,residential,,domestic-low,104.8,False
MT309095,FD-037,commercial,,domestic-standard,75.6,False
MT302804,FD-007,public,,domestic-low,32.2,True
MT305172,FD-014,residential,,industrial,217.9,False
MT302499,FD-029,public,,domestic-low,128.2,True
MT306406,FD-035,residential,,commercial,71.5,False
MT301191,FD-015,commercial,,commercial,131.0,False
MT300625,FD-035,residential,,domestic-low,120.7,False
MT301778,FD-035,commercial,,domestic-standard,106.0,True
MT310752,FD-020,residential,,domestic-standard,126.9,False
MT305400,FD-016,public,,domestic-standard,176.4,False
MT309599,FD-036,commercial,,industrial,,True
MT302382,FD-017,industrial,,domestic-standard,,False
MT300244,FD-036,residential,,social,57.1,False
MT306142,FD-029,residential,,social,41.9,True
MT305863,FD-010,public,,domestic-standard,109.1,True
MT301691,FD-016,residential,,commercial,168.1,True
MT305143,FD-018,commercial,,commercial,,False
MT305526,FD-033,residential,,domestic-low,37.5,False
MT306304,FD-012,residential,2020-08-23,domestic-low,131.1,False
MT300221,FD-036,residential,,domestic-low,72.6,True
MT310734,FD-025,industrial,,commercial,,True
MT310103,FD-029,residential,2019-01-30,industrial,78.2,False
MT300942,FD-002,commercial,,domestic-standard,165.8,True
MT302059,FD-023,commercial,2025-09-20,domestic-low,85.2,True
MT303355,FD-019,residential,,social,,False
MT305291,FD-017,commercial,,social,29.9,True
MT310342,FD-007,residential,,social,150.2,False
MT308666,FD-018,residential,,social,46.9,True
MT307032,FD-025,commercial,,social,,True
MT310393,FD-016,public,2019-03-01,social,101.8,False
MT303928,FD-010,residential,,domestic-low,170.9,True
MT305501,FD-022,residential,,domestic-low,106.3,False
MT301188,FD-012,residential,,domestic-standard,53.5,True
MT309437,FD-014,residential,,domestic-low,153.7,True
MT309944,FD-008,residential,,domestic-low,91.3,True
MT302681,FD-027,residential,,social,,False
MT307173,FD-003,residential,2024-06-10,social,251.5,False
MT306574,FD-006,commercial,,commercial,,False
MT303634,FD-019,residential,,domestic-low,,True
MT307070,FD-030,residential,,social,19.0,False
MT302319,FD-018,public,,domestic-standard,125.4,False
MT309781,FD-018,industrial,,commercial,146.7,False
MT302671,FD-009,commercial,,social,126.1,False
MT309679,FD-010,commercial,,social,,False
MT307227,FD-024,public,2024-10-05,social,,True
MT300473,FD-035,residential,,domestic-low,82.3,False
MT302828,FD-003,commercial,,social,72.9,True
MT301978,FD-031,residential,,domestic-standard,236.2,False
MT303430,FD-018,public,,commercial,44.6,False
MT304625,FD-004,public,,domestic-low,40.0,True
MT302139,FD-004,industrial,,domestic-low,168.8,True
MT304240,FD-016,commercial,,domestic-standard,92.7,True
MT310726,FD-016,public,,social,139.9,True
MT303656,FD-021,commercial,,domestic-standard,,True
MT309681,FD-035,industrial,,commercial,,False
MT302808,FD-035,residential,,domestic-low,,False
MT307151,FD-006,residential,,domestic-standard,129.8,True
MT301274,FD-006,residential,,social,,True
MT302997,FD-005,commercial,,industrial,102.1,False
MT310248,FD-023,residential,,industrial,,True
MT303744,FD-025,residential,,commercial,,True
MT305110,FD-002,residential,,social,165.4,True
MT303412,FD-024,industrial,,domestic-low,221.8,False
MT301620,FD-005,residential,,commercial,126.2,False
MT306982,FD-005,residential,2022-03-02,domestic-low,270.2,False
MT303643,FD-024,public,,domestic-low,139.8,False
MT304279,FD-009,residential,,commercial,,False
MT303725,FD-014,residential,2023-07-30,domestic-low,84.1,True
MT302714,FD-033,commercial,,domestic-standard,,True
MT307960,FD-019,public,,domestic-low,,False
MT309154,FD-020,public,,domestic-low,78.0,True
MT303798,FD-027,industrial,,industrial,284.8,False
MT309003,FD-005,residential,,domestic-standard,76.1,True
MT310329,FD-036,commercial,,commercial,170.4,False
MT304861,FD-008,commercial,,commercial,,False
MT310031,FD-025,commercial,,commercial,167.4,False
MT302938,FD-008,residential,,social,61.1,False
MT303599,FD-036,residential,,commercial,8.6,False
MT309562,FD-010,commercial,,commercial,76.2,True
MT304589,FD-012,residential,,domestic-low,134.0,False
MT308440,FD-015,residential,2022-11-12,domestic-standard,203.8,False
MT308923,FD-007,residential,,social,22.6,True
MT309955,FD-003,residential,,domestic-standard,47.8,True
MT301384,FD-025,industrial,,domestic-standard,154.1,False
MT306998,FD-037,commercial,,domestic-low,,False
MT307464,FD-003,residential,,domestic-low,108.0,False
MT301386,FD-018,residential,,domestic-low,89.1,False
MT302860,FD-037,public,,domestic-low,13.6,False
MT302440,FD-032,commercial,,domestic-low,39.2,False
MT300877,FD-005,residential,,domestic-low,191.6,True
MT301457,FD-007,residential,,social,,False
MT308248,FD-013,residential,,domestic-low,126.6,True
MT310222,FD-036,residential,,industrial,77.4,True
MT310260,FD-004,industrial,,commercial,,False
MT308379,FD-018,public,,domestic-low,16.4,False
MT310786,FD-009,residential,2024-07-09,commercial,120.5,True
MT302298,FD-002,industrial,,domestic-low,52.5,True
MT304201,FD-029,industrial,,industrial,39.1,False
MT304032,FD-019,residential,,industrial,21.0,True
MT308806,FD-022,commercial,,domestic-low,116.1,True
MT306730,FD-022,public,2019-02-18,industrial,,False
MT300381,FD-001,residential,,domestic-low,135.5,True
MT305569,FD-005,industrial,,industrial,124.9,False
MT301177,FD-025,industrial,,commercial,108.2,False
MT303446,FD-021,industrial,,social,,True
MT306043,FD-007,residential,,domestic-low,43.8,True
MT300141,FD-009,public,,domestic-standard,14.4,False
MT303199,FD-008,industrial,,industrial,39.4,False
MT304461,FD-034,industrial,,social,77.9,False
MT310457,FD-014,commercial,2020-06-18,industrial,155.2,True
MT303766,FD-018,residential,,industrial,173.0,True
MT302625,FD-010,industrial,,domestic-low,212.0,False
MT310080,FD-005,residential,,domestic-low,193.0,False
MT309467,FD-011,commercial,,domestic-standard,,False
MT301808,FD-026,residential,,social,,True
MT309701,FD-037,residential,,commercial,110.4,True
MT310087,FD-025,commercial,,social,,True
MT310224,FD-014,residential,,industrial,63.6,True
MT310155,FD-015,industrial,,domestic-low,207.1,True
MT308331,FD-028,public,,domestic-low,87.6,False
MT301942,FD-001,commercial,2019-06-26,domestic-low,255.6,False
MT308600,FD-022,public,2023-01-22,social,285.4,True
MT302408,FD-001,commercial,,commercial,12.0,False
MT302673,FD-011,residential,,domestic-low,151.1,True
MT308100,FD-017,commercial,,social,193.3,True
MT309637,FD-027,public,,social,63.3,True
MT306637,FD-036,residential,,commercial,54.2,True
MT300100,FD-019,residential,,social,24.5,False
MT304291,FD-002,commercial,,social,112.4,False
MT300782,FD-033,residential,,industrial,101.2,False
MT305302,FD-029,residential,,domestic-low,,False
MT305480,FD-035,residential,,industrial,99.3,True
MT305929,FD-005,residential,,industrial,37.7,False
MT308266,FD-006,residential,,domestic-standard,191.9,False
MT301405,FD-013,public,,domestic-low,17.9,False
MT306708,FD-034,commercial,,industrial,101.0,False
MT307462,FD-001,residential,,social,63.7,False
MT305051,FD-021,public,,commercial,,True
MT307319,FD-015,commercial,,domestic-standard,,True
MT310741,FD-021,public,2022-02-25,domestic-standard,,True
MT306467,FD-020,residential,,social,,True
MT309198,FD-002,public,,domestic-standard,,True
MT306193,FD-024,commercial,,domestic-low,205.1,False
MT308830,FD-032,industrial,,domestic-low,,True
MT308935,FD-028,public,,industrial,19.0,False
MT305262,FD-035,public,,commercial,185.2,True
MT305948,FD-014,commercial,,domestic-low,72.3,False
MT304222,FD-008,public,,industrial,,True
MT304524,FD-031,residential,2020-10-09,social,40.2,True
MT307400,FD-018,residential,,commercial,177.7,False
MT303771,FD-023,public,,domestic-standard,77.5,False
MT309062,FD-020,industrial,,domestic-low,105.8,True
MT303818,FD-008,commercial,,domestic-low,167.1,False
MT306091,FD-028,public,,domestic-standard,47.9,False
MT304480,FD-032,residential,,commercial,149.2,False
MT306757,FD-004,public,,industrial,,True
MT310305,FD-033,residential,2025-02-05,domestic-standard,74.0,False
MT306100,FD-016,residential,,domestic-low,86.3,True
MT300565,FD-021,public,,domestic-low,131.8,False
MT309660,FD-037,residential,,commercial,,False
MT310525,FD-010,public,,commercial,104.6,False
MT310259,FD-037,residential,,domestic-standard,56.0,True
MT309507,FD-002,commercial,,commercial,132.6,False
MT308223,FD-017,public,,domestic-standard,,True
MT306227,FD-027,public,,domestic-standard,28.0,True
MT308951,FD-028,residential,,social,,True
MT302919,FD-021,residential,,industrial,178.4,False
MT300174,FD-024,residential,,commercial,17.2,False
MT302788,FD-019,industrial,,industrial,,False
MT309917,FD-003,residential,,domestic-standard,72.9,False
MT300440,FD-020,residential,,industrial,21.0,False
MT305632,FD-028,residential,,domestic-low,107.4,True
MT301162,FD-005,commercial,,domestic-standard,,True
MT302018,FD-035,residential,,social,80.0,True
MT303758,FD-024,industrial,,domestic-standard,167.2,True
MT308792,FD-016,commercial,,domestic-standard,,False
MT309556,FD-009,residential,,domestic-low,52.3,False
MT302305,FD-035,residential,,social,195.3,False
MT306514,FD-026,public,,industrial,21.5,False
MT305689,FD-002,public,,domestic-low,47.6,False
MT300210,FD-016,residential,2024-12-14,domestic-low,,False
MT307394,FD-013,residential,,industrial,,True
MT302308,FD-017,residential,,commercial,,True
MT304331,FD-028,commercial,2023-05-06,domestic-low,188.0,False
MT304333,FD-029,residential,,industrial,103.7,True
MT310429,FD-004,industrial,,industrial,,True
MT302537,FD-015,residential,,domestic-standard,114.5,False
MT302819,FD-030,residential,,domestic-low,,True
MT309711,FD-012,commercial,,domestic-low,,True
MT308998,FD-015,commercial,,domestic-standard,101.4,True
MT310993,FD-031,residential,,domestic-low,84.5,True
MT302761,FD-020,commercial,,commercial,,True
MT303994,FD-016,industrial,,industrial,,False
MT309760,FD-032,residential,,commercial,95.3,False
MT303201,FD-007,residential,,domestic-low,,False
MT306489,FD-017,public,,social,179.4,True
MT304590,FD-018,commercial,,industrial,,True
MT309183,FD-030,residential,2021-07-29,social,139.9,True
MT303260,FD-019,residential,,social,166.9,True
MT303633,FD-007,residential,,domestic-standard,87.0,True
MT307164,FD-025,residential,,industrial,98.8,True
MT303232,FD-004,industrial,,commercial,97.9,True
MT310011,FD-036,public,,domestic-low,125.2,True
MT309612,FD-031,residential,,social,,True
MT301338,FD-028,residential,,industrial,44.9,True
MT309218,FD-029,residential,,industrial,,False
MT309129,FD-013,residential,,domestic-low,186.1,True
MT301698,FD-025,industrial,,domestic-low,57.5,False
MT300411,FD-005,residential,,domestic-standard,,True
MT307920,FD-029,industrial,,social,,False
MT304184,FD-033,residential,,domestic-low,,False
MT309215,FD-022,residential,,social,32.8,True
MT308789,FD-034,public,,industrial,89.9,False
MT306527,FD-001,public,,domestic-low,151.4,True
MT300869,FD-004,public,,domestic-standard,80.5,True
MT308743,FD-026,residential,2025-02-03,domestic-low,,False
MT304413,FD-010,industrial,,commercial,128.6,False
MT305619,FD-015,industrial,,commercial,,True
MT305402,FD-010,public,,domestic-low,46.1,False
MT310016,FD-002,residential,,commercial,,True
MT307465,FD-022,residential,,domestic-low,180.5,True
MT310533,FD-026,residential,2024-05-01,industrial,27.2,True
MT308234,FD-008,residential,,commercial,157.0,False
MT304836,FD-011,public,,industrial,148.1,False
MT302000,FD-030,industrial,,domestic-standard,67.7,True
MT308745,FD-035,residential,,social,,False
MT307992,FD-034,commercial,,industrial,,False
MT304847,FD-008,residential,,social,,True
MT302896,FD-033,commercial,,domestic-low,,False
MT307381,FD-028,industrial,,domestic-low,,False
MT302144,FD-014,public,,industrial,66.7,True
MT310560,FD-017,residential,,industrial,,False
MT306442,FD-031,industrial,,commercial,,True
MT305853,FD-003,commercial,,domestic-low,159.2,False
MT304997,FD-031,commercial,,commercial,,False
MT304034,FD-004,industrial,,domestic-standard,186.4,True
MT309631,FD-010,residential,,domestic-standard,,False
MT308885,FD-030,public,,domestic-low,,False
MT300344,FD-024,residential,,industrial,,False
MT307025,FD-001,residential,,commercial,55.8,True
MT307324,FD-014,commercial,2019-04-08,domestic-standard,9.3,True
MT300938,FD-021,residential,,social,,False
MT310330,FD-032,commercial,,domestic-low,,False
MT304946,FD-030,industrial,,commercial,21.2,False
MT309996,FD-024,public,,domestic-low,53.8,True
MT307359,FD-026,residential,2023-03-16,industrial,40.5,False
MT305607,FD-007,commercial,,domestic-standard,10.0,True
MT303173,FD-008,residential,,social,65.8,False
MT307475,FD-027,residential,,social,154.7,True
MT303822,FD-035,residential,,commercial,100.7,True
MT301090,FD-023,industrial,,domestic-standard,21.1,True
MT307833,FD-019,residential,,industrial,99.1,False
MT307944,FD-024,residential,,domestic-low,118.6,True
MT303705,FD-008,public,,domestic-standard,31.6,True
MT307213,FD-021,residential,,domestic-standard,,True
MT302574,FD-017,commercial,,commercial,,False
MT308124,FD-033,industrial,,domestic-standard,66.0,False
MT300884,FD-036,industrial,,domestic-low,,False
MT307794,FD-015,industrial,,industrial,166.1,False
MT304706,FD-025,industrial,,domestic-low,149.3,False
MT307357,FD-036,public,,social,55.9,True
MT304944,FD-017,residential,,commercial,44.9,True
MT309297,FD-011,residential,,industrial,35.4,True
MT306768,FD-032,commercial,,commercial,,False
MT308434,FD-034,residential,,social,124.8,True
MT310112,FD-029,residential,,commercial,182.5,True
MT309779,FD-029,residential,,commercial,167.5,False
MT308408,FD-030,residential,,domestic-low,136.6,False
MT307312,FD-031,residential,,domestic-standard,,True
MT309671,FD-023,residential,,domestic-low,102.6,False
MT302710,FD-027,commercial,2022-10-23,domestic-standard,,True
MT306390,FD-022,residential,2024-06-18,domestic-low,122.5,True
MT300469,FD-021,industrial,,social,,False
MT309675,FD-012,residential,,domestic-standard,118.3,True
MT307662,FD-020,commercial,,domestic-low,40.7,True
MT306473,FD-022,public,,commercial,,True
MT306199,FD-026,industrial,,commercial,174.9,True
MT307154,FD-002,commercial,,social,118.0,False
MT301710,FD-014,residential,,social,62.3,True
MT306698,FD-009,commercial,2022-10-04,domestic-low,235.8,False
MT302185,FD-001,commercial,,domestic-low,69.4,True
MT306968,FD-014,public,,industrial,39.8,True
MT302589,FD-016,residential,,domestic-standard,,False
MT302575,FD-029,industrial,,social,,True
MT302136,FD-029,residential,,social,78.7,False
MT304223,FD-037,residential,,domestic-standard,258.2,True
MT302861,FD-009,industrial,,domestic-low,127.3,True
MT308609,FD-021,residential,,domestic-low,122.0,False
MT308864,FD-021,residential,,commercial,50.1,False
MT307588,FD-017,industrial,,domestic-low,,True
MT303458,FD-008,residential,,industrial,48.9,True
MT306324,FD-032,industrial,,domestic-low,12.7,True
MT304632,FD-012,commercial,,industrial,100.8,False
MT306120,FD-036,commercial,,industrial,97.6,True
MT308917,FD-012,public,,domestic-low,,True
MT300514,FD-028,industrial,,domestic-low,110.9,True
MT309324,FD-025,public,,commercial,,True
MT310318,FD-013,commercial,2024-04-01,commercial,103.6,False
MT306262,FD-003,residential,,social,,True
MT307641,FD-030,commercial,,industrial,43.5,False
MT307545,FD-005,public,2023-04-07,industrial,176.5,True
MT300736,FD-027,residential,,domestic-low,,False
MT308412,FD-034,commercial,,domestic-standard,,False
MT306657,FD-007,residential,,industrial,,True
MT309352,FD-011,public,,domestic-standard,121.8,False
MT303848,FD-017,commercial,,commercial,,False
MT300228,FD-035,commercial,,social,20.9,False
MT303035,FD-035,residential,,social,63.2,False
MT306356,FD-012,public,,domestic-low,,True
MT303922,FD-024,residential,,domestic-low,192.8,True
MT307118,FD-030,public,,industrial,,False
MT306295,FD-008,public,,domestic-standard,209.4,False
MT300715,FD-029,residential,2023-01-31,domestic-low,122.8,False
MT301837,FD-009,residential,,social,59.4,False
MT310167,FD-025,industrial,,domestic-low,33.8,True
MT301606,FD-012,residential,,domestic-low,,True
MT304213,FD-004,residential,,industrial,253.0,False
MT310581,FD-004,residential,,social,,True
MT307412,FD-025,public,,social,124.8,False
MT303289,FD-014,public,,domestic-standard,185.5,False
MT306424,FD-015,residential,,commercial,113.6,False
MT300037,FD-035,commercial,,domestic-low,326.7,False
MT304737,FD-004,commercial,,commercial,,False
MT307441,FD-021,industrial,,social,,True
MT301138,FD-022,industrial,,domestic-low,137.6,False
MT302640,FD-037,residential,,social,86.1,False
MT305066,FD-005,public,,industrial,,True
MT304209,FD-024,public,,domestic-low,153.9,True
MT308189,FD-010,residential,2023-04-27,domestic-standard,,False
MT304478,FD-005,industrial,,domestic-low,181.0,False
MT306737,FD-024,public,,industrial,46.5,False
MT308740,FD-009,industrial,,domestic-standard,,True
MT301282,FD-036,residential,2023-04-07,domestic-low,14.1,False
MT306487,FD-020,public,,commercial,,True
MT302488,FD-005,residential,,domestic-standard,92.3,False
MT310782,FD-020,commercial,,commercial,177.2,True
MT310019,FD-004,residential,,social,101.3,True
MT305254,FD-030,residential,,domestic-standard,29.0,False
MT310982,FD-036,residential,,domestic-low,,True
MT307510,FD-037,residential,,domestic-low,250.2,False
MT306586,FD-032,residential,,domestic-low,81.9,True
MT302374,FD-015,residential,,social,59.8,True
MT308515,FD-008,public,,domestic-low,,False
MT310668,FD-020,residential,,social,136.8,True
MT301322,FD-012,residential,,domestic-low,195.3,False
MT308260,FD-033,residential,,industrial,57.4,True
MT301409,FD-029,public,2025-11-10,domestic-standard,171.3,True
MT307610,FD-037,commercial,,social,223.2,False
MT300226,FD-011,residential,2020-07-24,social,,False
MT306108,FD-036,public,,domestic-low,,True
MT303501,FD-009,residential,,domestic-low,202.5,False
MT301958,FD-029,residential,,commercial,,True
MT303635,FD-035,public,,domestic-low,161.9,False
MT301414,FD-024,commercial,2021-07-18,domestic-low,95.0,False
MT310184,FD-024,residential,2025-07-01,commercial,,True
MT308187,FD-018,commercial,,domestic-low,115.1,False
MT301885,FD-018,public,2020-09-12,domestic-low,,False
MT309149,FD-025,commercial,,commercial,243.2,True
MT306518,FD-024,residential,,domestic-standard,,False
MT309898,FD-018,industrial,,domestic-low,34.3,False
MT307645,FD-022,public,,industrial,,True
MT301307,FD-032,public,,domestic-standard,169.5,True
MT309120,FD-024,residential,,commercial,120.7,True
MT310500,FD-010,residential,,industrial,,False
MT307298,FD-004,residential,,domestic-low,133.7,True
MT309602,FD-036,public,,domestic-low,,True
MT303302,FD-012,industrial,,commercial,80.0,True
MT305275,FD-026,industrial,,domestic-standard,78.8,True
MT304870,FD-010,public,2022-09-30,commercial,111.9,True
MT305936,FD-020,commercial,,domestic-low,25.8,False
MT305991,FD-024,commercial,2024-08-08,domestic-low,45.5,True
MT305953,FD-019,public,2025-12-25,social,68.9,False
MT300282,FD-022,residential,2019-04-03,industrial,,False
MT310139,FD-003,residential,,domestic-low,119.8,False
MT301528,FD-006,residential,,domestic-low,113.4,True
MT303946,FD-025,commercial,,social,,False
MT309526,FD-037,public,,domestic-low,141.5,True
MT304953,FD-022,residential,2019-08-09,domestic-standard,157.7,False
MT300631,FD-031,residential,,domestic-low,78.5,False
MT301953,FD-004,residential,,commercial,,False
MT300333,FD-036,commercial,,domestic-low,,False
MT307295,FD-009,public,,social,,False
MT309267,FD-020,residential,,domestic-low,,True
MT308276,FD-031,residential,,domestic-standard,,True
MT308528,FD-028,residential,,social,90.5,True
MT303336,FD-037,commercial,,industrial,,True
MT307672,FD-033,residential,,domestic-low,77.3,True
MT309400,FD-019,residential,,industrial,,False
MT306031,FD-016,residential,,commercial,163.5,True
MT304750,FD-029,commercial,,commercial,,True
MT307043,FD-025,industrial,2022-03-05,social,,False
MT307866,FD-008,public,,commercial,,True
MT310307,FD-035,residential,,domestic-low,128.3,False
MT300934,FD-017,residential,,domestic-standard,,False
MT308891,FD-017,residential,,domestic-low,,True
MT306961,FD-018,public,,domestic-standard,38.7,True
MT308512,FD-006,residential,,social,113.3,True
MT300670,FD-009,residential,,commercial,60.7,False
MT302704,FD-012,industrial,,industrial,,True
MT307476,FD-022,residential,,commercial,50.8,False
MT302135,FD-014,residential,,domestic-standard,131.6,True
MT309816,FD-028,residential,,domestic-low,41.9,True
MT301240,FD-015,residential,,social,183.2,False
MT301682,FD-014,industrial,,industrial,187.5,False
MT309237,FD-035,industrial,,domestic-low,166.0,True
MT303262,FD-028,residential,,industrial,136.9,False
MT301354,FD-035,residential,,domestic-low,,False
MT301206,FD-029,residential,,social,,False
MT303500,FD-021,industrial,,industrial,,False
MT309615,FD-017,industrial,,industrial,,True
MT309667,FD-024,commercial,2021-04-15,domestic-low,,True
MT305322,FD-034,residential,,social,,False
MT308303,FD-023,public,,industrial,63.3,True
MT306158,FD-014,residential,,domestic-standard,234.3,True
MT310288,FD-010,residential,,social,,True
MT310427,FD-032,public,,domestic-low,81.3,False
MT304576,FD-019,commercial,,industrial,,False
MT306796,FD-008,industrial,,commercial,106.8,True
MT307570,FD-003,residential,,domestic-low,11.8,True
MT302291,FD-013,residential,2023-08-14,domestic-standard,,True
MT308525,FD-037,residential,,social,36.9,False
MT308355,FD-013,public,2023-11-26,domestic-standard,,True
MT308169,FD-027,residential,,domestic-standard,111.0,False
MT302495,FD-022,commercial,2024-10-17,commercial,,False
MT305248,FD-034,residential,,industrial,,False
MT302531,FD-020,commercial,2025-01-23,social,,False
MT307923,FD-010,industrial,,domestic-standard,59.1,False
MT308555,FD-008,residential,,domestic-standard,69.0,False
MT305123,FD-010,residential,2022-03-08,social,13.0,True
MT302324,FD-005,public,,industrial,205.0,True
MT308041,FD-036,public,,domestic-low,92.6,False
MT302547,FD-012,residential,,commercial,136.6,True
MT310588,FD-027,commercial,,domestic-standard,31.8,True
MT306381,FD-028,public,,industrial,285.2,True
MT302503,FD-029,residential,,domestic-low,,False
MT303728,FD-022,residential,,domestic-low,144.8,False
MT305682,FD-004,residential,2023-05-02,industrial,147.7,True
MT306502,FD-028,commercial,,industrial,54.6,True
MT300775,FD-016,public,,commercial,246.5,False
MT301474,FD-016,commercial,,domestic-standard,129.7,False
MT306428,FD-027,commercial,,social,,False
MT309152,FD-002,residential,,industrial,,True
MT304344,FD-029,industrial,,social,42.2,False
MT302024,FD-016,residential,,domestic-standard,,False
MT305987,FD-004,commercial,,domestic-standard,271.1,False
MT307589,FD-037,public,,industrial,,True
MT306025,FD-037,commercial,,domestic-low,84.3,True
MT300992,FD-030,public,,domestic-low,,False
MT305578,FD-012,residential,,domestic-standard,204.6,False
MT300175,FD-022,commercial,,domestic-low,90.7,False
MT309073,FD-022,industrial,2020-07-31,domestic-standard,,False
MT303234,FD-033,residential,,domestic-low,42.5,False
MT307631,FD-025,commercial,,domestic-low,,False
MT309515,FD-020,commercial,,domestic-standard,145.7,True
MT302732,FD-033,public,,domestic-low,173.5,False
MT300352,FD-012,residential,,domestic-standard,184.0,False
MT302391,FD-032,residential,,commercial,64.7,False
MT305111,FD-031,commercial,,social,17.8,False
MT304000,FD-013,industrial,,social,210.2,True
MT305160,FD-006,residential,,commercial,,False
MT302228,FD-026,residential,,social,108.0,False
MT303871,FD-011,public,,industrial,27.2,False
MT300932,FD-037,residential,,industrial,,True
MT305698,FD-031,industrial,2021-07-29,commercial,,False
MT306939,FD-009,public,2019-10-13,domestic-low,150.7,True
MT300437,FD-020,industrial,,domestic-standard,117.9,False
MT309174,FD-005,commercial,,social,26.7,True
MT310754,FD-035,public,,commercial,121.3,False
MT309088,FD-037,industrial,,commercial,,False
MT305357,FD-017,public,,domestic-low,128.0,False
MT306924,FD-030,residential,,industrial,160.8,False
MT302582,FD-036,residential,,domestic-standard,108.4,True
MT308630,FD-001,residential,,social,149.5,False
MT304172,FD-019,residential,,domestic-standard,45.1,True
MT301039,FD-033,industrial,,domestic-low,119.7,True
MT308195,FD-029,industrial,,domestic-low,23.9,True
MT308634,FD-010,commercial,,domestic-low,91.0,True
MT308042,FD-025,residential,,domestic-standard,54.9,False
MT305820,FD-006,commercial,,social,139.7,True
MT305034,FD-030,public,,domestic-standard,,False
MT303761,FD-025,commercial,,social,,False
MT303115,FD-013,residential,2024-10-20,domestic-standard,36.2,True
MT306849,FD-010,residential,2021-09-26,commercial,62.1,True
MT307078,FD-016,residential,,domestic-low,,False
MT302523,FD-008,public,,domestic-standard,117.0,True
MT308874,FD-016,residential,,social,28.2,True
MT308577,FD-014,industrial,2020-12-12,domestic-low,9.5,True
MT300284,FD-007,commercial,,industrial,93.8,True
MT308038,FD-001,public,,social,,False
MT305763,FD-009,residential,,social,173.4,False
MT303607,FD-021,industrial,,domestic-standard,249.9,True
MT301529,FD-023,residential,,domestic-standard,16.7,False
MT304473,FD-006,residential,,industrial,100.6,True
MT308810,FD-004,residential,,commercial,,True
MT300394,FD-037,industrial,,domestic-low,150.0,False
MT304237,FD-003,commercial,,domestic-low,57.9,True
MT301157,FD-015,commercial,,commercial,70.0,True
MT305513,FD-021,commercial,,domestic-low,,True
MT308163,FD-002,residential,,industrial,,False
MT310810,FD-035,residential,,social,157.6,False
MT304714,FD-026,public,,social,100.6,True
MT309559,FD-021,residential,,domestic-standard,90.6,True
MT304554,FD-009,residential,,domestic-standard,35.1,True
MT305000,FD-019,residential,,domestic-low,168.8,False
MT301988,FD-035,commercial,,domestic-low,58.1,False
MT301720,FD-025,residential,,social,146.2,True
MT304645,FD-014,residential,,domestic-low,,False
MT302632,FD-019,commercial,,domestic-low,65.6,False
MT308123,FD-005,commercial,,social,,True
MT304275,FD-021,residential,,industrial,53.5,False
MT304001,FD-031,residential,,domestic-low,144.3,False
MT306305,FD-016,residential,,industrial,112.8,False
MT307422,FD-023,industrial,,domestic-standard,180.6,False
MT301113,FD-034,residential,,domestic-standard,237.1,False
MT308461,FD-029,public,,industrial,26.5,True
MT302270,FD-013,residential,,commercial,,False
MT309744,FD-026,public,,domestic-standard,,True
MT302346,FD-026,industrial,,domestic-standard,148.1,True
MT307321,FD-032,commercial,,social,,True
MT308158,FD-023,residential,,industrial,182.1,True
MT310494,FD-023,industrial,,domestic-low,161.4,False
MT303419,FD-030,residential,,domestic-standard,303.6,True
MT301607,FD-031,industrial,,industrial,122.0,False
MT307130,FD-022,public,,domestic-low,,False
MT308929,FD-029,public,,domestic-low,37.3,False
MT303668,FD-028,residential,,industrial,,True
MT305013,FD-025,residential,,commercial,,False
MT305672,FD-033,industrial,2021-12-26,domestic-standard,26.6,False
MT310708,FD-026,residential,,domestic-low,236.5,False
MT307770,FD-029,residential,,domestic-low,64.2,True
MT302191,FD-030,commercial,,social,118.0,False
MT300839,FD-017,residential,,social,213.2,False
MT301930,FD-013,commercial,,domestic-low,43.5,False
MT306772,FD-009,industrial,2025-03-07,industrial,,True
MT303967,FD-027,residential,,commercial,77.9,False
MT310466,FD-016,residential,,commercial,142.1,True
MT301373,FD-029,industrial,,industrial,148.8,True
MT302621,FD-030,industrial,2024-06-09,commercial,12.9,False
MT309832,FD-016,residential,,commercial,71.1,True
MT301517,FD-026,residential,,commercial,62.6,False
MT309155,FD-014,residential,,domestic-standard,129.1,True
MT302859,FD-020,industrial,,social,104.9,False
MT303368,FD-025,public,,domestic-low,,True
MT307090,FD-029,residential,,domestic-low,98.1,False
MT306377,FD-011,residential,,commercial,32.9,True
MT308869,FD-021,public,,domestic-low,,True
MT302999,FD-025,residential,,domestic-standard,,True
MT300374,FD-002,industrial,,domestic-low,261.0,False
MT307230,FD-012,residential,,domestic-standard,131.6,False
MT310416,FD-007,commercial,,commercial,,False
MT302458,FD-010,commercial,2022-10-01,domestic-low,275.9,False
MT310221,FD-017,residential,,industrial,64.8,False
MT308778,FD-015,industrial,,domestic-low,84.1,True
MT302462,FD-033,residential,,domestic-standard,150.8,False
MT305058,FD-010,public,,commercial,44.0,True
MT304522,FD-019,public,,domestic-low,,True
MT306171,FD-023,residential,,social,65.9,False
MT307023,FD-034,industrial,,domestic-low,62.5,False
MT304920,FD-015,residential,,domestic-low,132.6,False
MT307654,FD-037,residential,,domestic-low,191.7,False
MT304066,FD-001,industrial,,social,57.6,True
MT307601,FD-036,residential,,industrial,,True
MT300042,FD-021,industrial,2019-01-23,social,123.2,False
MT303993,FD-021,commercial,,domestic-standard,104.8,True
MT303347,FD-001,public,,domestic-low,,False
MT306958,FD-035,public,,domestic-low,17.2,True
MT303254,FD-007,public,,domestic-low,120.2,False
MT303144,FD-037,public,,commercial,188.1,True
MT305634,FD-022,commercial,,domestic-low,203.2,False
MT301472,FD-032,public,,commercial,162.4,True
MT301790,FD-017,residential,,commercial,,True
MT309153,FD-003,industrial,,domestic-standard,,True
MT303299,FD-019,industrial,,social,61.2,True
MT309926,FD-026,industrial,2021-03-24,industrial,,False
MT308667,FD-024,public,,domestic-low,111.0,True
MT308909,FD-036,public,,social,71.3,False
MT302851,FD-026,residential,,domestic-low,,False
MT304849,FD-029,public,2025-02-05,domestic-standard,74.2,False
MT300358,FD-034,public,,industrial,16.7,True
MT309176,FD-006,commercial,2019-10-28,commercial,100.5,True
MT304916,FD-033,residential,,domestic-low,83.9,False
MT307868,FD-014,public,,domestic-low,,False
MT306906,FD-007,commercial,,domestic-standard,204.2,True
MT307044,FD-027,residential,,domestic-low,247.8,False
MT300864,FD-029,residential,,domestic-low,,True
MT300750,FD-036,commercial,,domestic-low,94.7,False
MT307126,FD-031,commercial,,domestic-standard,54.0,True
MT305536,FD-034,residential,,domestic-standard,,True
MT309302,FD-035,industrial,,domestic-low,,False
MT305524,FD-008,residential,,industrial,122.5,False
MT304403,FD-009,public,,social,111.7,True
MT303939,FD-031,residential,,commercial,155.3,False
MT309380,FD-006,residential,,domestic-standard,61.9,False
MT309384,FD-021,residential,,social,117.6,False
MT310893,FD-019,industrial,,domestic-standard,,False
MT310976,FD-012,industrial,,domestic-low,164.1,False
MT310921,FD-002,residential,,domestic-low,60.3,True
MT307435,FD-003,residential,,domestic-low,,False
MT302906,FD-014,residential,,domestic-standard,119.6,True
MT300313,FD-015,public,,commercial,210.4,True
MT306317,FD-031,industrial,2023-04-17,social,75.4,True
MT306617,FD-008,residential,,domestic-low,,True
MT308381,FD-031,residential,,social,198.2,False
MT304183,FD-017,residential,,social,64.5,False
MT306809,FD-004,industrial,2020-09-21,domestic-low,16.4,True
MT301554,FD-020,commercial,,domestic-low,45.7,False
MT308131,FD-022,residential,,domestic-standard,31.8,True
MT305648,FD-034,public,,commercial,79.6,False
MT304555,FD-002,residential,,industrial,,False
MT309432,FD-014,residential,,industrial,55.6,False
MT309759,FD-013,commercial,,domestic-low,51.9,True
MT307954,FD-027,residential,,industrial,,True
MT305818,FD-011,residential,,domestic-standard,,True
MT303128,FD-006,industrial,,domestic-low,,False
MT306482,FD-019,industrial,,commercial,,True
MT305644,FD-014,industrial,,social,129.7,True
MT307683,FD-019,residential,,domestic-low,,True
MT308442,FD-014,industrial,,domestic-low,,True
MT307102,FD-026,public,,commercial,124.8,True
MT302010,FD-032,public,,domestic-low,145.2,False
MT301080,FD-009,public,,commercial,82.0,False
MT303220,FD-017,residential,,domestic-standard,115.8,True
MT306021,FD-016,residential,,commercial,9.0,False
MT304356,FD-009,residential,,social,,True
MT303847,FD-018,residential,,industrial,,True
MT303940,FD-013,commercial,,commercial,214.8,False
MT303727,FD-013,residential,,commercial,246.6,True
MT301501,FD-011,public,,domestic-low,,False
MT303718,FD-010,commercial,,commercial,,True
MT302951,FD-011,industrial,2021-07-18,social,,False
MT309750,FD-004,residential,,industrial,,False
MT302916,FD-027,residential,,domestic-standard,205.7,True
MT300490,FD-027,residential,,commercial,28.4,True
MT310867,FD-006,public,,domestic-low,176.5,False
MT306450,FD-026,residential,,social,,True
MT309686,FD-033,residential,2022-07-06,domestic-standard,,True
MT306921,FD-030,public,,commercial,55.5,True
MT302493,FD-014,residential,,domestic-standard,139.6,True
MT306984,FD-020,commercial,,social,83.3,False
MT301216,FD-030,residential,,domestic-standard,138.2,False
MT303255,FD-011,industrial,,domestic-standard,130.5,False
MT300504,FD-022,commercial,2026-02-06,industrial,71.3,True
MT300984,FD-006,residential,,commercial,126.2,False
MT304809,FD-022,residential,,domestic-low,,False
MT309434,FD-022,residential,,domestic-low,98.8,True
MT308382,FD-037,commercial,2024-04-10,industrial,,True
MT306742,FD-005,industrial,,industrial,141.3,False
MT300637,FD-019,residential,2021-03-01,domestic-low,20.8,False
MT302103,FD-027,residential,,domestic-low,160.8,True
MT305201,FD-029,residential,2021-02-12,commercial,79.7,True
MT300273,FD-026,public,2023-12-16,industrial,,True
MT304909,FD-028,industrial,2025-06-27,domestic-standard,,True
MT308750,FD-003,residential,,domestic-low,,False
MT304530,FD-036,commercial,,commercial,182.0,True
MT301009,FD-036,commercial,,domestic-low,,False
MT301801,FD-002,industrial,,domestic-low,197.4,True
MT306526,FD-029,residential,,commercial,122.0,False
MT308151,FD-003,residential,,social,147.5,True
MT301688,FD-029,industrial,,domestic-low,149.3,True
MT307764,FD-035,commercial,,domestic-standard,287.7,True
MT306143,FD-004,public,,domestic-standard,79.7,False
MT306080,FD-015,industrial,,commercial,195.4,False
MT301312,FD-013,public,,commercial,,False
MT302615,FD-015,residential,,industrial,,True
MT300302,FD-005,commercial,,domestic-low,109.2,True
MT305804,FD-009,public,,domestic-standard,,False
MT309070,FD-004,residential,,domestic-low,23.9,True
MT309749,FD-006,residential,,domestic-low,212.6,True
MT305511,FD-001,residential,,domestic-standard,150.3,False
MT309407,FD-003,residential,,social,,False
MT305548,FD-027,residential,,industrial,54.0,True
MT304689,FD-009,commercial,,commercial,185.7,False
MT309342,FD-019,residential,,social,171.6,True
MT306770,FD-026,commercial,,social,70.1,True
MT309513,FD-010,industrial,2023-07-05,industrial,,False
MT303514,FD-010,commercial,,domestic-standard,14.4,True
MT300879,FD-032,commercial,,domestic-standard,157.1,True
MT302791,FD-012,public,,social,59.9,False
MT310463,FD-032,industrial,,domestic-standard,158.6,True
MT307477,FD-037,commercial,,domestic-standard,46.5,True
MT306673,FD-036,public,,domestic-low,,False
MT302052,FD-003,industrial,,social,,False
MT305416,FD-014,residential,,domestic-low,12.0,False
MT305608,FD-022,residential,,commercial,,False
MT308059,FD-019,residential,,industrial,,True
MT306094,FD-025,residential,2022-04-26,industrial,,False
MT302423,FD-008,residential,,industrial,,False
MT302917,FD-031,public,,commercial,,True
MT306409,FD-030,residential,,industrial,,False
MT309936,FD-034,residential,,industrial,20.3,False
MT308282,FD-024,commercial,,commercial,71.2,False
MT307232,FD-034,residential,,domestic-standard,152.2,True
MT303100,FD-010,residential,,domestic-low,136.5,False
MT301242,FD-007,residential,,industrial,205.2,True
MT300107,FD-020,commercial,,domestic-low,66.3,True
MT309669,FD-033,residential,,social,,True
MT300044,FD-034,public,,domestic-low,,False
MT306631,FD-024,residential,,domestic-low,14.0,True
MT301462,FD-022,industrial,,commercial,,True
MT303288,FD-001,residential,,domestic-standard,48.4,False
MT303252,FD-008,commercial,,commercial,,True
MT307911,FD-035,industrial,,commercial,,False
MT308904,FD-030,residential,,social,124.7,False
MT306774,FD-033,residential,,commercial,164.9,False
MT305581,FD-025,residential,,domestic-low,88.3,False
MT305824,FD-034,commercial,,domestic-low,,True
MT303519,FD-032,residential,,industrial,137.6,True
MT301225,FD-035,residential,,domestic-low,15.8,True
MT306577,FD-005,residential,2019-09-21,domestic-low,109.5,True
MT302536,FD-026,commercial,2024-05-07,industrial,8.2,False
MT310607,FD-011,public,2019-03-18,industrial,183.5,True
MT303465,FD-005,residential,,commercial,40.6,False
MT300960,FD-022,residential,,domestic-low,74.8,True
MT304790,FD-008,public,2020-12-20,domestic-standard,153.9,True
MT305202,FD-013,commercial,,commercial,,True
MT305506,FD-033,public,,domestic-low,,True
MT308349,FD-008,residential,2019-04-26,domestic-low,178.2,False
MT304619,FD-034,commercial,,social,,False
MT304264,FD-008,residential,,social,43.2,False
MT310188,FD-032,residential,,commercial,200.0,True
MT309841,FD-013,residential,,domestic-low,106.1,False
MT310612,FD-029,residential,,domestic-standard,161.7,False
MT306287,FD-020,residential,,social,198.4,True
MT309262,FD-032,commercial,,domestic-standard,14.3,True
MT307580,FD-016,residential,,domestic-low,,True
MT307424,FD-029,industrial,,domestic-low,81.8,False
MT308741,FD-001,residential,,commercial,,False
MT306124,FD-033,commercial,,domestic-low,136.1,False
MT300325,FD-009,residential,,commercial,64.9,False
MT302608,FD-018,residential,,domestic-standard,,True
MT310818,FD-012,commercial,,social,118.6,False
MT302067,FD-005,industrial,,industrial,67.7,False
MT303442,FD-028,commercial,,industrial,,False
MT305152,FD-035,commercial,,domestic-low,201.9,False
MT308283,FD-032,residential,,domestic-low,38.5,True
MT307155,FD-032,industrial,,industrial,27.6,False
MT300661,FD-032,residential,,commercial,,True
MT300600,FD-026,commercial,,domestic-low,,True
MT300982,FD-015,public,,social,223.2,True
MT303671,FD-022,residential,,social,,True
MT303400,FD-007,residential,,domestic-low,,True
MT303534,FD-027,public,2021-09-16,industrial,,True
MT310689,FD-008,industrial,,social,,True
MT310499,FD-013,industrial,,domestic-low,89.1,True
MT306239,FD-020,public,,domestic-low,218.8,False
MT306057,FD-027,industrial,,commercial,195.4,False
MT305869,FD-001,public,,domestic-low,129.5,True
MT310866,FD-020,residential,,domestic-low,,True
MT302964,FD-020,industrial,,commercial,180.4,True
MT302140,FD-029,commercial,,domestic-low,24.2,True
MT306279,FD-019,residential,2026-05-03,domestic-low,,False
MT307341,FD-002,residential,,domestic-low,,True
MT309888,FD-016,public,,domestic-low,43.0,True
MT300806,FD-001,public,,domestic-standard,207.9,True
MT304482,FD-021,public,,domestic-low,68.1,False
MT308329,FD-022,residential,,commercial,11.0,False
MT308220,FD-009,industrial,,commercial,,True
MT304042,FD-028,residential,,domestic-low,,True
MT300444,FD-020,commercial,2025-10-26,domestic-low,,False
MT300482,FD-036,commercial,,commercial,180.2,True
MT306438,FD-036,public,,social,104.3,True
MT301763,FD-013,public,,industrial,,False
MT301422,FD-032,commercial,,domestic-low,,True
MT306879,FD-024,residential,2025-12-20,social,,False
MT309239,FD-028,residential,,industrial,120.6,True
MT301241,FD-020,public,,domestic-low,,False
MT306714,FD-031,residential,,industrial,,True
MT308066,FD-034,residential,2019-11-12,domestic-standard,66.9,True
MT307446,FD-016,residential,,social,192.9,True
MT302665,FD-011,commercial,,domestic-low,23.7,True
MT307518,FD-024,residential,,domestic-low,175.2,False
MT304601,FD-016,commercial,,industrial,79.8,False
MT302218,FD-027,public,,domestic-standard,164.0,True
MT305270,FD-002,residential,,industrial,53.1,True
MT303435,FD-018,commercial,,commercial,13.3,False
MT301743,FD-025,residential,,commercial,73.5,True
MT304994,FD-009,residential,,commercial,,False
MT306568,FD-003,residential,,industrial,17.5,True
MT304600,FD-003,residential,,commercial,29.2,False
MT305354,FD-028,residential,2024-01-12,domestic-low,,True
MT301471,FD-013,residential,,domestic-low,,True
MT304894,FD-021,commercial,,domestic-standard,226.9,True
MT305082,FD-035,industrial,,domestic-low,146.7,True
MT300612,FD-009,industrial,,domestic-low,151.7,False
MT305042,FD-008,residential,,commercial,26.2,False
MT306235,FD-001,commercial,,domestic-low,137.8,True
MT300270,FD-019,commercial,,commercial,105.1,False
MT303382,FD-027,commercial,,industrial,,True
MT306234,FD-027,public,,commercial,,False
MT310001,FD-026,commercial,,domestic-standard,,False
MT302970,FD-028,residential,,domestic-low,242.7,True
MT308269,FD-009,public,,commercial,106.2,True
MT307946,FD-029,public,,social,113.7,True
MT305527,FD-023,industrial,,domestic-low,56.4,False
MT310995,FD-027,residential,,industrial,147.3,False
MT300807,FD-033,residential,,domestic-low,152.0,False
MT303538,FD-009,residential,,domestic-standard,55.3,True
MT304755,FD-020,industrial,,domestic-low,195.0,True
MT306829,FD-011,public,,domestic-low,110.2,False
MT309831,FD-027,public,,social,,False
MT308328,FD-014,residential,,domestic-low,19.6,True
MT305889,FD-037,residential,,industrial,115.0,True
MT302691,FD-004,residential,,social,31.2,True
MT303518,FD-029,residential,,domestic-low,,False
MT309672,FD-031,residential,,social,130.4,True
MT307505,FD-027,residential,,domestic-low,,False
MT304526,FD-004,industrial,,social,,False
MT309054,FD-007,residential,,domestic-standard,,True
MT304086,FD-004,residential,,domestic-low,75.5,True
MT303525,FD-013,residential,,social,123.7,False
MT305515,FD-022,residential,,industrial,23.4,False
MT305119,FD-003,industrial,,industrial,22.0,False
MT300192,FD-021,industrial,,commercial,,False
MT301295,FD-009,residential,,domestic-low,101.4,True
MT310611,FD-033,commercial,,domestic-standard,61.7,True
MT305808,FD-028,commercial,2022-12-13,domestic-standard,189.2,True
MT302361,FD-015,public,,domestic-low,146.1,True
MT304992,FD-024,residential,,commercial,56.0,True
MT303034,FD-008,residential,,industrial,22.4,False
MT307180,FD-034,public,,domestic-low,30.5,True
MT309078,FD-031,residential,2019-01-15,industrial,26.4,False
MT307893,FD-002,public,,domestic-standard,108.2,False
MT300427,FD-029,residential,,domestic-low,112.9,False
MT307035,FD-033,industrial,,industrial,48.5,True
MT305902,FD-007,industrial,,domestic-low,,False
MT300356,FD-025,residential,,domestic-low,20.5,True
MT310391,FD-036,industrial,,industrial,66.0,False
MT301582,FD-037,commercial,,domestic-low,,True
MT308252,FD-002,residential,,domestic-low,270.9,True
MT306131,FD-035,commercial,,social,23.3,True
MT302221,FD-021,commercial,,social,26.3,True
MT309009,FD-023,commercial,,social,33.4,True
MT303455,FD-010,public,,commercial,125.5,False
MT304551,FD-035,residential,,commercial,88.0,False
MT300632,FD-033,residential,,domestic-standard,,False
MT308098,FD-028,industrial,,domestic-standard,123.4,False
MT303810,FD-011,residential,,domestic-low,57.2,True
MT310352,FD-037,commercial,,industrial,62.7,False
MT308540,FD-026,public,2022-07-12,domestic-standard,160.6,False
MT302798,FD-014,residential,,domestic-low,243.2,True
MT307063,FD-037,residential,2023-07-11,commercial,78.7,False
MT308916,FD-026,residential,,social,31.4,False
MT303454,FD-018,public,,commercial,,False
MT308900,FD-016,public,,domestic-low,121.7,True
MT304283,FD-024,commercial,,commercial,199.1,False
MT304733,FD-016,residential,,domestic-low,,True
MT309639,FD-023,residential,,domestic-low,28.3,True
MT302996,FD-013,commercial,2019-02-25,domestic-standard,,True
MT310440,FD-020,residential,2025-06-06,commercial,49.0,True
MT302285,FD-014,residential,,social,169.3,True
MT300601,FD-008,commercial,2024-03-13,industrial,27.5,False
MT309343,FD-015,commercial,,industrial,85.9,False
MT306738,FD-006,public,,domestic-low,94.0,True
MT308835,FD-014,residential,,domestic-low,151.0,False
MT310098,FD-005,residential,,domestic-standard,,False
MT306812,FD-030,commercial,,domestic-low,80.9,True
MT302768,FD-002,commercial,,social,165.4,True
MT300095,FD-037,residential,,social,67.9,False
MT301631,FD-010,industrial,2020-11-14,domestic-low,49.3,True
MT308640,FD-036,commercial,,domestic-low,14.6,True
MT303379,FD-015,industrial,,domestic-low,,True
MT309550,FD-015,residential,,industrial,170.5,True
MT310420,FD-008,public,,domestic-low,,True
MT309471,FD-016,residential,,domestic-low,,False
MT306622,FD-033,industrial,,domestic-standard,,False
MT308159,FD-003,residential,,social,,False
MT303414,FD-011,residential,,domestic-low,,False
MT305483,FD-019,residential,,social,,False
MT300150,FD-018,public,,domestic-low,,True
MT308400,FD-014,industrial,,domestic-low,,False
MT309476,FD-028,industrial,,domestic-standard,138.2,False
MT306900,FD-014,public,,domestic-standard,31.7,False
MT309964,FD-034,commercial,,domestic-low,205.4,True
MT304548,FD-008,industrial,,commercial,,True
MT302554,FD-017,residential,,social,179.7,False
MT300831,FD-011,public,,domestic-low,121.2,False
MT305079,FD-028,residential,,social,222.8,True
MT301982,FD-015,commercial,,industrial,52.1,True
MT310217,FD-015,residential,,commercial,48.0,True
MT305273,FD-009,public,2022-11-24,domestic-low,,False
MT300147,FD-006,industrial,,domestic-low,29.0,False
MT308701,FD-030,industrial,,domestic-low,,True
MT301049,FD-007,residential,,commercial,69.2,True
MT300032,FD-023,industrial,,domestic-low,109.7,True
MT305892,FD-017,commercial,,domestic-low,159.0,True
MT307148,FD-026,industrial,,domestic-low,81.0,True
MT303322,FD-004,public,,domestic-low,232.2,True
MT304541,FD-033,public,,social,,False
MT304717,FD-011,industrial,,domestic-low,152.0,True
MT301194,FD-036,industrial,,domestic-low,156.1,True
MT302287,FD-027,industrial,,industrial,42.3,False
MT309381,FD-037,industrial,,social,63.2,True
MT304156,FD-009,residential,,commercial,231.1,False
MT306695,FD-008,residential,,commercial,,False
MT305659,FD-005,residential,,industrial,108.3,True
MT307021,FD-032,residential,,domestic-low,38.8,True
MT302445,FD-019,residential,,domestic-low,,False
MT302241,FD-002,residential,,social,,False
MT301917,FD-009,public,,domestic-standard,,False
MT300223,FD-002,industrial,,social,79.2,False
MT306371,FD-009,residential,,domestic-standard,28.5,False
MT310215,FD-023,industrial,,commercial,104.1,True
MT307815,FD-021,public,,domestic-low,236.1,False
MT307785,FD-026,industrial,,industrial,12.7,False
MT305047,FD-005,residential,,commercial,,True
MT307845,FD-035,residential,2022-09-05,domestic-low,93.6,True
MT305487,FD-019,residential,,commercial,42.0,True
MT309985,FD-026,public,,domestic-low,,False
MT302340,FD-013,public,,domestic-low,,False
MT310601,FD-017,commercial,,social,,False
MT308532,FD-014,commercial,,industrial,,True
MT308928,FD-006,public,,domestic-low,125.1,True
MT308569,FD-011,residential,,domestic-low,,False
MT303563,FD-024,commercial,,commercial,9.8,True
MT300803,FD-022,residential,,social,265.3,True
MT300248,FD-013,residential,,domestic-low,201.9,False
MT310541,FD-022,industrial,2023-06-21,social,,True
MT302596,FD-036,industrial,,social,,False
MT307275,FD-014,residential,,domestic-standard,,True
MT304708,FD-036,residential,,domestic-low,126.8,True
MT307486,FD-026,commercial,,commercial,154.3,True
MT303054,FD-008,residential,,industrial,84.5,True
MT301347,FD-028,residential,,domestic-standard,108.9,True
MT308902,FD-037,residential,,domestic-low,203.8,True
MT302983,FD-024,residential,,domestic-standard,140.9,True
MT303405,FD-019,public,,domestic-low,,False
MT308723,FD-014,commercial,2020-02-09,industrial,149.9,False
MT307159,FD-032,commercial,,domestic-standard,161.6,True
MT308641,FD-019,residential,,industrial,53.9,False
MT301891,FD-032,residential,,industrial,26.5,True
MT303783,FD-010,public,,domestic-standard,28.5,False
MT306089,FD-029,residential,,domestic-low,92.1,False
MT303644,FD-004,residential,,domestic-standard,,True
MT309998,FD-014,industrial,,social,74.2,True
MT309818,FD-026,residential,,domestic-standard,,True
MT307260,FD-020,residential,,domestic-low,,False
MT300055,FD-005,commercial,,industrial,120.8,True
MT308340,FD-013,residential,2020-05-14,industrial,,True
MT308099,FD-011,commercial,,domestic-low,36.9,False
MT308225,FD-032,residential,,domestic-low,,False
MT309819,FD-026,public,,social,246.8,True
MT303211,FD-029,residential,,industrial,151.8,False
MT305848,FD-028,industrial,,domestic-low,197.5,True
MT306531,FD-008,public,,domestic-low,,True
MT300828,FD-034,residential,,social,120.8,False
MT307758,FD-008,residential,,domestic-low,,True
MT303219,FD-029,residential,,domestic-low,160.6,True
MT305026,FD-011,commercial,,domestic-low,76.0,False
MT303717,FD-015,public,,social,,False
MT310872,FD-008,residential,,industrial,113.1,False
MT308389,FD-018,residential,,commercial,29.8,False
MT300792,FD-033,commercial,,social,209.2,True
MT307922,FD-033,residential,,domestic-standard,137.9,True
MT300343,FD-020,commercial,,commercial,39.8,True
MT300944,FD-024,industrial,2024-08-06,domestic-standard,33.0,True
MT307485,FD-001,commercial,2022-09-15,domestic-low,,False
MT305139,FD-035,residential,,domestic-standard,34.0,True
MT302943,FD-031,residential,2025-03-18,domestic-low,,False
MT303764,FD-002,commercial,,domestic-low,,True
MT303713,FD-028,residential,,commercial,128.0,True
MT302064,FD-037,residential,,social,,True
MT305116,FD-010,industrial,,industrial,81.3,True
MT300711,FD-029,residential,,domestic-standard,,False
MT301077,FD-002,public,,social,,False
MT306834,FD-036,commercial,,domestic-standard,62.4,True
MT301250,FD-008,residential,,commercial,180.6,False
MT302880,FD-025,residential,,industrial,126.3,False
MT309219,FD-009,residential,,domestic-low,165.1,True
MT301994,FD-016,residential,,domestic-low,45.3,False
MT304284,FD-013,residential,,industrial,161.7,False
MT303984,FD-007,residential,,domestic-standard,81.8,True
MT308633,FD-009,industrial,,social,108.3,False
MT310997,FD-008,commercial,,domestic-low,37.9,True
MT302369,FD-014,residential,,social,75.3,True
MT307811,FD-025,residential,,commercial,,False
MT305196,FD-002,commercial,,social,,False
MT304738,FD-023,commercial,,domestic-standard,,True
MT307678,FD-024,commercial,,domestic-standard,45.5,True
MT302529,FD-018,industrial,,domestic-low,140.0,False
MT307691,FD-013,industrial,,domestic-low,97.2,False
MT303015,FD-009,residential,,commercial,38.0,False
MT302735,FD-005,residential,,domestic-standard,84.4,False
MT307228,FD-023,residential,,industrial,178.2,True
MT300808,FD-021,commercial,,domestic-standard,129.0,False
MT304063,FD-022,public,,domestic-low,91.6,False
MT310015,FD-026,industrial,,social,,True
MT308218,FD-024,industrial,,social,,True
MT305962,FD-013,residential,,social,61.6,False
MT300707,FD-002,residential,,domestic-low,,False
MT303844,FD-002,residential,,domestic-standard,97.8,False
MT302077,FD-026,residential,,social,,True
MT306561,FD-037,public,,domestic-low,,True
MT300617,FD-022,residential,,domestic-low,,True
MT307965,FD-003,residential,,industrial,81.2,False
MT307277,FD-010,public,,industrial,142.7,True
MT304355,FD-004,industrial,2021-09-06,domestic-low,,False
MT304793,FD-008,residential,,domestic-low,108.4,False
MT305963,FD-026,public,,domestic-low,43.6,False
MT304707,FD-006,public,,commercial,,False
MT304006,FD-004,residential,,commercial,23.8,True
MT308574,FD-026,industrial,,social,,True
MT302696,FD-021,residential,,social,41.4,True
MT300881,FD-028,commercial,2022-05-26,industrial,229.5,True
MT308322,FD-030,industrial,,commercial,130.3,True
MT308624,FD-013,public,2019-03-03,social,90.6,True
MT306459,FD-021,residential,,domestic-low,100.9,True
MT304542,FD-037,residential,,domestic-low,116.7,True
MT309769,FD-013,residential,,social,68.8,False
MT307592,FD-023,commercial,,commercial,223.1,True
MT303010,FD-022,industrial,,domestic-low,,False
MT302265,FD-016,residential,,social,65.7,False
MT302939,FD-023,public,,industrial,173.5,True
MT309223,FD-003,public,,domestic-low,106.3,False
MT300660,FD-026,public,,domestic-standard,,False
MT305935,FD-013,residential,,industrial,,False
MT300647,FD-001,residential,,domestic-standard,,True
MT303972,FD-014,public,,domestic-low,102.4,True
MT301277,FD-002,residential,,industrial,136.1,True
MT301724,FD-026,residential,,social,,True
MT310996,FD-017,commercial,,industrial,53.6,True
MT308965,FD-026,residential,2025-05-27,domestic-low,,True
MT303826,FD-005,residential,2022-12-26,domestic-low,,True
MT306346,FD-014,residential,,domestic-low,133.8,True
MT309488,FD-030,industrial,2024-10-02,domestic-standard,14.1,False
MT306123,FD-015,residential,,industrial,45.9,True
MT308045,FD-016,public,,domestic-low,166.7,False
MT305088,FD-023,residential,,commercial,,False
MT303603,FD-034,public,,domestic-low,141.0,True
MT310671,FD-032,residential,,domestic-standard,160.0,True
MT303824,FD-027,residential,,domestic-low,,True
MT310512,FD-024,public,,commercial,61.8,True
MT303663,FD-014,commercial,,domestic-low,36.6,False
MT308281,FD-029,public,2021-06-22,domestic-standard,59.6,False
MT310152,FD-016,residential,,commercial,55.1,True
MT300511,FD-018,commercial,,commercial,166.5,False
MT309572,FD-025,industrial,,domestic-standard,,False
MT300122,FD-029,residential,2025-11-03,commercial,,True
MT300254,FD-035,residential,,domestic-standard,122.5,False
MT300524,FD-001,commercial,,commercial,112.1,False
MT302203,FD-031,commercial,,domestic-low,,False
MT305165,FD-004,residential,,domestic-low,,False
MT301371,FD-025,commercial,,commercial,138.2,True
MT302516,FD-034,public,,social,,True
MT310128,FD-001,residential,,social,83.2,True
MT302901,FD-030,residential,,domestic-low,170.8,True
MT301802,FD-002,residential,,domestic-standard,,False
MT300696,FD-015,residential,,industrial,203.5,True
MT303277,FD-006,commercial,,domestic-low,,True
MT302800,FD-027,residential,,industrial,,False
MT302879,FD-014,public,,domestic-low,119.6,False
MT303894,FD-026,industrial,,domestic-low,146.5,True
MT308310,FD-021,residential,,industrial,118.8,False
MT310877,FD-011,industrial,,domestic-low,92.8,False
MT307138,FD-010,residential,,domestic-low,35.9,True
MT300009,FD-003,residential,,industrial,,True
MT309877,FD-021,residential,,domestic-standard,,False
MT310120,FD-008,public,,domestic-low,135.5,False
MT307739,FD-018,industrial,,social,113.4,True
MT310359,FD-026,residential,,domestic-low,46.1,True
MT305704,FD-033,residential,,domestic-low,184.4,False
MT310983,FD-026,commercial,2025-06-16,domestic-low,,True
MT307797,FD-006,public,,commercial,,False
MT301110,FD-007,commercial,,domestic-standard,,False
MT309495,FD-025,residential,,domestic-low,,False
MT305837,FD-006,industrial,,commercial,160.0,False
MT305947,FD-010,residential,,domestic-low,132.0,False
MT306218,FD-004,industrial,,domestic-standard,,True
MT307200,FD-012,residential,,domestic-low,107.3,False
MT305381,FD-018,commercial,,domestic-low,10.0,False
MT301871,FD-006,commercial,,industrial,157.7,False
MT301026,FD-007,industrial,,domestic-low,,False
MT308365,FD-010,residential,,industrial,211.0,True
MT302257,FD-035,public,,social,,True
MT307977,FD-009,residential,2025-12-21,domestic-low,186.8,False
MT300924,FD-033,residential,,social,80.1,True
MT305272,FD-009,residential,,domestic-low,,True
MT308779,FD-024,industrial,,social,81.5,True
MT302987,FD-022,residential,2021-02-08,industrial,112.4,True
MT304987,FD-003,industrial,,domestic-standard,,False
MT302544,FD-005,public,,commercial,113.3,True
MT303840,FD-025,residential,,domestic-low,,False
MT300865,FD-026,residential,,industrial,10.1,False
MT308037,FD-006,public,,domestic-standard,121.7,True
MT303781,FD-011,residential,,commercial,145.4,True
MT302522,FD-028,industrial,,domestic-low,210.6,False
MT303945,FD-010,industrial,,domestic-low,119.1,True
MT301555,FD-023,residential,,domestic-low,54.1,False
MT302564,FD-004,residential,,commercial,206.7,True
MT300265,FD-034,industrial,,domestic-low,140.5,False
MT304890,FD-010,residential,2026-03-18,domestic-low,45.3,False
MT301829,FD-001,commercial,,domestic-low,,False
MT307742,FD-014,industrial,2022-09-09,social,,False
MT303741,FD-009,public,2022-07-26,social,148.2,False
MT305298,FD-026,public,,social,200.0,False
MT305829,FD-008,public,,social,149.0,True
MT304423,FD-005,commercial,,social,229.6,False
MT306093,FD-036,industrial,,domestic-low,,True
MT307718,FD-009,residential,,domestic-standard,124.6,True
MT308357,FD-021,residential,,social,40.7,False
MT310571,FD-011,public,,domestic-low,,True
MT304904,FD-013,industrial,,social,109.6,False
MT309595,FD-015,public,,domestic-low,90.1,False
MT303274,FD-028,residential,,domestic-low,,True
MT309965,FD-013,industrial,,commercial,15.4,True
MT305530,FD-025,commercial,,domestic-standard,69.3,True
MT301497,FD-017,residential,,industrial,153.8,True
MT303033,FD-003,residential,,domestic-low,,True
MT310394,FD-025,public,,domestic-low,89.9,False
MT304293,FD-016,commercial,,domestic-low,217.3,True
MT300824,FD-014,commercial,,domestic-low,34.5,False
MT302577,FD-029,public,,domestic-low,,False
MT301235,FD-031,public,,domestic-low,204.8,True
MT306090,FD-034,residential,,commercial,239.6,True
MT306076,FD-026,public,,social,55.6,False
MT308235,FD-035,industrial,,social,178.8,True
MT305067,FD-020,public,,domestic-standard,116.6,False
MT306162,FD-036,residential,,domestic-standard,58.9,False
MT303410,FD-006,residential,,social,132.8,False
MT303753,FD-030,industrial,,social,27.6,False
MT308306,FD-032,residential,2019-12-09,domestic-low,181.0,False
MT310991,FD-034,industrial,,social,64.9,False
MT309310,FD-019,industrial,,domestic-low,140.9,True
MT304080,FD-017,residential,,industrial,19.5,True
MT307870,FD-015,industrial,,domestic-standard,,True
MT307163,FD-023,commercial,2023-12-14,commercial,135.2,True
MT302736,FD-035,residential,,domestic-low,41.9,False
MT304999,FD-018,residential,,social,,False
MT304212,FD-022,industrial,,commercial,95.6,False
MT300956,FD-027,residential,,commercial,187.4,True
MT308724,FD-002,residential,,domestic-low,,True
MT304040,FD-025,residential,,domestic-low,233.1,True
MT300155,FD-028,public,,industrial,169.8,False
MT301780,FD-006,residential,,social,41.8,False
MT306207,FD-030,residential,,domestic-standard,,False
MT306569,FD-013,residential,2023-09-11,commercial,,False
MT307843,FD-019,residential,,social,28.5,True
MT308411,FD-010,commercial,,commercial,63.2,False
MT308494,FD-036,residential,,social,,True
MT307430,FD-034,residential,,commercial,186.3,False
MT307918,FD-001,residential,,domestic-low,106.5,False
MT300874,FD-027,commercial,,commercial,60.0,True
MT300630,FD-006,residential,2020-07-16,commercial,,False
MT307008,FD-011,residential,,social,326.1,True
MT301120,FD-019,residential,2026-03-24,domestic-low,,True
MT306286,FD-001,public,,industrial,64.2,True
MT303042,FD-027,residential,,domestic-low,189.8,True
MT302913,FD-022,residential,,domestic-standard,122.1,True
MT306216,FD-006,public,,social,,True
MT303409,FD-013,residential,,domestic-low,,False
MT300989,FD-030,residential,,commercial,59.2,True
MT301615,FD-023,residential,,commercial,149.7,False
MT307959,FD-034,residential,,commercial,228.5,True
MT304923,FD-037,commercial,2024-11-08,commercial,80.2,True
MT308691,FD-003,residential,,domestic-low,,True
MT302333,FD-014,residential,,commercial,,True
MT301694,FD-001,public,,domestic-low,40.8,False
MT305748,FD-015,residential,,domestic-low,,True
MT308714,FD-036,commercial,,commercial,76.7,False
MT307501,FD-026,public,,social,70.3,False
MT300771,FD-019,commercial,2022-04-24,commercial,10.5,True
MT305368,FD-019,public,,industrial,,False
MT303621,FD-014,residential,,commercial,,False
MT309371,FD-004,residential,,commercial,66.2,False
MT304868,FD-033,residential,,domestic-low,89.9,False
MT305949,FD-035,public,,domestic-low,65.6,False
MT310604,FD-032,residential,,domestic-low,121.8,True
MT307307,FD-024,industrial,,domestic-standard,132.2,False
MT305888,FD-004,public,,industrial,,False
MT304684,FD-027,residential,,social,75.9,False
MT304699,FD-018,commercial,,domestic-standard,104.4,False
MT303069,FD-035,industrial,,domestic-standard,,False
MT301637,FD-001,residential,,domestic-low,,False
MT303154,FD-029,commercial,,domestic-low,296.1,False
MT308718,FD-002,public,,domestic-standard,78.4,False
MT301853,FD-004,commercial,,industrial,137.1,True
MT307284,FD-008,residential,,domestic-low,161.2,True
MT307473,FD-018,commercial,,commercial,164.8,False
MT308397,FD-013,industrial,,domestic-low,59.2,False
MT303748,FD-025,commercial,,domestic-low,,True
MT309203,FD-009,public,2021-04-05,industrial,193.2,False
MT307201,FD-028,public,2023-03-12,commercial,,True
MT307953,FD-037,commercial,,industrial,30.7,False
MT301934,FD-002,residential,,commercial,104.1,False
MT301874,FD-030,commercial,,industrial,26.9,True
MT300931,FD-013,residential,,domestic-low,52.7,True
MT306284,FD-004,industrial,,domestic-low,,False
MT300123,FD-017,commercial,,domestic-low,86.0,False
MT307086,FD-015,residential,,domestic-low,47.0,True
MT304044,FD-011,commercial,,domestic-low,,True
MT309973,FD-028,residential,,commercial,105.6,False
MT301329,FD-037,residential,,domestic-low,,True
MT308671,FD-024,residential,,commercial,159.6,False
MT310664,FD-020,residential,,domestic-low,192.9,True
MT305709,FD-011,commercial,,domestic-low,110.6,True
MT303903,FD-010,public,,industrial,,False
MT301041,FD-019,residential,,domestic-low,,True
MT309421,FD-032,public,,domestic-low,,False
MT303542,FD-019,residential,2021-12-17,domestic-standard,,False
MT310131,FD-031,residential,,commercial,62.7,True
MT305482,FD-002,industrial,,domestic-low,204.8,False
MT301907,FD-008,residential,,commercial,,True
MT304930,FD-002,commercial,,social,195.3,True
MT301916,FD-032,residential,,domestic-low,,False
MT303765,FD-002,public,,industrial,183.4,True
MT300004,FD-006,public,,social,18.5,False
MT306564,FD-035,residential,,industrial,8.2,False
MT305815,FD-037,commercial,,commercial,87.4,False
MT309590,FD-032,commercial,,domestic-low,148.2,True
MT306856,FD-030,residential,,domestic-low,,True
MT304444,FD-017,industrial,2024-12-03,domestic-standard,,True
MT309473,FD-020,residential,,industrial,212.7,True
MT306213,FD-030,residential,,social,,False
MT306042,FD-006,public,,domestic-low,,True
MT304215,FD-009,industrial,,domestic-standard,102.7,True
MT303303,FD-030,residential,,domestic-low,43.5,False
MT306345,FD-020,public,2022-05-14,social,145.3,False
MT310969,FD-011,public,,industrial,42.1,False
MT307459,FD-036,residential,2022-07-23,social,190.0,False
MT304615,FD-026,industrial,,industrial,57.9,True
MT305391,FD-018,residential,,domestic-standard,10.5,True
MT309111,FD-009,public,2020-01-30,domestic-low,,True
MT310597,FD-012,public,,domestic-standard,,True
MT301360,FD-031,public,,commercial,,False
MT306529,FD-015,public,,social,119.5,True
MT301936,FD-020,residential,,domestic-low,185.4,True
MT307152,FD-003,commercial,,domestic-standard,,True
MT303901,FD-009,public,,domestic-low,,False
MT309802,FD-027,commercial,,commercial,42.1,True
MT309915,FD-012,residential,,domestic-standard,,True
MT300921,FD-002,commercial,,commercial,127.2,True
MT306641,FD-023,industrial,2022-06-05,commercial,123.4,True
MT304062,FD-013,residential,,domestic-low,,False
MT305060,FD-037,commercial,,domestic-low,94.3,True
MT302160,FD-009,industrial,,domestic-standard,108.1,False
MT306748,FD-021,industrial,,social,60.1,False
MT310227,FD-031,industrial,,domestic-low,69.6,True
MT305881,FD-007,commercial,,domestic-low,176.7,False
MT301118,FD-009,public,,social,10.6,False
MT302213,FD-033,commercial,,domestic-low,26.7,False
MT300189,FD-027,industrial,,domestic-low,76.6,True
MT308846,FD-015,public,,social,,True
MT308405,FD-029,residential,,commercial,,True
MT303061,FD-005,commercial,,domestic-low,,True
MT308402,FD-032,commercial,2025-10-15,domestic-standard,43.5,True
MT308966,FD-024,residential,,social,160.4,False
MT303858,FD-017,industrial,,social,100.5,False
MT310068,FD-004,public,,domestic-low,104.3,True
MT304089,FD-012,industrial,,domestic-low,,True
MT304092,FD-015,residential,,industrial,,False
MT305540,FD-023,commercial,2025-10-14,industrial,,False
MT308881,FD-026,industrial,,domestic-low,138.2,True
MT303926,FD-015,public,,social,27.1,True
MT302438,FD-018,public,,domestic-low,24.1,True
MT309392,FD-034,commercial,,industrial,,True
MT301821,FD-002,public,2023-11-11,domestic-standard,193.1,True
MT300052,FD-017,public,,domestic-low,33.9,True
MT301673,FD-033,industrial,,domestic-low,265.8,False
MT305345,FD-016,residential,,domestic-standard,136.4,True
MT300557,FD-030,residential,,domestic-low,55.2,False
MT302644,FD-003,public,,industrial,,True
MT309145,FD-030,industrial,,domestic-low,,False
MT305328,FD-013,residential,,commercial,,True
MT302378,FD-021,residential,,industrial,151.3,True
MT304559,FD-023,commercial,2023-12-24,social,138.9,True
MT305157,FD-018,industrial,,social,42.7,True
MT300162,FD-037,commercial,,industrial,,False
MT303225,FD-024,residential,,domestic-low,,True
MT307224,FD-011,public,,domestic-standard,,True
MT308246,FD-013,residential,,commercial,,False
MT308145,FD-036,public,,social,,False
MT306347,FD-017,residential,,commercial,,True
MT310111,FD-019,public,,domestic-low,127.3,True
MT305770,FD-010,residential,2025-09-01,social,180.5,True
MT300835,FD-031,residential,,domestic-low,112.7,False
MT306682,FD-027,residential,,domestic-low,38.8,True
MT308659,FD-034,public,,domestic-low,168.7,False
MT305842,FD-010,public,,domestic-low,90.9,True
MT307432,FD-002,public,,industrial,45.8,False
MT310889,FD-029,public,,domestic-low,213.0,True
MT306858,FD-018,commercial,,domestic-low,69.5,True
MT310505,FD-017,commercial,,commercial,167.3,False
MT307859,FD-030,residential,,domestic-low,223.5,True
MT304976,FD-013,public,2023-10-31,social,40.8,True
MT304412,FD-025,commercial,,commercial,274.8,True
MT307568,FD-031,industrial,,social,77.5,False
MT310839,FD-003,commercial,,domestic-low,155.4,False
MT300893,FD-021,residential,,domestic-standard,173.7,False
MT304937,FD-015,public,,commercial,23.7,False
MT310651,FD-004,residential,,domestic-low,151.4,True
MT302249,FD-015,commercial,,domestic-low,38.3,True
MT300334,FD-003,industrial,,domestic-low,128.4,False
MT301824,FD-020,public,,commercial,93.1,True
MT310807,FD-021,residential,,domestic-low,95.7,False
MT301515,FD-005,residential,2024-08-01,social,,True
MT302238,FD-036,public,,domestic-standard,113.1,True
MT300646,FD-003,public,2026-05-20,domestic-low,216.5,True
MT308757,FD-010,commercial,,domestic-low,98.7,False
MT307261,FD-013,industrial,,domestic-standard,71.8,True
MT308451,FD-033,residential,,industrial,170.1,True
MT308726,FD-004,residential,,industrial,,False
MT307524,FD-032,residential,,industrial,125.2,False
MT308186,FD-005,residential,2022-10-28,industrial,,False
MT308143,FD-013,residential,,domestic-low,,False
MT301185,FD-003,residential,2020-11-07,commercial,,True
MT303863,FD-019,public,,commercial,63.5,True
MT303606,FD-027,residential,,domestic-low,,False
MT310727,FD-016,public,,commercial,,True
MT301855,FD-008,residential,,commercial,19.2,False
MT302380,FD-016,public,2021-11-06,social,,True
MT310197,FD-016,industrial,,domestic-low,51.6,False
MT307609,FD-022,residential,,commercial,22.9,False
MT300727,FD-022,residential,,domestic-low,134.1,True
MT307807,FD-029,industrial,,domestic-low,184.8,True
MT302224,FD-036,public,,domestic-low,112.8,False
MT309765,FD-019,public,,industrial,86.4,True
MT304922,FD-029,residential,,commercial,158.7,False
MT308549,FD-016,public,,commercial,48.6,False
MT303066,FD-032,public,,domestic-low,225.2,True
MT307636,FD-011,public,,domestic-low,68.5,True
MT310773,FD-029,residential,2024-04-24,industrial,,False
MT310409,FD-037,commercial,2025-06-26,industrial,10.0,False
MT304875,FD-005,residential,,domestic-standard,70.0,True
MT309534,FD-008,public,,domestic-standard,139.9,False
MT305332,FD-014,industrial,,domestic-low,241.9,False
MT308032,FD-027,residential,,commercial,,False
MT303361,FD-034,residential,,domestic-low,,True
MT307891,FD-009,industrial,,domestic-low,,True
MT310144,FD-008,residential,,domestic-low,138.0,False
MT308049,FD-010,industrial,,domestic-standard,63.5,False
MT306722,FD-028,residential,,commercial,43.7,False
MT308259,FD-009,industrial,,domestic-low,113.8,False
MT308063,FD-016,residential,,social,108.3,True
MT301031,FD-009,industrial,2021-05-13,social,22.3,True
MT308895,FD-022,residential,,industrial,89.5,True
MT309349,FD-001,residential,,domestic-standard,,False
MT300622,FD-009,residential,,social,,False
MT305234,FD-029,industrial,,commercial,,False
MT305144,FD-026,commercial,,industrial,116.9,False
MT307204,FD-037,residential,,commercial,,False
MT301910,FD-029,residential,,social,164.3,True
MT303444,FD-033,industrial,,domestic-standard,57.5,False
MT309337,FD-020,residential,,industrial,87.7,True
MT306763,FD-012,commercial,,domestic-standard,,False
MT303554,FD-030,residential,,domestic-low,,False
MT310344,FD-017,residential,,commercial,135.2,False
MT309558,FD-031,public,,commercial,,True
MT308568,FD-012,public,,commercial,74.9,True
MT302105,FD-033,residential,,domestic-standard,33.7,True
MT300040,FD-015,industrial,,commercial,40.3,False
MT307789,FD-020,residential,,social,106.6,False
MT305352,FD-012,residential,,domestic-low,16.6,True
MT310888,FD-010,residential,,social,,False
MT303540,FD-003,commercial,,commercial,,True
MT305071,FD-022,industrial,2022-11-11,social,58.9,True
MT303161,FD-028,residential,2021-05-30,industrial,148.6,True
MT305759,FD-032,public,,domestic-low,,True
MT308446,FD-019,residential,,domestic-standard,87.5,False
MT303367,FD-022,residential,,social,91.4,True
MT307417,FD-036,public,2020-08-19,social,29.6,True
MT301129,FD-034,residential,,domestic-low,,True
MT303307,FD-005,public,,domestic-low,24.4,False
MT301626,FD-008,public,,domestic-standard,36.7,False
MT306801,FD-032,public,,commercial,118.0,True
MT302097,FD-030,residential,,domestic-low,218.4,True
MT302335,FD-026,public,,domestic-standard,129.7,True
MT306717,FD-006,residential,,commercial,225.6,False
MT300770,FD-011,residential,,domestic-low,69.2,False
MT301181,FD-015,residential,,commercial,,True
MT302079,FD-028,industrial,,industrial,46.6,True
MT301880,FD-019,residential,,social,36.6,False
MT302763,FD-034,residential,,industrial,14.7,True
MT303910,FD-007,residential,,domestic-standard,23.4,True
MT300528,FD-014,residential,,industrial,82.6,False
MT306461,FD-012,residential,,domestic-low,,False
MT306155,FD-031,public,,domestic-low,,True
MT301668,FD-022,industrial,,commercial,171.7,False
MT306224,FD-037,residential,,social,,False
MT306238,FD-005,commercial,,commercial,168.5,True
MT304679,FD-031,commercial,,domestic-low,194.3,True
MT302959,FD-031,residential,2022-03-23,industrial,,False
MT301629,FD-036,industrial,2020-10-08,domestic-low,86.1,True
MT301245,FD-028,residential,,domestic-low,27.1,False
MT301335,FD-013,commercial,,domestic-low,134.4,True
MT302895,FD-030,residential,,social,,True
MT301294,FD-014,commercial,,domestic-low,,True
MT303403,FD-004,residential,,domestic-low,150.9,True
MT310212,FD-006,industrial,,domestic-standard,79.9,True
MT305181,FD-021,commercial,,domestic-low,101.2,True
MT302821,FD-035,residential,,industrial,,False
MT310662,FD-006,commercial,,domestic-low,,True
MT308853,FD-007,public,,domestic-standard,66.4,False
MT304488,FD-004,residential,,domestic-low,,False
MT306151,FD-030,residential,,domestic-standard,,False
MT302992,FD-031,industrial,,domestic-low,128.0,False
MT306206,FD-031,residential,,domestic-low,24.8,True
MT307445,FD-033,residential,,social,81.4,False
MT310095,FD-018,residential,,industrial,,True
MT304419,FD-032,commercial,,domestic-low,158.0,False
MT304519,FD-013,public,,industrial,201.6,True
MT302565,FD-006,residential,,domestic-low,91.7,True
MT304546,FD-032,public,,industrial,64.2,True
MT303812,FD-017,residential,,commercial,257.6,True
MT301911,FD-020,public,,domestic-low,,True
MT305447,FD-008,residential,,domestic-standard,,True
MT305167,FD-007,commercial,,industrial,,False
MT300902,FD-030,residential,2020-05-16,domestic-standard,97.7,False
MT301403,FD-007,public,,industrial,,False
MT309549,FD-014,industrial,,industrial,,False
MT306986,FD-037,commercial,,domestic-low,,True
MT304859,FD-035,commercial,,domestic-low,,True
MT307387,FD-010,residential,,industrial,51.1,False
MT303560,FD-037,residential,,domestic-low,195.7,False
MT308102,FD-035,residential,,domestic-low,118.3,True
MT307586,FD-020,public,,domestic-low,,False
MT302806,FD-010,residential,2022-06-06,commercial,,True
MT300732,FD-031,public,,domestic-low,88.4,False
MT301799,FD-008,residential,,industrial,65.0,True
MT309568,FD-001,commercial,,social,129.1,True
MT301608,FD-010,industrial,,commercial,,False
MT300212,FD-007,commercial,,domestic-low,123.9,False
MT303778,FD-006,residential,,domestic-low,36.4,True
MT309847,FD-032,residential,,domestic-standard,119.8,True
MT304265,FD-011,residential,,domestic-standard,,False
MT307546,FD-026,industrial,,industrial,62.4,False
MT310057,FD-017,public,,social,,True
MT307306,FD-011,residential,,domestic-low,88.4,False
MT302430,FD-032,commercial,,domestic-standard,86.7,False
MT307222,FD-001,commercial,2022-01-16,industrial,64.5,False
MT307191,FD-037,residential,,commercial,163.0,False
MT306633,FD-016,residential,,commercial,,False
MT304896,FD-004,residential,,domestic-standard,29.2,True
MT302421,FD-022,commercial,,commercial,76.7,False
MT300953,FD-034,residential,,commercial,36.2,False
MT301689,FD-026,residential,,commercial,,False
MT301937,FD-023,industrial,,domestic-low,,False
MT305036,FD-012,residential,,domestic-low,249.2,False
MT310855,FD-022,commercial,,commercial,13.7,False
MT301584,FD-006,commercial,,industrial,50.1,False
MT300132,FD-022,residential,,domestic-low,32.7,False
MT301914,FD-020,residential,,industrial,,False
MT307386,FD-018,residential,,commercial,,True
MT304735,FD-015,residential,,domestic-low,123.3,False
MT304605,FD-035,commercial,,social,,False
MT302884,FD-018,residential,,commercial,109.5,False
MT310705,FD-007,residential,,commercial,65.6,False
MT301498,FD-002,public,,domestic-standard,,False
MT305281,FD-012,residential,,domestic-standard,91.3,False
MT309840,FD-008,industrial,,domestic-low,227.8,True
MT303777,FD-032,public,,industrial,187.4,False
MT303819,FD-015,residential,,commercial,,False
MT306756,FD-005,public,,industrial,100.2,False
MT303524,FD-004,industrial,,domestic-standard,,False
MT306535,FD-009,residential,,domestic-standard,,True
MT300556,FD-006,industrial,,domestic-low,,True
MT309068,FD-034,commercial,,domestic-low,,False
MT306150,FD-029,commercial,,social,56.6,True
MT305197,FD-022,public,,industrial,10.3,True
MT310404,FD-017,public,,industrial,117.9,False
MT302107,FD-021,residential,,domestic-low,56.2,False
MT304593,FD-027,public,,industrial,42.0,False
MT307746,FD-007,commercial,,social,,False
MT303112,FD-036,residential,,domestic-low,,True
MT308562,FD-001,industrial,,domestic-low,110.8,True
MT300665,FD-034,residential,,domestic-low,102.9,True
MT310972,FD-016,residential,,industrial,8.3,True
MT308285,FD-010,residential,,domestic-standard,51.1,False
MT306922,FD-014,residential,,domestic-low,180.2,True
MT310424,FD-022,commercial,,social,221.6,True
MT302211,FD-001,public,,industrial,90.3,False
MT302234,FD-009,public,,industrial,14.3,True
MT300899,FD-035,residential,,social,73.4,False
MT303013,FD-011,residential,,social,184.7,True
MT307302,FD-026,residential,,domestic-low,144.8,False
MT307488,FD-013,industrial,,domestic-low,268.2,True
MT304093,FD-003,residential,,industrial,,True
MT306465,FD-024,residential,2022-08-01,commercial,239.4,False
MT310384,FD-010,residential,,domestic-standard,,True
MT300347,FD-027,commercial,,domestic-standard,112.6,True
MT305251,FD-026,commercial,,social,26.1,True
MT304664,FD-037,residential,,social,,True
MT309191,FD-030,industrial,,domestic-low,126.7,False
MT300364,FD-006,residential,,domestic-low,239.3,False
MT304487,FD-009,commercial,,commercial,157.4,True
MT306079,FD-030,public,,domestic-low,20.4,True
MT302188,FD-008,residential,,industrial,84.6,False
MT307591,FD-035,public,2020-01-29,social,69.8,False
MT306530,FD-022,public,,commercial,36.6,True
MT302062,FD-022,residential,,domestic-standard,154.3,True
MT304730,FD-016,residential,,commercial,184.6,False
MT304038,FD-012,commercial,,commercial,115.2,True
MT300644,FD-029,industrial,,commercial,,True
MT310846,FD-013,residential,,social,,True
MT305836,FD-012,residential,,industrial,18.7,True
MT301634,FD-015,residential,,commercial,,False
MT307167,FD-035,residential,,commercial,13.3,True
MT306205,FD-002,residential,,commercial,,True
MT303007,FD-024,residential,,domestic-standard,141.4,True
MT302863,FD-014,residential,2025-11-24,domestic-low,193.7,True
MT308358,FD-034,residential,,domestic-standard,142.0,False
MT302307,FD-036,industrial,,commercial,,True
MT305011,FD-022,residential,,social,,False
MT300538,FD-002,industrial,,social,49.2,True
MT304741,FD-003,residential,,domestic-standard,,False
MT301349,FD-007,public,,domestic-low,112.2,True
MT308836,FD-029,industrial,,domestic-standard,,True
MT302089,FD-009,residential,,commercial,,True
MT306013,FD-018,residential,,domestic-low,,True
MT310065,FD-003,industrial,2022-07-17,domestic-low,12.2,False
MT302674,FD-016,residential,2020-11-30,social,143.9,False
MT300116,FD-001,industrial,2023-04-24,commercial,45.3,True
MT305093,FD-003,residential,,social,73.6,True
MT308394,FD-013,residential,,industrial,137.9,False
MT302096,FD-036,public,,social,,True
MT302926,FD-031,residential,2020-01-05,social,133.7,True
MT306878,FD-014,commercial,,domestic-low,,True
MT303250,FD-009,industrial,,domestic-low,176.6,True
MT303789,FD-020,residential,,domestic-standard,,True
MT308157,FD-032,industrial,,domestic-low,,True
MT309097,FD-009,residential,,domestic-low,,False
MT305978,FD-013,commercial,,industrial,,True
MT310957,FD-005,industrial,,domestic-low,163.3,True
MT309632,FD-020,residential,,domestic-standard,53.8,True
MT308695,FD-024,industrial,,domestic-low,,True
MT304266,FD-016,commercial,,commercial,63.2,False
MT306874,FD-018,residential,,domestic-standard,142.8,False
MT300799,FD-032,public,,industrial,72.1,False
MT305768,FD-023,residential,,domestic-low,178.6,True
MT308414,FD-014,residential,,commercial,39.8,False
MT301651,FD-021,public,,commercial,60.8,False
MT309875,FD-002,residential,,social,76.7,True
MT307903,FD-029,industrial,,social,,True
MT307726,FD-013,residential,,domestic-low,30.2,True
MT305939,FD-001,residential,,social,188.6,True
MT301152,FD-025,commercial,,social,169.1,True
MT304963,FD-031,residential,,industrial,,True
MT307547,FD-008,residential,,domestic-standard,,True
MT304612,FD-006,commercial,,domestic-low,124.3,False
MT301494,FD-002,public,,social,175.9,False
MT309414,FD-017,residential,,social,52.2,True
MT302293,FD-017,residential,2019-08-31,domestic-standard,112.8,True
MT307219,FD-007,commercial,2021-08-24,domestic-standard,,False
MT301296,FD-002,residential,,commercial,123.1,True
MT309585,FD-017,residential,2019-05-31,domestic-low,,False
MT309034,FD-028,residential,,domestic-standard,,True
MT309415,FD-023,residential,,domestic-low,160.9,True
MT302005,FD-009,residential,2022-04-15,domestic-standard,126.3,True
MT308693,FD-033,commercial,,social,87.0,True
MT307852,FD-014,residential,,domestic-low,,False
MT301831,FD-005,industrial,,domestic-low,13.9,False
MT304512,FD-003,industrial,,social,26.1,False
MT302429,FD-012,industrial,,domestic-standard,258.0,True
MT304550,FD-021,residential,,industrial,225.0,False
MT308721,FD-026,residential,,domestic-standard,108.0,False
MT304838,FD-025,public,,industrial,,False
MT303272,FD-008,public,,domestic-standard,,True
MT308107,FD-010,public,,industrial,,False
MT308458,FD-033,residential,,social,,False
MT310638,FD-017,industrial,,commercial,,False
MT302091,FD-027,industrial,,industrial,,False
MT310967,FD-029,residential,,domestic-low,46.9,False
MT309723,FD-010,commercial,,commercial,109.7,False
MT303097,FD-022,public,,commercial,146.8,False
MT304768,FD-036,industrial,,industrial,86.7,False
MT301893,FD-021,residential,,domestic-low,,True
MT303156,FD-024,commercial,,industrial,182.2,False
MT301643,FD-019,residential,,domestic-standard,,True
MT302466,FD-030,public,,commercial,115.2,False
MT305087,FD-010,public,,commercial,,False
MT302655,FD-029,industrial,,domestic-standard,57.2,True
MT306587,FD-034,residential,,domestic-low,58.3,True
MT309808,FD-036,residential,,commercial,33.9,False
MT310600,FD-012,commercial,,domestic-low,150.8,False
MT308636,FD-028,residential,,domestic-standard,157.3,True
MT304799,FD-021,residential,,industrial,27.0,True
MT307867,FD-035,commercial,,industrial,42.4,True
MT309619,FD-022,residential,,industrial,,True
MT303325,FD-015,public,,social,89.0,True
MT309714,FD-017,public,,domestic-low,25.2,True
MT304918,FD-026,residential,,industrial,109.5,False
MT309329,FD-003,commercial,,industrial,,False
MT305125,FD-031,public,,commercial,88.8,True
MT300002,FD-033,residential,,domestic-standard,76.7,False
MT306524,FD-004,public,,domestic-standard,8.4,True
MT302481,FD-004,commercial,,industrial,14.0,False
MT308058,FD-027,residential,,social,,True
MT304173,FD-024,public,,domestic-low,,False
MT308212,FD-029,residential,,social,159.1,False
MT309862,FD-004,residential,2025-01-19,domestic-low,96.8,False
MT302595,FD-034,commercial,,industrial,,True
MT310985,FD-007,residential,,social,,True
MT305330,FD-025,industrial,,domestic-low,,True
MT303896,FD-037,residential,,social,140.5,False
MT304052,FD-004,residential,,social,170.2,False
MT307245,FD-036,public,,domestic-low,142.7,True
MT305909,FD-005,residential,,social,12.8,True
MT305423,FD-035,residential,,domestic-standard,,False
MT304389,FD-003,residential,,domestic-low,142.7,True
MT300470,FD-035,residential,,social,,False
MT305297,FD-012,industrial,,domestic-low,59.2,False
MT305898,FD-018,residential,,commercial,86.7,True
MT305498,FD-034,commercial,,commercial,143.8,False
MT300006,FD-011,industrial,,industrial,235.5,False
MT305803,FD-010,public,,domestic-low,,False
MT310599,FD-026,industrial,,social,155.6,True
MT301453,FD-007,commercial,,domestic-standard,55.6,True
MT302705,FD-013,residential,,domestic-low,88.6,True
MT308732,FD-029,public,,social,115.9,True
MT301899,FD-017,commercial,,domestic-standard,55.8,True
MT305428,FD-001,residential,,industrial,121.7,False
MT307492,FD-006,commercial,,domestic-low,122.2,True
MT301557,FD-010,residential,,industrial,,False
MT305028,FD-018,residential,,domestic-low,,True
MT304529,FD-034,residential,,industrial,,False
MT307336,FD-037,residential,,domestic-low,,True
MT306515,FD-011,industrial,,commercial,60.4,False
MT308390,FD-032,residential,,domestic-low,127.6,False
MT302479,FD-028,commercial,,commercial,73.5,True
MT308516,FD-029,residential,,domestic-low,206.1,False
MT303908,FD-015,commercial,,domestic-low,24.7,True
MT310630,FD-034,residential,,domestic-low,,False
MT303722,FD-019,commercial,,domestic-low,58.5,True
MT309165,FD-022,residential,,domestic-low,,True
MT310405,FD-027,residential,,domestic-low,97.7,True
MT305386,FD-008,commercial,,domestic-low,222.2,True
MT303627,FD-030,industrial,,domestic-low,,False
MT309854,FD-001,public,,industrial,156.7,True
MT307522,FD-013,residential,,social,,True
MT300337,FD-021,residential,,industrial,187.9,False
MT307962,FD-005,residential,,commercial,200.5,True
MT310836,FD-010,residential,,domestic-standard,106.2,True
MT301021,FD-026,residential,,industrial,57.7,False
MT305059,FD-017,industrial,,industrial,,False
MT307019,FD-019,public,,domestic-low,,False
MT304161,FD-032,residential,,industrial,,True
MT307337,FD-034,industrial,,social,149.1,True
MT304986,FD-012,residential,,domestic-low,33.1,False
MT301518,FD-015,public,,social,141.4,False
MT304107,FD-026,commercial,,social,,False
MT307183,FD-031,commercial,,domestic-standard,,True
MT305149,FD-027,industrial,,social,49.2,False
MT303188,FD-025,residential,,social,56.5,False
MT301933,FD-035,residential,,industrial,188.3,True
MT305137,FD-030,residential,2020-02-28,domestic-standard,140.6,True
MT302540,FD-035,commercial,2021-06-13,domestic-low,70.4,True
MT307366,FD-018,residential,,social,37.3,False
MT304160,FD-021,residential,,domestic-low,,False
MT309083,FD-028,industrial,,domestic-standard,86.8,False
MT310460,FD-036,residential,,commercial,164.3,False
MT305760,FD-028,industrial,,domestic-low,219.1,False
MT301387,FD-029,residential,,commercial,35.9,False
MT308069,FD-020,public,,social,,True
MT307110,FD-002,public,,industrial,109.1,True
MT304718,FD-017,residential,,industrial,136.9,True
MT307900,FD-029,residential,,domestic-low,,False
MT309252,FD-012,residential,,commercial,,False
MT308230,FD-023,residential,,domestic-low,,False
MT307115,FD-007,residential,,industrial,37.8,False
MT301261,FD-015,industrial,2024-06-17,domestic-low,91.7,True
MT308034,FD-007,residential,,domestic-standard,157.2,True
MT307334,FD-007,commercial,,industrial,21.6,False
MT302397,FD-023,residential,,social,,True
MT302957,FD-011,residential,,social,101.6,False
MT302477,FD-029,commercial,2020-09-11,industrial,14.2,False
MT310830,FD-010,industrial,,industrial,202.4,False
MT305684,FD-032,industrial,,commercial,,True
MT304604,FD-032,residential,,social,,True
MT307955,FD-002,industrial,,domestic-standard,34.0,True
MT301135,FD-023,industrial,2026-02-16,industrial,11.3,False
MT305503,FD-002,residential,,social,180.2,False
MT304035,FD-034,public,,domestic-low,156.2,False
MT311000,FD-025,residential,,domestic-low,,False
MT310570,FD-028,residential,2019-03-17,domestic-standard,,False
MT310156,FD-025,residential,,domestic-standard,25.4,False
MT308686,FD-021,industrial,,commercial,211.4,False
MT305164,FD-006,residential,2020-03-31,social,25.1,True
MT308511,FD-016,commercial,,commercial,82.7,False
MT309225,FD-030,industrial,,domestic-low,92.7,False
MT306292,FD-033,commercial,,commercial,176.1,False
MT301578,FD-006,residential,,domestic-low,146.3,False
MT301249,FD-006,residential,,industrial,22.0,False
MT308181,FD-030,residential,,domestic-low,16.6,True
MT306639,FD-002,public,,domestic-standard,87.2,True
MT301932,FD-016,industrial,2025-04-24,domestic-standard,168.4,True
MT303047,FD-021,industrial,,domestic-low,142.9,True
MT310290,FD-012,residential,2023-12-14,industrial,,False
MT301183,FD-008,residential,,industrial,,False
MT304943,FD-010,commercial,,domestic-low,,False
MT300816,FD-002,public,,domestic-low,93.3,True
MT309736,FD-013,public,,industrial,,True
MT305372,FD-013,residential,,social,105.0,True
MT302022,FD-025,industrial,,domestic-low,98.1,True
MT304239,FD-017,industrial,,industrial,55.6,False
MT301683,FD-005,public,,domestic-low,,True
MT304646,FD-023,residential,,domestic-standard,148.7,True
MT308798,FD-037,public,,industrial,69.2,True
MT309605,FD-013,industrial,,domestic-low,,False
MT304030,FD-013,industrial,,domestic-low,,False
MT303181,FD-023,commercial,,commercial,69.4,False
MT307368,FD-003,public,,domestic-low,,True
MT303165,FD-023,commercial,,social,124.2,False
MT309298,FD-030,residential,,commercial,,False
MT300341,FD-034,industrial,,industrial,,True
MT308962,FD-010,residential,,industrial,108.5,False
MT305830,FD-034,commercial,,domestic-low,46.0,False
MT309117,FD-006,commercial,,domestic-low,40.5,True
MT308698,FD-027,industrial,,domestic-low,,True
MT309649,FD-027,public,,domestic-low,43.6,False
MT306972,FD-024,residential,,commercial,174.8,False
MT305778,FD-001,residential,2023-01-15,industrial,,True
MT305572,FD-026,public,2024-07-06,domestic-standard,28.1,False
MT303715,FD-013,public,,domestic-standard,46.9,False
MT304665,FD-001,commercial,,domestic-low,,False
MT305739,FD-008,public,,domestic-low,42.2,False
MT310778,FD-027,residential,,domestic-low,12.1,False
MT305674,FD-001,residential,,domestic-low,51.0,True
MT303051,FD-019,residential,,domestic-low,,False
MT303578,FD-032,residential,,domestic-standard,136.4,True
MT306432,FD-005,residential,,domestic-standard,,True
MT304853,FD-029,public,,social,,True
MT309506,FD-025,residential,,domestic-low,,True
MT309700,FD-012,industrial,,social,,False
MT309339,FD-037,residential,,commercial,43.5,True
MT308104,FD-015,commercial,,social,,True
MT303292,FD-008,residential,,industrial,215.0,False
MT300428,FD-025,residential,,domestic-low,,False
MT308567,FD-022,public,,commercial,,True
MT302500,FD-018,residential,,domestic-low,,False
MT300626,FD-004,residential,,industrial,89.9,False
MT301833,FD-023,public,,domestic-standard,176.4,False
MT304492,FD-036,public,,domestic-low,105.0,False
MT304399,FD-001,industrial,,social,,True
MT303140,FD-033,residential,,social,,False
MT307392,FD-024,public,,domestic-standard,201.2,False
MT308378,FD-012,residential,2024-04-19,domestic-standard,63.8,True
MT309541,FD-005,residential,,domestic-low,177.0,False
MT305649,FD-035,commercial,,domestic-standard,,False
MT302743,FD-020,residential,,social,127.9,True
MT302446,FD-012,residential,,domestic-low,149.2,True
MT310322,FD-003,industrial,,commercial,,False
MT300621,FD-007,residential,2021-07-18,industrial,257.6,False
MT307554,FD-022,commercial,,domestic-standard,75.9,True
MT305550,FD-032,residential,2019-09-16,domestic-low,29.3,True
MT301022,FD-021,commercial,,domestic-low,196.2,True
MT300299,FD-010,public,,domestic-standard,11.3,False
MT301275,FD-023,commercial,,domestic-standard,98.1,True
MT303680,FD-032,residential,,domestic-low,86.4,False
MT304670,FD-024,industrial,,industrial,,False
MT307573,FD-003,residential,,industrial,14.7,False
MT309277,FD-033,industrial,,social,161.9,True
MT309499,FD-027,commercial,,commercial,68.3,False
MT303357,FD-025,residential,,social,125.8,False
MT308459,FD-019,residential,,industrial,56.0,False
MT302566,FD-028,residential,,industrial,139.8,False
MT310044,FD-032,industrial,2021-07-10,domestic-low,224.6,True
MT305802,FD-001,commercial,,domestic-low,,True
MT308720,FD-023,residential,,domestic-low,16.5,False
MT300335,FD-013,residential,,domestic-standard,177.4,False
MT304028,FD-032,commercial,,commercial,153.1,False
MT301666,FD-033,public,,industrial,,True
MT301520,FD-011,residential,,industrial,27.2,True
MT306366,FD-005,industrial,,domestic-standard,103.3,True
MT305419,FD-037,residential,,domestic-low,,True
MT303190,FD-023,residential,,domestic-low,155.1,False
MT302789,FD-027,commercial,,industrial,135.5,False
MT310472,FD-027,residential,,industrial,,False
MT303127,FD-009,commercial,,social,228.0,True
MT300402,FD-031,residential,,domestic-low,147.0,False
MT305226,FD-037,public,,industrial,,False
MT306048,FD-036,industrial,,social,,False
MT306462,FD-033,industrial,,domestic-low,151.2,False
MT310858,FD-033,commercial,,social,90.5,False
MT308646,FD-035,residential,,domestic-low,,False
MT300190,FD-036,residential,,domestic-low,,False
MT303372,FD-021,commercial,,domestic-low,178.4,False
MT308581,FD-005,public,,social,107.5,True
MT306386,FD-020,industrial,,domestic-low,148.9,True
MT303267,FD-036,residential,,commercial,,True
MT304294,FD-015,residential,,domestic-low,,True
MT309020,FD-008,industrial,,commercial,,True
MT305161,FD-012,residential,,social,234.0,True
MT305318,FD-005,residential,,social,265.2,True
MT306208,FD-006,public,,industrial,,False
MT304204,FD-018,residential,,industrial,122.6,True
MT305246,FD-003,residential,,industrial,32.7,True
MT304516,FD-010,industrial,,domestic-low,85.4,False
MT310326,FD-024,residential,,domestic-low,,True
MT303275,FD-006,residential,,domestic-standard,,False
MT307383,FD-029,industrial,,commercial,143.5,True
MT306103,FD-015,residential,,domestic-low,236.0,False
MT306788,FD-035,residential,2026-03-30,commercial,,False
MT303631,FD-010,commercial,,industrial,15.2,True
MT307575,FD-002,residential,,commercial,170.8,True
MT303756,FD-020,industrial,,domestic-low,25.8,True
MT310266,FD-007,public,,domestic-standard,15.1,True
MT303604,FD-025,commercial,2023-12-13,social,,True
MT306275,FD-008,commercial,,social,,False
MT310126,FD-027,residential,,commercial,69.4,True
MT310298,FD-007,residential,,social,,False
MT302713,FD-036,industrial,,social,62.4,True
MT304188,FD-009,industrial,,domestic-low,,True
MT300948,FD-006,residential,,social,70.6,True
MT310271,FD-020,residential,,commercial,,False
MT303356,FD-008,commercial,,domestic-standard,182.8,True
MT303011,FD-031,industrial,,social,146.7,True
MT301663,FD-008,public,2020-07-01,social,61.0,True
MT302076,FD-026,commercial,,industrial,72.0,True
MT308794,FD-013,public,,domestic-standard,16.6,True
MT305353,FD-007,residential,,domestic-standard,77.0,False
MT304862,FD-013,industrial,2023-11-07,domestic-low,182.0,True
MT309436,FD-035,residential,,social,40.8,False
MT300036,FD-003,residential,2021-04-08,domestic-low,34.5,False
MT309952,FD-017,residential,,domestic-low,92.9,True
MT310228,FD-033,commercial,,social,76.5,True
MT301940,FD-014,public,,domestic-low,28.0,True
MT309121,FD-011,residential,,domestic-low,,True
MT306037,FD-008,residential,,industrial,100.1,True
MT308735,FD-018,residential,,domestic-low,53.5,False
MT310815,FD-037,residential,,commercial,112.8,False
MT300812,FD-020,industrial,,industrial,215.6,False
MT303659,FD-001,residential,,social,90.2,True
MT305199,FD-006,residential,,industrial,64.1,False
MT307249,FD-033,residential,,commercial,174.9,False
MT306133,FD-021,commercial,,industrial,182.7,True
MT308922,FD-022,residential,,social,39.0,False
MT303143,FD-010,residential,,commercial,56.1,True
MT306636,FD-026,residential,,domestic-low,151.2,False
MT302290,FD-004,industrial,,domestic-low,102.6,True
MT306818,FD-007,residential,,industrial,221.2,False
MT303134,FD-028,commercial,,commercial,100.1,False
MT310975,FD-009,public,,domestic-standard,,True
MT309353,FD-028,residential,,commercial,,True
MT304991,FD-013,commercial,,commercial,95.8,False
MT304525,FD-029,residential,,domestic-low,218.0,True
MT310430,FD-012,residential,,domestic-low,,False
MT305376,FD-017,industrial,,domestic-standard,209.5,False
MT301726,FD-017,residential,,social,,True
MT305210,FD-015,public,,social,,False
MT307221,FD-027,commercial,,domestic-standard,,True
MT305599,FD-003,public,,industrial,101.5,False
MT308190,FD-023,residential,,industrial,152.1,False
MT310751,FD-018,residential,,domestic-standard,77.3,False
MT310809,FD-033,industrial,,domestic-standard,96.8,True
MT305780,FD-037,residential,,commercial,80.2,False
MT300569,FD-008,industrial,,social,148.3,True
MT300322,FD-024,commercial,,industrial,,True
MT310661,FD-020,industrial,2020-10-30,industrial,135.5,False
MT307723,FD-015,residential,,domestic-low,14.5,False
MT305896,FD-031,residential,,domestic-low,,False
MT302357,FD-021,residential,,social,,True
MT301699,FD-006,industrial,2025-12-16,domestic-low,,True
MT303813,FD-030,commercial,,domestic-low,88.1,False
MT308020,FD-025,residential,,commercial,114.9,False
MT308837,FD-004,residential,,commercial,,True
MT300177,FD-035,residential,,commercial,67.3,True
MT310180,FD-017,residential,,domestic-standard,94.5,True
MT304785,FD-005,commercial,2019-09-26,domestic-low,50.7,True
MT301008,FD-005,residential,,social,102.0,False
MT305468,FD-026,industrial,,domestic-low,,True
MT306778,FD-020,industrial,,domestic-standard,,False
MT300090,FD-009,residential,,domestic-standard,78.7,True
MT300604,FD-018,residential,,commercial,85.2,True
MT303904,FD-011,industrial,,social,,False
MT303791,FD-027,residential,,industrial,,True
MT310273,FD-012,industrial,,social,123.7,True
MT307778,FD-030,residential,,industrial,27.1,True
MT303060,FD-004,commercial,,commercial,61.5,False
MT309226,FD-012,public,,domestic-standard,214.3,False
MT304075,FD-017,residential,,commercial,55.1,False
MT306448,FD-024,commercial,,commercial,27.3,True
MT310746,FD-017,residential,,domestic-standard,,False
MT301083,FD-034,residential,,domestic-low,207.9,True
MT305886,FD-031,industrial,,social,129.9,True
MT303094,FD-024,residential,2019-01-12,domestic-standard,210.0,True
MT302590,FD-021,commercial,,industrial,22.9,True
MT300527,FD-035,residential,,domestic-low,,False
MT304101,FD-034,industrial,,industrial,,True
MT304269,FD-007,public,2026-01-28,social,74.2,True
MT305744,FD-033,commercial,,social,193.9,True
MT304805,FD-022,public,,social,144.8,True
MT308699,FD-008,residential,,industrial,,False
MT302127,FD-032,residential,,domestic-standard,49.2,True
MT308501,FD-025,industrial,,industrial,144.5,False
MT305557,FD-031,public,,domestic-low,156.6,False
MT310041,FD-015,residential,,domestic-low,40.6,True
MT300368,FD-003,commercial,2024-05-22,social,,False
MT306290,FD-003,residential,,commercial,,False
MT302631,FD-018,commercial,,social,34.6,True
MT302657,FD-017,commercial,,domestic-low,,True
MT304241,FD-015,residential,,domestic-standard,,False
MT302289,FD-008,commercial,,social,96.1,True
MT310557,FD-028,residential,2022-01-01,industrial,,True
MT305722,FD-029,commercial,,domestic-low,,False
MT308858,FD-005,industrial,,commercial,,False
MT310244,FD-013,residential,,commercial,,True
MT307847,FD-030,residential,,domestic-low,233.4,True
MT306618,FD-034,residential,,domestic-low,129.5,True
MT302684,FD-013,residential,,industrial,188.8,False
MT302950,FD-004,public,,domestic-low,31.3,True
MT310863,FD-035,commercial,,industrial,230.8,True
MT302349,FD-020,commercial,,domestic-low,80.9,False
MT308496,FD-012,residential,,domestic-low,188.8,True
MT309621,FD-015,residential,,industrial,102.9,False
MT304635,FD-023,commercial,,domestic-standard,12.7,True
MT308056,FD-030,commercial,,domestic-standard,11.6,False
MT300882,FD-023,industrial,2020-01-15,domestic-standard,,False
MT309897,FD-028,public,,domestic-standard,172.4,False
MT310145,FD-011,industrial,,industrial,87.1,False
MT304019,FD-001,residential,,industrial,128.4,False
MT308217,FD-031,public,,domestic-low,32.6,True
MT310170,FD-005,public,,industrial,,True
MT300645,FD-015,industrial,,industrial,183.5,False
MT307296,FD-024,industrial,,social,165.1,True
MT310324,FD-034,residential,,social,45.7,False
MT302936,FD-031,residential,,industrial,,False
MT307576,FD-004,residential,,domestic-low,,True
MT309911,FD-031,residential,,domestic-low,,False
MT307941,FD-001,residential,,domestic-standard,112.7,False
MT309137,FD-010,industrial,,industrial,,True
MT301757,FD-001,residential,,domestic-low,95.5,True
MT309229,FD-012,residential,2019-03-17,commercial,77.1,True
MT303058,FD-024,residential,,domestic-standard,46.2,False
MT304306,FD-031,residential,2023-02-01,domestic-low,116.6,True
MT304254,FD-013,residential,,commercial,85.9,True
MT300654,FD-023,residential,,industrial,180.5,False
MT305915,FD-027,public,,domestic-low,,False
MT301394,FD-024,residential,,industrial,83.1,False
MT305249,FD-024,public,,commercial,,True
MT300323,FD-025,public,,domestic-low,108.9,True
MT303625,FD-001,residential,,domestic-low,79.2,False
MT305690,FD-027,residential,,domestic-low,109.4,True
MT307264,FD-032,industrial,,commercial,112.1,True
MT307884,FD-007,residential,,domestic-low,78.5,True
MT306931,FD-017,residential,,social,,False
MT304895,FD-011,residential,,domestic-low,,False
MT303672,FD-007,commercial,,industrial,52.5,True
MT309110,FD-001,residential,,commercial,109.8,False
MT300841,FD-023,commercial,,domestic-low,41.9,True
MT309843,FD-024,industrial,2023-08-11,domestic-low,,True
MT301461,FD-034,public,,domestic-low,20.9,True
MT304425,FD-024,public,,domestic-standard,,True
MT306064,FD-023,residential,,domestic-standard,,True
MT303622,FD-035,residential,2025-06-23,commercial,,True
MT307520,FD-003,commercial,2022-09-21,domestic-standard,25.5,False
MT308601,FD-011,commercial,,industrial,179.8,True
MT309730,FD-010,residential,,domestic-standard,,False
MT302490,FD-013,industrial,,domestic-low,,True
MT303345,FD-031,residential,,commercial,,False
MT308872,FD-026,residential,,social,159.0,False
MT306707,FD-012,public,2019-10-30,industrial,165.4,True
MT305666,FD-001,residential,,social,115.9,False
MT300627,FD-025,residential,2022-09-23,social,,True
MT302341,FD-027,public,,commercial,174.1,True
MT309923,FD-017,industrial,,domestic-low,225.7,False
MT302688,FD-011,residential,,domestic-low,,True
MT303566,FD-006,residential,,domestic-low,,False
MT300186,FD-034,residential,,commercial,70.6,True
MT304998,FD-005,residential,,commercial,36.2,True
MT301549,FD-022,public,,industrial,136.9,False
MT304651,FD-008,commercial,,domestic-low,119.5,True
MT301776,FD-025,commercial,,industrial,,True
MT303567,FD-030,public,,commercial,,True
MT308911,FD-013,commercial,,commercial,70.0,True
MT305851,FD-005,residential,,social,199.3,True
MT303396,FD-018,industrial,,commercial,79.0,True
MT303806,FD-035,residential,2020-05-16,domestic-low,119.0,False
MT308021,FD-009,commercial,,domestic-low,52.1,True
MT310239,FD-019,public,,commercial,130.5,False
MT307172,FD-020,public,,domestic-standard,73.6,False
MT308852,FD-032,commercial,,domestic-standard,98.0,True
MT302760,FD-019,commercial,,social,63.1,False
MT309665,FD-010,residential,,domestic-low,,True
MT308247,FD-004,residential,2024-12-17,social,,False
MT301444,FD-004,residential,,commercial,109.0,True
MT304513,FD-037,residential,,domestic-low,79.0,False
MT302915,FD-018,commercial,,domestic-standard,131.2,True
MT302056,FD-020,residential,,industrial,17.7,False
MT309866,FD-013,residential,,industrial,77.9,False
MT309452,FD-012,residential,2021-03-16,social,,True
MT305212,FD-017,residential,,domestic-low,,False
MT304476,FD-007,residential,,industrial,104.8,True
MT305105,FD-035,residential,,social,,False
MT307583,FD-037,commercial,,domestic-standard,74.4,False
MT305367,FD-033,public,,industrial,108.7,True
MT305943,FD-026,industrial,,domestic-low,122.1,False
MT301395,FD-032,industrial,2025-12-22,domestic-low,132.1,False
MT303750,FD-032,residential,2020-08-07,commercial,,True
MT307768,FD-011,residential,,commercial,,True
MT301362,FD-006,public,,domestic-low,155.9,False
MT300385,FD-009,industrial,2025-05-31,industrial,13.2,True
MT304968,FD-031,residential,,social,122.5,True
MT300408,FD-014,public,2021-10-14,domestic-low,104.0,False
MT302009,FD-009,residential,,social,76.8,False
MT309150,FD-029,commercial,,commercial,118.7,True
MT305010,FD-002,public,2025-08-16,industrial,42.1,True
MT307577,FD-001,residential,,commercial,211.8,False
MT306228,FD-013,public,,commercial,87.4,False
MT306423,FD-028,residential,2026-03-01,industrial,,False
MT306298,FD-016,industrial,,domestic-standard,53.6,False
MT307282,FD-024,industrial,,domestic-low,,True
MT309689,FD-013,commercial,,social,121.6,False
MT302294,FD-036,residential,,domestic-low,27.4,False
MT307934,FD-018,residential,,domestic-low,,False
MT302952,FD-027,public,,commercial,,False
MT310900,FD-030,residential,,commercial,278.7,True
MT308162,FD-002,residential,,commercial,73.6,True
MT304111,FD-009,residential,,domestic-standard,29.6,True
MT303387,FD-016,commercial,,industrial,37.2,False
MT302023,FD-013,residential,,domestic-low,197.9,False
MT306407,FD-015,commercial,2019-07-20,domestic-low,43.7,True
MT305860,FD-028,commercial,,domestic-low,,False
MT306606,FD-003,commercial,,domestic-low,,False
MT303130,FD-009,commercial,,social,116.3,True
MT304189,FD-004,residential,,industrial,112.6,False
MT308617,FD-011,residential,,industrial,34.7,True
MT303338,FD-003,commercial,,domestic-low,24.4,True
MT308931,FD-005,public,,social,,False
MT304359,FD-021,public,,domestic-low,37.5,True
MT301650,FD-002,commercial,,industrial,104.2,True
MT307487,FD-025,commercial,,domestic-low,,False
MT303510,FD-018,residential,,industrial,,True
MT300586,FD-035,industrial,,domestic-low,,True
MT306668,FD-028,public,,commercial,46.6,True
MT305290,FD-027,public,,industrial,106.8,False
MT308783,FD-015,industrial,,domestic-low,,True
MT310939,FD-002,industrial,,domestic-standard,,True
MT302128,FD-022,residential,,domestic-low,51.5,False
MT302321,FD-019,industrial,,domestic-low,35.7,True
MT309574,FD-023,public,,commercial,,False
MT305541,FD-023,industrial,,domestic-low,,False
MT308178,FD-013,residential,,domestic-standard,,False
MT308906,FD-036,commercial,,social,,False
MT302045,FD-024,commercial,2023-07-16,domestic-low,21.2,False
MT300239,FD-036,residential,,industrial,24.3,True
MT309938,FD-011,industrial,,domestic-low,219.9,False
MT303149,FD-027,residential,,domestic-low,164.8,False
MT309713,FD-027,commercial,,domestic-low,,False
MT300215,FD-003,residential,,domestic-low,190.7,False
MT310873,FD-013,residential,,domestic-low,196.0,False
MT305475,FD-014,industrial,2024-12-26,commercial,,False
MT310412,FD-036,commercial,,social,128.4,False
MT303742,FD-020,industrial,,domestic-low,135.1,True
MT309546,FD-026,residential,,domestic-standard,,False
MT302527,FD-011,residential,,domestic-low,,True
MT310642,FD-027,residential,,domestic-low,177.1,True
MT301575,FD-028,residential,,commercial,,True
MT305882,FD-002,commercial,,domestic-standard,,False
MT302869,FD-011,commercial,,commercial,148.6,False
MT303650,FD-001,residential,,industrial,68.7,True
MT304855,FD-028,industrial,,industrial,225.1,True
MT310182,FD-030,residential,,commercial,,True
MT303773,FD-021,residential,,domestic-low,237.6,True
MT309408,FD-007,residential,2019-12-19,commercial,104.2,False
MT302122,FD-024,commercial,,commercial,112.3,False
MT301199,FD-024,commercial,,social,156.9,False
MT304206,FD-003,industrial,,industrial,,True
MT300465,FD-002,residential,,domestic-standard,154.0,True
MT301589,FD-013,residential,,domestic-low,49.3,False
MT309844,FD-001,commercial,,industrial,,True
MT309969,FD-030,residential,,social,79.5,True
MT306129,FD-010,public,,commercial,,True
MT301367,FD-004,industrial,,social,,False
MT310713,FD-022,public,,domestic-standard,,True
MT303600,FD-022,residential,,domestic-low,,False
MT305151,FD-032,residential,,social,84.7,True
MT307597,FD-001,residential,,social,,False
MT301262,FD-034,industrial,2022-12-30,domestic-low,103.6,False
MT305852,FD-032,commercial,,domestic-standard,36.5,True
MT308010,FD-017,industrial,,industrial,38.0,False
MT304421,FD-013,residential,,domestic-low,75.4,False
MT306260,FD-018,residential,,industrial,,False
MT306179,FD-034,industrial,,domestic-low,204.1,False
MT305369,FD-014,commercial,,social,156.6,True
MT306876,FD-028,residential,,domestic-standard,20.5,False
MT301784,FD-010,residential,,commercial,123.2,False
MT310852,FD-032,residential,2021-09-24,industrial,,True
MT304857,FD-035,residential,,social,173.3,False
MT304913,FD-011,residential,,social,,False
MT307594,FD-025,industrial,,industrial,,True
MT307187,FD-035,residential,,domestic-standard,31.8,False
MT305470,FD-005,commercial,,domestic-low,,True
MT301434,FD-031,residential,2022-12-18,commercial,,False
MT308499,FD-027,public,2021-09-20,domestic-low,,False
MT310107,FD-014,commercial,,industrial,164.5,True
MT308077,FD-009,residential,,social,,True
MT304789,FD-034,industrial,,domestic-standard,11.2,False
MT307157,FD-036,commercial,,social,163.1,False
MT307935,FD-025,commercial,,industrial,,False
MT304722,FD-020,residential,,industrial,108.9,True
MT310498,FD-025,residential,,social,,False
MT310508,FD-017,residential,,domestic-low,37.1,True
MT304199,FD-011,industrial,,domestic-standard,189.3,False
MT304925,FD-026,industrial,,domestic-low,148.5,False
MT309691,FD-002,industrial,,social,,False
MT305517,FD-011,residential,,domestic-low,55.6,False
MT301565,FD-029,public,2021-11-23,domestic-standard,105.8,False
MT301281,FD-005,residential,2024-12-17,domestic-low,,True
MT300229,FD-036,residential,2023-05-07,industrial,34.7,False
MT308522,FD-013,industrial,,industrial,61.3,False
MT305544,FD-029,public,,domestic-low,202.4,False
MT308508,FD-009,residential,,domestic-low,154.2,False
MT306452,FD-001,residential,,domestic-standard,,False
MT310691,FD-005,residential,2023-09-14,social,,False
MT307549,FD-009,residential,,social,77.6,False
MT301863,FD-023,commercial,,social,,True
MT303319,FD-032,commercial,,industrial,,True
MT303343,FD-028,industrial,,industrial,147.5,False
MT308514,FD-004,residential,,domestic-low,11.6,False
MT309045,FD-006,residential,,domestic-low,95.1,False
MT301424,FD-036,residential,,social,114.3,True
MT310869,FD-004,residential,,domestic-low,80.7,False
MT305222,FD-031,residential,,domestic-standard,,False
MT310355,FD-013,residential,,domestic-standard,29.6,False
MT303497,FD-020,residential,,commercial,,False
MT302611,FD-029,residential,,domestic-low,12.6,False
MT305479,FD-003,public,,domestic-low,12.8,False
MT302359,FD-031,residential,,domestic-low,140.2,False
MT308773,FD-004,residential,,commercial,257.9,True
MT301352,FD-035,residential,,domestic-low,214.7,True
MT303976,FD-004,public,,domestic-standard,150.9,False
MT304658,FD-007,public,2020-04-14,domestic-low,9.4,True
MT308025,FD-014,public,2023-10-14,domestic-standard,,False
MT307389,FD-005,residential,,domestic-low,114.3,True
MT302902,FD-004,residential,,domestic-standard,164.3,False
MT306649,FD-036,industrial,,domestic-low,40.9,True
MT306470,FD-013,residential,,domestic-low,159.8,True
MT302609,FD-012,residential,,commercial,182.6,True
MT305206,FD-026,residential,,domestic-low,110.6,False
MT310223,FD-017,residential,2019-11-16,domestic-low,,False
MT310039,FD-024,residential,,domestic-low,,True
MT302379,FD-033,residential,,domestic-low,103.4,False
MT303223,FD-016,residential,,domestic-low,95.4,True
MT305185,FD-029,residential,,industrial,12.0,True
MT301506,FD-012,commercial,,industrial,94.9,False
MT308727,FD-010,commercial,,commercial,,True
MT307647,FD-032,commercial,,domestic-low,38.6,False
MT308286,FD-034,public,,domestic-low,73.3,False
MT308294,FD-028,residential,,social,205.0,False
MT310631,FD-005,residential,2021-05-10,domestic-standard,13.5,True
MT304445,FD-023,residential,,domestic-low,183.7,True
MT309850,FD-009,commercial,,commercial,52.1,True
MT304507,FD-012,residential,,domestic-low,,True
MT303448,FD-003,residential,,domestic-low,,True
MT304732,FD-035,public,2023-09-08,domestic-standard,11.1,False
MT307961,FD-006,public,2022-12-24,industrial,177.3,False
MT308561,FD-028,commercial,,domestic-low,38.4,False
MT305653,FD-005,residential,,domestic-low,,False
MT302472,FD-017,residential,2021-09-09,domestic-low,,True
MT305784,FD-028,residential,,commercial,,False
MT303129,FD-001,public,,industrial,53.9,False
MT303674,FD-014,residential,,social,203.2,False
MT308222,FD-007,public,,domestic-low,,True
MT301662,FD-025,public,,domestic-low,214.5,True
MT304123,FD-035,public,,social,59.8,True
MT304960,FD-012,residential,,domestic-low,100.6,True
MT309547,FD-004,residential,,social,,True
MT304390,FD-024,residential,,industrial,,False
MT301104,FD-022,commercial,2023-12-21,domestic-low,102.9,True
MT308192,FD-016,industrial,,domestic-low,191.6,True
MT301438,FD-014,industrial,,domestic-low,12.3,False
MT310313,FD-035,industrial,,commercial,186.0,True
MT302746,FD-003,residential,,domestic-standard,,False
MT309273,FD-005,commercial,,industrial,106.8,False
MT304772,FD-033,residential,,domestic-low,,False
MT304773,FD-003,commercial,2021-06-19,social,86.8,False
MT302208,FD-035,residential,,industrial,,False
MT300154,FD-022,industrial,,industrial,,True
MT303423,FD-002,public,,commercial,61.2,True
MT301305,FD-026,commercial,,industrial,62.7,True
MT307012,FD-032,commercial,,domestic-low,220.5,False
MT304414,FD-003,residential,,domestic-low,68.4,True
MT306808,FD-025,commercial,,domestic-low,15.9,True
MT306799,FD-017,public,,domestic-low,152.9,True
MT300505,FD-004,industrial,,domestic-standard,102.7,False
MT303111,FD-024,industrial,,industrial,119.7,True
MT301388,FD-022,public,,industrial,,True
MT305817,FD-011,residential,,industrial,64.8,True
MT300498,FD-021,residential,,domestic-low,94.5,False
MT309178,FD-007,industrial,,domestic-low,73.2,True
MT310101,FD-029,residential,,industrial,40.0,False
MT300568,FD-035,commercial,,commercial,147.0,False
MT307262,FD-028,residential,,industrial,99.8,True
MT302521,FD-015,commercial,,commercial,77.5,True
MT301496,FD-031,public,,domestic-low,,False
MT302049,FD-022,residential,,commercial,,False
MT310565,FD-026,industrial,,industrial,74.6,True
MT308684,FD-022,residential,,social,221.9,False
MT301092,FD-037,residential,2024-07-21,commercial,153.5,True
MT308597,FD-034,commercial,,industrial,132.4,True
MT306821,FD-004,commercial,,domestic-standard,,False
MT306257,FD-014,commercial,2026-02-18,domestic-low,,False
MT305512,FD-020,commercial,,domestic-standard,12.3,False
MT300204,FD-037,industrial,,domestic-low,,False
MT309912,FD-033,commercial,,commercial,38.6,True
MT310835,FD-031,residential,,commercial,8.6,True
MT303931,FD-022,public,,industrial,258.1,False
MT304029,FD-033,residential,,domestic-low,,False
MT308823,FD-015,industrial,,industrial,76.9,True
MT301357,FD-022,residential,,domestic-low,,True
MT309338,FD-022,industrial,,domestic-standard,,False
MT305204,FD-014,residential,,industrial,29.0,False
MT301532,FD-022,residential,2026-03-07,domestic-standard,175.7,True
MT303178,FD-011,public,,domestic-low,194.6,True
MT304450,FD-004,commercial,,industrial,196.8,True
MT309542,FD-011,residential,,industrial,118.2,False
MT305813,FD-006,public,,social,39.9,True
MT304454,FD-015,commercial,,social,64.7,True
MT300709,FD-032,commercial,,domestic-low,72.7,True
MT303240,FD-025,residential,,industrial,46.1,True
MT305194,FD-031,residential,,domestic-low,69.4,False
MT304319,FD-036,public,,social,123.0,False
MT306126,FD-032,residential,,domestic-low,59.5,True
MT309167,FD-025,commercial,,domestic-low,132.1,True
MT302526,FD-023,residential,,commercial,28.6,False
MT300579,FD-032,commercial,,social,135.3,True
MT306180,FD-012,commercial,,industrial,30.1,True
MT309977,FD-028,commercial,,commercial,,False
MT309227,FD-005,industrial,,industrial,,False
MT307563,FD-021,commercial,,domestic-low,,False
MT306282,FD-011,residential,,domestic-low,143.5,True
MT306902,FD-036,public,2021-11-07,domestic-standard,202.9,True
MT310979,FD-025,commercial,,domestic-low,70.5,True
MT303114,FD-033,residential,,industrial,,False
MT303185,FD-008,public,,commercial,73.0,False
MT305018,FD-023,residential,,social,,True
MT305193,FD-018,commercial,,domestic-low,155.4,False
MT310236,FD-032,public,,social,85.1,True
MT300466,FD-033,residential,,domestic-standard,50.2,False
MT300203,FD-022,residential,,industrial,80.2,False
MT304463,FD-003,industrial,,domestic-low,145.4,True
MT310455,FD-033,residential,,commercial,168.1,False
MT310447,FD-026,commercial,,social,15.2,True
MT302100,FD-008,residential,,industrial,,False
MT306548,FD-008,industrial,,industrial,,False
MT307257,FD-027,public,,domestic-low,,True
MT305587,FD-032,residential,2022-08-29,social,,False
MT306828,FD-007,public,2019-07-02,domestic-standard,,False
MT300950,FD-030,residential,,social,,False
MT305554,FD-020,residential,,domestic-standard,35.9,True
MT309937,FD-032,industrial,,domestic-low,186.3,False
MT306369,FD-015,industrial,,domestic-low,,True
MT308443,FD-035,residential,,social,13.6,False
MT308728,FD-028,residential,,domestic-low,94.3,True
MT301645,FD-009,commercial,,domestic-low,192.0,False
MT304211,FD-037,commercial,,domestic-low,,False
MT301931,FD-002,residential,,domestic-low,58.0,False
MT308115,FD-036,residential,2025-07-27,domestic-low,241.3,False
MT305133,FD-009,residential,2024-04-26,industrial,,False
MT308375,FD-025,residential,,domestic-standard,,True
MT309882,FD-012,residential,2019-11-22,domestic-low,,True
MT303063,FD-014,residential,,domestic-low,,False
MT305814,FD-001,residential,,commercial,106.3,False
MT300159,FD-006,commercial,2019-02-27,domestic-standard,,False
MT300582,FD-030,residential,,commercial,83.1,False
MT304105,FD-032,residential,,domestic-low,39.7,False
MT307834,FD-014,industrial,,social,,False
MT304099,FD-005,public,,commercial,55.4,True
MT304282,FD-008,industrial,,industrial,125.3,True
MT305269,FD-006,industrial,,commercial,,False
MT304500,FD-022,industrial,,domestic-low,143.4,True
MT307943,FD-024,residential,,domestic-low,15.5,False
MT310616,FD-005,public,,domestic-low,,True
MT306773,FD-002,residential,,social,178.6,True
MT307106,FD-013,residential,,commercial,20.8,False
MT303979,FD-015,industrial,,domestic-standard,36.7,True
MT307638,FD-019,residential,,commercial,116.7,True
MT308933,FD-036,residential,,domestic-standard,60.6,True
MT304043,FD-001,residential,,domestic-low,66.1,False
MT303422,FD-018,residential,,social,56.7,True
MT304934,FD-027,commercial,,domestic-standard,,True
MT306703,FD-003,residential,,industrial,95.2,True
MT307675,FD-027,residential,,domestic-standard,133.3,False
MT300217,FD-037,residential,,domestic-low,127.9,True
MT308377,FD-025,industrial,,social,,True
MT303559,FD-027,residential,,domestic-standard,187.6,False
MT308315,FD-014,public,,commercial,163.8,True
MT302794,FD-028,residential,,industrial,,True
MT306153,FD-004,residential,,industrial,11.3,True
MT304230,FD-034,residential,,domestic-low,105.7,True
MT307861,FD-012,industrial,,domestic-low,109.2,False
MT306078,FD-009,residential,2019-04-05,domestic-low,123.3,False
MT310104,FD-012,residential,2020-06-17,industrial,177.4,True
MT310954,FD-034,commercial,,domestic-standard,,True
MT303740,FD-014,residential,,social,,True
MT300134,FD-029,residential,,domestic-low,,True
MT310439,FD-015,residential,,social,66.5,True
MT310028,FD-018,public,,domestic-standard,66.4,True
MT305418,FD-004,industrial,,social,17.9,True
MT308420,FD-005,public,,domestic-low,45.2,True
MT308019,FD-020,residential,,domestic-low,,True
MT307456,FD-029,public,,domestic-standard,,False
MT310063,FD-012,residential,,domestic-low,32.7,True
MT308729,FD-020,residential,,industrial,88.5,False
MT308821,FD-028,residential,2019-07-14,commercial,112.7,True
MT305705,FD-027,industrial,,industrial,93.7,False
MT309370,FD-008,industrial,,domestic-low,48.1,True
MT300997,FD-002,commercial,,domestic-low,176.1,False
MT300451,FD-029,residential,,domestic-low,90.3,True
MT302805,FD-010,public,,social,60.2,False
MT305574,FD-019,public,,social,,True
MT309580,FD-022,residential,,social,,True
MT304098,FD-018,public,,commercial,177.1,False
MT306436,FD-011,residential,2021-03-17,domestic-standard,,False
MT304936,FD-005,commercial,,commercial,106.7,True
MT301109,FD-017,residential,,industrial,,True
MT302303,FD-024,commercial,2021-05-05,domestic-low,,True
MT303285,FD-023,residential,,commercial,,False
MT308570,FD-013,commercial,,commercial,46.5,False
MT302489,FD-035,residential,,domestic-standard,,False
MT307405,FD-021,residential,,commercial,36.3,False
MT304126,FD-033,residential,,domestic-low,,False
MT304475,FD-031,residential,,domestic-low,134.9,True
MT301623,FD-016,residential,,domestic-low,32.5,True
MT300478,FD-031,residential,,commercial,82.4,True
MT301692,FD-022,residential,,commercial,78.9,False
MT306798,FD-003,commercial,,domestic-low,,True
MT309728,FD-024,industrial,,industrial,,True
MT300926,FD-016,industrial,,commercial,197.2,False
MT305327,FD-029,residential,,domestic-low,,True
MT307020,FD-018,public,,domestic-low,223.8,False
MT301306,FD-037,public,,domestic-low,204.8,False
MT304727,FD-013,residential,,social,,True
MT303724,FD-021,commercial,,domestic-low,,True
MT302465,FD-019,commercial,,commercial,,False
MT309351,FD-002,public,,domestic-standard,,False
MT309257,FD-027,industrial,2025-06-19,domestic-low,,True
MT307689,FD-035,industrial,,industrial,50.2,True
MT303215,FD-002,residential,,commercial,83.0,True
MT309950,FD-002,public,,domestic-standard,118.2,False
MT302163,FD-016,residential,,domestic-standard,18.0,False
MT302363,FD-006,residential,2023-11-10,domestic-low,19.9,True
MT305973,FD-029,residential,,social,136.3,False
MT301187,FD-010,residential,2020-11-22,social,61.1,True
MT301313,FD-019,residential,,domestic-low,41.5,False
MT309406,FD-020,residential,,social,151.8,True
MT300306,FD-010,residential,,social,147.5,True
MT307082,FD-033,residential,,domestic-low,,False
MT304248,FD-012,residential,,domestic-low,60.0,False
MT300414,FD-024,industrial,,domestic-low,9.4,True
MT305771,FD-023,public,,social,92.3,False
MT308006,FD-005,public,,domestic-low,,True
MT303547,FD-015,commercial,2024-12-23,commercial,52.9,True
MT301054,FD-022,public,,domestic-standard,118.7,True
MT309255,FD-037,industrial,,commercial,58.4,True
MT308870,FD-033,industrial,,industrial,119.0,True
MT305934,FD-022,residential,,domestic-standard,,False
MT306056,FD-028,residential,,commercial,15.6,True
MT300410,FD-014,industrial,,domestic-low,,False
MT307185,FD-005,industrial,,social,48.7,True
MT305086,FD-031,commercial,,domestic-low,195.9,False
MT301196,FD-024,residential,,commercial,106.6,True
MT303701,FD-026,commercial,,industrial,63.0,False
MT304408,FD-030,residential,,domestic-low,124.2,True
MT307821,FD-027,residential,,social,155.1,False
MT303395,FD-013,industrial,,industrial,186.4,True
MT308725,FD-035,residential,,domestic-low,71.7,True
MT306761,FD-008,residential,,domestic-low,31.0,False
MT304090,FD-031,public,,domestic-standard,32.3,True
MT303887,FD-008,residential,,social,35.5,True
MT301412,FD-005,residential,,domestic-low,81.5,False
MT302966,FD-036,residential,,social,,False
MT306045,FD-036,residential,,industrial,58.2,True
MT305375,FD-005,industrial,,domestic-standard,128.0,True
MT309085,FD-011,industrial,,domestic-low,161.8,False
MT307701,FD-011,industrial,,commercial,,True
MT305876,FD-037,residential,,industrial,,False
MT304353,FD-024,residential,,domestic-standard,161.4,True
MT306797,FD-036,residential,2024-07-05,domestic-low,,True
MT303411,FD-016,industrial,,domestic-standard,36.7,False
MT305741,FD-036,residential,,industrial,172.0,True
MT304562,FD-004,public,,social,,True
MT310936,FD-005,commercial,,commercial,67.7,False
MT300515,FD-022,residential,,domestic-low,145.7,False
MT300062,FD-011,commercial,,industrial,96.8,True
MT305950,FD-003,commercial,,domestic-standard,,False
MT304579,FD-014,residential,,domestic-low,117.1,False
MT300373,FD-012,public,,domestic-low,140.1,False
MT308592,FD-023,residential,,domestic-low,30.3,True
MT300793,FD-021,residential,2023-10-31,domestic-low,108.9,False
MT308134,FD-004,industrial,,domestic-standard,,False
MT301702,FD-034,commercial,,social,162.5,False
MT300319,FD-013,residential,,domestic-low,224.2,True
MT309411,FD-002,public,2023-04-19,commercial,80.1,True
MT308857,FD-022,public,,domestic-low,22.3,True
MT302864,FD-020,public,,domestic-low,,False
MT302954,FD-011,residential,,domestic-standard,,False
MT300183,FD-030,commercial,,commercial,,True
MT303025,FD-032,residential,,commercial,81.6,True
MT301681,FD-015,residential,,social,,False
MT310097,FD-022,residential,,domestic-low,25.2,True
MT303119,FD-022,residential,,social,160.2,True
MT310718,FD-019,residential,,domestic-standard,208.1,True
MT303120,FD-009,public,,social,,False
MT309865,FD-005,residential,,social,99.6,False
MT301097,FD-010,commercial,,industrial,53.6,False
MT302661,FD-006,residential,,domestic-low,95.4,False
MT303366,FD-030,residential,,industrial,29.2,True
MT309047,FD-016,residential,,domestic-standard,,True
MT302841,FD-030,residential,,industrial,,False
MT307411,FD-009,residential,,domestic-standard,59.4,True
MT300738,FD-012,public,,industrial,28.9,False
MT300056,FD-033,residential,,industrial,97.1,True
MT306954,FD-030,residential,,social,176.0,True
MT300193,FD-009,residential,,domestic-low,153.7,True
MT310860,FD-012,public,,domestic-low,22.2,False
MT306669,FD-002,commercial,,social,137.5,True
MT302637,FD-012,industrial,2019-11-12,domestic-low,,True
MT305743,FD-019,public,,commercial,126.0,False
MT307716,FD-008,residential,,domestic-low,,False
MT308311,FD-011,residential,,domestic-standard,138.6,True
MT302620,FD-003,industrial,,commercial,30.4,False
MT303907,FD-009,residential,,domestic-standard,185.2,False
MT302129,FD-004,residential,,social,126.7,True
MT307985,FD-005,commercial,,industrial,,True
MT300724,FD-015,residential,,commercial,117.7,True
MT308996,FD-030,residential,,domestic-low,,False
MT305271,FD-023,commercial,2023-03-16,social,106.2,False
MT303394,FD-002,residential,2020-10-17,industrial,160.3,True
MT306619,FD-016,residential,,commercial,197.1,True
MT302375,FD-033,residential,2024-08-18,domestic-low,128.6,False
MT310328,FD-003,industrial,,domestic-low,112.2,True
MT301161,FD-013,residential,,domestic-low,,True
MT305338,FD-022,public,,social,263.7,False
MT301170,FD-017,residential,2024-06-12,domestic-standard,122.7,False
MT302177,FD-032,residential,,social,160.4,False
MT304808,FD-003,residential,2025-08-03,social,23.0,False
MT305182,FD-034,public,,social,,True
MT303326,FD-032,residential,,social,,False
MT304731,FD-003,public,,domestic-standard,,False
MT310692,FD-030,public,,domestic-low,,False
MT307975,FD-012,residential,,domestic-low,58.8,False
MT302351,FD-025,residential,,domestic-low,,False
MT300169,FD-026,industrial,,domestic-low,167.5,False
MT300731,FD-004,residential,,domestic-standard,,True
MT310568,FD-027,residential,,industrial,,True
MT310125,FD-033,public,,domestic-low,,False
MT302985,FD-015,industrial,,social,65.6,True
MT303251,FD-004,industrial,,domestic-standard,,False
MT310660,FD-022,residential,,domestic-standard,91.1,True
MT309485,FD-006,commercial,,social,92.7,False
MT308491,FD-004,residential,,domestic-standard,95.8,False
MT301767,FD-034,commercial,,social,147.3,False
MT303857,FD-005,residential,,industrial,,False
MT309350,FD-023,residential,2020-04-20,domestic-low,52.5,True
MT308973,FD-016,public,2019-09-28,commercial,200.4,True
MT307553,FD-006,industrial,,social,,False
MT304387,FD-036,commercial,,social,,False
MT308086,FD-020,residential,,domestic-low,123.1,True
MT307728,FD-013,commercial,,social,162.5,True
MT308749,FD-018,residential,,commercial,113.2,False
MT301458,FD-037,residential,,domestic-low,134.8,False
MT302320,FD-019,public,,domestic-low,,True
MT301963,FD-020,commercial,,domestic-low,76.1,True
MT300309,FD-014,industrial,2021-10-29,domestic-low,,False
MT302856,FD-001,public,,social,90.6,False
MT307548,FD-005,industrial,,domestic-low,39.2,False
MT304018,FD-020,residential,,industrial,190.5,True
MT307885,FD-035,commercial,,domestic-low,,False
MT306532,FD-019,industrial,,industrial,88.4,False
MT301524,FD-027,industrial,,domestic-standard,118.2,False
MT307984,FD-003,industrial,,commercial,34.2,True
MT300776,FD-035,residential,,commercial,,False
MT301879,FD-028,residential,,social,48.4,True
MT301996,FD-028,residential,,social,197.4,False
MT309018,FD-024,residential,,social,,True
MT301789,FD-034,residential,,domestic-low,29.6,False
MT309975,FD-020,residential,,industrial,,False
MT307147,FD-017,public,,social,53.5,True
MT307256,FD-004,residential,,commercial,129.1,False
MT305349,FD-035,industrial,,domestic-standard,,True
MT309391,FD-021,residential,,domestic-standard,44.0,True
MT304715,FD-015,commercial,2024-11-04,commercial,,True
MT303963,FD-035,commercial,2025-03-12,industrial,161.9,True
MT308450,FD-023,residential,2020-06-27,social,28.1,True
MT307513,FD-028,industrial,,commercial,133.7,True
MT307737,FD-011,residential,,domestic-low,123.8,True
MT303594,FD-024,residential,,domestic-low,137.8,False
MT309377,FD-028,residential,,industrial,124.1,True
MT306911,FD-012,residential,,domestic-low,66.9,True
MT300502,FD-035,residential,,domestic-standard,86.8,True
MT307649,FD-009,industrial,,domestic-low,179.3,False
MT304158,FD-011,residential,,domestic-standard,69.4,True
MT302169,FD-035,public,,domestic-low,153.7,True
MT303198,FD-037,public,,domestic-low,81.4,True
MT309347,FD-037,residential,,commercial,72.3,True
MT309011,FD-006,residential,,domestic-low,49.7,False
MT300680,FD-019,commercial,,domestic-low,44.6,True
MT308612,FD-023,residential,,industrial,,True
MT302847,FD-005,residential,,domestic-low,,False
MT303265,FD-033,industrial,,domestic-low,,True
MT309516,FD-028,residential,,social,266.0,True
MT305006,FD-035,industrial,,domestic-standard,241.0,True
MT304823,FD-020,residential,,domestic-low,190.1,False
MT301761,FD-002,public,,commercial,131.5,True
MT304108,FD-028,residential,,industrial,131.7,False
MT302247,FD-034,commercial,,social,,True
MT300102,FD-005,public,,domestic-low,,False
MT303344,FD-033,public,,domestic-standard,,True
MT309825,FD-005,public,,commercial,124.7,False
MT307639,FD-010,residential,,domestic-low,108.4,False
MT310030,FD-002,residential,,commercial,238.3,False
MT309015,FD-013,commercial,,social,121.3,True
MT308826,FD-029,industrial,,social,153.4,True
MT300378,FD-012,residential,,domestic-low,56.7,True
MT308274,FD-019,commercial,,commercial,92.3,True
MT300172,FD-016,residential,,domestic-low,,False
MT303944,FD-001,residential,,commercial,,True
MT305845,FD-022,residential,,social,49.3,False
MT305959,FD-019,residential,2019-07-22,domestic-standard,116.1,True
MT310926,FD-023,commercial,,commercial,100.4,False
MT307625,FD-001,industrial,,social,175.6,True
MT307276,FD-009,residential,2021-10-20,social,54.8,False
MT302130,FD-001,industrial,,industrial,,True
MT301215,FD-035,residential,,social,115.8,True
MT304055,FD-018,residential,,domestic-low,108.1,True
MT304557,FD-006,public,2020-12-18,social,186.8,False
MT305320,FD-025,industrial,,domestic-low,,False
MT302984,FD-002,commercial,,domestic-standard,107.5,True
MT305558,FD-003,public,,commercial,115.0,False
MT304174,FD-005,commercial,,commercial,,False
MT307292,FD-017,public,,commercial,101.4,True
MT310737,FD-033,residential,,social,,True
MT305594,FD-007,public,,domestic-standard,,True
MT309552,FD-029,public,,domestic-standard,,False
MT304219,FD-013,public,,domestic-standard,28.0,True
MT306597,FD-025,commercial,,domestic-standard,121.6,False
MT308125,FD-025,commercial,,industrial,35.5,False
MT303623,FD-006,residential,,industrial,,True
MT301011,FD-022,residential,,domestic-standard,245.0,True
MT304308,FD-034,commercial,,domestic-low,53.1,False
MT308427,FD-012,public,,domestic-low,54.6,False
MT310515,FD-004,commercial,,domestic-low,,True
MT303906,FD-016,public,,domestic-low,89.6,False
MT308024,FD-031,public,,commercial,,True
MT306551,FD-036,residential,,domestic-standard,,True
MT303875,FD-036,public,2022-09-01,domestic-low,,True
MT302167,FD-013,commercial,,social,,True
MT305094,FD-030,industrial,,domestic-low,102.6,False
MT303268,FD-025,residential,,commercial,53.3,False
MT309519,FD-007,commercial,2021-06-12,commercial,,False
MT303526,FD-008,residential,,commercial,91.3,False
MT305730,FD-013,industrial,,domestic-low,58.1,True
MT308177,FD-016,residential,,social,,True
MT306914,FD-008,industrial,,social,,False
MT304803,FD-002,residential,,social,147.4,False
MT300749,FD-009,public,,domestic-standard,42.4,False
MT304700,FD-032,residential,2023-01-04,social,136.6,False
MT307250,FD-034,commercial,,domestic-standard,90.1,False
MT310367,FD-025,industrial,,domestic-low,79.7,True
MT305362,FD-037,commercial,,domestic-standard,12.1,False
MT302070,FD-017,commercial,,commercial,145.0,True
MT302393,FD-006,public,2022-11-21,domestic-standard,158.7,False
MT303811,FD-022,public,,domestic-low,105.1,True
MT304702,FD-014,public,,social,64.4,True
MT303041,FD-032,residential,,social,103.7,False
MT303348,FD-001,residential,,domestic-low,,True
MT306022,FD-030,commercial,,domestic-standard,,False
MT305509,FD-006,residential,,social,,True
MT302553,FD-020,residential,,domestic-standard,,False
MT303231,FD-011,residential,,commercial,,True
MT300304,FD-011,residential,,domestic-standard,88.6,False
MT305681,FD-003,residential,,domestic-standard,,False
MT303613,FD-006,residential,,industrial,20.5,False
MT309486,FD-023,residential,,domestic-low,,False
MT301811,FD-027,public,,domestic-low,151.0,True
MT309136,FD-004,residential,,domestic-standard,,True
MT303390,FD-020,commercial,,commercial,86.7,False
MT302360,FD-029,residential,,social,237.8,True
MT303995,FD-026,public,,commercial,230.7,False
MT307376,FD-006,industrial,,social,,False
MT307791,FD-016,industrial,,social,55.9,True
MT302095,FD-024,residential,,commercial,147.5,True
MT309181,FD-021,industrial,,domestic-low,,True
MT308883,FD-024,residential,,domestic-standard,49.4,False
MT308803,FD-018,commercial,,social,228.5,True
MT308033,FD-036,industrial,,commercial,,False
MT305422,FD-020,residential,,industrial,136.8,True
MT300285,FD-001,commercial,,domestic-low,,True
MT307995,FD-018,public,,social,136.2,True
MT305414,FD-007,industrial,,social,147.6,False
MT309217,FD-004,industrial,,commercial,,True
MT304721,FD-002,industrial,,industrial,71.9,True
MT309785,FD-017,residential,,domestic-low,,False
MT309170,FD-005,industrial,,social,,True
MT309812,FD-028,public,,commercial,,True
MT300161,FD-014,residential,,industrial,96.5,False
MT300811,FD-004,industrial,,commercial,,False
MT309823,FD-020,industrial,,domestic-standard,236.0,False
MT300822,FD-027,residential,,domestic-low,,True
MT305224,FD-023,industrial,,domestic-low,154.7,False
MT308293,FD-012,residential,,domestic-low,,False
MT304401,FD-007,residential,,commercial,102.4,False
MT309397,FD-008,residential,,domestic-standard,,False
MT309715,FD-020,residential,,social,,True
MT302692,FD-034,residential,,domestic-low,91.9,True
MT307912,FD-028,residential,,domestic-standard,14.9,True
MT301523,FD-020,residential,,domestic-low,91.7,True
MT302897,FD-025,residential,,domestic-low,26.2,True
MT304613,FD-004,industrial,,domestic-low,,True
MT310632,FD-020,industrial,,industrial,,True
MT310350,FD-005,residential,,commercial,,True
MT300964,FD-036,public,,social,,False
MT306375,FD-009,commercial,,domestic-low,69.7,True
MT302810,FD-026,industrial,,domestic-low,84.4,True
MT304164,FD-005,industrial,2020-10-03,commercial,41.8,True
MT309099,FD-016,industrial,,industrial,101.9,False
MT305916,FD-019,industrial,,domestic-low,,False
MT302044,FD-025,industrial,,domestic-standard,15.5,True
MT304494,FD-001,industrial,,social,85.1,True
MT300399,FD-037,public,,domestic-low,66.5,False
MT307146,FD-019,commercial,,social,127.7,True
MT301102,FD-006,residential,,domestic-low,,False
MT303089,FD-026,commercial,,domestic-standard,97.9,False
MT308531,FD-028,commercial,,commercial,181.8,False
MT301550,FD-034,residential,,domestic-low,,True
MT301171,FD-007,commercial,,domestic-low,86.4,False
MT304334,FD-029,residential,,domestic-standard,153.5,True
MT307299,FD-011,public,,domestic-standard,150.9,True
MT300481,FD-015,public,,domestic-low,29.8,True
MT308784,FD-033,commercial,,commercial,189.0,False
MT301602,FD-008,residential,,commercial,185.2,True
MT300468,FD-018,public,,social,,False
MT307966,FD-037,public,,commercial,,True
MT303001,FD-033,industrial,,commercial,90.7,False
MT305396,FD-014,residential,,domestic-low,159.8,True
MT302178,FD-023,commercial,,industrial,,True
MT303021,FD-037,industrial,,domestic-low,,True
MT306189,FD-011,industrial,,social,47.7,True
MT307997,FD-028,residential,2020-05-29,domestic-low,,False
MT302258,FD-005,residential,2025-02-26,domestic-low,,True
MT309555,FD-033,commercial,,commercial,164.3,False
MT309791,FD-025,industrial,,industrial,,True
MT308918,FD-005,industrial,,domestic-low,200.3,False
MT306860,FD-006,commercial,,commercial,183.8,False
MT303796,FD-016,commercial,,domestic-low,109.3,True
MT307851,FD-029,commercial,,social,,False
MT303596,FD-032,commercial,,domestic-low,176.4,True
MT304154,FD-013,residential,,commercial,69.0,True
MT302087,FD-024,commercial,,domestic-low,52.7,False
MT309570,FD-033,residential,,social,,False
MT301023,FD-028,residential,,industrial,,True
MT304811,FD-035,industrial,,commercial,,True
MT306936,FD-019,industrial,,domestic-low,,False
MT301226,FD-006,commercial,2024-07-04,social,,False
MT302597,FD-031,industrial,2021-03-05,domestic-low,,True
MT301300,FD-003,residential,,domestic-standard,215.0,False
MT300975,FD-012,industrial,,domestic-low,114.1,True
MT306114,FD-005,residential,,industrial,43.8,True
MT308905,FD-019,industrial,,social,102.5,True
MT305053,FD-032,residential,2019-01-23,industrial,,True
MT303687,FD-021,residential,,social,,False
MT301333,FD-009,public,2022-11-09,domestic-low,83.6,True
MT304479,FD-002,commercial,,commercial,79.4,False
MT302610,FD-030,industrial,2019-08-04,social,74.0,True
MT308992,FD-021,industrial,,industrial,83.3,False
MT300983,FD-037,public,,social,84.1,True
MT305843,FD-010,industrial,,domestic-low,109.6,False
MT305725,FD-021,commercial,,industrial,39.3,True
MT308524,FD-006,residential,,social,157.7,False
MT310723,FD-008,residential,,industrial,97.4,True
MT306594,FD-023,public,,domestic-standard,,True
MT304817,FD-017,residential,,domestic-low,,False
MT310856,FD-001,public,,domestic-standard,158.3,False
MT309859,FD-026,public,2020-01-11,domestic-standard,,False
MT308880,FD-005,residential,,domestic-low,,False
MT303992,FD-022,residential,,commercial,70.5,True
MT310550,FD-026,residential,,social,26.4,False
MT309846,FD-013,commercial,,domestic-low,167.8,True
MT308407,FD-021,public,,domestic-low,,False
MT309827,FD-002,residential,,domestic-low,94.0,False
MT303179,FD-007,residential,,domestic-low,27.8,True
MT306833,FD-009,industrial,,domestic-standard,18.0,False
MT303582,FD-032,residential,,domestic-standard,37.2,False
MT303888,FD-013,residential,2023-05-10,commercial,195.3,False
MT301952,FD-022,industrial,,industrial,252.9,True
MT304820,FD-026,industrial,2025-02-17,domestic-low,192.2,False
MT310851,FD-006,residential,,social,146.6,False
MT302399,FD-018,industrial,,domestic-standard,,True
MT308952,FD-023,public,2025-03-25,social,,False
MT304594,FD-031,industrial,,domestic-low,12.3,False
MT309096,FD-008,residential,,social,22.3,False
MT303877,FD-016,commercial,2021-05-16,domestic-standard,141.3,True
MT310791,FD-028,residential,,social,38.8,True
MT304296,FD-036,industrial,,industrial,61.1,False
MT304134,FD-001,residential,,social,111.3,True
MT302666,FD-023,residential,,commercial,85.5,False
MT310758,FD-011,commercial,,domestic-low,136.5,True
MT304584,FD-031,residential,,domestic-low,141.6,False
MT308715,FD-014,residential,,domestic-standard,142.4,True
MT308471,FD-013,industrial,,commercial,173.2,False
MT306095,FD-025,commercial,,domestic-low,266.7,False
MT305261,FD-005,residential,,domestic-low,99.5,True
MT301336,FD-037,residential,,social,43.3,False
MT304758,FD-017,commercial,,domestic-low,,True
MT310663,FD-011,industrial,,industrial,119.5,False
MT305800,FD-006,residential,,domestic-low,51.4,True
MT305365,FD-026,residential,,domestic-standard,138.0,True
MT310572,FD-019,commercial,2021-11-01,domestic-low,151.4,True
MT310961,FD-031,residential,,domestic-standard,94.2,False
MT307048,FD-023,industrial,,social,46.1,True
MT300679,FD-012,commercial,,industrial,,True
MT301309,FD-027,residential,,domestic-standard,,True
MT305319,FD-005,residential,,domestic-low,177.5,True
MT308661,FD-027,industrial,,domestic-low,108.0,True
MT305733,FD-019,commercial,2023-04-03,domestic-standard,173.8,True
MT310345,FD-009,public,,industrial,30.0,True
MT304830,FD-019,industrial,,social,,True
MT307693,FD-006,industrial,,domestic-low,250.0,True
MT303733,FD-025,public,,domestic-standard,,False
MT307584,FD-035,industrial,,domestic-standard,65.1,True
MT305184,FD-016,residential,,domestic-low,149.5,False
MT309922,FD-001,residential,,industrial,73.8,True
MT310592,FD-009,residential,,domestic-low,125.4,True
MT310075,FD-011,public,,domestic-standard,51.3,True
MT306273,FD-005,industrial,,social,73.7,False
MT308012,FD-034,residential,,domestic-low,,True
MT304950,FD-029,residential,,domestic-low,,True
MT310035,FD-036,commercial,,domestic-low,128.0,True
MT305613,FD-036,public,,domestic-standard,139.2,False
MT300664,FD-009,residential,2023-08-30,domestic-standard,101.1,True
MT300522,FD-014,public,,industrial,110.2,False
MT303433,FD-017,residential,,domestic-low,67.3,False
MT308602,FD-027,residential,,industrial,99.3,False
MT303439,FD-034,residential,2021-06-01,domestic-low,174.0,True
MT310845,FD-016,residential,,social,,True
MT308703,FD-025,public,,commercial,51.2,False
MT308318,FD-023,commercial,,social,42.6,True
MT305326,FD-024,residential,2019-11-21,domestic-low,,True
MT305496,FD-025,residential,,social,82.5,False
MT300682,FD-014,residential,,commercial,,True
MT303498,FD-004,industrial,,social,115.7,True
MT300836,FD-021,residential,,domestic-low,,False
MT301469,FD-033,commercial,,commercial,112.6,True
MT306654,FD-025,residential,,domestic-standard,11.0,True
MT306002,FD-021,residential,2025-03-28,domestic-low,135.5,True
MT304088,FD-009,commercial,,domestic-standard,,False
MT304921,FD-023,public,,domestic-low,,False
MT301621,FD-029,industrial,,social,119.4,True
MT303666,FD-035,commercial,,domestic-standard,208.8,True
MT307120,FD-003,commercial,,commercial,147.2,False
MT302021,FD-008,commercial,,domestic-low,192.7,True
MT302548,FD-025,commercial,,commercial,,False
MT300464,FD-034,residential,,domestic-low,,False
MT310176,FD-030,residential,,commercial,144.2,True
MT308161,FD-009,industrial,,commercial,10.2,False
MT307045,FD-013,residential,,domestic-low,188.5,True
MT300530,FD-014,commercial,,domestic-standard,139.4,False
MT309086,FD-024,residential,,social,220.4,True
MT303248,FD-011,residential,,commercial,23.3,True
MT309900,FD-004,industrial,,domestic-low,,False
MT300220,FD-030,residential,2020-05-28,domestic-low,,True
MT308354,FD-003,public,,domestic-standard,91.6,False
MT302026,FD-023,residential,,social,,True
MT305832,FD-010,public,,social,114.6,False
MT304906,FD-030,residential,2020-10-28,industrial,170.4,True
MT301765,FD-037,commercial,,industrial,153.0,False
MT305433,FD-015,residential,,commercial,,False
MT307622,FD-034,commercial,,domestic-standard,,True
MT309399,FD-014,industrial,,domestic-standard,,True
MT308227,FD-011,industrial,,domestic-low,,True
MT303598,FD-036,residential,,commercial,68.9,False
MT304787,FD-025,residential,,domestic-standard,88.0,False
MT310285,FD-010,public,,domestic-low,81.8,True
MT305670,FD-015,commercial,,social,220.8,True
MT305878,FD-032,industrial,,domestic-standard,25.6,False
MT308013,FD-010,residential,2025-07-11,industrial,91.7,False
MT302927,FD-028,residential,,social,142.2,True
MT304259,FD-034,commercial,,industrial,79.2,True
MT301032,FD-027,public,,domestic-low,,False
MT300599,FD-009,residential,,industrial,101.2,False
MT303133,FD-026,residential,,industrial,,True
MT301407,FD-005,residential,2020-03-13,industrial,,False
MT305976,FD-026,public,,domestic-standard,,True
MT304543,FD-030,commercial,,domestic-low,165.7,True
MT304979,FD-004,commercial,,social,55.7,True
MT304988,FD-034,industrial,,commercial,10.4,True
MT307314,FD-010,industrial,,social,174.0,False
MT304591,FD-016,commercial,2020-02-02,commercial,141.1,False
MT307958,FD-025,commercial,,domestic-standard,146.9,True
MT304806,FD-013,public,,industrial,48.5,True
MT307956,FD-025,residential,,industrial,16.9,False
MT304371,FD-017,residential,2022-05-01,social,17.2,True
MT301065,FD-020,industrial,,domestic-low,26.1,True
MT300259,FD-037,commercial,,social,152.2,False
MT304743,FD-037,residential,,commercial,,True
MT307426,FD-020,residential,,commercial,26.7,False
MT301094,FD-027,residential,,commercial,,True
MT308046,FD-001,residential,,domestic-standard,60.8,True
MT301483,FD-016,residential,,commercial,113.1,False
MT301136,FD-007,residential,,social,,True
MT303716,FD-004,residential,,domestic-standard,,False
MT300914,FD-022,public,,domestic-low,166.9,True
MT305657,FD-008,commercial,,domestic-low,149.5,False
MT310578,FD-031,residential,,domestic-low,98.0,False
MT305317,FD-017,commercial,,social,,True
MT301597,FD-030,commercial,,domestic-low,106.9,False
MT306059,FD-036,public,,industrial,,False
MT303699,FD-017,commercial,,domestic-low,193.6,True
MT306848,FD-017,industrial,2026-05-03,domestic-low,,True
MT300915,FD-008,residential,,commercial,,True
MT300688,FD-001,commercial,,domestic-low,38.7,False
MT303978,FD-001,residential,,domestic-low,151.3,True
MT310770,FD-034,public,,commercial,23.7,False
MT305406,FD-016,residential,,domestic-low,137.6,True
MT303745,FD-032,residential,,domestic-standard,,True
MT304844,FD-019,commercial,2022-05-07,social,157.2,False
MT305629,FD-022,industrial,,industrial,67.1,False
MT307069,FD-006,public,,commercial,14.2,True
MT303364,FD-014,industrial,,domestic-standard,46.5,True
MT303573,FD-029,residential,,industrial,,True
MT301361,FD-016,residential,2023-07-18,commercial,172.0,True
MT310240,FD-035,residential,,domestic-low,,False
MT301375,FD-010,industrial,,commercial,126.6,True
MT308360,FD-021,residential,,social,69.1,True
MT301731,FD-034,residential,,commercial,,False
MT302890,FD-024,residential,,industrial,35.2,False
MT303878,FD-019,residential,2020-12-16,domestic-low,13.8,True
MT310968,FD-035,residential,,domestic-low,162.9,False
MT310639,FD-010,residential,,social,,True
MT306885,FD-012,commercial,,domestic-low,,True
MT309412,FD-027,residential,,domestic-low,,False
MT304695,FD-003,residential,,domestic-low,,True
MT303864,FD-022,commercial,,industrial,29.7,True
MT309075,FD-006,commercial,,domestic-low,108.4,True
MT310445,FD-027,residential,2026-05-15,domestic-low,,True
MT310827,FD-021,residential,,domestic-standard,132.0,True
MT301858,FD-001,industrial,,social,162.1,True
MT300429,FD-009,residential,,domestic-standard,120.2,False
MT302025,FD-030,industrial,,domestic-low,145.1,True
MT302875,FD-025,public,,domestic-low,39.5,True
MT308425,FD-010,residential,,social,,False
MT304657,FD-031,residential,2021-05-13,domestic-standard,236.8,True
MT309545,FD-015,residential,,industrial,94.7,True
MT308802,FD-006,commercial,,domestic-standard,14.5,True
MT304713,FD-016,residential,,industrial,50.0,True
MT310419,FD-016,public,,commercial,78.2,False
MT308790,FD-017,residential,,domestic-standard,52.9,True
MT304647,FD-028,residential,,social,,True
MT307915,FD-011,residential,,social,149.5,True
MT304581,FD-028,industrial,,industrial,70.7,True
MT302155,FD-006,commercial,,commercial,,True
MT309635,FD-015,commercial,,industrial,82.7,True
MT302473,FD-028,industrial,,commercial,175.3,True
MT303155,FD-001,residential,,social,132.1,True
MT307729,FD-037,residential,,commercial,,True
MT300205,FD-015,residential,,social,,False
MT306995,FD-028,residential,,domestic-low,11.4,True
MT308095,FD-006,residential,2021-09-02,commercial,86.3,False
MT302413,FD-015,industrial,,social,,True
MT307339,FD-013,industrial,,commercial,,True
MT310084,FD-017,residential,,domestic-low,,False
MT302885,FD-006,residential,,industrial,,False
MT303535,FD-023,residential,,domestic-low,,True
MT305777,FD-004,commercial,,domestic-standard,,True
MT307755,FD-026,commercial,,commercial,182.7,True
MT305296,FD-022,residential,,social,139.6,False
MT308137,FD-028,residential,,domestic-low,,True
MT306119,FD-006,public,,commercial,39.2,False
MT310046,FD-016,commercial,,domestic-low,,True
MT303933,FD-010,commercial,,commercial,144.9,False
MT300073,FD-023,residential,,domestic-low,,True
MT310127,FD-010,public,2024-07-22,domestic-low,52.7,False
MT308804,FD-027,commercial,,domestic-standard,121.6,True
MT310927,FD-028,public,,domestic-low,20.5,False
MT305518,FD-001,residential,,industrial,,False
MT303090,FD-023,public,,industrial,77.9,False
MT309895,FD-034,residential,,domestic-standard,55.3,False
MT305333,FD-029,residential,,social,206.4,False
MT303281,FD-020,public,,commercial,105.5,False
MT310805,FD-015,residential,,domestic-low,70.6,False
MT310076,FD-016,public,,industrial,,True
MT309982,FD-019,commercial,,industrial,69.7,False
MT300014,FD-023,commercial,,domestic-low,119.1,True
MT302376,FD-007,commercial,,social,36.8,False
MT304151,FD-013,commercial,,commercial,70.8,False
MT300499,FD-031,residential,,domestic-standard,223.3,False
MT310842,FD-028,industrial,,commercial,167.0,True
MT300422,FD-027,residential,,industrial,92.6,True
MT310147,FD-014,public,,domestic-low,,True
MT304637,FD-027,commercial,,domestic-low,86.7,False
MT301325,FD-012,residential,,commercial,,True
MT305163,FD-008,residential,,domestic-low,157.5,False
MT303924,FD-009,industrial,,domestic-low,,False
MT300699,FD-003,residential,,domestic-low,262.5,True
MT308758,FD-019,residential,,domestic-low,,True
MT307168,FD-017,residential,,social,74.0,False
MT304302,FD-002,residential,,commercial,,False
MT302197,FD-019,public,,social,191.9,True
MT305099,FD-034,residential,,social,41.6,True
MT309118,FD-017,residential,,industrial,,False
MT305673,FD-023,residential,,social,102.3,False
MT303049,FD-005,residential,2022-03-04,domestic-low,,True
MT308204,FD-030,residential,,social,25.9,True
MT300961,FD-023,public,,social,197.9,False
MT306308,FD-025,residential,,industrial,87.3,True
MT302434,FD-011,residential,,social,25.7,False
MT305825,FD-027,residential,,domestic-standard,189.0,True
MT306314,FD-017,residential,,industrial,39.0,True
MT303194,FD-022,commercial,,industrial,176.4,True
MT310709,FD-023,commercial,,domestic-standard,,True
MT309696,FD-016,residential,,domestic-standard,,False
MT301598,FD-017,industrial,,industrial,,True
MT305260,FD-004,industrial,,commercial,167.4,True
MT302322,FD-003,residential,2020-05-07,social,84.5,True
MT305186,FD-029,residential,,industrial,13.7,True
MT310382,FD-020,industrial,,commercial,23.7,True
MT302928,FD-009,residential,,domestic-standard,,True
MT306223,FD-023,commercial,,domestic-low,147.0,True
MT308348,FD-021,residential,,domestic-low,,True
MT306660,FD-034,industrial,2023-10-21,social,29.4,True
MT303492,FD-026,commercial,,domestic-standard,,False
MT301785,FD-004,residential,,domestic-low,81.1,True
MT308370,FD-001,commercial,,domestic-standard,128.2,True
MT309703,FD-016,industrial,,domestic-low,82.8,False
MT307825,FD-021,public,,domestic-standard,181.4,True
MT310129,FD-027,residential,,domestic-low,,True
MT302355,FD-017,public,,industrial,,True
MT301192,FD-002,commercial,,social,,True
MT308812,FD-029,industrial,,commercial,,True
MT305676,FD-003,residential,,commercial,111.1,False
MT303955,FD-031,industrial,,domestic-low,169.1,True
MT309608,FD-003,industrial,,industrial,67.5,False
MT300813,FD-015,industrial,,domestic-standard,91.5,False
MT308879,FD-022,residential,,domestic-low,241.9,False
MT300200,FD-026,residential,,industrial,52.7,False
MT304585,FD-011,industrial,,industrial,208.8,False
MT306127,FD-020,public,,industrial,32.4,False
MT304210,FD-021,residential,,industrial,66.6,True
MT310357,FD-037,residential,,domestic-low,75.8,False
MT307134,FD-034,residential,,industrial,,True
MT307841,FD-012,residential,,social,,False
MT302470,FD-010,commercial,,commercial,21.5,False
MT300871,FD-003,commercial,,social,36.3,True
MT302239,FD-014,industrial,,commercial,167.8,True
MT307606,FD-025,residential,,industrial,224.1,True
MT301852,FD-026,residential,,domestic-low,,True
MT308796,FD-033,residential,,commercial,170.0,False
MT309157,FD-034,residential,,domestic-low,208.8,False
MT302623,FD-008,industrial,,social,,False
MT307931,FD-030,commercial,,commercial,119.7,False
MT308055,FD-009,public,,domestic-low,167.8,False
MT303346,FD-019,commercial,2025-01-06,domestic-low,,True
MT308893,FD-005,residential,,commercial,188.5,False
MT307033,FD-019,residential,,domestic-low,11.2,False
MT304149,FD-025,residential,,domestic-low,72.6,False
MT306046,FD-028,public,2022-03-09,social,,False
MT301064,FD-031,public,2026-01-09,commercial,91.0,False
MT302894,FD-003,commercial,,domestic-low,12.3,False
MT301969,FD-013,public,,industrial,,True
MT303568,FD-004,residential,,commercial,122.4,False
MT300301,FD-004,residential,,domestic-low,86.3,True
MT310748,FD-018,commercial,,domestic-standard,209.9,False
MT300339,FD-006,residential,,domestic-low,174.7,True
MT308122,FD-009,commercial,,domestic-low,,True
MT300136,FD-037,residential,,commercial,,False
MT300017,FD-003,residential,,domestic-low,146.3,False
MT304578,FD-012,industrial,,social,153.8,False
MT301288,FD-010,residential,,domestic-low,,False
MT307677,FD-001,industrial,,domestic-standard,49.2,True
MT303739,FD-010,public,,commercial,34.1,True
MT301792,FD-034,industrial,,domestic-standard,,True
MT307377,FD-030,residential,,industrial,25.6,True
MT304392,FD-024,commercial,,industrial,,True
MT302742,FD-016,residential,2023-11-03,social,166.4,False
MT306777,FD-026,residential,2025-03-22,industrial,76.8,False
MT306200,FD-006,industrial,,commercial,204.7,True
MT308680,FD-010,industrial,,domestic-low,,True
MT310801,FD-012,public,,commercial,147.9,False
MT303927,FD-014,public,,domestic-low,46.6,True
MT307874,FD-005,industrial,,industrial,79.7,False
MT307948,FD-001,commercial,,social,,True
MT308578,FD-027,commercial,,domestic-standard,228.6,True
MT304924,FD-031,residential,2020-04-27,domestic-low,138.3,True
MT305528,FD-032,residential,2021-05-04,domestic-low,162.4,False
MT302447,FD-009,residential,,domestic-standard,122.9,False
MT302594,FD-037,public,,domestic-standard,51.3,False
MT310567,FD-032,commercial,,industrial,,False
MT308548,FD-035,commercial,,social,33.0,False
MT309891,FD-001,residential,,domestic-standard,102.4,False
MT306576,FD-036,residential,,domestic-low,144.6,False
MT303489,FD-032,public,,commercial,24.3,False
MT302604,FD-020,commercial,,domestic-standard,74.1,False
MT306865,FD-037,industrial,,commercial,40.5,True
MT302973,FD-023,commercial,,domestic-low,222.4,False
MT300305,FD-009,commercial,,industrial,,False
MT308073,FD-004,residential,,domestic-standard,73.2,False
MT303553,FD-030,industrial,,domestic-low,,True
MT309815,FD-028,residential,,domestic-low,52.2,False
MT305908,FD-024,industrial,2025-08-26,domestic-standard,,False
MT306679,FD-024,residential,,industrial,,True
MT303163,FD-003,industrial,2025-05-02,industrial,237.6,True
MT307514,FD-004,residential,,domestic-standard,,False
MT300143,FD-034,industrial,,domestic-standard,131.5,False
MT306716,FD-035,public,,domestic-low,,True
MT304451,FD-036,public,,domestic-standard,60.3,True
MT301410,FD-032,industrial,,industrial,,True
MT302015,FD-031,commercial,,domestic-low,98.4,False
MT306792,FD-007,commercial,,social,,False
MT310225,FD-024,public,2025-10-11,domestic-standard,136.8,True
MT310422,FD-023,residential,,domestic-low,25.5,True
MT304087,FD-009,commercial,,social,100.5,False
MT310647,FD-033,public,,industrial,,True
MT304972,FD-031,residential,2026-05-09,commercial,81.8,False
MT310696,FD-037,industrial,2026-02-25,domestic-low,103.4,True
MT300883,FD-036,residential,2023-03-21,domestic-low,,True
MT307144,FD-011,residential,,industrial,,True
MT301298,FD-016,industrial,,domestic-low,,True
MT304059,FD-036,residential,,domestic-low,,False
MT309366,FD-023,commercial,,domestic-standard,55.0,True
MT303335,FD-013,commercial,,domestic-standard,,False
MT305519,FD-037,residential,,domestic-low,58.6,False
MT306291,FD-026,industrial,,industrial,,False
MT301860,FD-029,residential,,commercial,41.9,False
MT306077,FD-028,commercial,,domestic-low,147.2,False
MT303665,FD-024,public,,social,74.8,True
MT310302,FD-016,residential,,domestic-low,8.8,True
MT303095,FD-016,residential,,domestic-low,148.8,True
MT304687,FD-021,public,,domestic-low,82.5,True
MT302302,FD-005,industrial,,domestic-standard,106.3,False
MT304226,FD-002,industrial,,domestic-standard,,True
MT301758,FD-024,residential,,industrial,194.5,True
MT309620,FD-004,residential,,domestic-standard,97.7,False
MT306252,FD-027,commercial,,industrial,,True
MT306634,FD-011,residential,,domestic-standard,,True
MT300702,FD-035,industrial,,industrial,36.6,True
MT300976,FD-024,residential,,domestic-low,117.8,True
MT301165,FD-023,residential,,industrial,,False
MT301290,FD-020,residential,,industrial,77.7,True
MT301603,FD-036,public,,commercial,,False
MT307329,FD-001,residential,2022-02-19,industrial,,True
MT304191,FD-031,residential,2019-04-17,commercial,73.7,False
MT302799,FD-036,public,,commercial,47.9,True
MT310826,FD-009,industrial,,domestic-low,199.6,True
MT300380,FD-024,public,2025-06-19,domestic-low,122.5,False
MT300149,FD-017,public,,commercial,111.9,True
MT310132,FD-032,residential,,domestic-low,39.2,False
MT300768,FD-011,industrial,2020-02-22,social,,False
MT304734,FD-028,residential,,commercial,112.3,False
MT300048,FD-012,commercial,,domestic-standard,104.9,True
MT308550,FD-001,residential,,domestic-low,,False
MT300969,FD-021,industrial,,domestic-low,90.4,True
MT305242,FD-036,commercial,,industrial,74.8,True
MT303309,FD-005,residential,,domestic-low,,True
MT301588,FD-030,industrial,,commercial,294.1,False
MT303638,FD-017,public,,industrial,119.0,True
MT306754,FD-029,industrial,,domestic-low,181.9,False
MT304833,FD-017,residential,,domestic-low,70.8,False
MT301433,FD-003,industrial,,domestic-low,124.7,False
MT306138,FD-025,residential,,commercial,,False
MT308622,FD-001,residential,,domestic-standard,161.2,True
MT306974,FD-029,industrial,,domestic-standard,80.4,False
MT304490,FD-006,residential,,industrial,77.0,True
MT309319,FD-034,industrial,,domestic-standard,,False
MT303476,FD-027,public,,domestic-low,,True
MT306414,FD-032,residential,,domestic-low,211.7,True
MT310569,FD-010,residential,,domestic-low,,True
MT308103,FD-023,residential,,domestic-low,,True
MT309093,FD-022,residential,,industrial,109.8,True
MT306340,FD-037,commercial,,industrial,69.9,True
MT301604,FD-010,residential,,domestic-standard,148.0,False
MT307215,FD-030,residential,,commercial,90.1,False
MT306966,FD-030,residential,,commercial,264.3,True
MT302101,FD-007,residential,,domestic-low,13.0,True
MT302601,FD-013,residential,,social,43.1,False
MT301318,FD-030,residential,,social,117.7,True
MT309972,FD-021,commercial,,domestic-standard,,True
MT306507,FD-034,residential,2023-06-10,domestic-standard,11.9,True
MT302668,FD-029,public,,industrial,222.2,False
MT300366,FD-037,residential,,domestic-standard,73.9,False
MT301029,FD-033,commercial,,domestic-low,,True
MT300912,FD-031,public,,social,141.3,True
MT302893,FD-021,residential,,domestic-low,177.5,False
MT307135,FD-018,residential,,domestic-standard,,False
MT303074,FD-017,residential,2019-12-29,industrial,,True
MT300868,FD-013,residential,,domestic-low,72.6,True
MT306422,FD-026,residential,,domestic-low,16.5,False
MT308141,FD-015,residential,,industrial,12.2,True
MT306392,FD-004,residential,,commercial,,True
MT301908,FD-035,residential,,industrial,,True
MT309027,FD-005,residential,,domestic-standard,,False
MT303605,FD-017,residential,,commercial,,True
MT307040,FD-017,residential,2022-01-27,domestic-low,113.9,True
MT306480,FD-010,residential,2024-10-18,commercial,108.4,False
MT305849,FD-005,residential,,domestic-low,167.4,False
MT301966,FD-007,residential,,domestic-standard,66.9,True
MT310783,FD-006,industrial,2025-02-23,social,,True
MT310853,FD-005,industrial,,social,,False
MT305568,FD-018,residential,,domestic-low,,True
MT309855,FD-027,residential,2025-03-21,domestic-low,128.5,True
MT303785,FD-036,residential,,domestic-low,139.6,False
MT301632,FD-033,public,,social,132.6,True
MT310332,FD-020,residential,,domestic-standard,,False
MT308209,FD-009,public,,domestic-standard,177.9,False
MT310210,FD-020,industrial,,domestic-standard,21.5,False
MT306074,FD-023,industrial,,domestic-low,,False
MT309296,FD-031,public,,social,113.9,True
MT302770,FD-007,industrial,,commercial,115.2,True
MT305807,FD-010,residential,,social,,True
MT307088,FD-037,residential,,social,200.9,True
MT301393,FD-036,public,,domestic-low,68.5,True
MT300949,FD-021,industrial,2024-06-27,commercial,94.4,True
MT303117,FD-021,residential,,industrial,70.8,True
MT302546,FD-004,commercial,,domestic-standard,27.8,False
MT307434,FD-029,residential,,commercial,44.5,False
MT309051,FD-011,public,,domestic-low,12.2,False
MT305877,FD-032,industrial,,social,,False
MT304856,FD-034,commercial,,domestic-low,,False
MT301504,FD-029,public,,domestic-low,58.1,False
MT307865,FD-015,industrial,,domestic-low,,True
MT309332,FD-034,public,,domestic-low,10.6,False
MT304775,FD-024,residential,2019-12-19,industrial,106.9,False
MT302068,FD-023,public,,domestic-standard,119.9,False
MT308011,FD-005,commercial,,industrial,,True
MT302204,FD-003,public,,domestic-low,38.1,True
MT306904,FD-019,public,2021-12-07,commercial,,True
MT307454,FD-013,residential,,industrial,133.6,False
MT308807,FD-020,commercial,,domestic-low,,True
MT305005,FD-009,residential,,domestic-low,107.3,False
MT302724,FD-013,residential,,domestic-low,31.4,True
MT304084,FD-008,residential,,commercial,34.2,True
MT305040,FD-033,commercial,,commercial,,True
MT300583,FD-032,residential,,domestic-standard,,True
MT308851,FD-009,residential,,industrial,,False
MT306566,FD-015,residential,2020-04-11,social,,True
MT309479,FD-019,commercial,,industrial,77.9,True
MT309804,FD-001,commercial,,domestic-standard,42.9,False
MT306085,FD-006,public,,commercial,17.6,False
MT301314,FD-032,residential,2023-04-10,domestic-low,78.0,True
MT300567,FD-005,residential,,social,,True
MT310047,FD-017,commercial,,commercial,110.7,True
MT303805,FD-015,commercial,,domestic-low,40.0,True
MT304236,FD-022,residential,,domestic-low,57.8,False
MT307499,FD-035,industrial,,domestic-low,,True
MT309609,FD-023,residential,,commercial,119.9,True
MT309853,FD-022,public,,domestic-low,,False
MT305380,FD-037,residential,,domestic-low,,False
MT310274,FD-001,residential,,social,242.1,True
MT301558,FD-019,residential,,commercial,140.6,True
MT301232,FD-009,industrial,,social,50.0,False
MT305691,FD-005,residential,2020-04-16,industrial,32.1,False
MT310781,FD-025,public,,domestic-low,95.7,True
MT307658,FD-019,industrial,,commercial,,True
MT304394,FD-020,residential,,industrial,171.4,False
MT308912,FD-004,residential,,commercial,102.7,False
MT303381,FD-018,residential,,domestic-low,41.6,True
MT305025,FD-001,industrial,,domestic-low,266.1,True
MT308529,FD-008,industrial,,industrial,,False
MT300820,FD-011,public,,commercial,107.6,True
MT308083,FD-024,commercial,,domestic-low,116.0,False
MT301635,FD-025,residential,,industrial,110.1,False
MT300923,FD-032,residential,,domestic-low,108.5,False
MT303160,FD-031,residential,,domestic-standard,,True
MT305131,FD-021,public,,social,157.2,False
MT310989,FD-015,residential,,commercial,163.2,False
MT304852,FD-001,industrial,,domestic-low,157.6,False
MT302989,FD-014,public,,domestic-standard,96.8,False
MT309264,FD-012,public,,commercial,256.9,True
MT306418,FD-029,residential,,social,,False
MT306116,FD-011,residential,,domestic-low,,True
MT300196,FD-010,industrial,,industrial,148.2,False
MT307239,FD-013,public,,commercial,82.6,False
MT303964,FD-032,public,,domestic-low,,False
MT309440,FD-029,commercial,,domestic-standard,45.2,True
MT301998,FD-002,industrial,,social,127.2,False
MT307449,FD-007,industrial,,commercial,,True
MT300672,FD-010,residential,,domestic-standard,192.0,False
MT305667,FD-003,commercial,,domestic-standard,28.4,False
MT307369,FD-010,residential,2023-10-20,industrial,46.4,False
MT309144,FD-018,commercial,,industrial,,True
MT301283,FD-016,residential,,commercial,10.3,False
MT301030,FD-003,residential,,commercial,,False
MT308437,FD-031,commercial,,domestic-low,22.3,True
MT300643,FD-020,industrial,,domestic-low,14.7,False
MT301708,FD-002,industrial,2022-09-08,domestic-standard,,True
MT307938,FD-037,residential,,industrial,164.8,True
MT305171,FD-009,residential,,domestic-standard,20.7,True
MT305486,FD-021,residential,,commercial,224.1,True
MT304252,FD-034,commercial,,domestic-low,40.7,False
MT304807,FD-031,industrial,,domestic-low,,False
MT306510,FD-004,commercial,,commercial,110.0,True
MT301786,FD-012,residential,,domestic-low,25.1,True
MT303552,FD-020,residential,2023-12-22,domestic-low,212.3,True
MT305252,FD-017,industrial,,commercial,191.0,True
MT308275,FD-026,residential,,domestic-low,,True
MT304428,FD-021,residential,,domestic-low,224.5,True
MT309033,FD-016,residential,,domestic-low,172.1,True
MT303438,FD-027,public,,domestic-low,,True
MT304981,FD-032,residential,,social,231.0,True
MT302377,FD-017,public,,social,158.6,True
MT302222,FD-037,industrial,,domestic-low,,True
MT303351,FD-003,commercial,,social,,False
MT301865,FD-002,residential,,domestic-standard,66.7,False
MT309281,FD-022,residential,,social,,True
MT307192,FD-034,residential,,industrial,,False
MT302412,FD-017,commercial,,domestic-standard,95.1,False
MT303166,FD-036,industrial,,domestic-standard,76.9,True
MT301366,FD-030,industrial,2021-12-05,domestic-low,177.8,False
MT310067,FD-008,industrial,,domestic-standard,,False
MT310542,FD-022,residential,,domestic-low,22.4,True
MT307310,FD-030,commercial,,domestic-low,150.4,True
MT310951,FD-021,residential,,commercial,,False
MT302907,FD-012,residential,,domestic-standard,64.8,False
MT306494,FD-011,residential,,social,,False
MT310891,FD-027,commercial,,social,108.4,True
MT302282,FD-028,residential,,domestic-low,132.5,True
MT306358,FD-001,residential,,social,57.4,False
MT300156,FD-019,residential,,domestic-low,48.9,False
MT304391,FD-011,commercial,,commercial,145.5,False
MT301408,FD-005,residential,,domestic-low,188.0,True
MT304170,FD-032,industrial,,domestic-low,,False
MT309636,FD-012,commercial,,domestic-standard,149.5,True
MT300066,FD-002,residential,,social,,False
MT304357,FD-033,residential,,domestic-low,,True
MT302102,FD-030,industrial,,industrial,61.2,False
MT303786,FD-028,industrial,2026-03-03,industrial,,False
MT307077,FD-008,residential,,domestic-low,51.8,False
MT303868,FD-033,residential,,industrial,77.1,True
MT307186,FD-031,industrial,,domestic-low,,False
MT305538,FD-025,residential,,domestic-standard,50.8,True
MT310252,FD-030,industrial,,commercial,71.6,True
MT308983,FD-006,industrial,,commercial,119.3,True
MT303333,FD-008,commercial,,commercial,,False
MT307863,FD-021,residential,2024-02-19,domestic-low,,True
MT304763,FD-009,industrial,,domestic-low,204.6,False
MT309359,FD-008,commercial,,industrial,176.7,True
MT304369,FD-031,residential,,domestic-low,,True
MT308288,FD-013,commercial,,domestic-standard,,True
MT302818,FD-037,public,,domestic-low,52.3,False
MT302172,FD-029,public,,social,,True
MT304037,FD-004,residential,,domestic-low,47.5,False
MT305404,FD-037,public,,domestic-low,262.4,False
MT302757,FD-031,residential,,domestic-standard,139.7,True
MT310554,FD-032,public,,industrial,160.1,True
MT307646,FD-006,public,,domestic-low,,True
MT303749,FD-031,residential,,industrial,165.2,False
MT306256,FD-014,industrial,,domestic-standard,,True
MT310438,FD-035,residential,,social,,True
MT308364,FD-027,residential,,domestic-low,105.0,True
MT300521,FD-001,commercial,,industrial,151.7,False
MT301180,FD-024,industrial,,domestic-standard,144.6,True
MT302469,FD-005,residential,,domestic-low,133.8,False
MT309837,FD-012,industrial,,social,190.7,False
MT309935,FD-017,industrial,,domestic-low,262.3,True
MT308589,FD-010,commercial,,social,51.7,True
MT308314,FD-005,residential,,industrial,144.4,False
MT303841,FD-001,industrial,,social,38.7,False
MT308939,FD-017,commercial,,domestic-low,167.9,True
MT304929,FD-015,residential,,domestic-low,180.2,True
MT303616,FD-010,residential,,domestic-low,,True
MT304888,FD-024,residential,,domestic-standard,226.7,False
MT302796,FD-003,residential,,commercial,71.8,False
MT310914,FD-016,residential,,industrial,122.6,True
MT302043,FD-025,industrial,,domestic-low,95.5,False
MT302563,FD-003,residential,,industrial,,True
MT308346,FD-016,commercial,,social,13.0,True
MT301130,FD-004,public,2022-12-30,domestic-low,53.6,True
MT307682,FD-037,residential,,industrial,,True
MT304155,FD-031,residential,,domestic-low,47.8,True
MT305641,FD-023,residential,,social,134.0,False
MT305341,FD-015,public,,industrial,,False
MT310621,FD-009,residential,,domestic-low,102.8,True
MT310369,FD-025,commercial,,social,,True
MT302747,FD-037,commercial,,industrial,188.7,False
MT306187,FD-026,residential,,domestic-low,,True
MT300903,FD-035,industrial,,industrial,67.1,True
MT306083,FD-032,residential,,commercial,14.9,True
MT309528,FD-004,public,,commercial,79.4,False
MT300695,FD-020,residential,,domestic-low,,True
MT305688,FD-016,residential,,domestic-low,,False
MT301703,FD-008,residential,,industrial,44.2,True
MT303478,FD-033,public,,domestic-standard,216.9,False
MT308053,FD-003,commercial,,domestic-standard,41.9,False
MT309369,FD-006,commercial,,social,203.6,True
MT301576,FD-032,industrial,,domestic-standard,34.5,True
MT301198,FD-004,residential,2022-10-17,social,38.7,True
MT310890,FD-024,residential,,domestic-standard,45.3,False
MT301221,FD-009,residential,,social,118.2,False
MT305573,FD-022,industrial,,domestic-low,59.9,False
MT306332,FD-012,residential,,social,92.6,False
MT305542,FD-035,commercial,,industrial,,False
MT310777,FD-009,public,,domestic-standard,23.5,True
MT304431,FD-014,residential,,domestic-low,,True
MT307706,FD-020,residential,,domestic-low,40.3,False
MT301566,FD-018,residential,,domestic-low,,True
MT308682,FD-035,residential,,domestic-low,,False
MT306681,FD-007,commercial,,domestic-low,187.4,True
MT310819,FD-008,commercial,,industrial,100.6,True
MT309114,FD-031,residential,,domestic-low,,False
MT303246,FD-023,residential,2024-10-23,industrial,,True
MT309386,FD-027,commercial,,domestic-standard,20.3,False
MT302504,FD-024,residential,,commercial,,False
MT300074,FD-008,commercial,,commercial,,True
MT303504,FD-031,industrial,2022-08-28,industrial,192.7,False
MT303027,FD-022,commercial,,social,146.9,False
MT308950,FD-037,commercial,,industrial,,True
MT308932,FD-022,residential,,domestic-low,,True
MT301076,FD-025,industrial,,commercial,,True
MT309940,FD-028,residential,,industrial,,True
MT310333,FD-025,industrial,2021-03-16,industrial,263.7,True
MT305073,FD-012,industrial,,industrial,51.8,False
MT306893,FD-024,residential,,domestic-standard,83.4,True
MT300946,FD-003,public,,domestic-standard,,False
MT310765,FD-035,residential,,domestic-standard,106.7,True
MT306101,FD-006,public,,domestic-low,61.2,True
MT306382,FD-009,residential,2021-08-30,domestic-low,51.1,True
MT302559,FD-027,commercial,2022-05-03,commercial,14.4,True
MT300918,FD-034,industrial,,social,42.0,True
MT308580,FD-025,residential,,social,73.0,True
MT303362,FD-024,industrial,,commercial,,False
MT307743,FD-033,public,,industrial,,True
MT304441,FD-020,residential,,domestic-low,72.6,False
MT302648,FD-014,public,,social,266.3,True
MT304882,FD-030,residential,,social,,True
MT302934,FD-009,residential,2022-10-06,social,131.2,False
MT308564,FD-034,public,,domestic-low,25.8,True
MT301209,FD-001,residential,,industrial,,True
MT301591,FD-007,residential,,domestic-low,115.1,True
MT310021,FD-011,residential,,industrial,115.8,False
MT310337,FD-028,residential,2022-04-19,industrial,154.2,False
MT310143,FD-026,public,,domestic-low,182.5,True
MT305364,FD-017,industrial,,commercial,82.5,True
MT303168,FD-009,residential,,social,115.1,False
MT301713,FD-029,public,,industrial,,False
MT300045,FD-036,public,,industrial,56.2,False
MT307461,FD-027,industrial,,domestic-low,107.4,True
MT302409,FD-036,residential,2025-11-16,industrial,31.2,False
MT305874,FD-016,industrial,,industrial,,False
MT304442,FD-005,residential,,domestic-standard,,False
MT300773,FD-021,public,,domestic-low,46.4,True
MT309430,FD-011,residential,,commercial,13.9,True
MT302977,FD-030,commercial,,social,,True
MT306687,FD-015,commercial,2019-11-12,industrial,51.6,True
MT303937,FD-014,residential,,domestic-standard,61.8,True
MT308840,FD-010,commercial,,industrial,16.4,True
MT300566,FD-009,residential,,domestic-low,122.9,True
MT310069,FD-002,residential,,industrial,95.8,True
MT304545,FD-022,residential,,commercial,,True
MT305650,FD-035,industrial,,industrial,,True
MT307630,FD-006,industrial,,domestic-standard,,True
MT310699,FD-034,residential,,domestic-standard,117.2,True
MT303997,FD-004,public,,social,28.8,True
MT302118,FD-035,residential,,domestic-standard,,True
MT301986,FD-037,commercial,,domestic-standard,31.8,True
MT306578,FD-009,public,,commercial,47.7,False
MT308993,FD-021,industrial,,domestic-low,,False
MT307760,FD-023,commercial,,commercial,83.1,True
MT307905,FD-032,commercial,2019-05-23,social,187.3,False
MT305996,FD-019,residential,,domestic-standard,147.0,False
MT306933,FD-005,residential,,domestic-low,,True
MT308787,FD-005,commercial,2025-04-27,domestic-low,225.6,False
MT309942,FD-036,residential,,industrial,112.7,True
MT301890,FD-030,residential,,industrial,52.4,False
MT306977,FD-023,public,2021-03-31,domestic-low,12.1,True
MT307174,FD-037,residential,,domestic-low,111.8,False
MT304119,FD-029,public,,domestic-low,,False
MT307041,FD-033,industrial,,industrial,29.0,False
MT300043,FD-031,industrial,,industrial,56.6,True
MT300376,FD-031,commercial,2019-01-20,domestic-low,57.8,False
MT305180,FD-028,residential,,domestic-standard,193.8,False
MT306901,FD-022,residential,,social,138.7,True
MT302836,FD-016,industrial,,commercial,48.4,False
MT309953,FD-006,residential,,industrial,73.5,True
MT306552,FD-013,industrial,,domestic-standard,87.9,True
MT308273,FD-010,industrial,,domestic-low,29.0,False
MT302815,FD-016,residential,,domestic-low,98.2,True
MT301547,FD-027,commercial,,domestic-low,,False
MT310606,FD-010,residential,,industrial,86.2,False
MT309997,FD-016,commercial,,domestic-standard,76.1,False
MT302718,FD-006,residential,,industrial,31.1,True
MT302505,FD-010,public,,commercial,11.4,True
MT304311,FD-012,industrial,,commercial,,False
MT307500,FD-009,residential,,social,,True
MT308926,FD-029,residential,,domestic-low,57.2,True
MT307771,FD-013,public,,commercial,192.4,False
MT307326,FD-036,public,,domestic-low,100.6,False
MT303523,FD-011,residential,,domestic-low,75.3,True
MT307973,FD-034,public,,domestic-standard,,True
MT305998,FD-017,residential,,domestic-low,157.8,False
MT302501,FD-020,residential,2019-12-22,industrial,137.1,False
MT306973,FD-024,commercial,2023-02-06,social,,False
MT305951,FD-034,commercial,,domestic-low,,False
MT310574,FD-021,commercial,,domestic-low,,True
MT302189,FD-004,residential,,domestic-standard,68.2,True
MT302435,FD-030,industrial,,domestic-low,116.8,True
MT300762,FD-033,residential,,domestic-low,106.9,True
MT310825,FD-008,public,2025-08-31,domestic-standard,101.6,True
MT300109,FD-015,residential,,domestic-low,107.2,True
MT303324,FD-002,residential,,domestic-standard,,False
MT301897,FD-017,residential,,industrial,,True
MT308290,FD-007,residential,,domestic-low,,True
MT309481,FD-036,residential,,industrial,90.2,False
MT305700,FD-005,public,,domestic-low,37.8,True
MT310397,FD-026,residential,,domestic-low,123.8,False
MT304648,FD-024,residential,2019-08-24,social,,False
MT305893,FD-024,residential,,domestic-low,,False
MT301037,FD-011,industrial,,industrial,145.6,True
MT310656,FD-014,residential,,social,,False
MT308278,FD-033,residential,,domestic-standard,249.7,False
MT300858,FD-007,residential,,commercial,16.2,True
MT301464,FD-034,commercial,,domestic-low,126.4,True
MT303192,FD-013,residential,,commercial,,True
MT304544,FD-005,public,,domestic-low,,False
MT303020,FD-011,residential,,social,138.7,True
MT309757,FD-020,public,,domestic-low,99.5,False
MT310043,FD-019,residential,,domestic-low,177.8,False
MT309990,FD-021,residential,,domestic-low,293.5,False
MT310392,FD-031,public,,commercial,68.7,True
MT304864,FD-030,commercial,,social,170.6,True
MT302342,FD-033,residential,,social,132.2,False
MT305008,FD-024,residential,,industrial,134.9,True
MT307628,FD-018,residential,2021-08-19,social,129.3,True
MT301062,FD-026,commercial,,commercial,86.1,False
MT301797,FD-024,residential,,social,,True
MT310480,FD-002,industrial,2022-03-10,domestic-standard,,False
MT309059,FD-006,industrial,,commercial,92.5,True
MT310857,FD-036,public,,industrial,98.6,False
MT307784,FD-020,public,,social,26.1,True
MT307686,FD-031,residential,,domestic-low,,False
MT304761,FD-016,residential,,domestic-low,,False
MT301579,FD-003,industrial,,domestic-low,23.5,True
MT305514,FD-004,residential,2025-09-16,domestic-low,19.5,False
MT305614,FD-019,public,,domestic-low,244.0,True
MT308135,FD-022,residential,,domestic-low,195.3,True
MT309401,FD-025,industrial,2025-08-20,domestic-standard,,False
MT307091,FD-003,industrial,,commercial,,False
MT310769,FD-012,residential,,domestic-low,79.8,False
MT306595,FD-004,residential,,commercial,82.9,False
MT307721,FD-031,commercial,,domestic-low,30.0,True
MT308325,FD-015,residential,,domestic-standard,108.8,True
MT300534,FD-013,residential,,domestic-standard,34.2,False
MT300998,FD-031,residential,,domestic-low,62.8,True
MT307558,FD-012,residential,2023-11-28,domestic-low,,False
MT305481,FD-018,residential,,industrial,37.7,True
MT300714,FD-036,commercial,,domestic-standard,178.5,False
MT302862,FD-009,industrial,,industrial,184.2,True
MT301485,FD-021,commercial,,domestic-low,156.0,False
MT307822,FD-015,commercial,,domestic-standard,,True
MT304448,FD-009,residential,,domestic-low,86.6,True
MT300287,FD-032,industrial,,commercial,30.9,False
MT304376,FD-032,residential,,domestic-low,162.8,True
MT310684,FD-029,residential,,domestic-standard,128.7,False
MT309873,FD-016,public,,domestic-low,,False
MT309069,FD-036,public,,social,,True
MT304577,FD-010,public,,industrial,107.2,False
MT304489,FD-036,residential,,social,124.2,False
MT305245,FD-008,public,,domestic-low,,True
MT310052,FD-027,residential,,domestic-low,,True
MT305385,FD-025,residential,,industrial,,False
MT308673,FD-011,public,,social,43.4,True
MT305880,FD-027,commercial,,commercial,,True
MT310640,FD-024,residential,,domestic-standard,,True
MT301594,FD-014,residential,,domestic-low,43.3,False
MT302709,FD-037,public,,domestic-standard,,False
MT306468,FD-025,public,2023-05-05,industrial,,True
MT300856,FD-014,residential,,commercial,21.5,False
MT305049,FD-004,public,2024-09-24,domestic-standard,,True
MT302200,FD-014,public,,social,,False
MT300763,FD-026,commercial,,industrial,,False
MT304169,FD-036,commercial,,domestic-standard,72.7,False
MT303690,FD-022,residential,,domestic-low,93.4,False
MT310518,FD-027,residential,,domestic-low,35.6,True
MT305054,FD-024,industrial,,domestic-low,200.1,False
MT306615,FD-037,residential,,commercial,,True
MT304711,FD-014,commercial,,commercial,,True
MT306692,FD-031,residential,,domestic-low,,False
MT303664,FD-012,residential,2019-01-04,domestic-standard,53.7,True
MT303071,FD-012,residential,,domestic-standard,203.3,True
MT306694,FD-003,industrial,,domestic-standard,176.6,True
MT307132,FD-035,public,,domestic-low,,True
MT306219,FD-013,public,,social,45.4,True
MT307207,FD-029,industrial,,social,,False
MT305455,FD-033,residential,,domestic-low,,False
MT301356,FD-021,residential,,domestic-standard,,True
MT303236,FD-018,residential,,domestic-standard,104.9,False
MT304907,FD-025,commercial,,domestic-standard,117.5,True
MT302683,FD-016,residential,,domestic-low,50.8,True
MT307835,FD-020,commercial,,commercial,,False
MT309628,FD-014,residential,2022-06-19,social,,True
MT305750,FD-006,residential,,industrial,10.0,True
MT309629,FD-017,commercial,,domestic-low,82.0,False
MT306894,FD-037,residential,,commercial,36.4,False
MT301737,FD-021,commercial,,industrial,83.8,True
MT308860,FD-037,public,,commercial,,True
MT304309,FD-014,public,,domestic-low,,False
MT300127,FD-034,public,,industrial,272.0,False
MT305855,FD-019,residential,,commercial,142.2,False
MT303101,FD-026,commercial,,domestic-standard,231.9,True
MT304990,FD-013,residential,,domestic-standard,27.1,False
MT310730,FD-017,residential,,commercial,55.4,True
MT302356,FD-031,commercial,,domestic-low,,False
MT303424,FD-015,public,,domestic-standard,158.6,False
MT302670,FD-022,residential,,commercial,267.1,True
MT305456,FD-029,commercial,,commercial,41.1,False
MT304691,FD-026,residential,2021-12-25,industrial,,False
MT304614,FD-030,industrial,,domestic-standard,99.6,False
MT301850,FD-035,public,,social,147.9,False
MT301526,FD-035,residential,,domestic-low,274.6,True
MT305720,FD-011,industrial,,domestic-low,158.6,False
MT309864,FD-037,residential,,domestic-low,14.9,True
MT308026,FD-001,residential,,domestic-standard,211.6,True
MT307907,FD-029,commercial,,industrial,,False
MT305952,FD-004,residential,,domestic-low,,False
MT300039,FD-035,residential,,social,103.6,True
MT306034,FD-007,commercial,,industrial,,False
MT305624,FD-005,industrial,,social,246.0,True
MT301987,FD-019,residential,,domestic-standard,,False
MT308628,FD-002,public,,social,109.0,False
MT308110,FD-027,residential,,domestic-low,188.8,True
MT307616,FD-019,residential,,social,,True
MT302630,FD-019,residential,,domestic-standard,,True
MT309745,FD-005,public,,domestic-standard,70.0,True
MT301772,FD-022,public,,social,107.7,True
MT310339,FD-002,residential,,industrial,51.0,False
MT310546,FD-022,residential,,commercial,214.4,True
MT310573,FD-024,residential,,domestic-standard,125.9,True
MT303788,FD-028,residential,,domestic-low,,True
MT303352,FD-028,residential,,social,26.2,False
MT309417,FD-030,residential,,social,,False
MT306066,FD-024,public,,social,,True
MT306643,FD-035,residential,,domestic-low,,False
MT304736,FD-005,industrial,,domestic-standard,,True
MT310130,FD-033,commercial,,domestic-low,97.1,False
MT301901,FD-002,residential,,social,224.2,True
MT307092,FD-020,industrial,2020-04-21,industrial,88.2,True
MT305135,FD-027,public,,domestic-low,,True
MT307731,FD-015,residential,,domestic-standard,,True
MT301647,FD-034,residential,,domestic-low,41.5,False
MT304166,FD-034,industrial,2022-04-20,commercial,202.8,False
MT304008,FD-001,residential,,commercial,,True
MT302114,FD-017,commercial,,domestic-low,40.2,True
MT310356,FD-002,public,2020-05-21,domestic-standard,98.9,False
MT301111,FD-023,public,,domestic-low,,True
MT309734,FD-023,residential,2025-09-10,industrial,36.6,True
MT300260,FD-011,commercial,,industrial,104.1,False
MT304434,FD-025,residential,,domestic-low,134.1,False
MT303572,FD-001,residential,,domestic-low,154.9,True
MT301390,FD-014,residential,,domestic-standard,,False
MT306690,FD-026,public,,industrial,166.2,False
MT309283,FD-024,residential,,domestic-low,80.3,False
MT303360,FD-033,industrial,,domestic-low,137.1,True
MT300686,FD-012,residential,,social,107.4,False
MT308566,FD-008,residential,,domestic-low,145.8,False
MT302060,FD-033,commercial,,commercial,72.9,False
MT309661,FD-008,industrial,,domestic-low,164.2,True
MT300609,FD-027,industrial,,industrial,105.4,False
MT301415,FD-034,residential,2021-06-19,social,147.3,False
MT307517,FD-022,residential,,industrial,221.3,True
MT309655,FD-011,public,,industrial,71.3,False
MT306625,FD-033,residential,,social,204.5,True
MT307344,FD-018,residential,,domestic-standard,68.7,True
MT301287,FD-026,public,,industrial,71.0,False
MT303471,FD-028,commercial,2022-07-10,domestic-standard,25.3,True
MT305791,FD-020,public,,social,88.5,False
MT305029,FD-035,industrial,,commercial,43.7,True
MT305191,FD-019,residential,,industrial,195.7,True
MT303187,FD-010,industrial,,domestic-low,,False
MT306197,FD-035,commercial,,industrial,158.8,True
MT306030,FD-002,residential,,industrial,,True
MT300398,FD-001,commercial,,domestic-low,62.0,True
MT306475,FD-026,residential,,domestic-low,85.2,False
MT309756,FD-015,industrial,,domestic-low,,True
MT305964,FD-004,commercial,,domestic-low,33.5,True
MT303113,FD-002,public,2019-10-11,social,,False
MT310242,FD-031,commercial,,commercial,,True
MT305265,FD-034,commercial,,domestic-standard,12.6,False
MT304383,FD-024,residential,,domestic-standard,113.1,True
MT306319,FD-010,public,,industrial,72.7,False
MT307727,FD-015,residential,,social,92.9,False
MT309279,FD-005,residential,,domestic-low,160.4,True
MT308639,FD-020,residential,,domestic-standard,,True
MT306202,FD-033,residential,,commercial,34.5,True
MT304118,FD-010,residential,,domestic-low,132.5,True
MT308492,FD-034,residential,,industrial,,False
MT308386,FD-032,commercial,,commercial,198.2,False
MT308406,FD-023,public,,domestic-low,96.5,False
MT302232,FD-031,industrial,2023-07-08,domestic-standard,158.2,True
MT307348,FD-001,residential,,social,,False
MT303249,FD-026,public,,domestic-low,125.5,True
MT300713,FD-021,residential,,domestic-standard,120.8,False
MT302123,FD-032,residential,,social,,False
MT304436,FD-035,residential,2024-05-30,industrial,224.8,True
MT307506,FD-006,residential,,social,175.4,False
MT306225,FD-030,industrial,,social,44.0,False
MT309530,FD-011,residential,,domestic-standard,64.4,False
MT306628,FD-007,commercial,,domestic-standard,191.5,False
MT309138,FD-035,industrial,,domestic-low,21.7,True
MT307111,FD-008,public,,domestic-standard,240.5,True
MT308605,FD-036,industrial,,domestic-standard,62.5,False
MT309610,FD-033,residential,,social,85.6,False
MT309261,FD-026,residential,,social,,False
MT304313,FD-035,residential,,domestic-low,76.5,False
MT302250,FD-013,residential,,commercial,64.1,True
MT305584,FD-033,residential,,domestic-low,87.9,True
MT301622,FD-007,commercial,,commercial,85.1,True
MT310497,FD-012,residential,,domestic-standard,,False
MT306301,FD-017,public,,domestic-low,,True
MT309540,FD-036,residential,,commercial,84.0,False
MT309373,FD-007,residential,,industrial,68.8,False
MT309878,FD-030,residential,,commercial,,True
MT300501,FD-007,industrial,2019-02-06,domestic-low,109.6,True
MT308921,FD-012,commercial,,domestic-low,98.9,False
MT309497,FD-002,industrial,,domestic-low,,True
MT303222,FD-016,residential,2021-08-06,social,134.4,True
MT303392,FD-032,public,,domestic-standard,,False
MT302082,FD-034,residential,,social,34.2,True
MT302225,FD-028,residential,,industrial,167.0,False
MT302780,FD-021,residential,,commercial,,False
MT306272,FD-037,industrial,,industrial,131.2,True
MT307335,FD-018,commercial,,industrial,129.3,False
MT305577,FD-007,residential,,social,13.4,False
MT305639,FD-005,residential,,domestic-low,115.1,True
MT300623,FD-029,public,,domestic-low,112.8,True
MT303404,FD-035,residential,,domestic-low,,True
MT309889,FD-030,industrial,,domestic-standard,219.6,True
MT309993,FD-002,residential,,commercial,71.5,False
MT301948,FD-025,commercial,,commercial,,False
MT309662,FD-013,residential,,social,,False
MT300917,FD-019,residential,,domestic-low,156.9,False
MT308888,FD-018,public,2021-06-24,domestic-low,156.6,False
MT302048,FD-016,commercial,,social,,True
MT308805,FD-035,public,,domestic-low,25.8,True
MT310024,FD-013,residential,,domestic-low,117.8,True
MT307355,FD-028,residential,,commercial,46.7,False
MT309288,FD-026,residential,,industrial,,False
MT302215,FD-031,commercial,,domestic-low,41.0,True
MT309295,FD-035,residential,,domestic-standard,71.0,False
MT309423,FD-034,industrial,,domestic-standard,,False
MT301806,FD-018,residential,2019-03-19,domestic-low,,False
MT310226,FD-015,public,,domestic-standard,,True
MT305992,FD-004,residential,,social,134.0,True
MT301229,FD-022,commercial,,domestic-low,210.1,True
MT307751,FD-013,residential,,industrial,162.8,False
MT306964,FD-005,public,,commercial,39.0,True
MT302734,FD-037,residential,2019-05-23,industrial,156.8,True
MT303949,FD-004,residential,,domestic-low,,False
MT308279,FD-013,residential,,domestic-standard,,False
MT306115,FD-022,residential,,domestic-standard,,False
MT302795,FD-027,public,,industrial,203.1,False
MT307839,FD-003,residential,,domestic-standard,,False
MT307703,FD-011,public,,domestic-low,74.0,True
MT303099,FD-029,commercial,,domestic-low,,True
MT305227,FD-003,residential,,domestic-low,64.9,False
MT307217,FD-019,commercial,,domestic-low,,True
MT304499,FD-012,residential,,industrial,206.1,False
MT309331,FD-026,public,,social,,True
MT310089,FD-013,residential,,domestic-standard,,True
MT303930,FD-007,residential,,commercial,78.5,True
MT300558,FD-028,industrial,,industrial,,True
MT305656,FD-027,commercial,,social,155.6,True
MT303823,FD-034,residential,,industrial,,True
MT308206,FD-030,commercial,,domestic-low,104.5,False
MT308054,FD-037,industrial,,industrial,131.9,False
MT303167,FD-025,industrial,,domestic-low,155.1,False
MT305484,FD-003,commercial,,domestic-low,,True
MT308606,FD-031,residential,,industrial,,True
MT300880,FD-001,residential,,industrial,,False
MT301787,FD-021,residential,2023-04-22,commercial,69.8,False
MT309531,FD-035,public,,industrial,94.6,False
MT310552,FD-008,industrial,,commercial,,False
MT302403,FD-007,commercial,,domestic-low,178.4,False
MT305285,FD-003,public,,commercial,98.6,False
MT309303,FD-029,residential,,commercial,41.1,True
MT302471,FD-029,residential,2021-08-01,domestic-low,165.6,True
MT302474,FD-030,public,,social,186.6,False
MT306962,FD-027,public,,social,8.6,True
MT300064,FD-035,residential,,domestic-low,147.1,False
MT309811,FD-013,public,,domestic-standard,225.2,True
MT302571,FD-036,residential,,commercial,75.5,False
MT300375,FD-037,industrial,,domestic-standard,,False
MT300574,FD-001,commercial,,industrial,,True
MT305918,FD-008,commercial,2023-12-15,domestic-low,258.9,True
MT301976,FD-024,residential,,domestic-low,124.4,False
MT308534,FD-033,residential,,domestic-standard,8.5,False
MT306658,FD-033,commercial,2020-12-06,domestic-low,181.1,True
MT308873,FD-035,public,,domestic-low,122.5,False
MT309418,FD-024,residential,,domestic-low,138.4,True
MT303426,FD-019,residential,,domestic-low,,False
MT304054,FD-017,public,,domestic-low,116.4,False
MT308156,FD-005,residential,,domestic-low,26.4,False
MT307001,FD-010,residential,,domestic-standard,,True
MT307272,FD-026,residential,,domestic-low,99.8,True
MT305552,FD-019,public,,commercial,,False
MT308105,FD-027,industrial,,domestic-low,41.0,True
MT305907,FD-017,residential,2026-04-15,domestic-low,44.0,True
MT306994,FD-005,commercial,,domestic-low,,False
MT302273,FD-007,residential,,domestic-low,148.6,False
MT305661,FD-002,residential,,industrial,,True
MT302532,FD-016,public,,industrial,184.9,True
MT309442,FD-018,commercial,,commercial,20.5,False
MT308595,FD-029,residential,,industrial,36.5,False
MT309743,FD-011,residential,,domestic-standard,27.3,True
MT302072,FD-009,public,,industrial,142.1,False
MT310503,FD-022,public,,domestic-standard,132.3,False
MT306509,FD-027,residential,,domestic-low,,True
MT310135,FD-029,commercial,,industrial,26.2,True
MT300542,FD-034,residential,,domestic-standard,139.2,False
MT301416,FD-026,residential,,industrial,113.7,False
MT303845,FD-034,industrial,,domestic-low,194.6,True
MT310186,FD-003,residential,,commercial,,True
MT305989,FD-010,public,,domestic-low,,False
MT301211,FD-023,residential,,social,152.9,True
MT301661,FD-020,residential,,domestic-standard,21.0,False
MT301013,FD-003,industrial,,commercial,66.4,True
MT301672,FD-026,residential,,social,191.0,True
MT304776,FD-023,residential,,social,,False
MT308465,FD-019,residential,,industrial,144.4,False
MT308598,FD-024,residential,,domestic-standard,121.6,True
MT308419,FD-012,residential,,domestic-low,53.6,True
MT306435,FD-007,commercial,,social,118.3,True
MT309207,FD-003,industrial,,commercial,167.9,False
MT306508,FD-016,commercial,,domestic-low,89.7,False
MT308108,FD-026,residential,,commercial,,False
MT300084,FD-033,industrial,,social,,False
MT305462,FD-014,residential,2019-08-02,domestic-standard,,False
MT308106,FD-035,residential,,industrial,,True
MT301648,FD-011,commercial,,domestic-low,,False
MT310481,FD-031,residential,,domestic-low,98.3,False
MT304565,FD-006,residential,,domestic-low,107.3,False
MT303293,FD-018,industrial,,domestic-low,,False
MT307498,FD-008,industrial,,industrial,101.7,True
MT301419,FD-005,residential,2021-02-15,domestic-low,27.6,True
MT301140,FD-025,residential,,domestic-low,80.5,True
MT307836,FD-021,public,,industrial,,False
MT304016,FD-009,industrial,,domestic-standard,73.3,False
MT309772,FD-015,residential,,social,83.3,False
MT304114,FD-011,industrial,2020-10-04,industrial,102.0,True
MT306246,FD-035,industrial,,domestic-standard,,True
MT308481,FD-033,public,,domestic-low,57.4,False
MT307251,FD-031,residential,,domestic-standard,240.8,True
MT304964,FD-003,residential,,domestic-low,63.2,True
MT310032,FD-027,residential,,commercial,225.0,False
MT303966,FD-031,industrial,,domestic-low,,False
MT303072,FD-035,residential,,domestic-standard,,False
MT308180,FD-029,residential,,social,,False
MT308404,FD-030,residential,,industrial,137.1,False
MT301519,FD-009,residential,2020-09-23,domestic-low,71.4,False
MT301440,FD-034,industrial,,social,190.3,False
MT306249,FD-020,residential,,domestic-low,,True
MT308094,FD-034,commercial,,domestic-low,105.5,False
MT310219,FD-014,residential,,industrial,,False
MT302790,FD-035,commercial,,domestic-low,98.3,True
MT302451,FD-016,residential,,industrial,43.5,False
MT300413,FD-001,residential,,domestic-low,,False
MT306979,FD-013,residential,,domestic-low,37.1,False
MT307967,FD-032,residential,,domestic-standard,151.1,True
MT301278,FD-018,public,,domestic-low,128.0,False
MT302444,FD-018,residential,,social,,False
MT301428,FD-037,residential,2022-05-26,domestic-low,,True
MT308556,FD-034,public,,domestic-standard,,True
MT304631,FD-031,residential,,commercial,,False
MT308152,FD-021,commercial,,domestic-low,,True
MT303029,FD-015,residential,,commercial,81.7,True
MT305747,FD-033,industrial,,domestic-standard,126.1,False
MT310649,FD-008,commercial,,domestic-low,204.4,True
MT310617,FD-032,industrial,,commercial,100.5,True
MT310703,FD-011,commercial,,commercial,56.8,True
MT301002,FD-027,industrial,,commercial,26.7,False
MT301200,FD-025,public,,domestic-low,177.2,True
MT300717,FD-025,residential,,domestic-low,47.6,True
MT305347,FD-017,residential,,social,119.4,False
MT310648,FD-023,public,,social,,False
MT302838,FD-034,industrial,2019-05-01,domestic-low,,False
MT309456,FD-023,residential,,commercial,168.6,False
MT304812,FD-002,industrial,,commercial,,False
MT307687,FD-007,public,,social,194.0,True
MT300595,FD-037,industrial,,domestic-low,26.1,False
MT309916,FD-018,residential,,industrial,136.9,False
MT300847,FD-015,residential,,commercial,,True
MT305695,FD-004,public,2021-07-07,domestic-low,53.3,False
MT310816,FD-032,industrial,,social,,False
MT308424,FD-032,residential,,domestic-low,,False
MT307982,FD-011,residential,,domestic-low,,True
MT301675,FD-034,residential,,commercial,195.7,True
MT307255,FD-020,industrial,,domestic-low,156.3,True
MT305968,FD-015,commercial,,domestic-standard,,True
MT310655,FD-027,residential,,domestic-low,,True
MT309372,FD-003,residential,,domestic-low,101.9,True
MT309659,FD-002,residential,,domestic-low,,False
MT300236,FD-002,residential,,domestic-low,64.6,True
MT301376,FD-028,residential,,commercial,135.8,False
MT310033,FD-031,industrial,,domestic-low,,False
MT303763,FD-010,commercial,,industrial,,True
MT301736,FD-018,residential,,commercial,,False
MT306811,FD-032,public,,domestic-low,92.5,True
MT307730,FD-013,residential,,domestic-standard,,False
MT308733,FD-004,residential,,commercial,,True
MT306222,FD-025,industrial,,social,,True
MT301291,FD-015,residential,,domestic-low,113.6,True
MT305712,FD-023,public,,domestic-low,48.4,False
MT310159,FD-029,residential,2021-02-06,industrial,76.4,False
MT310963,FD-037,industrial,,commercial,84.8,True
MT304295,FD-030,industrial,,social,113.3,True
MT306806,FD-033,residential,,industrial,,False
MT300980,FD-019,commercial,,domestic-standard,236.7,True
MT309269,FD-007,industrial,,domestic-low,106.5,True
MT310470,FD-025,public,2025-04-29,social,114.9,False
MT302592,FD-035,industrial,,domestic-low,,True
MT304724,FD-019,residential,,domestic-low,220.3,False
MT307279,FD-004,commercial,,domestic-low,32.9,False
MT310685,FD-008,industrial,,domestic-standard,,True
MT307030,FD-025,industrial,,domestic-standard,60.5,True
MT307156,FD-018,commercial,,domestic-standard,41.1,True
MT302676,FD-024,commercial,,domestic-low,128.1,False
MT309706,FD-035,commercial,,social,12.2,True
MT300448,FD-030,residential,,commercial,107.8,True
MT308705,FD-015,residential,2022-06-28,domestic-low,20.6,False
MT300817,FD-022,industrial,,social,61.9,True
MT309290,FD-036,public,,domestic-low,162.9,False
MT303991,FD-010,industrial,,domestic-low,167.1,False
MT303986,FD-020,residential,2019-04-09,commercial,81.6,False
MT307634,FD-034,residential,,commercial,,False
MT305147,FD-008,public,,domestic-low,,False
MT306786,FD-009,commercial,,domestic-low,,False
MT310624,FD-031,residential,,domestic-low,,False
MT306323,FD-028,residential,,domestic-low,,True
MT308829,FD-018,residential,,commercial,56.5,True
MT302454,FD-018,residential,,commercial,117.4,True
MT310292,FD-026,residential,,domestic-standard,73.4,True
MT306055,FD-035,residential,,commercial,115.2,True
MT303342,FD-037,residential,,domestic-low,201.4,True
MT306867,FD-010,residential,,domestic-low,47.8,True
MT310962,FD-014,commercial,,commercial,83.1,True
MT300887,FD-004,residential,,domestic-standard,195.7,True
MT300723,FD-001,residential,,domestic-standard,217.2,True
MT309966,FD-013,residential,,domestic-low,140.8,False
MT300606,FD-007,industrial,,domestic-low,18.1,False
MT301323,FD-037,residential,2022-12-07,industrial,,True
MT308448,FD-025,industrial,2020-05-17,commercial,,False
MT302918,FD-021,commercial,,domestic-standard,123.5,False
MT302855,FD-014,public,2025-02-06,industrial,196.2,False
MT307158,FD-009,residential,,domestic-low,163.8,False
MT300310,FD-005,industrial,,social,18.7,False
MT308797,FD-028,residential,,industrial,182.6,False
MT300972,FD-020,residential,,social,,True
MT308504,FD-035,industrial,,commercial,117.5,False
MT300104,FD-004,residential,,commercial,77.8,False
MT303956,FD-002,public,,domestic-low,62.5,True
MT306437,FD-022,commercial,,commercial,159.3,False
MT310071,FD-013,public,,industrial,,False
MT303652,FD-032,residential,2026-03-19,industrial,168.4,True
MT308335,FD-025,commercial,2025-09-08,domestic-standard,152.0,True
MT306843,FD-006,public,,industrial,75.3,False
MT302449,FD-015,residential,,industrial,145.6,True
MT304908,FD-011,public,,domestic-standard,127.8,True
MT300117,FD-034,industrial,,industrial,262.1,False
MT303706,FD-003,residential,,social,,False
MT302866,FD-025,industrial,,domestic-standard,43.5,False
MT302930,FD-004,public,,domestic-standard,,True
MT307010,FD-032,residential,,industrial,80.9,True
MT305694,FD-011,residential,,domestic-low,42.1,True
MT305623,FD-013,commercial,,commercial,22.8,False
MT310013,FD-033,industrial,,commercial,94.0,True
MT309842,FD-004,residential,,social,134.2,False
MT310590,FD-006,public,,domestic-low,102.0,False
MT308709,FD-003,residential,,industrial,167.9,False
MT308690,FD-033,industrial,,social,187.1,False
MT310589,FD-001,residential,,domestic-low,,True
MT300718,FD-018,industrial,,domestic-low,120.8,False
MT304683,FD-014,commercial,,social,26.6,True
MT303885,FD-024,residential,,domestic-standard,128.4,False
MT301311,FD-009,residential,,industrial,,True
MT303300,FD-009,commercial,,domestic-standard,236.3,False
MT300860,FD-029,residential,,domestic-low,69.2,True
MT307679,FD-027,industrial,,domestic-low,106.3,True
MT302935,FD-010,commercial,,industrial,,False
MT309263,FD-024,public,,commercial,227.6,False
MT304216,FD-016,industrial,2025-08-21,commercial,,True
MT303420,FD-016,industrial,,industrial,,True
MT310935,FD-026,commercial,,commercial,,True
MT307347,FD-036,commercial,,domestic-low,120.6,False
MT309113,FD-034,residential,,social,77.0,True
MT309782,FD-007,residential,,domestic-low,45.2,False
MT300662,FD-004,residential,,industrial,,True
MT306362,FD-034,commercial,,commercial,,True
MT303695,FD-029,commercial,,industrial,169.9,False
MT307084,FD-012,residential,2024-08-07,social,108.6,False
MT308685,FD-009,industrial,,domestic-low,,False
MT302568,FD-004,commercial,,industrial,,False
MT303200,FD-013,commercial,,industrial,,False
MT309031,FD-017,industrial,,domestic-standard,25.6,True
MT305972,FD-002,industrial,,commercial,123.3,False
MT301036,FD-034,industrial,,commercial,70.3,True
MT306096,FD-007,residential,2023-02-05,social,104.2,True
MT304464,FD-013,public,,social,,True
MT305323,FD-010,commercial,2026-04-22,commercial,130.4,True
MT307633,FD-008,residential,2023-12-26,industrial,184.5,False
MT309057,FD-036,public,,industrial,93.3,True
MT300112,FD-016,residential,,domestic-low,58.0,True
MT306665,FD-030,industrial,,domestic-standard,,True
MT309962,FD-010,residential,,social,111.8,False
MT308694,FD-036,residential,,commercial,,True
MT308897,FD-018,residential,,social,51.1,False
MT310832,FD-005,commercial,,domestic-low,94.3,False
MT304802,FD-016,residential,2023-01-15,domestic-standard,75.8,False
MT310158,FD-027,industrial,,domestic-standard,,True
MT310254,FD-005,industrial,,domestic-standard,23.5,True
MT303139,FD-033,residential,,industrial,156.7,True
MT310794,FD-025,residential,2021-01-06,commercial,125.0,True
MT302942,FD-016,industrial,,domestic-low,143.2,True
MT303942,FD-032,industrial,2019-08-23,domestic-standard,19.5,False
MT308047,FD-030,industrial,,commercial,27.1,True
MT310295,FD-035,residential,,domestic-low,187.9,True
MT307328,FD-005,industrial,,domestic-low,,True
MT309435,FD-031,residential,2026-02-05,domestic-low,136.3,True
MT303290,FD-008,residential,,domestic-standard,25.0,True
MT304800,FD-004,industrial,,domestic-low,108.6,True
MT306538,FD-020,industrial,,domestic-low,74.6,True
MT300345,FD-014,residential,,domestic-low,196.8,False
MT302235,FD-019,residential,,commercial,,True
MT308664,FD-017,residential,,domestic-standard,37.9,False
MT303667,FD-019,public,,social,,True
MT302807,FD-021,public,,domestic-low,104.5,False
MT305890,FD-005,industrial,,domestic-low,15.4,False
MT307620,FD-019,residential,,domestic-low,,False
MT305993,FD-018,public,,social,72.1,False
MT310986,FD-020,industrial,,industrial,,True
MT306709,FD-028,residential,,commercial,,True
MT301793,FD-025,residential,,domestic-low,,False
MT310717,FD-025,industrial,,social,194.3,True
MT302460,FD-036,residential,,domestic-low,,False
MT300061,FD-035,residential,2023-08-12,domestic-standard,,False
MT305445,FD-002,public,2021-03-17,domestic-standard,,True
MT303427,FD-014,residential,,domestic-low,,False
MT303821,FD-002,residential,,domestic-low,136.5,True
MT307117,FD-013,public,,industrial,83.5,True
MT309049,FD-001,public,2019-10-25,social,,False
MT304133,FD-028,residential,,domestic-low,,False
MT302274,FD-023,commercial,,commercial,232.4,True
MT304314,FD-023,industrial,,domestic-low,,False
MT303306,FD-027,public,,industrial,48.5,False
MT309461,FD-030,residential,,domestic-low,127.1,False
MT303843,FD-031,public,,domestic-low,,True
MT310314,FD-004,commercial,,domestic-low,32.6,False
MT306267,FD-030,residential,,domestic-low,136.3,False
MT308764,FD-019,commercial,,industrial,,False
MT304409,FD-016,residential,,domestic-standard,,False
MT310831,FD-008,residential,,domestic-low,,True
MT301320,FD-031,residential,,industrial,137.8,True
MT308184,FD-027,public,,social,95.3,True
MT300876,FD-007,public,,domestic-low,90.0,True
MT304517,FD-007,residential,,commercial,,False
MT306058,FD-037,industrial,,commercial,,True
MT303012,FD-005,residential,,domestic-low,,True
MT307572,FD-037,residential,,commercial,101.7,False
MT301788,FD-007,residential,2024-02-15,social,115.2,True
MT302181,FD-002,commercial,2023-07-16,domestic-low,153.8,True
MT303639,FD-017,commercial,,domestic-low,,False
MT309259,FD-033,industrial,,social,120.9,True
MT308535,FD-015,residential,,domestic-standard,74.4,False
MT304508,FD-032,public,,industrial,26.6,True
MT306940,FD-021,public,,social,12.1,False
MT308194,FD-011,public,,social,74.2,False
MT307071,FD-011,residential,,commercial,,False
MT303243,FD-004,commercial,,domestic-low,,False
MT308191,FD-002,public,,domestic-low,88.7,True
MT308304,FD-035,public,,domestic-low,126.3,True
MT310740,FD-027,residential,2021-09-21,social,78.8,True
MT300971,FD-001,residential,,domestic-low,,False
MT306825,FD-016,residential,,domestic-low,,True
MT303579,FD-027,residential,,industrial,136.8,False
MT304660,FD-020,public,,domestic-low,32.7,False
MT304886,FD-004,residential,,domestic-low,50.8,False
MT301562,FD-010,residential,,commercial,61.9,True
MT304363,FD-007,residential,,domestic-low,208.2,False
MT308489,FD-008,public,,social,97.7,True
MT300518,FD-026,public,,social,185.9,True
MT300093,FD-024,commercial,,domestic-low,87.8,False
MT304096,FD-023,residential,,domestic-low,74.4,False
MT302345,FD-021,residential,,social,,True
MT307391,FD-019,industrial,,domestic-standard,120.1,True
MT304045,FD-024,commercial,,industrial,,False
MT300298,FD-020,residential,,domestic-low,,False
MT308344,FD-005,industrial,,domestic-low,,False
MT305546,FD-022,industrial,,social,,False
MT300331,FD-018,public,,domestic-standard,182.8,True
MT303953,FD-010,commercial,,domestic-standard,195.6,False
MT303186,FD-028,public,,industrial,28.1,False
MT302850,FD-002,commercial,,commercial,103.6,True
MT303429,FD-008,residential,,commercial,24.7,True
MT307415,FD-036,residential,,domestic-low,239.5,True
MT308483,FD-034,residential,,domestic-standard,117.9,True
MT307823,FD-019,public,,commercial,16.5,False
MT307437,FD-015,residential,,domestic-low,,False
MT310666,FD-031,residential,,industrial,215.1,True
MT310401,FD-020,commercial,,commercial,60.0,True
MT310082,FD-025,residential,,domestic-standard,,False
MT301539,FD-032,industrial,,domestic-standard,80.5,True
MT305335,FD-033,public,,domestic-low,,False
MT300047,FD-025,residential,,industrial,,True
MT306795,FD-010,residential,,social,67.2,False
MT300359,FD-035,residential,,domestic-low,108.2,True
MT301045,FD-023,public,,domestic-low,17.6,False
MT306570,FD-025,industrial,,industrial,198.7,False
MT304595,FD-009,public,,domestic-low,24.8,True
MT305293,FD-037,public,2022-09-02,domestic-low,,True
MT301638,FD-013,commercial,2020-03-13,social,65.6,True
MT309463,FD-006,commercial,2020-10-28,domestic-low,137.1,False
MT302733,FD-010,industrial,,commercial,127.5,False
MT300454,FD-023,residential,,commercial,124.4,False
MT307963,FD-017,commercial,,industrial,,False
MT305545,FD-037,residential,,domestic-low,,False
MT307615,FD-017,commercial,,domestic-standard,111.9,True
MT303110,FD-017,commercial,2022-09-23,social,12.8,False
MT310544,FD-002,industrial,,commercial,108.5,True
MT301115,FD-019,commercial,,domestic-low,127.7,True
MT307399,FD-014,industrial,,domestic-low,10.2,False
MT308183,FD-001,public,,industrial,263.0,False
MT308202,FD-008,industrial,,domestic-low,,False
MT307643,FD-025,commercial,,domestic-standard,200.2,True
MT308409,FD-018,public,,domestic-low,,True
MT306951,FD-018,industrial,,industrial,74.0,True
MT300392,FD-007,residential,,domestic-low,131.2,True
MT309773,FD-002,residential,,commercial,15.2,False
MT301500,FD-036,public,,social,11.4,False
MT310489,FD-008,residential,,domestic-low,132.5,True
MT308838,FD-033,residential,,social,,False
MT301693,FD-007,residential,,domestic-low,,True
MT310701,FD-021,residential,,commercial,105.7,False
MT309641,FD-015,residential,,social,,False
MT302677,FD-021,residential,2020-01-22,domestic-low,287.7,True
MT302507,FD-033,commercial,,domestic-low,91.1,True
MT310524,FD-007,commercial,,domestic-low,,False
MT309688,FD-036,residential,,domestic-standard,146.5,False
MT304139,FD-013,industrial,2020-04-22,social,56.1,False
MT301255,FD-020,public,,domestic-low,12.0,False
MT304208,FD-014,industrial,,domestic-low,164.6,True
MT302386,FD-016,residential,,domestic-standard,118.0,False
MT300844,FD-002,residential,,domestic-standard,,False
MT304229,FD-032,residential,,industrial,,False
MT300054,FD-009,public,,industrial,,False
MT304351,FD-006,residential,,commercial,187.8,True
MT303545,FD-025,residential,2023-11-07,domestic-low,,False
MT303890,FD-031,residential,,industrial,196.7,True
MT310483,FD-009,public,2020-07-11,domestic-low,170.4,False
MT304205,FD-002,industrial,,industrial,41.6,False
MT306691,FD-026,residential,2019-06-11,industrial,128.3,True
MT305795,FD-034,industrial,,commercial,41.1,True
MT300140,FD-028,residential,,social,,False
MT302358,FD-034,residential,2019-06-30,commercial,30.8,False
MT308970,FD-017,residential,,commercial,,True
MT302693,FD-016,residential,,domestic-low,21.5,False
MT301328,FD-013,residential,,commercial,133.2,True
MT303876,FD-010,commercial,,domestic-low,110.2,False
MT307908,FD-001,residential,,domestic-low,130.9,True
MT308707,FD-026,industrial,,industrial,86.7,True
MT307220,FD-031,residential,,domestic-standard,102.7,False
MT308251,FD-027,residential,,industrial,95.8,True
MT306747,FD-029,residential,,domestic-standard,,True
MT303209,FD-024,industrial,,commercial,119.0,False
MT304426,FD-020,residential,,domestic-low,183.1,False
MT303790,FD-025,public,,domestic-low,112.3,True
MT302629,FD-006,commercial,,domestic-low,,False
MT301044,FD-018,residential,,domestic-low,32.1,True
MT310053,FD-021,industrial,,domestic-low,,True
MT305601,FD-026,industrial,,domestic-low,145.1,False
MT307619,FD-009,industrial,,domestic-low,24.5,False
MT309959,FD-007,commercial,,social,,False
MT307809,FD-022,commercial,,domestic-low,64.8,False
MT306967,FD-013,residential,,domestic-low,79.7,True
MT310321,FD-012,commercial,,domestic-low,205.3,True
MT306182,FD-023,commercial,,industrial,,False
MT309884,FD-031,commercial,,domestic-low,,False
MT310876,FD-026,public,,industrial,115.0,True
MT305592,FD-030,public,,commercial,,False
MT301709,FD-032,residential,,domestic-low,107.4,True
MT308392,FD-006,public,,domestic-low,170.8,True
MT306684,FD-037,residential,,commercial,24.4,True
MT301652,FD-033,residential,,domestic-low,,True
MT305294,FD-032,residential,,industrial,48.2,True
MT309690,FD-022,residential,,domestic-low,23.4,True
MT306329,FD-002,commercial,,domestic-low,,False
MT310482,FD-023,commercial,,social,69.0,True
MT306886,FD-032,residential,,domestic-low,234.6,True
MT302254,FD-004,commercial,,domestic-low,49.6,False
MT307632,FD-033,residential,,social,47.3,False
MT307914,FD-026,residential,,domestic-low,108.1,True
MT309949,FD-021,public,,domestic-standard,145.9,False
MT306907,FD-009,industrial,,commercial,114.5,False
MT301649,FD-034,residential,,industrial,,True
MT300068,FD-036,public,,domestic-standard,22.8,True
MT306620,FD-030,residential,,domestic-standard,,False
MT300766,FD-018,commercial,,industrial,47.8,False
MT307999,FD-020,residential,,industrial,,True
MT309577,FD-029,residential,,domestic-standard,148.0,False
MT308018,FD-001,residential,,domestic-low,231.4,False
MT305910,FD-003,commercial,,domestic-low,71.7,True
MT307067,FD-030,commercial,,domestic-standard,10.0,False
MT303481,FD-023,public,,domestic-low,76.4,True
MT308978,FD-003,commercial,,commercial,21.8,True
MT308002,FD-023,residential,,domestic-standard,25.3,True
MT309287,FD-021,residential,,social,,True
MT310885,FD-003,commercial,2019-04-11,industrial,110.1,False
MT302588,FD-003,commercial,2024-01-10,industrial,,True
MT310623,FD-012,residential,,domestic-standard,,True
MT310108,FD-029,residential,,commercial,,False
MT310415,FD-011,public,,domestic-low,26.4,True
MT307787,FD-001,residential,2021-03-08,commercial,132.9,True
MT310654,FD-027,public,,industrial,116.0,True
MT309830,FD-008,industrial,,domestic-low,172.3,True
MT301068,FD-001,residential,,commercial,138.6,True
MT309457,FD-009,public,,domestic-standard,228.1,True
MT308967,FD-036,public,2020-04-29,social,197.6,True
MT305616,FD-014,residential,,domestic-low,,False
MT305651,FD-037,public,,domestic-low,,True
MT310474,FD-029,commercial,,domestic-low,31.4,True
MT300111,FD-022,residential,,commercial,66.8,True
MT300180,FD-018,public,2021-07-26,domestic-low,,False
MT302402,FD-003,residential,,domestic-low,,True
MT304510,FD-034,industrial,,industrial,,True
MT306097,FD-021,public,2019-12-26,social,147.9,False
MT301587,FD-015,commercial,,social,,True
MT305745,FD-033,residential,,domestic-low,,False
MT301728,FD-022,public,,commercial,55.2,False
MT302958,FD-020,residential,,domestic-low,,False
MT301873,FD-024,public,,industrial,8.1,True
MT304179,FD-026,industrial,,industrial,102.0,True
MT310566,FD-026,commercial,2025-09-25,domestic-standard,,False
MT300673,FD-016,residential,,social,54.6,True
MT302690,FD-035,industrial,,domestic-low,,True
MT300070,FD-036,commercial,,commercial,98.3,False
MT308240,FD-016,residential,,industrial,,True
MT306254,FD-005,residential,,domestic-low,16.7,False
MT304406,FD-032,residential,,domestic-low,133.8,False
MT305304,FD-030,residential,,domestic-standard,71.6,True
MT303030,FD-014,commercial,,domestic-low,199.0,True
MT305063,FD-032,residential,,domestic-low,157.7,True
MT310594,FD-006,residential,,industrial,,False
MT305779,FD-001,residential,,industrial,95.9,False
MT310251,FD-002,industrial,,commercial,,True
MT306121,FD-004,public,,domestic-low,,False
MT300832,FD-008,commercial,,domestic-low,129.7,False
MT302967,FD-006,public,,domestic-low,,False
MT307216,FD-011,residential,,commercial,,True
MT308193,FD-031,residential,,domestic-low,,True
MT309135,FD-003,public,,commercial,182.4,True
MT300145,FD-014,industrial,,social,,True
MT305786,FD-028,residential,,domestic-standard,168.6,False
MT300148,FD-029,residential,,domestic-standard,159.2,False
MT305371,FD-033,residential,,social,59.6,True
MT306370,FD-037,residential,,domestic-low,127.6,True
MT309886,FD-029,commercial,,commercial,,True
MT308791,FD-014,residential,,industrial,,False
MT304824,FD-031,residential,,commercial,73.6,True
MT300629,FD-025,residential,,domestic-low,58.9,True
MT300476,FD-019,commercial,2022-10-23,domestic-low,164.8,True
MT306949,FD-019,industrial,,domestic-standard,,True
MT310294,FD-006,industrial,,social,,True
MT308847,FD-019,residential,,domestic-low,73.0,True
MT307974,FD-001,commercial,,commercial,122.0,False
MT304417,FD-008,residential,2023-06-23,social,182.7,False
MT304644,FD-024,residential,,domestic-low,,False
MT303752,FD-020,commercial,2025-11-27,commercial,,True
MT306343,FD-026,commercial,,commercial,,True
MT308136,FD-016,residential,,domestic-low,,False
MT303000,FD-035,public,,social,,True
MT308093,FD-008,residential,,domestic-low,53.9,False
MT306519,FD-003,residential,,domestic-low,,False
MT307211,FD-015,residential,,domestic-standard,55.1,True
MT308277,FD-011,residential,,commercial,23.0,False
MT300197,FD-011,public,,commercial,81.8,True
MT304622,FD-027,residential,,social,128.0,False
MT301351,FD-007,residential,,commercial,,False
MT310348,FD-024,residential,,industrial,,False
MT310907,FD-005,residential,,commercial,66.8,False
MT301038,FD-010,residential,2021-06-22,social,70.5,False
MT305537,FD-033,industrial,,social,,False
MT309107,FD-005,residential,,domestic-standard,171.2,False
MT301610,FD-013,residential,,commercial,,False
MT304574,FD-027,residential,,domestic-standard,77.8,False
MT305070,FD-001,residential,,domestic-low,18.3,True
MT308116,FD-018,commercial,,social,118.0,False
MT306543,FD-018,commercial,2024-04-17,domestic-low,,False
MT309119,FD-006,residential,,domestic-standard,67.1,True
MT306693,FD-017,public,,domestic-low,,False
MT307883,FD-024,residential,,domestic-low,140.8,True
MT304130,FD-001,public,,social,61.9,True
MT310943,FD-037,commercial,,domestic-standard,,False
MT302312,FD-019,public,,domestic-low,,True
MT304885,FD-012,commercial,,domestic-low,39.1,True
MT306215,FD-010,commercial,,commercial,232.5,True
MT307669,FD-029,commercial,,domestic-low,120.3,False
MT307902,FD-006,residential,,domestic-low,37.4,False
MT302924,FD-024,public,2021-06-23,industrial,223.2,True
MT307541,FD-029,residential,2019-07-21,commercial,114.7,True
MT310090,FD-014,commercial,,commercial,,True
MT302654,FD-031,residential,,industrial,,False
MT308064,FD-032,residential,,social,,True
MT301929,FD-017,residential,,domestic-low,181.3,True
MT308683,FD-017,residential,,industrial,31.4,False
MT302783,FD-011,residential,,domestic-low,109.4,False
MT300693,FD-002,industrial,2022-06-06,industrial,166.4,True
MT307119,FD-001,residential,,domestic-low,116.4,True
MT304710,FD-002,residential,,domestic-standard,137.8,True
MT303318,FD-023,industrial,,domestic-low,165.9,False
MT306765,FD-004,residential,,domestic-low,28.8,True
MT310346,FD-025,residential,,domestic-low,,True
MT301906,FD-035,industrial,,commercial,105.9,True
MT300840,FD-009,commercial,,domestic-standard,130.4,False
MT307842,FD-018,residential,,domestic-low,155.7,True
MT306050,FD-010,public,,domestic-low,60.2,False
MT306989,FD-020,industrial,,domestic-low,215.5,False
MT302033,FD-017,industrial,,commercial,124.0,False
MT305565,FD-010,commercial,,domestic-standard,66.4,True
MT302417,FD-019,commercial,,commercial,,True
MT305019,FD-027,residential,,social,149.8,True
MT309903,FD-027,industrial,2025-06-08,domestic-standard,,False
MT300853,FD-025,industrial,,social,,False
MT303832,FD-023,residential,,industrial,,False
MT306464,FD-007,residential,,industrial,102.0,False
MT302027,FD-024,public,,domestic-low,291.8,True
MT300243,FD-023,public,2023-06-13,industrial,63.4,False
MT307657,FD-006,commercial,,domestic-low,,False
MT302975,FD-037,industrial,,commercial,,True
MT301857,FD-005,residential,,domestic-low,26.0,True
MT305109,FD-012,public,,industrial,72.8,False
MT304071,FD-032,residential,,social,,True
MT307690,FD-005,residential,,domestic-low,,False
MT302141,FD-018,residential,,commercial,,False
MT304549,FD-035,residential,,industrial,170.1,False
MT302343,FD-036,residential,,domestic-low,77.6,True
MT309166,FD-027,public,2024-12-22,domestic-low,105.9,True
MT308808,FD-024,residential,,industrial,106.2,False
MT309462,FD-028,residential,,social,27.8,False
MT310537,FD-003,residential,2020-10-18,industrial,173.0,True
MT305395,FD-016,residential,,domestic-low,142.5,True
MT305906,FD-023,residential,2019-11-08,domestic-low,132.7,True
MT310687,FD-005,residential,,industrial,,False
MT300509,FD-011,industrial,,domestic-low,,True
MT303676,FD-023,residential,,domestic-low,115.7,False
MT307013,FD-018,residential,,domestic-low,123.3,True
MT305961,FD-006,public,,domestic-low,17.7,False
MT309852,FD-026,commercial,,domestic-low,,False
MT304915,FD-020,residential,,domestic-standard,16.3,False
MT300791,FD-034,public,,industrial,,True
MT309807,FD-034,residential,,domestic-standard,,True
MT306688,FD-010,residential,,domestic-low,16.8,True
MT302362,FD-027,residential,,domestic-low,48.3,False
MT306731,FD-013,residential,,domestic-low,9.1,True
MT305432,FD-019,public,,commercial,25.1,True
MT305259,FD-008,public,,commercial,28.7,False
MT304816,FD-013,residential,2026-01-07,industrial,,False
MT300483,FD-002,industrial,,domestic-low,152.6,True
MT303520,FD-007,commercial,,domestic-low,,False
MT307333,FD-029,public,,commercial,62.6,True
MT303624,FD-037,commercial,2022-08-20,social,,False
MT301056,FD-022,residential,,domestic-standard,197.6,True
MT307929,FD-035,commercial,,industrial,,True
MT309650,FD-037,commercial,,domestic-standard,85.4,True
MT310506,FD-005,commercial,,industrial,,True
MT309245,FD-026,public,,industrial,162.5,True
MT303317,FD-005,residential,,commercial,,True
MT305510,FD-025,commercial,,commercial,,False
MT302857,FD-027,industrial,,social,145.0,True
MT305562,FD-028,industrial,,industrial,96.6,True
MT310287,FD-014,residential,,industrial,,False
MT303496,FD-002,residential,,domestic-standard,,True
MT310645,FD-024,residential,,domestic-low,91.1,False
MT306065,FD-009,commercial,,commercial,88.7,False
MT301381,FD-008,residential,,social,149.3,False
MT301487,FD-019,residential,2025-07-06,domestic-low,326.5,False
MT300075,FD-033,residential,,social,115.4,True
MT301859,FD-021,industrial,,commercial,162.4,False
MT303562,FD-017,industrial,,social,,False
MT306404,FD-006,residential,,social,68.3,True
MT301207,FD-011,industrial,2024-01-02,commercial,75.6,False
MT308254,FD-004,residential,,commercial,127.0,True
MT307869,FD-010,public,,domestic-standard,174.1,True
MT305870,FD-012,residential,,domestic-standard,,True
MT306659,FD-034,residential,,domestic-low,158.1,False
MT306372,FD-022,industrial,,domestic-low,199.0,False
MT304666,FD-014,public,,domestic-standard,,False
MT308396,FD-001,commercial,,industrial,43.7,False
MT304926,FD-020,public,,domestic-standard,157.1,True
MT306755,FD-019,residential,,commercial,55.3,True
MT303391,FD-024,residential,,domestic-low,,True
MT306420,FD-002,residential,,domestic-low,,True
MT306004,FD-001,residential,,industrial,47.4,False
MT302781,FD-012,residential,,commercial,109.6,False
MT304272,FD-018,residential,,domestic-low,74.5,True
MT306098,FD-026,residential,,commercial,177.3,True
MT304068,FD-029,public,,domestic-low,,False
MT310006,FD-014,residential,,domestic-low,196.5,False
MT303003,FD-036,residential,,social,94.0,True
MT300531,FD-037,residential,2020-03-06,domestic-low,,False
MT308754,FD-006,residential,,domestic-low,79.0,False
MT304225,FD-016,public,,domestic-low,146.9,True
MT307530,FD-012,public,,domestic-low,179.1,False
MT310678,FD-010,residential,,industrial,68.6,True
MT305727,FD-008,residential,,domestic-low,13.0,False
MT304100,FD-023,residential,2019-01-09,domestic-low,,True
MT308842,FD-005,public,2020-01-20,industrial,,True
MT305107,FD-023,public,,domestic-low,,True
MT309767,FD-023,residential,2024-04-07,social,,False
MT303737,FD-020,residential,2024-01-27,domestic-low,10.1,True
MT308730,FD-028,residential,,domestic-low,136.7,True
MT301605,FD-024,industrial,,domestic-low,,False
MT306327,FD-019,residential,,domestic-low,168.8,False
MT306395,FD-028,public,,domestic-low,130.7,False
MT301125,FD-016,residential,,domestic-low,,True
MT301915,FD-009,residential,,domestic-low,124.9,True
MT300088,FD-034,residential,2020-11-04,domestic-low,,True
MT305408,FD-036,public,,domestic-standard,,True
MT305124,FD-029,residential,,domestic-low,90.9,False
MT308334,FD-007,industrial,,domestic-low,46.3,True
MT302946,FD-007,residential,,industrial,120.0,True
MT301451,FD-006,residential,,domestic-low,134.2,True
MT305096,FD-010,public,,industrial,,False
MT304195,FD-029,industrial,,industrial,,True
MT302587,FD-036,industrial,,commercial,,True
MT309048,FD-030,public,,commercial,,False
MT306868,FD-004,industrial,,industrial,,True
MT307898,FD-027,residential,,domestic-standard,,True
MT306484,FD-007,public,,domestic-low,40.2,True
MT307906,FD-022,residential,,industrial,160.4,False
MT300015,FD-016,residential,,domestic-standard,,True
MT304289,FD-025,industrial,,industrial,,True
MT308995,FD-023,residential,,industrial,124.2,True
MT304103,FD-002,residential,,commercial,151.2,False
MT305346,FD-033,industrial,,commercial,119.9,False
MT308257,FD-005,residential,,domestic-standard,154.5,False
MT309282,FD-014,residential,,commercial,138.6,False
MT302001,FD-016,residential,,domestic-low,104.3,False
MT302752,FD-015,industrial,2021-03-30,domestic-low,114.6,False
MT309480,FD-013,industrial,,domestic-low,316.1,False
MT308751,FD-012,public,,industrial,149.5,True
MT308017,FD-014,commercial,,industrial,221.5,False
MT302392,FD-016,residential,,industrial,46.6,True
MT305373,FD-035,industrial,2024-04-12,domestic-low,29.7,False
MT307271,FD-003,commercial,,industrial,101.9,False
MT308722,FD-010,residential,,domestic-low,154.8,True
MT310446,FD-036,industrial,,domestic-standard,,True
MT310994,FD-033,public,,domestic-standard,43.4,False
MT301849,FD-037,residential,,domestic-low,,True
MT301521,FD-011,public,,industrial,89.8,False
MT305822,FD-005,commercial,,social,,True
MT302491,FD-017,industrial,,domestic-standard,166.6,False
MT301481,FD-012,residential,,commercial,,True
MT304234,FD-035,commercial,,social,150.0,True
MT300022,FD-001,residential,,industrial,,True
MT310789,FD-003,industrial,,domestic-low,,True
MT306186,FD-026,residential,,domestic-low,44.9,False
MT301508,FD-012,residential,,social,90.4,False
MT300834,FD-019,residential,,industrial,150.7,True
MT307481,FD-015,commercial,,domestic-low,50.8,True
MT307395,FD-011,residential,,social,,False
MT304623,FD-003,residential,,domestic-low,,False
MT307813,FD-030,residential,,domestic-standard,77.4,False
MT301646,FD-031,public,,commercial,,True
MT302456,FD-034,public,,industrial,,False
MT301510,FD-007,commercial,,industrial,,False
MT307860,FD-017,public,,domestic-low,,False
MT305596,FD-021,residential,2020-07-28,industrial,242.6,False
MT310234,FD-037,residential,,industrial,22.8,True
MT309544,FD-019,residential,,domestic-low,,False
MT304840,FD-037,residential,2023-02-24,domestic-standard,105.0,True
MT310492,FD-027,residential,,domestic-standard,45.7,True
MT304528,FD-003,industrial,,social,,False
MT304564,FD-005,residential,,commercial,209.3,True
MT301972,FD-030,commercial,2021-02-27,domestic-standard,,True
MT309074,FD-032,residential,,domestic-standard,117.2,False
MT303987,FD-002,residential,,domestic-standard,116.5,False
MT302649,FD-007,public,,domestic-low,227.5,False
MT308316,FD-035,public,,domestic-standard,122.9,False
MT301563,FD-015,commercial,,domestic-low,129.0,True
MT307562,FD-030,residential,,social,56.9,True
MT303533,FD-026,industrial,,industrial,,True
MT303612,FD-012,residential,,commercial,,False
MT303801,FD-009,residential,,domestic-low,,False
MT302706,FD-008,industrial,2022-10-08,commercial,,False
MT302416,FD-009,residential,,commercial,15.6,True
MT306463,FD-027,industrial,,commercial,128.1,False
MT303990,FD-004,residential,,domestic-standard,,False
MT301826,FD-016,residential,,social,,False
MT304175,FD-032,industrial,,commercial,,False
MT307676,FD-018,residential,,domestic-low,,False
MT302237,FD-032,industrial,,commercial,42.5,True
MT302937,FD-015,residential,,commercial,31.0,True
MT307059,FD-037,commercial,,domestic-low,37.4,True
MT306736,FD-029,commercial,,social,73.6,False
MT302063,FD-031,industrial,,domestic-standard,257.1,False
MT310402,FD-033,residential,,domestic-standard,121.0,False
MT306540,FD-013,residential,,industrial,,False
MT306283,FD-034,public,,social,158.5,False
MT310753,FD-011,industrial,,social,56.7,True
MT309981,FD-002,commercial,,industrial,,False
MT303782,FD-029,residential,,domestic-low,124.9,True
MT304453,FD-014,industrial,,domestic-low,,False
MT305030,FD-021,public,,commercial,104.7,False
MT304506,FD-018,public,,commercial,36.0,False
MT300222,FD-004,residential,,domestic-low,120.1,False
MT300698,FD-007,industrial,,domestic-low,59.5,True
MT301302,FD-032,commercial,,domestic-low,125.7,True
MT303080,FD-008,residential,,commercial,123.3,True
MT302317,FD-001,residential,,domestic-low,26.2,True
MT308226,FD-020,residential,,domestic-low,103.6,False
MT310715,FD-004,commercial,,social,,True
MT304196,FD-005,residential,,domestic-low,102.4,False
MT300276,FD-036,residential,2023-11-15,domestic-low,,True
MT305933,FD-034,commercial,,domestic-low,103.9,True
MT309798,FD-013,residential,,social,60.1,False
MT302383,FD-016,industrial,,industrial,,False
MT300365,FD-021,residential,2021-03-01,domestic-low,260.4,True
MT303016,FD-013,residential,,domestic-standard,196.1,False
MT310115,FD-035,public,,domestic-low,,False
MT308250,FD-004,residential,,industrial,,False
MT308176,FD-027,residential,,commercial,136.5,False
MT300224,FD-014,public,,industrial,67.8,False
MT301965,FD-023,industrial,,industrial,,False
MT307937,FD-005,industrial,,commercial,141.3,True
MT305492,FD-013,industrial,,domestic-standard,146.4,False
MT310433,FD-002,residential,,domestic-low,180.5,True
MT307812,FD-015,public,,domestic-low,137.2,True
MT302744,FD-028,public,2020-02-07,social,87.9,False
MT308473,FD-001,residential,,commercial,86.6,False
MT310304,FD-021,residential,,domestic-low,,False
MT306794,FD-032,residential,,social,151.4,False
MT307544,FD-023,residential,,social,83.3,False
MT309197,FD-012,residential,,commercial,102.9,False
MT301228,FD-025,residential,,domestic-standard,53.8,False
MT307178,FD-024,public,,domestic-low,48.9,True
MT302840,FD-030,residential,,domestic-low,129.0,False
MT301224,FD-031,residential,,industrial,145.6,False
MT306946,FD-033,residential,,industrial,34.7,False
MT301530,FD-036,residential,,industrial,275.7,True
MT301923,FD-023,public,,domestic-low,,False
MT308558,FD-034,residential,,domestic-low,,False
MT300994,FD-036,residential,,domestic-standard,,False
MT306663,FD-031,residential,,social,,False
MT306744,FD-008,public,,domestic-low,118.2,False
MT302675,FD-030,commercial,,industrial,,True
MT308855,FD-034,industrial,,domestic-standard,249.0,True
MT307919,FD-008,residential,,domestic-standard,56.4,True
MT307983,FD-037,public,,domestic-low,103.7,True
MT309978,FD-019,industrial,,industrial,,True
MT303467,FD-034,commercial,,domestic-low,60.1,True
MT306667,FD-014,residential,,domestic-low,79.8,True
MT308244,FD-032,public,,social,,False
MT306112,FD-023,residential,,domestic-standard,63.0,False
MT301507,FD-019,residential,,commercial,87.7,True
MT307949,FD-023,industrial,,industrial,,True
MT303649,FD-021,public,,social,199.4,False
MT301385,FD-026,residential,,domestic-low,,False
MT309979,FD-026,residential,,domestic-low,23.7,False
MT304688,FD-029,residential,,domestic-standard,27.8,True
MT310729,FD-027,residential,,commercial,186.4,False
MT306855,FD-023,commercial,,domestic-low,,False
MT305170,FD-012,residential,,commercial,121.3,False
MT308771,FD-005,residential,,domestic-standard,129.2,True
MT308613,FD-023,residential,,industrial,56.8,True
MT309753,FD-015,industrial,,domestic-low,109.2,False
MT308875,FD-011,residential,,social,,False
MT302042,FD-010,residential,,domestic-standard,,False
MT308132,FD-026,residential,,social,,False
MT304756,FD-033,residential,2019-08-06,domestic-low,292.3,True
MT304365,FD-030,residential,2019-12-16,social,65.7,True
MT303407,FD-015,residential,,commercial,,True
MT309490,FD-001,residential,,commercial,29.2,False
MT300211,FD-036,commercial,,industrial,,True
MT301391,FD-012,commercial,,domestic-low,153.1,False
MT309072,FD-002,industrial,,domestic-low,81.9,False
MT300289,FD-029,industrial,,domestic-standard,,False
MT308299,FD-027,commercial,2022-01-15,commercial,150.1,False
MT307624,FD-017,public,,industrial,172.6,False
MT306926,FD-009,commercial,,social,,True
MT307776,FD-019,industrial,,domestic-low,89.3,True
MT306175,FD-023,residential,,industrial,162.6,False
MT302110,FD-010,commercial,,domestic-standard,,False
MT307664,FD-004,residential,,commercial,,False
MT303028,FD-003,commercial,,social,,True
MT309692,FD-031,industrial,,commercial,105.0,True
MT305403,FD-004,residential,,domestic-low,206.2,True
MT300080,FD-020,industrial,,domestic-standard,115.3,True
MT307925,FD-015,residential,,commercial,,False
MT310366,FD-005,residential,,domestic-low,,False
MT306263,FD-003,industrial,,domestic-standard,62.1,False
MT309539,FD-027,commercial,,social,114.1,False
MT307744,FD-033,residential,,domestic-standard,103.1,True
MT300021,FD-032,residential,,social,123.6,False
MT309124,FD-016,residential,,industrial,,True
MT305923,FD-016,industrial,,domestic-low,136.7,False
MT308972,FD-034,public,,industrial,149.9,True
MT305097,FD-032,public,,social,166.3,False
MT301355,FD-018,residential,2021-10-02,domestic-low,,False
MT305988,FD-037,industrial,,domestic-low,,False
MT300929,FD-019,residential,,industrial,,True
MT303329,FD-036,industrial,,commercial,164.4,True
MT304655,FD-012,public,,social,106.9,True
MT302476,FD-017,residential,,industrial,62.1,True
MT309014,FD-017,industrial,,domestic-standard,71.8,True
MT310915,FD-033,residential,,domestic-standard,,True
MT303470,FD-005,public,,commercial,,True
MT308748,FD-037,public,2022-05-26,domestic-low,137.3,False
MT300797,FD-032,residential,,domestic-low,100.1,False
MT309598,FD-017,industrial,,industrial,,True
MT310793,FD-028,industrial,,domestic-standard,65.3,True
MT308127,FD-012,industrial,,domestic-standard,252.7,False
MT310479,FD-015,residential,,social,87.5,True
MT300635,FD-014,commercial,,domestic-low,185.0,True
MT304227,FD-003,residential,,industrial,174.4,True
MT306248,FD-004,residential,,domestic-low,108.5,False
MT303332,FD-007,commercial,,domestic-standard,140.0,True
MT307700,FD-034,public,,social,169.0,True
MT309483,FD-019,public,2022-10-03,social,,False
MT303443,FD-006,residential,,domestic-low,105.2,False
MT301239,FD-027,public,,industrial,,True
MT303037,FD-020,public,,domestic-low,146.1,True
MT304778,FD-014,residential,,domestic-low,,True
MT310896,FD-017,residential,,industrial,94.0,False
MT309188,FD-020,public,,domestic-low,19.4,False
MT308436,FD-021,residential,,commercial,171.0,True
MT302622,FD-003,public,,domestic-low,95.6,True
MT309249,FD-006,residential,,domestic-low,,False
MT302497,FD-011,residential,,domestic-low,,False
MT304285,FD-025,residential,,domestic-low,177.3,False
MT308526,FD-032,residential,,domestic-low,96.8,False
MT304723,FD-018,residential,,domestic-standard,,True
MT301144,FD-035,residential,,domestic-standard,74.1,True
MT301961,FD-028,residential,,domestic-standard,,True
MT306600,FD-013,residential,,commercial,142.0,True
MT301807,FD-006,residential,,domestic-standard,69.1,False
MT306775,FD-028,commercial,,social,110.1,True
MT301918,FD-032,commercial,,industrial,,False
MT303106,FD-018,industrial,,industrial,235.0,False
MT307291,FD-011,residential,,domestic-standard,98.5,False
MT304031,FD-018,residential,,social,,False
MT307313,FD-019,industrial,,social,127.2,False
MT306686,FD-013,residential,,social,140.4,True
MT301499,FD-027,commercial,,domestic-standard,106.4,True
MT303296,FD-003,commercial,,social,99.7,True
MT310905,FD-015,commercial,,industrial,48.4,False
MT305954,FD-013,commercial,2023-04-06,domestic-standard,,False
MT300852,FD-007,residential,,industrial,133.2,True
MT310413,FD-009,industrial,2021-12-01,industrial,150.8,False
MT308298,FD-009,public,,domestic-low,,True
MT307515,FD-025,industrial,,domestic-standard,23.7,True
MT307225,FD-036,industrial,,industrial,93.6,True
MT301127,FD-013,residential,,domestic-low,132.5,False
MT307047,FD-020,residential,,domestic-low,,True
MT306555,FD-005,public,,commercial,,False
MT300303,FD-025,commercial,2026-02-05,industrial,155.9,False
MT310299,FD-022,industrial,,domestic-low,56.2,False
MT304358,FD-008,residential,,domestic-low,205.0,True
MT307917,FD-031,commercial,,domestic-low,,False
MT306630,FD-001,residential,,domestic-standard,190.2,True
MT303503,FD-010,industrial,,social,96.6,True
MT304652,FD-015,residential,,domestic-low,,True
MT304159,FD-018,residential,,commercial,204.2,True
MT302909,FD-021,commercial,,industrial,,False
MT307855,FD-033,residential,,commercial,,False
MT300363,FD-025,commercial,,domestic-standard,58.1,True
MT305980,FD-035,residential,,social,87.5,True
MT309270,FD-016,residential,,industrial,8.6,True
MT309443,FD-029,residential,,social,,False
MT309469,FD-003,residential,,domestic-low,,False
MT307145,FD-035,residential,,domestic-standard,136.3,True
MT305155,FD-005,industrial,,domestic-low,76.5,False
MT304677,FD-033,industrial,2024-12-01,industrial,,False
MT303675,FD-023,residential,,industrial,21.3,False
MT301417,FD-035,industrial,,domestic-standard,54.4,False
MT301271,FD-004,residential,,industrial,,False
MT303108,FD-013,public,,domestic-low,113.7,True
MT306846,FD-003,residential,,domestic-low,,True
MT308432,FD-029,residential,,domestic-standard,,False
MT309089,FD-010,residential,,domestic-low,,False
MT303118,FD-019,residential,,social,239.5,True
MT301570,FD-016,residential,,domestic-low,162.4,True
MT309356,FD-012,public,,commercial,18.5,True
MT308029,FD-022,residential,,industrial,59.3,True
MT302960,FD-020,residential,,domestic-standard,80.6,True
MT301441,FD-027,residential,,commercial,32.4,True
MT308696,FD-011,commercial,,domestic-low,140.3,True
MT306488,FD-020,public,,domestic-low,35.4,True
MT305104,FD-006,residential,2026-01-12,domestic-low,123.8,False
MT304317,FD-017,commercial,,domestic-low,113.9,True
MT304460,FD-025,residential,,domestic-standard,209.9,False
MT310514,FD-025,public,,industrial,,False
MT302162,FD-004,public,,domestic-standard,64.3,True
MT305241,FD-037,residential,,domestic-low,110.6,True
MT303287,FD-025,residential,,industrial,112.2,False
MT304003,FD-032,industrial,2020-08-15,domestic-standard,154.7,False
MT300735,FD-034,residential,,industrial,,True
MT305324,FD-005,residential,,commercial,100.0,False
MT302509,FD-008,residential,,domestic-low,104.1,True
MT309427,FD-007,industrial,2024-04-01,domestic-low,,False
MT309787,FD-023,residential,,social,,True
MT300855,FD-017,residential,,commercial,,False
MT307523,FD-027,residential,,domestic-low,,False
MT302567,FD-030,industrial,,social,182.2,False
MT305458,FD-002,industrial,,domestic-low,93.9,False
MT306827,FD-036,residential,,commercial,110.3,False
MT300987,FD-027,residential,2023-10-24,domestic-standard,127.2,False
MT302350,FD-022,residential,2019-09-16,commercial,,True
MT301382,FD-030,residential,,commercial,,False
MT307057,FD-006,residential,2024-03-31,domestic-low,,True
MT300355,FD-009,residential,,domestic-low,,True
MT304511,FD-013,residential,,commercial,23.0,False
MT301460,FD-019,industrial,,industrial,18.2,False
MT300764,FD-007,residential,,industrial,,False
MT309441,FD-007,industrial,,industrial,,True
MT302774,FD-015,industrial,,industrial,85.9,False
MT302968,FD-003,commercial,,social,50.1,True
MT300351,FD-020,residential,,social,,True
MT300560,FD-029,industrial,,domestic-low,,True
MT305775,FD-011,residential,,domestic-low,60.7,False
MT305244,FD-004,commercial,,domestic-standard,18.2,True
MT308387,FD-001,residential,,domestic-standard,62.4,True
MT309747,FD-014,residential,,industrial,,False
MT310909,FD-022,industrial,,industrial,,True
MT300591,FD-026,commercial,,domestic-low,69.2,True
MT310558,FD-016,residential,,domestic-low,20.3,True
MT307828,FD-026,industrial,,domestic-standard,,True
MT309024,FD-006,residential,2020-06-18,social,12.3,False
MT304395,FD-016,residential,,domestic-standard,202.6,True
MT303704,FD-025,commercial,,domestic-low,,True
MT304697,FD-026,industrial,,domestic-low,54.7,True
MT302190,FD-009,public,,industrial,20.0,False
MT308859,FD-029,residential,,industrial,38.1,True
MT303070,FD-002,public,,domestic-low,12.6,False
MT304064,FD-017,residential,,commercial,128.9,False
MT304985,FD-019,industrial,,commercial,,False
MT305439,FD-035,industrial,2023-03-19,domestic-standard,73.5,True
MT303590,FD-009,commercial,,industrial,,True
MT304069,FD-027,residential,,domestic-low,204.6,False
MT309869,FD-001,residential,,commercial,,False
MT301272,FD-037,residential,2025-02-10,domestic-standard,74.9,True
MT306413,FD-035,residential,2022-10-01,commercial,83.4,False
MT302729,FD-002,industrial,,commercial,,True
MT302560,FD-023,public,,domestic-low,94.7,False
MT301817,FD-003,residential,,domestic-low,153.4,True
MT300663,FD-034,commercial,2021-04-27,domestic-standard,,False
MT307420,FD-020,residential,,industrial,390.3,True
MT309797,FD-037,commercial,,domestic-low,,True
MT303734,FD-020,public,,commercial,31.5,False
MT309939,FD-026,residential,,industrial,,False
MT307538,FD-034,residential,,industrial,,True
MT303078,FD-010,residential,,domestic-standard,30.1,False
MT303641,FD-013,residential,,domestic-low,70.5,False
MT310697,FD-013,residential,,domestic-standard,19.0,True
MT304420,FD-022,industrial,,domestic-low,,True
MT307470,FD-026,residential,,domestic-standard,107.4,False
MT303126,FD-027,residential,,domestic-low,144.9,True
MT300126,FD-021,commercial,,social,103.3,False
MT300115,FD-032,residential,,industrial,208.6,False
MT310940,FD-001,residential,,social,33.6,False
MT310844,FD-004,public,,social,119.4,False
MT305871,FD-019,residential,2020-08-10,commercial,,False
MT300945,FD-015,public,,domestic-low,17.9,True
MT301729,FD-030,residential,,domestic-low,,True
MT300271,FD-024,commercial,,social,191.8,False
MT306720,FD-006,industrial,2020-07-06,social,,True
MT310204,FD-028,industrial,,domestic-low,141.0,False
MT306258,FD-021,public,2024-05-20,domestic-low,71.4,True
MT302296,FD-027,industrial,,commercial,15.7,False
MT307970,FD-020,residential,,domestic-standard,61.2,True
MT307438,FD-009,residential,,domestic-low,63.9,False
MT307370,FD-031,industrial,,domestic-low,,False
MT308241,FD-027,residential,,social,92.1,True
MT300878,FD-026,public,,domestic-low,,True
MT309280,FD-015,commercial,,industrial,63.3,False
MT304457,FD-034,commercial,,commercial,164.5,False
MT305348,FD-028,residential,,domestic-low,162.6,True
MT310154,FD-023,industrial,2024-07-19,domestic-standard,103.6,True
MT301846,FD-002,industrial,,domestic-standard,77.4,False
MT302372,FD-017,residential,,commercial,115.8,True
MT300491,FD-030,commercial,,social,,False
MT302311,FD-002,public,,social,67.5,False
MT310200,FD-012,industrial,,industrial,,False
MT306712,FD-019,public,2019-05-15,domestic-low,,False
MT310185,FD-032,commercial,,social,173.3,True
MT306851,FD-037,commercial,,domestic-standard,81.1,True
MT310862,FD-014,residential,2022-02-11,commercial,58.6,False
MT309849,FD-030,commercial,,domestic-low,25.8,False
MT304250,FD-030,residential,,domestic-low,59.7,False
MT305098,FD-032,industrial,,domestic-low,,True
MT301571,FD-030,commercial,,domestic-low,,False
MT309266,FD-016,industrial,,industrial,,True
MT300602,FD-006,public,,social,45.8,True
MT310676,FD-036,industrial,,social,173.6,True
MT309789,FD-012,public,,domestic-low,69.2,True
MT303093,FD-034,public,,domestic-low,,False
MT309874,FD-015,residential,,domestic-low,,True
MT302771,FD-008,commercial,,domestic-standard,98.4,False
MT304919,FD-021,commercial,2025-08-31,domestic-standard,178.6,False
MT305865,FD-021,residential,,social,101.5,False
MT301071,FD-027,residential,,industrial,,False
MT302812,FD-003,public,,social,,True
MT303720,FD-031,public,,commercial,,False
MT300790,FD-015,residential,,commercial,142.8,True
MT302084,FD-010,residential,,domestic-standard,74.8,False
MT303214,FD-007,commercial,,industrial,128.2,True
MT300551,FD-031,industrial,2020-04-28,domestic-low,174.5,False
MT306280,FD-021,industrial,,domestic-standard,,False
MT306891,FD-027,commercial,,social,,True
MT308085,FD-019,public,2019-10-08,social,76.9,True
MT301251,FD-002,public,,industrial,139.2,False
MT305258,FD-009,residential,,domestic-standard,101.4,False
MT303393,FD-008,residential,,commercial,145.1,True
MT303996,FD-026,residential,,domestic-low,,True
MT309017,FD-021,residential,,commercial,82.8,False
MT307652,FD-001,commercial,,domestic-low,,True
MT308487,FD-008,residential,,domestic-low,36.0,False
MT302995,FD-022,residential,,social,,True
MT301363,FD-011,public,,domestic-standard,48.4,True
MT302370,FD-032,residential,,commercial,119.6,True
MT303614,FD-005,industrial,,domestic-low,,True
MT307924,FD-006,public,,social,242.2,True
MT300213,FD-013,public,,industrial,,False
MT309299,FD-029,residential,,commercial,,False
MT310743,FD-036,commercial,,industrial,75.6,False
MT309958,FD-036,commercial,,domestic-low,,True
MT308742,FD-031,commercial,2019-05-26,domestic-low,,True
MT306521,FD-033,residential,,commercial,188.3,True
MT300895,FD-011,residential,,domestic-low,,False
MT303415,FD-007,industrial,,industrial,113.1,False
MT310790,FD-020,residential,,domestic-standard,,True
MT310947,FD-026,residential,,social,,True
MT308485,FD-037,commercial,,commercial,,False
MT308172,FD-005,residential,,domestic-low,190.5,False
MT306321,FD-026,public,,domestic-low,88.1,False
MT304467,FD-026,residential,,industrial,,True
MT302929,FD-033,public,,domestic-low,97.7,True
MT310056,FD-011,public,,social,96.9,True
MT300131,FD-006,residential,,commercial,,False
MT304561,FD-014,industrial,,commercial,25.5,False
MT306680,FD-015,commercial,,commercial,,False
MT303109,FD-018,industrial,,commercial,102.2,False
MT309274,FD-001,industrial,,domestic-standard,,False
MT302583,FD-033,residential,,commercial,88.5,True
MT300012,FD-001,residential,,industrial,,True
MT306981,FD-037,commercial,,social,92.6,True
MT302175,FD-032,residential,,industrial,55.1,False
MT303461,FD-028,residential,,social,136.6,True
MT301231,FD-026,residential,,domestic-standard,,False
MT300659,FD-015,residential,,commercial,92.6,False
MT303865,FD-003,industrial,,domestic-low,,False
MT302066,FD-037,commercial,,social,127.6,False
MT309496,FD-037,residential,,social,141.0,False
MT308031,FD-018,residential,,social,121.8,True
MT302092,FD-022,residential,,domestic-low,148.7,True
MT304682,FD-035,residential,,commercial,57.5,False
MT308207,FD-017,commercial,,domestic-low,,True
MT302115,FD-013,residential,,commercial,109.6,True
MT301319,FD-022,industrial,,social,142.8,False
MT303359,FD-001,public,,domestic-low,138.3,False
MT306047,FD-003,public,,commercial,169.0,True
MT310865,FD-017,industrial,,domestic-low,,False
MT310423,FD-017,public,,domestic-standard,70.7,False
MT306780,FD-026,residential,,industrial,14.6,True
MT306024,FD-014,residential,,domestic-low,91.5,False
MT310371,FD-037,residential,,commercial,59.4,False
MT306455,FD-015,residential,2020-03-30,domestic-standard,13.9,True
MT302552,FD-004,public,,domestic-low,,True
MT309491,FD-036,residential,,domestic-low,136.6,False
MT305901,FD-035,commercial,,domestic-low,280.1,True
MT305924,FD-031,residential,2021-12-04,domestic-standard,,True
MT310277,FD-027,residential,,commercial,208.2,False
MT304466,FD-020,industrial,,industrial,83.4,False
MT305120,FD-016,residential,,domestic-low,,True
MT306913,FD-007,residential,,social,93.4,False
MT308849,FD-024,industrial,,domestic-low,,False
MT304348,FD-036,residential,,domestic-low,,False
MT301993,FD-012,residential,2023-03-29,domestic-standard,,True
MT306674,FD-003,public,,domestic-low,211.4,False
MT305046,FD-012,residential,,social,143.0,True
MT304588,FD-016,public,,industrial,34.7,False
MT300290,FD-036,residential,,commercial,55.3,False
MT306852,FD-008,commercial,,domestic-low,97.0,True
MT301779,FD-029,residential,,industrial,33.3,False
MT309727,FD-029,commercial,,social,171.3,False
MT304609,FD-033,industrial,,domestic-standard,,False
MT308884,FD-023,industrial,,commercial,87.3,True
MT307765,FD-032,public,,industrial,,True
MT301867,FD-020,residential,,domestic-low,23.5,False
MT300379,FD-006,commercial,2021-07-15,domestic-low,115.0,True
MT309147,FD-014,residential,,domestic-standard,,False
MT301482,FD-031,industrial,,social,,True
MT309668,FD-002,public,,domestic-standard,54.0,True
MT308327,FD-028,residential,,domestic-standard,,True
MT308588,FD-001,residential,,commercial,23.9,True
MT304842,FD-012,public,,domestic-low,95.6,False
MT306441,FD-013,public,,domestic-standard,64.6,False
MT306495,FD-021,residential,,commercial,,False
MT301449,FD-022,public,,social,160.8,False
MT309168,FD-018,public,,domestic-low,,True
MT304958,FD-007,residential,,domestic-low,42.1,True
MT308648,FD-032,public,,industrial,85.4,False
MT308444,FD-037,residential,,commercial,132.4,False
MT306231,FD-010,industrial,2022-03-31,domestic-standard,,True
MT308523,FD-035,industrial,2019-04-12,commercial,9.1,False
MT303575,FD-013,industrial,2023-08-05,social,136.0,False
MT310008,FD-037,residential,,domestic-standard,141.9,True
MT310341,FD-024,commercial,,domestic-low,70.3,True
MT301380,FD-032,residential,,domestic-low,86.5,True
MT302439,FD-030,residential,,social,43.9,True
MT307382,FD-018,residential,,commercial,166.5,True
MT307671,FD-027,industrial,,domestic-low,,True
MT304449,FD-037,residential,,domestic-standard,213.8,False
MT305631,FD-027,commercial,,social,,False
MT308650,FD-005,residential,,social,,False
MT302881,FD-022,public,,domestic-standard,143.6,False
MT303205,FD-030,industrial,,commercial,,True
MT304416,FD-024,industrial,,social,39.9,False
MT303227,FD-023,commercial,,domestic-standard,,False
MT304703,FD-030,residential,,industrial,,True
MT303555,FD-015,residential,,social,91.1,True
MT300733,FD-007,commercial,,industrial,8.6,False
MT303751,FD-034,industrial,,commercial,134.6,False
MT302562,FD-034,industrial,,domestic-standard,178.0,False
MT309139,FD-027,residential,,social,,False
MT310150,FD-025,residential,2023-12-08,domestic-standard,148.3,True
MT309774,FD-034,industrial,,domestic-low,,False
MT303684,FD-012,residential,,domestic-standard,52.0,True
MT304320,FD-013,public,,domestic-standard,77.8,True
MT300237,FD-027,public,,social,40.4,False
MT309286,FD-012,public,,domestic-standard,72.8,True
MT306147,FD-032,residential,2021-12-15,domestic-low,29.7,True
MT305975,FD-015,public,,social,,False
MT302868,FD-034,residential,,domestic-standard,21.6,True
MT305564,FD-017,industrial,,domestic-standard,244.4,True
MT303640,FD-036,commercial,,domestic-standard,115.0,False
MT306299,FD-004,public,,domestic-low,,True
MT310286,FD-034,public,,commercial,126.6,True
MT300258,FD-001,public,,commercial,21.4,True
MT303759,FD-025,residential,,social,105.9,True
MT308539,FD-025,residential,,domestic-low,95.3,False
MT310680,FD-005,commercial,,domestic-low,55.1,False
MT305774,FD-011,residential,,commercial,,True
MT300561,FD-037,public,,domestic-low,135.1,True
MT307704,FD-005,commercial,,domestic-low,176.2,True
MT304135,FD-009,commercial,,domestic-low,,True
MT304147,FD-003,public,,social,82.8,False
MT300576,FD-031,residential,,industrial,,True
MT308865,FD-030,public,,industrial,,False
MT300353,FD-005,residential,,industrial,28.0,True
MT305679,FD-018,industrial,,domestic-low,106.0,False
MT305211,FD-009,commercial,,industrial,147.9,True
MT304281,FD-017,residential,,social,79.6,False
MT301870,FD-032,residential,,domestic-low,100.5,False
MT301955,FD-021,commercial,,social,,True
MT301340,FD-003,industrial,2025-12-30,domestic-standard,128.8,True
MT301237,FD-025,public,,social,52.1,False
MT307840,FD-037,public,,social,,False
MT308882,FD-030,commercial,2019-05-05,domestic-low,,True
MT302756,FD-002,residential,,social,,True
MT306492,FD-009,public,,domestic-low,45.2,False
MT300867,FD-031,industrial,,social,,True
MT310187,FD-001,public,,domestic-low,,False
MT307022,FD-021,industrial,,domestic-standard,,False
MT301527,FD-010,public,,domestic-low,59.6,True
MT309548,FD-017,residential,,social,106.2,True
MT307761,FD-006,residential,,domestic-low,24.4,False
MT305280,FD-001,residential,2019-05-09,domestic-low,29.4,False
MT308261,FD-013,residential,2019-09-09,industrial,29.3,False
MT304083,FD-019,commercial,,domestic-low,52.2,False
MT306783,FD-010,residential,,social,,True
MT303850,FD-019,commercial,,domestic-low,72.1,False
MT307379,FD-031,industrial,,domestic-low,226.2,True
MT301473,FD-037,commercial,,domestic-low,11.8,False
MT304744,FD-014,public,,domestic-low,58.9,False
MT304927,FD-037,residential,2019-02-03,social,,False
MT310739,FD-037,industrial,,domestic-standard,212.8,False
MT303998,FD-011,industrial,,domestic-standard,,False
MT306934,FD-030,residential,,commercial,10.5,False
MT309265,FD-014,industrial,,domestic-low,86.8,False
MT305693,FD-032,residential,,commercial,,False
MT300894,FD-026,commercial,,industrial,,False
MT309275,FD-003,industrial,,social,,False
MT309525,FD-022,residential,,domestic-low,105.3,True
MT301674,FD-029,residential,,domestic-standard,,True
MT310694,FD-003,industrial,,domestic-standard,,False
MT307991,FD-022,industrial,,domestic-low,265.8,True
MT308474,FD-001,public,,social,82.0,True
MT310434,FD-036,residential,,commercial,27.5,True
MT301346,FD-037,industrial,,commercial,67.4,False
MT307543,FD-027,residential,2019-12-16,industrial,,False
MT308677,FD-025,industrial,,domestic-standard,176.1,False
MT302132,FD-013,industrial,,domestic-standard,124.5,False
MT308373,FD-020,residential,,domestic-low,38.9,True
MT310395,FD-018,residential,,domestic-standard,59.3,False
MT302772,FD-036,residential,,social,156.2,False
MT307773,FD-015,public,,commercial,70.3,True
MT303301,FD-027,industrial,,domestic-low,24.3,False
MT307504,FD-017,residential,,industrial,,False
MT307673,FD-006,public,,industrial,,False
MT310510,FD-004,public,2024-01-28,domestic-low,206.2,False
MT304370,FD-030,residential,,commercial,107.0,True
MT300367,FD-017,public,,domestic-standard,110.2,True
MT301959,FD-026,public,,domestic-low,50.0,False
MT306383,FD-015,residential,,domestic-low,,False
MT306350,FD-001,residential,,social,,False
MT306762,FD-015,residential,,social,110.6,True
MT303212,FD-010,public,,domestic-low,115.9,True
MT305399,FD-001,commercial,,domestic-low,140.0,False
MT300628,FD-011,public,2019-02-04,industrial,239.9,False
MT307064,FD-020,residential,,social,263.3,False
MT309597,FD-007,residential,,industrial,,True
MT303932,FD-034,industrial,,domestic-low,98.0,False
MT308091,FD-034,residential,,domestic-low,24.5,False
MT307123,FD-029,residential,,industrial,,False
MT306733,FD-002,commercial,,domestic-low,,True
MT302801,FD-008,residential,,domestic-low,161.8,False
MT310627,FD-026,residential,,domestic-low,,False
MT302876,FD-029,commercial,,social,,False
MT304258,FD-021,residential,,domestic-low,81.6,False
MT306696,FD-030,public,,domestic-low,135.1,False
MT300547,FD-034,commercial,,social,175.3,False
MT305637,FD-008,residential,,domestic-standard,,True
MT301289,FD-013,public,,social,117.0,True
MT303349,FD-010,residential,,domestic-low,,False
MT308005,FD-020,residential,,domestic-standard,,False
MT304224,FD-019,public,,domestic-low,143.7,True
MT303428,FD-019,commercial,,social,,True
MT302626,FD-030,residential,,domestic-low,,False
MT307516,FD-003,residential,,social,,False
MT302542,FD-023,commercial,,domestic-low,,True
MT306203,FD-028,public,2023-06-10,commercial,,False
MT303685,FD-029,residential,,social,195.8,False
MT306916,FD-034,residential,,domestic-standard,,True
MT309883,FD-036,public,,social,17.4,True
MT310378,FD-029,residential,,social,155.6,False
MT301819,FD-007,residential,,domestic-low,38.6,False
MT309104,FD-002,industrial,,domestic-low,187.7,True
MT306859,FD-002,public,,social,50.8,False
MT306601,FD-022,residential,,domestic-low,,True
MT308295,FD-015,industrial,,domestic-low,30.5,False
MT309403,FD-010,residential,,domestic-standard,16.5,True
MT304575,FD-007,residential,,industrial,,False
MT303075,FD-031,residential,,domestic-low,17.6,False
MT304163,FD-011,residential,,domestic-low,60.7,True
MT304690,FD-016,commercial,,industrial,14.7,False
MT301463,FD-029,industrial,,commercial,235.4,True
MT303052,FD-005,industrial,2020-08-19,commercial,87.5,False
MT305101,FD-036,residential,,domestic-standard,,False
MT305153,FD-007,public,2021-10-22,commercial,75.0,False
MT310477,FD-034,residential,,domestic-standard,59.7,False
MT303217,FD-028,public,,domestic-low,50.0,False
MT309008,FD-035,industrial,2025-02-05,domestic-low,53.0,True
MT303755,FD-024,public,,social,,False
MT308827,FD-007,public,,domestic-low,116.4,True
MT301548,FD-023,industrial,,commercial,141.1,False
MT305622,FD-035,residential,,domestic-low,60.1,False
MT308610,FD-015,industrial,,domestic-low,131.1,False
MT303182,FD-017,residential,,domestic-standard,154.0,True
MT301276,FD-010,residential,,industrial,,True
MT310702,FD-035,residential,,domestic-standard,28.3,True
MT310172,FD-032,industrial,2019-03-23,commercial,,False
MT308476,FD-003,residential,,commercial,,True
MT305390,FD-004,residential,,domestic-standard,,True
MT302281,FD-032,residential,,social,124.2,False
MT307360,FD-033,commercial,,industrial,181.6,True
MT309909,FD-027,residential,,domestic-standard,,False
MT304104,FD-035,commercial,,domestic-standard,115.2,False
MT305388,FD-036,residential,,commercial,21.9,False
MT310270,FD-010,commercial,,domestic-low,144.4,True
MT303298,FD-027,industrial,,domestic-low,,True
MT308734,FD-032,commercial,,domestic-standard,,True
MT309109,FD-034,commercial,,commercial,81.2,False
MT300742,FD-030,commercial,,domestic-standard,,False
MT302354,FD-008,residential,,domestic-low,12.3,False
MT306070,FD-026,public,,social,,False
MT304757,FD-023,residential,,domestic-standard,64.7,False
MT306650,FD-017,commercial,2025-07-21,industrial,275.2,True
MT300748,FD-021,industrial,,social,63.2,False
MT304698,FD-014,residential,,social,,True
MT308074,FD-021,public,,domestic-low,,True
MT310317,FD-009,residential,,commercial,179.9,True
MT309567,FD-010,residential,,domestic-standard,94.0,False
MT307056,FD-011,residential,,domestic-low,,False
MT310871,FD-019,residential,,domestic-low,14.3,False
MT310539,FD-029,residential,,industrial,133.1,True
MT310151,FD-031,residential,,domestic-low,212.2,False
MT306401,FD-020,residential,,domestic-standard,115.2,False
MT310453,FD-025,residential,2022-02-28,domestic-low,42.2,False
MT300488,FD-022,industrial,,domestic-low,,True
MT305523,FD-011,residential,,domestic-standard,135.2,False
MT305189,FD-009,commercial,,social,,False
MT303389,FD-020,commercial,,domestic-standard,93.4,True
MT301341,FD-003,residential,,industrial,,False
MT309591,FD-025,residential,,social,107.2,False
MT306417,FD-010,public,,industrial,,False
MT301003,FD-004,residential,,commercial,,False
MT309222,FD-002,industrial,,domestic-low,76.2,True
MT306905,FD-016,residential,,domestic-low,,True
MT310762,FD-010,commercial,,commercial,24.2,True
MT307300,FD-029,commercial,,domestic-low,,False
MT307714,FD-026,residential,2019-06-25,domestic-low,137.1,False
MT300214,FD-004,public,,commercial,194.9,True
MT308413,FD-033,residential,2020-04-01,domestic-low,52.4,True
MT301058,FD-024,residential,,social,48.8,True
MT306311,FD-026,residential,,domestic-standard,,True
MT308351,FD-025,public,,domestic-standard,,False
MT303743,FD-030,commercial,2020-11-04,industrial,55.5,False
MT300267,FD-023,residential,,domestic-low,,True
MT309685,FD-007,industrial,,commercial,94.2,True
MT304110,FD-001,residential,,social,,False
MT307539,FD-012,commercial,,domestic-standard,143.8,False
MT303673,FD-023,industrial,,domestic-low,48.6,False
MT300120,FD-036,residential,,domestic-standard,,False
MT310437,FD-024,residential,,commercial,,False
MT306512,FD-022,residential,,domestic-standard,,False
MT302057,FD-017,residential,,social,141.9,False
MT301535,FD-028,industrial,,domestic-low,,True
MT309060,FD-013,commercial,,domestic-low,,True
MT307098,FD-019,industrial,,domestic-low,95.1,False
MT304786,FD-025,residential,,domestic-low,209.4,False
MT310711,FD-034,commercial,,industrial,165.1,True
MT309312,FD-025,residential,,domestic-standard,,False
MT307027,FD-033,commercial,,industrial,113.8,False
MT303278,FD-010,residential,,industrial,,False
MT307831,FD-002,industrial,,domestic-standard,,True
MT308482,FD-025,residential,,commercial,,False
MT305017,FD-005,commercial,,domestic-standard,66.2,True
MT303271,FD-032,residential,,social,99.4,False
MT307783,FD-025,public,,domestic-standard,,True
MT307566,FD-014,residential,,domestic-low,,False
MT305451,FD-012,residential,,commercial,133.5,False
MT300652,FD-001,industrial,,domestic-standard,,True
MT300008,FD-020,residential,,social,206.3,True
MT304342,FD-037,residential,,social,,False
MT300053,FD-034,residential,,social,176.4,False
MT300683,FD-014,public,,domestic-low,,True
MT301832,FD-022,residential,,industrial,174.9,False
MT300234,FD-007,residential,,domestic-low,,True
MT306938,FD-001,industrial,,commercial,,False
MT302436,FD-021,public,,social,,False
MT302316,FD-017,residential,,social,,False
MT304917,FD-022,residential,,domestic-low,109.1,False
MT309971,FD-007,industrial,2021-10-19,social,106.1,False
MT302428,FD-020,residential,,domestic-low,104.7,True
MT303172,FD-001,residential,,domestic-low,,False
MT310471,FD-003,residential,,commercial,,False
MT308781,FD-027,public,,social,,True
MT302701,FD-030,residential,,domestic-low,42.2,False
MT303505,FD-012,residential,,domestic-low,93.5,True
MT304818,FD-036,residential,,domestic-low,,True
MT303646,FD-022,commercial,,commercial,188.4,True
MT303914,FD-010,commercial,,domestic-low,,False
MT306887,FD-001,residential,,commercial,,False
MT305913,FD-013,residential,,commercial,,False
MT310736,FD-019,commercial,,domestic-low,216.3,True
MT300539,FD-030,residential,,domestic-low,172.4,False
MT310829,FD-022,residential,,social,160.0,False
MT307793,FD-011,residential,,domestic-low,143.0,True
MT307308,FD-037,residential,,industrial,129.3,False
MT301941,FD-018,commercial,,domestic-low,232.8,False
MT304897,FD-030,commercial,,domestic-standard,,False
MT304804,FD-015,commercial,,commercial,,True
MT304145,FD-020,residential,,domestic-standard,92.8,False
MT303792,FD-016,commercial,2023-11-21,domestic-standard,25.4,False
MT300202,FD-004,industrial,,commercial,,False
MT304606,FD-035,residential,,commercial,,False
MT306145,FD-022,public,,domestic-low,123.6,False
MT305643,FD-014,public,,social,,True
MT301980,FD-017,residential,,industrial,,False
MT309316,FD-001,residential,2021-06-07,domestic-low,109.1,True
MT301208,FD-017,public,,commercial,71.6,True
MT302038,FD-008,industrial,2022-03-15,domestic-low,,True
MT310977,FD-026,residential,,commercial,13.8,True
MT305721,FD-021,residential,,social,,False
MT309211,FD-010,industrial,,domestic-low,66.6,True
MT302717,FD-024,public,,domestic-low,,False
MT306500,FD-011,industrial,,domestic-standard,,True
MT307303,FD-011,residential,,commercial,125.3,True
MT302373,FD-018,public,,commercial,,False
MT304214,FD-012,residential,,domestic-standard,84.2,True
MT306009,FD-031,commercial,,industrial,188.8,True
MT301202,FD-035,commercial,,industrial,126.9,False
MT303779,FD-009,public,,commercial,76.5,False
MT304603,FD-018,industrial,,industrial,18.0,False
MT300326,FD-035,residential,,domestic-low,,True
MT310922,FD-028,residential,,social,123.0,False
MT301845,FD-033,public,,commercial,170.0,False
MT305583,FD-013,public,,commercial,,False
MT309582,FD-029,residential,,domestic-low,72.8,False
MT307864,FD-018,industrial,2025-06-14,industrial,126.7,True
MT308359,FD-031,residential,,social,,False
MT301593,FD-001,industrial,,domestic-standard,104.9,False
MT307169,FD-015,residential,2021-10-31,industrial,112.4,False
MT300911,FD-020,residential,,social,85.2,False
MT310027,FD-002,industrial,,commercial,,True
MT305553,FD-010,public,,industrial,142.2,False
MT302124,FD-027,public,,domestic-low,,True
MT300772,FD-026,residential,,industrial,,True
MT309763,FD-030,residential,,domestic-low,,False
MT302411,FD-033,residential,,commercial,,True
MT300687,FD-017,commercial,,domestic-low,94.4,True
MT310450,FD-032,public,2020-04-27,social,68.5,False
MT306640,FD-024,commercial,,domestic-low,157.5,False
MT305174,FD-026,residential,,social,,False
MT307741,FD-022,public,,social,,True
MT300432,FD-018,commercial,,commercial,,False
MT309600,FD-016,industrial,,domestic-low,,False
MT305645,FD-031,residential,,domestic-low,16.9,False
MT303853,FD-015,industrial,,social,,True
MT307301,FD-024,residential,,domestic-low,176.6,False
MT308604,FD-008,industrial,,industrial,,False
MT300315,FD-037,public,2026-04-20,domestic-standard,,False
MT308871,FD-008,public,,industrial,,True
MT303373,FD-028,residential,,domestic-low,99.0,True
MT307318,FD-008,public,,social,,False
MT308593,FD-014,commercial,,industrial,107.8,True
MT302858,FD-021,residential,2021-07-21,social,89.3,False
MT303548,FD-001,industrial,,domestic-low,92.2,True
MT307564,FD-033,commercial,,commercial,210.8,True
MT309684,FD-033,residential,,domestic-standard,,False
MT306149,FD-004,public,2021-06-26,commercial,145.2,False
MT307629,FD-013,public,,industrial,,False
MT310522,FD-021,residential,2024-02-08,social,,False
MT308947,FD-016,residential,,domestic-standard,90.3,False
MT303224,FD-028,commercial,,social,41.6,True
MT309527,FD-003,residential,,domestic-low,109.1,True
MT302555,FD-036,residential,,domestic-standard,62.7,False
MT308662,FD-006,residential,,domestic-low,150.9,False
MT304330,FD-009,public,,domestic-low,182.9,False
MT308615,FD-022,commercial,,domestic-standard,,True
MT305895,FD-004,residential,,commercial,141.6,True
MT307433,FD-003,residential,,domestic-low,94.7,False
MT310162,FD-009,residential,,domestic-standard,62.8,True
MT305413,FD-006,public,,domestic-standard,164.9,False
MT307469,FD-036,public,,domestic-standard,78.1,False
MT308711,FD-009,residential,,social,103.6,True
MT308584,FD-014,residential,,domestic-low,52.8,False
MT309433,FD-008,residential,,commercial,112.8,False
MT310380,FD-023,commercial,,commercial,,True
MT301513,FD-004,residential,2020-04-29,domestic-low,123.2,True
MT301019,FD-028,residential,,domestic-low,136.2,True
MT303651,FD-027,residential,,domestic-low,102.9,False
MT303867,FD-003,public,,domestic-low,,True
MT309918,FD-007,commercial,,social,211.5,True
MT307613,FD-030,industrial,,commercial,123.3,False
MT303565,FD-022,residential,,domestic-standard,164.2,True
MT304993,FD-019,commercial,,domestic-low,,True
MT301108,FD-031,industrial,,domestic-low,,False
MT301334,FD-029,commercial,,domestic-low,162.1,True
MT302389,FD-037,residential,,domestic-low,,True
MT309276,FD-006,public,,industrial,,True
MT307688,FD-006,industrial,,commercial,15.7,True
MT301840,FD-003,residential,,industrial,123.9,False
MT308009,FD-014,commercial,,domestic-low,,False
MT303447,FD-035,residential,,domestic-low,124.3,True
MT302720,FD-035,commercial,,domestic-low,,False
MT301024,FD-008,residential,,social,100.3,True
MT307895,FD-017,residential,,domestic-low,87.5,True
MT305002,FD-025,residential,,domestic-low,,True
MT301292,FD-001,commercial,,domestic-low,,False
MT306061,FD-014,industrial,,commercial,268.6,False
MT307104,FD-012,commercial,,industrial,37.1,False
MT300247,FD-024,residential,,domestic-low,28.9,False
MT301913,FD-031,commercial,,commercial,163.1,False
MT305522,FD-009,residential,,industrial,,False
MT307832,FD-005,residential,,domestic-low,210.5,True
MT308811,FD-029,public,,domestic-low,112.5,False
MT308765,FD-036,commercial,,domestic-low,157.2,False
MT304533,FD-031,industrial,2021-05-28,industrial,45.0,True
MT309424,FD-033,public,,commercial,214.8,False
MT302873,FD-027,residential,,domestic-low,38.4,True
MT300613,FD-024,residential,,domestic-standard,109.9,False
MT304596,FD-024,industrial,,domestic-standard,,True
MT300286,FD-020,industrial,,commercial,81.6,False
MT302912,FD-010,residential,,domestic-low,,True
MT306928,FD-027,residential,,domestic-low,67.1,False
MT307365,FD-033,public,2021-01-05,domestic-standard,57.6,True
MT310641,FD-024,public,,domestic-standard,102.1,False
MT300685,FD-011,residential,,domestic-low,,True
MT300805,FD-017,residential,,industrial,103.0,False
MT302157,FD-025,residential,,domestic-low,188.2,True
MT301613,FD-019,residential,,domestic-low,137.8,False
MT308987,FD-026,commercial,,domestic-low,67.1,False
MT302008,FD-037,residential,,social,,True
MT308168,FD-019,residential,2020-06-24,domestic-low,,True
MT306575,FD-022,commercial,,domestic-low,,True
MT306029,FD-034,residential,,domestic-low,86.1,True
MT303469,FD-006,industrial,,domestic-low,189.6,False
MT310549,FD-033,industrial,,domestic-low,,True
MT303017,FD-027,residential,,domestic-low,45.3,True
MT305306,FD-001,residential,,domestic-low,97.9,False
MT301614,FD-017,public,,domestic-low,,False
MT303839,FD-013,residential,,industrial,66.8,False
MT306498,FD-018,industrial,,domestic-low,108.6,True
MT303760,FD-024,residential,,commercial,238.6,False
MT300981,FD-008,residential,,industrial,67.7,False
MT301764,FD-004,residential,,social,,True
MT310898,FD-026,residential,,industrial,,False
MT301061,FD-010,public,,industrial,,False
MT301904,FD-025,industrial,,domestic-standard,97.1,False
MT310978,FD-035,residential,,industrial,95.1,False
MT301167,FD-018,residential,,domestic-low,,False
MT308746,FD-007,industrial,,domestic-low,109.5,False
MT308799,FD-025,residential,,industrial,29.3,True
MT310764,FD-009,residential,,domestic-standard,,True
MT301882,FD-019,residential,,industrial,161.6,False
MT303493,FD-007,industrial,,domestic-standard,97.6,True
MT305436,FD-020,industrial,,industrial,103.3,True
MT301429,FD-017,industrial,,commercial,,True
MT300256,FD-020,commercial,,domestic-low,159.1,True
MT310902,FD-021,industrial,,industrial,53.4,False
MT303397,FD-018,public,,domestic-standard,53.2,True
MT304911,FD-026,commercial,,domestic-standard,255.7,True
MT310822,FD-033,residential,,commercial,28.2,False
MT305516,FD-033,residential,,domestic-low,177.3,True
MT309336,FD-012,residential,,social,219.3,False
MT305299,FD-020,residential,,commercial,65.8,True
MT305677,FD-033,residential,,commercial,20.2,False
MT309142,FD-033,public,,industrial,,False
MT307345,FD-005,industrial,,commercial,8.9,True
MT306130,FD-017,residential,,social,31.6,False
MT301018,FD-008,residential,,industrial,95.4,True
MT302074,FD-001,residential,,social,27.1,True
MT301679,FD-031,public,,domestic-low,,False
MT310931,FD-012,public,,domestic-low,187.6,True
MT304410,FD-029,residential,,domestic-low,79.8,False
MT302292,FD-023,public,2020-05-17,domestic-low,36.7,False
MT307775,FD-001,residential,,domestic-standard,176.3,False
MT304398,FD-014,residential,,commercial,90.5,True
MT301141,FD-029,public,,domestic-low,221.2,True
MT300280,FD-025,residential,,industrial,30.0,False
MT306144,FD-029,residential,2023-10-12,domestic-standard,102.5,True
MT308343,FD-030,public,,commercial,,False
MT303196,FD-017,public,,social,144.4,True
MT308445,FD-032,residential,,domestic-low,86.4,True
MT300010,FD-014,residential,,commercial,39.5,True
MT307346,FD-011,public,,social,,False
MT300936,FD-021,residential,,industrial,,True
MT307285,FD-031,industrial,,domestic-standard,,True
MT300138,FD-022,industrial,,commercial,,False
MT302502,FD-033,residential,,domestic-standard,29.2,False
MT300370,FD-006,residential,,domestic-standard,90.0,False
MT300970,FD-011,industrial,,domestic-low,,False
MT307749,FD-027,residential,,domestic-low,,False
MT307162,FD-036,industrial,,industrial,96.8,True
MT304989,FD-015,residential,,domestic-standard,,True
MT308256,FD-012,residential,,domestic-standard,57.8,False
MT310214,FD-026,public,,domestic-standard,89.3,False
MT304905,FD-020,residential,,social,200.9,False
MT307932,FD-005,residential,,domestic-standard,43.1,False
MT301951,FD-013,residential,,commercial,,False
MT300668,FD-036,commercial,,commercial,213.7,False
MT302976,FD-016,public,,industrial,,True
MT308441,FD-022,residential,,domestic-low,,True
MT305235,FD-010,public,,domestic-low,188.6,False
MT305561,FD-029,commercial,,industrial,228.2,True
MT303531,FD-009,residential,,commercial,168.5,False
MT300463,FD-012,commercial,2024-10-23,domestic-standard,122.0,False
MT304322,FD-017,residential,,domestic-low,276.8,True
MT300176,FD-023,commercial,,commercial,,True
MT305609,FD-004,public,,industrial,75.2,True
MT305600,FD-022,residential,,domestic-low,,True
MT305379,FD-029,industrial,,social,71.5,False
MT300909,FD-005,commercial,,domestic-low,,False
MT305570,FD-029,commercial,,domestic-low,82.7,True
MT305531,FD-009,residential,,industrial,,False
MT310073,FD-025,public,,social,13.8,False
MT307993,FD-010,residential,,domestic-low,,False
MT305589,FD-007,commercial,2019-03-23,domestic-low,27.0,True
MT304834,FD-011,industrial,,industrial,67.6,False
MT303735,FD-036,public,,domestic-low,108.2,False
MT302245,FD-029,commercial,,industrial,199.7,False
MT307068,FD-022,residential,,industrial,85.4,False
MT305359,FD-025,residential,,social,,True
MT301331,FD-004,residential,,industrial,164.6,True
MT310208,FD-017,industrial,,commercial,31.8,True
MT303445,FD-016,public,,domestic-standard,,True
MT304435,FD-035,public,,social,64.3,True
MT300328,FD-007,residential,,domestic-low,162.2,False
MT307602,FD-034,residential,,domestic-low,,True
MT302165,FD-011,industrial,,domestic-low,94.7,True
MT306506,FD-037,public,,domestic-standard,,True
MT306113,FD-025,public,,commercial,97.3,False
MT304459,FD-019,residential,,industrial,,True
MT304303,FD-024,residential,,commercial,41.2,True
MT300780,FD-026,residential,,social,95.5,False
MT300608,FD-029,residential,,commercial,,True
MT301586,FD-021,industrial,,commercial,134.4,True
MT307419,FD-016,commercial,,domestic-low,136.0,True
MT308211,FD-022,residential,,domestic-low,,True
MT302299,FD-021,industrial,,domestic-standard,40.9,True
MT303305,FD-035,industrial,,social,,True
MT309748,FD-006,commercial,,domestic-low,,False
MT302214,FD-003,residential,,domestic-low,,False
MT304650,FD-027,residential,,industrial,172.6,True
MT309076,FD-003,public,,social,28.0,False
MT309974,FD-018,residential,2024-10-07,domestic-low,,True
