meter_id,feeder_id,customer_type,installed_on,tariff_band,monthly_kwh_avg,prepaid
MT305729,FD-016,public,26/08/2023,industrial,,0
MT307480,FD-026,public,2025-07-09,commercial,,True
MT308834,FD-028,residential,07/02/2020,commercial,127.2,FALSE
MT309716,FD-002,industrial,2021-08-27,commercial,131.6 kWh,True
MT305213,FD-006,residential,2024-02-19,commercial,170.5,True
MT303726,FD-035,industrial,2020-10-26,industrial,102.9 kWh,False
MT304157,FD-022,industrial,2024-12-04,domestic-low,63.6 kWh,1
MT305489,FD-008,public,2022-10-29,social,188.4 kWh,TRUE
MT308478,FD-021,residential,2022-07-29,industrial,,False
MT307745,FD-033,residential,2023-08-13,domestic-low,,False
MT302039,FD-032,residential,2020-06-18,domestic-low,198.9 kWh,0
MT308963,FD-014,public,2020-03-17,social,117.3 kWh,no
MT306035,FD-003,commercial,2019-12-14,social,,1
MT308345,FD-034,residential,2020-10-14,social,,FALSE
MT307802,FD-016,residential,2019-06-30,domestic-low,8.1 kWh,False
MT300701,FD-002,residential,2020-09-02,social,,FALSE
MT309053,FD-020,industrial,2019-03-01,domestic-low,51.7 kWh,TRUE
MT310280,FD-023,public,2019-03-31,domestic-low,67.5,True
MT305856,FD-003,residential,2023-09-01,domestic-low,119.9 kWh,0
MT304582,FD-010,industrial,2020-07-13,domestic-standard,98.1,False
MT305442,FD-008,residential,2025-10-07,social,,no
MT301067,FD-001,industrial,2020-02-27,social,24.0,no
MT303859,FD-005,industrial,2025-10-14,industrial,73.7,no
MT309344,FD-027,residential,2024-02-10,domestic-standard,131.2,FALSE
MT310018,FD-029,industrial,2026-04-28,social,,yes
MT304777,FD-004,residential,03/06/2020,commercial,75.2 kWh,0
MT310495,FD-008,residential,2020-07-05,domestic-low,,False
MT310086,FD-001,commercial,2023-03-12,commercial,105.6 kWh,TRUE
MT306917,FD-012,residential,2024-12-30,domestic-standard,101.9 kWh,no
MT300743,FD-030,residential,08/10/2025,domestic-low,,True
MT307103,FD-015,industrial,2021-12-11,domestic-low,,TRUE
MT308022,FD-010,residential,2022-03-17,industrial,64.2 kWh,0
MT304298,FD-029,industrial,2023-11-27,commercial,145.9,1
MT307244,FD-019,residential,2019-01-24,commercial,103.7 kWh,1
MT304948,FD-017,residential,2025-07-09,social,60.5,FALSE
MT300253,FD-008,residential,02/10/2023,commercial,308.7,True
MT308944,FD-035,commercial,2024-02-24,domestic-low,114.2 kWh,0
MT301085,FD-033,residential,2023-07-01,domestic-low,166.7,no
MT304167,FD-001,industrial,2019-11-04,industrial,83.3 kWh,False
MT310618,FD-037,industrial,2022-07-03,domestic-low,,no
MT305692,FD-002,residential,2025-08-20,industrial,,yes
MT307578,FD-022,residential,2023-04-20,domestic-standard,,FALSE
MT304268,FD-006,commercial,2022-08-30,social,95.5,FALSE
MT308542,FD-001,residential,12/03/2023,commercial,,FALSE
MT310194,FD-025,residential,2022-06-02,domestic-low,,FALSE
MT307754,FD-001,commercial,2026-05-21,domestic-low,145.7 kWh,FALSE
MT301368,FD-031,public,2020-07-22,social,89.1,FALSE
MT307195,FD-035,residential,2020-11-03,commercial,158.9,TRUE
MT301040,FD-032,commercial,2026-05-20,domestic-low,,yes
MT306629,FD-018,residential,2026-01-10,domestic-low,,yes
MT308867,FD-014,residential,2020-06-08,industrial,43.0 kWh,1
MT310289,FD-010,residential,2023-08-08,industrial,13.0,TRUE
MT302425,FD-016,industrial,2020-12-18,domestic-low,,False
MT307748,FD-010,residential,2024-09-09,domestic-standard,51.9 kWh,TRUE
MT306088,FD-011,public,2021-12-20,domestic-low,85.6,False
MT309156,FD-037,public,16/05/2022,domestic-low,,True
MT306251,FD-029,industrial,2019-01-12,domestic-low,10.4 kWh,1
MT300690,FD-004,public,2020-10-26,domestic-low,119.3 kWh,yes
MT308777,FD-026,residential,2025-03-16,domestic-standard,74.4,False
MT308262,FD-030,residential,2023-01-31,domestic-low,103.3,yes
MT310920,FD-023,public,2023-03-06,domestic-standard,,yes
MT300019,FD-020,residential,2024-01-31,domestic-low,133.0 kWh,no
MT308167,FD-018,commercial,2023-09-11,domestic-standard,134.6 kWh,no
MT302602,FD-023,residential,2020-08-05,social,254.7 kWh,TRUE
MT310276,FD-010,industrial,2025-12-02,domestic-standard,,True
MT309739,FD-017,residential,2021-03-27,social,,TRUE
MT310383,FD-010,commercial,16/01/2024,social,11.7 kWh,FALSE
MT304781,FD-005,industrial,2020-07-10,commercial,24.6,True
MT308447,FD-017,commercial,2024-03-03,social,,FALSE
MT307052,FD-005,commercial,2025-04-14,commercial,13.2 kWh,False
MT308608,FD-004,commercial,2021-07-24,commercial,,1
MT308946,FD-011,residential,2023-08-13,commercial,,True
MT300421,FD-023,residential,2024-08-01,social,36.5 kWh,no
MT300274,FD-035,residential,2021-10-28,social,,no
MT309314,FD-005,residential,2025-03-27,social,40.6,TRUE
MT306648,FD-019,public,2019-10-06,industrial,117.5,TRUE
MT305405,FD-023,residential,2020-12-09,social,,FALSE
MT300167,FD-029,residential,2019-01-10,domestic-low,,False
MT306741,FD-036,residential,2019-04-30,industrial,60.0,0
MT309098,FD-030,residential,2021-01-11,domestic-low,,1
MT300533,FD-017,industrial,2025-08-20,domestic-low,15.6 kWh,yes
MT305398,FD-007,residential,2023-04-21,domestic-low,,1
MT310944,FD-010,residential,2020-10-16,domestic-standard,202.2,TRUE
MT307598,FD-032,public,2019-05-10,domestic-low,,1
MT308766,FD-008,residential,2020-04-24,domestic-standard,141.9,0
MT306072,FD-037,residential,2020-06-11,domestic-low,101.1,TRUE
MT307113,FD-006,public,2025-09-16,domestic-low,158.1,yes
MT309220,FD-001,residential,2021-06-17,domestic-low,,True
MT307800,FD-003,public,2025-01-22,domestic-low,119.7,no
MT302899,FD-034,residential,2023-08-02,domestic-standard,61.7 kWh,yes
MT308112,FD-026,public,2024-07-10,domestic-standard,195.9,FALSE
MT302662,FD-029,public,2024-02-26,commercial,92.6,False
MT306930,FD-005,public,2020-08-31,industrial,211.7 kWh,False
MT304085,FD-025,residential,2025-03-02,commercial,260.1,yes
MT310721,FD-030,residential,2025-06-16,domestic-low,58.1,FALSE
MT308272,FD-009,public,2019-01-24,domestic-low,109.6 kWh,False
MT310257,FD-026,residential,2024-03-21,domestic-low,115.1,False
MT308479,FD-018,industrial,2025-01-21,industrial,24.8,no
MT303453,FD-034,industrial,2021-04-17,domestic-standard,200.7 kWh,0
MT310970,FD-008,residential,2024-07-22,domestic-low,88.5 kWh,yes
MT300866,FD-003,industrial,2019-11-07,industrial,112.3,False
MT306571,FD-021,residential,2019-10-10,domestic-low,,0
MT307947,FD-030,residential,2019-11-22,industrial,62.9 kWh,1
MT309538,FD-009,commercial,2021-11-28,industrial,,TRUE
MT306060,FD-010,commercial,2021-05-26,social,,FALSE
MT306001,FD-037,residential,2025-01-30,domestic-low,,False
MT305521,FD-015,commercial,2020-06-12,domestic-low,42.9 kWh,FALSE
MT305014,FD-015,commercial,2025-11-08,industrial,,TRUE
MT308971,FD-034,residential,11/11/2019,social,169.0 kWh,1
MT305355,FD-024,residential,18/04/2020,domestic-low,,yes
MT304141,FD-004,industrial,2025-08-31,domestic-standard,,yes
MT306603,FD-003,residential,2019-12-29,commercial,,True
MT303451,FD-025,residential,2024-01-24,domestic-standard,123.8,0
MT308337,FD-024,residential,2025-06-24,industrial,114.6,FALSE
MT303228,FD-031,public,2023-03-26,domestic-low,19.7 kWh,1
MT307396,FD-003,public,2023-04-20,commercial,97.6 kWh,TRUE
MT305150,FD-028,residential,2021-11-21,domestic-low,230.6 kWh,False
MT309554,FD-018,industrial,2019-11-05,commercial,224.2 kWh,FALSE
MT303820,FD-006,residential,2019-02-27,domestic-low,97.3,yes
MT302682,FD-024,public,2022-07-11,domestic-standard,123.7,0
MT303507,FD-015,residential,2022-07-07,domestic-low,106.4 kWh,1
MT304949,FD-006,residential,2023-11-12,commercial,,no
MT307685,FD-030,residential,2024-03-16,industrial,151.5 kWh,FALSE
MT304280,FD-024,commercial,2022-06-14,industrial,,no
MT303073,FD-031,residential,30/11/2025,domestic-low,172.7,1
MT308953,FD-036,residential,2020-09-19,domestic-standard,167.5,True
MT310714,FD-011,residential,2025-07-17,domestic-standard,36.9 kWh,True
MT309016,FD-020,residential,2019-03-17,social,108.8,FALSE
MT300412,FD-003,residential,2022-08-27,domestic-standard,,1
MT305529,FD-010,public,2021-08-22,commercial,,no
MT309345,FD-002,residential,03/05/2024,commercial,103.8 kWh,yes
MT307443,FD-011,industrial,2021-10-21,commercial,134.2 kWh,0
MT306975,FD-030,commercial,2025-01-30,domestic-low,208.3,no
MT310175,FD-032,commercial,2022-08-07,commercial,,1
MT300069,FD-023,residential,22/07/2023,commercial,,TRUE
MT305602,FD-015,industrial,2025-03-28,domestic-low,,False
MT308654,FD-018,commercial,2020-02-08,social,160.0,False
MT303958,FD-012,residential,2022-03-20,domestic-standard,142.2,0
MT309710,FD-002,residential,2024-06-03,domestic-low,88.7 kWh,0
MT303897,FD-022,residential,2022-01-14,commercial,,yes
MT308651,FD-016,residential,2022-05-22,commercial,72.3 kWh,no
MT310241,FD-001,residential,2020-04-11,domestic-low,72.3 kWh,1
MT303164,FD-030,residential,2021-05-25,commercial,126.6,False
MT305534,FD-019,commercial,2023-09-09,domestic-standard,,0
MT307927,FD-023,industrial,2020-02-29,commercial,49.5,FALSE
MT307698,FD-011,commercial,2019-07-21,social,37.3,TRUE
MT310679,FD-002,public,2024-09-27,domestic-low,64.7 kWh,True
MT308307,FD-018,public,2021-04-15,industrial,134.5,False
MT300119,FD-016,residential,2023-04-19,commercial,,TRUE
MT306268,FD-017,public,2023-11-05,domestic-standard,,FALSE
MT303191,FD-016,commercial,2026-04-09,domestic-low,,False
MT305590,FD-004,industrial,2019-06-08,social,93.6 kWh,FALSE
MT307881,FD-010,residential,2021-02-21,commercial,204.6,no
MT303834,FD-026,industrial,2023-08-24,domestic-low,,yes
MT310530,FD-022,commercial,2020-10-21,domestic-low,130.2 kWh,1
MT304957,FD-014,residential,2020-03-24,commercial,,FALSE
MT308231,FD-008,residential,2026-03-05,domestic-low,,1
MT300456,FD-013,residential,2019-11-24,domestic-low,66.5,False
MT303645,FD-006,residential,2022-07-05,domestic-standard,38.0,True
MT305970,FD-001,commercial,2024-01-25,domestic-standard,199.0,TRUE
MT309318,FD-006,residential,2021-01-09,social,129.0,False
MT301926,FD-024,commercial,2025-02-18,domestic-low,,yes
MT306253,FD-037,residential,2020-05-22,social,,0
MT303584,FD-008,commercial,2024-06-23,commercial,47.1,yes
MT307018,FD-015,industrial,2025-10-31,social,,0
MT306537,FD-021,industrial,2020-07-06,commercial,,no
MT302323,FD-001,industrial,2022-11-04,industrial,,TRUE
MT305504,FD-034,public,2022-04-17,social,39.6 kWh,FALSE
MT310759,FD-032,residential,2025-07-19,commercial,,no
MT304345,FD-023,residential,2022-05-25,domestic-low,117.5,True
MT307050,FD-029,residential,2019-10-31,commercial,,TRUE
MT308079,FD-035,residential,2023-11-11,social,53.1,no
MT309821,FD-021,residential,2025-09-16,domestic-low,,True
MT309901,FD-006,industrial,2021-01-19,domestic-standard,,True
MT304474,FD-004,public,2022-06-08,social,,no
MT302785,FD-018,residential,2020-10-25,social,27.7 kWh,no
MT303256,FD-028,residential,2022-08-29,industrial,161.6 kWh,0
MT300769,FD-037,residential,2023-04-13,industrial,,0
MT306767,FD-018,commercial,2024-10-02,domestic-low,39.7 kWh,yes
MT300461,FD-020,residential,2023-06-05,domestic-low,21.5,yes
MT310050,FD-035,public,2025-05-02,domestic-low,,TRUE
MT306915,FD-005,industrial,2021-09-27,domestic-low,126.1,True
MT301721,FD-025,commercial,2022-07-08,industrial,136.6,True
MT304783,FD-017,public,2025-10-03,domestic-low,19.9,1
MT302508,FD-024,residential,2022-04-22,domestic-low,,no
MT304771,FD-009,industrial,2020-02-03,domestic-low,,TRUE
MT306699,FD-021,public,2023-03-07,social,,False
MT307423,FD-015,residential,2024-02-27,industrial,107.8,0
MT307533,FD-030,residential,2023-04-21,industrial,,1
MT300592,FD-022,residential,2020-06-16,domestic-low,107.4 kWh,FALSE
MT300133,FD-032,residential,14/12/2021,domestic-low,191.2 kWh,FALSE
MT310122,FD-033,commercial,2020-02-26,domestic-low,,no
MT307561,FD-031,industrial,2023-07-12,industrial,,TRUE
MT308541,FD-034,commercial,2026-03-16,domestic-low,134.5 kWh,yes
MT310040,FD-030,residential,2022-09-16,social,,1
MT302030,FD-024,residential,2023-05-04,domestic-low,102.4,TRUE
MT308960,FD-035,residential,2019-04-13,domestic-low,44.2,yes
MT305668,FD-019,commercial,2021-09-22,domestic-low,55.2 kWh,True
MT304095,FD-012,commercial,2019-03-10,domestic-standard,,TRUE
MT302598,FD-026,residential,2020-03-04,social,133.2,True
MT304200,FD-007,residential,2023-10-02,commercial,,no
MT301286,FD-025,public,07/09/2025,industrial,,False
MT305426,FD-002,industrial,18/04/2025,social,221.5 kWh,TRUE
MT304267,FD-007,commercial,2020-05-08,domestic-low,70.5 kWh,FALSE
MT309128,FD-025,public,2022-09-05,domestic-standard,12.7,0
MT301751,FD-033,industrial,2021-10-19,commercial,123.4,yes
MT309601,FD-004,residential,2019-04-14,social,,False
MT304821,FD-028,commercial,2020-06-25,commercial,15.1 kWh,False
MT304058,FD-008,residential,2025-05-25,industrial,151.8,FALSE
MT302337,FD-024,public,2023-12-15,social,,yes
MT301960,FD-010,residential,2020-12-03,social,,0
MT310245,FD-008,residential,2022-04-22,domestic-low,,yes
MT302730,FD-029,residential,13/07/2024,domestic-low,,yes
MT307567,FD-001,residential,2020-09-10,industrial,98.3 kWh,TRUE
MT306735,FD-015,residential,2019-11-10,social,106.3 kWh,False
MT306342,FD-014,public,2023-03-25,commercial,67.8 kWh,False
MT302220,FD-013,commercial,27/07/2021,industrial,239.0 kWh,True
MT309980,FD-002,industrial,2020-05-07,domestic-low,,no
MT305508,FD-006,industrial,25/01/2021,domestic-standard,232.0,TRUE
MT309335,FD-034,commercial,2020-09-23,domestic-low,,True
MT308845,FD-002,residential,2026-01-24,domestic-low,260.1,True
MT310160,FD-002,residential,29/07/2019,social,110.3,True
MT300424,FD-010,residential,2023-10-22,commercial,112.7 kWh,1
MT306729,FD-007,commercial,2026-01-17,domestic-low,204.2,0
MT301372,FD-030,public,2024-12-10,domestic-standard,103.2 kWh,FALSE
MT309428,FD-021,industrial,2024-08-08,domestic-low,140.4,FALSE
MT305208,FD-034,public,2023-05-30,domestic-standard,122.6 kWh,FALSE
MT302963,FD-015,industrial,2021-01-23,social,126.7 kWh,no
MT302759,FD-035,residential,14/03/2026,social,221.4 kWh,0
MT304841,FD-029,residential,2020-05-22,domestic-low,,TRUE
MT302405,FD-030,commercial,2020-10-15,commercial,,TRUE
MT300737,FD-025,residential,2023-05-11,social,,True
MT310792,FD-020,residential,11/03/2020,domestic-low,73.7,TRUE
MT309340,FD-018,residential,2019-05-23,domestic-low,,no
MT304301,FD-030,industrial,2021-09-14,commercial,71.2,TRUE
MT300826,FD-028,industrial,2020-01-26,industrial,,1
MT305001,FD-002,commercial,2025-07-11,domestic-low,102.5,True
MT306711,FD-016,residential,2026-03-07,industrial,,0
MT300094,FD-018,commercial,2019-11-21,social,87.6,0
MT309653,FD-022,public,2019-06-22,domestic-low,37.1,1
MT300875,FD-036,residential,2023-08-12,domestic-low,,FALSE
MT301015,FD-036,residential,2025-02-05,industrial,80.4 kWh,no
MT303592,FD-037,industrial,2019-06-01,industrial,220.6,FALSE
MT310066,FD-014,industrial,2019-08-26,domestic-low,37.3 kWh,True
MT307951,FD-012,residential,2022-06-25,industrial,,FALSE
MT303550,FD-024,industrial,08/01/2025,domestic-low,100.0,False
MT304531,FD-018,residential,03/03/2026,social,,TRUE
MT307265,FD-014,commercial,2019-10-15,domestic-standard,194.3 kWh,no
MT304685,FD-023,commercial,2019-03-14,domestic-low,151.2,yes
MT307407,FD-018,residential,2025-08-20,domestic-standard,,0
MT305728,FD-015,commercial,2019-05-02,industrial,30.4 kWh,True
MT310798,FD-037,residential,2023-01-27,commercial,,1
MT306766,FD-014,residential,2024-01-21,industrial,176.8,0
MT305023,FD-036,residential,2020-11-27,domestic-low,,no
MT305250,FD-023,residential,26/12/2022,domestic-standard,,TRUE
MT300995,FD-031,commercial,2020-07-23,domestic-low,152.6 kWh,1
MT303647,FD-011,industrial,2025-01-17,domestic-low,142.9,TRUE
MT306196,FD-005,residential,2026-01-30,commercial,195.7 kWh,no
MT304532,FD-027,residential,25/11/2021,industrial,,yes
MT309762,FD-017,public,2022-12-16,domestic-standard,68.1,FALSE
MT301581,FD-021,industrial,2022-06-02,domestic-low,233.4,0
MT306172,FD-001,residential,2022-02-15,domestic-low,49.5,TRUE
MT309304,FD-027,commercial,21/08/2022,social,,0
MT304599,FD-027,industrial,2019-05-20,commercial,158.9 kWh,False
MT307519,FD-014,residential,2020-11-05,commercial,103.8,FALSE
MT309581,FD-028,public,2022-01-13,commercial,122.4,1
MT300377,FD-001,residential,2023-08-22,industrial,,False
MT300460,FD-002,public,2019-08-21,commercial,158.5,False
MT303365,FD-010,commercial,2023-01-13,industrial,,FALSE
MT309648,FD-020,public,2024-12-01,industrial,180.5 kWh,yes
MT309390,FD-001,residential,2022-10-06,domestic-low,,FALSE
MT308088,FD-001,residential,2020-06-04,industrial,126.2,True
MT305816,FD-031,commercial,16/03/2019,commercial,,1
MT305173,FD-005,public,2019-09-28,industrial,,no
MT304481,FD-005,industrial,2022-08-11,social,38.6,1
MT307253,FD-001,industrial,2026-03-08,domestic-low,,no
MT302844,FD-012,industrial,2020-07-10,commercial,46.9 kWh,0
MT300977,FD-024,public,2025-05-18,social,100.9,False
MT300778,FD-012,residential,2022-01-03,domestic-low,,0
MT303620,FD-002,commercial,2020-10-28,domestic-low,91.1 kWh,0
MT302310,FD-021,industrial,2022-03-21,domestic-standard,73.1,False
MT301404,FD-022,residential,28/08/2023,social,,0
MT309232,FD-037,residential,2020-09-30,domestic-low,63.0 kWh,FALSE
MT306105,FD-026,residential,05/03/2026,commercial,107.9 kWh,yes
MT309206,FD-028,industrial,2019-03-14,domestic-low,129.7 kWh,False
MT307478,FD-020,residential,2023-04-06,industrial,,1
MT309122,FD-031,industrial,2024-11-22,social,,FALSE
MT305960,FD-030,industrial,2024-11-23,domestic-standard,240.2,TRUE
MT300943,FD-032,residential,2023-02-08,domestic-low,19.4 kWh,0
MT310459,FD-008,residential,2023-05-14,social,58.1 kWh,FALSE
MT303091,FD-022,public,2022-11-22,domestic-low,,0
MT309250,FD-036,industrial,2025-09-20,domestic-standard,140.9,1
MT300360,FD-016,industrial,2020-10-27,domestic-standard,37.3,True
MT308999,FD-019,industrial,2025-10-19,domestic-standard,,no
MT307373,FD-003,residential,2024-03-25,domestic-low,,yes
MT310646,FD-029,public,14/02/2020,industrial,231.5,False
MT310879,FD-004,public,2021-06-08,domestic-standard,82.5,yes
MT306236,FD-011,industrial,2021-12-10,domestic-standard,178.3,0
MT309738,FD-037,commercial,2021-10-10,domestic-low,,0
MT304122,FD-011,public,30/11/2021,domestic-standard,43.5 kWh,1
MT310519,FD-028,residential,2021-04-15,domestic-low,106.8 kWh,False
MT304377,FD-019,residential,2023-04-26,domestic-low,31.7,no
MT305787,FD-001,residential,2021-10-28,domestic-low,150.1,yes
MT308199,FD-034,public,2019-08-17,domestic-low,,FALSE
MT305956,FD-024,industrial,2022-09-12,domestic-low,96.5,False
MT303408,FD-005,residential,2019-03-15,industrial,225.9 kWh,no
MT306805,FD-002,residential,2024-08-02,industrial,179.5 kWh,True
MT302242,FD-015,industrial,2022-03-02,industrial,235.7,no
MT310020,FD-015,residential,2025-06-27,domestic-low,,1
MT310092,FD-029,residential,2019-01-17,industrial,,False
MT306190,FD-008,residential,2023-10-12,industrial,,TRUE
MT309321,FD-022,commercial,2021-04-06,domestic-standard,,1
MT305449,FD-037,residential,2019-02-15,industrial,246.5,1
MT300705,FD-010,industrial,2024-12-11,domestic-standard,,FALSE
MT310336,FD-008,public,2026-02-04,industrial,115.7 kWh,no
MT304271,FD-007,residential,2021-01-30,domestic-standard,171.5 kWh,TRUE
MT300071,FD-010,commercial,2019-09-22,industrial,96.9 kWh,1
MT309375,FD-033,residential,2019-02-22,commercial,72.4 kWh,1
MT310421,FD-001,residential,18/06/2023,domestic-standard,,1
MT307171,FD-012,residential,2026-04-23,commercial,,False
MT300227,FD-037,residential,2021-12-25,domestic-low,155.8 kWh,yes
MT302036,FD-012,residential,2023-09-10,domestic-standard,,no
MT309902,FD-033,industrial,31/07/2020,social,,yes
MT310133,FD-032,residential,22/11/2022,domestic-standard,36.2,False
MT310532,FD-030,public,2022-06-18,social,162.9,1
MT303432,FD-007,residential,2019-06-06,domestic-standard,,0
MT303468,FD-021,commercial,2020-06-26,domestic-standard,79.2,False
MT302058,FD-010,residential,2021-06-07,domestic-low,,TRUE
MT301967,FD-035,residential,2019-04-01,commercial,186.1,False
MT309511,FD-013,residential,2025-08-06,domestic-low,23.6,TRUE
MT310119,FD-037,commercial,2019-10-25,domestic-low,76.4 kWh,TRUE
MT304261,FD-027,industrial,02/10/2022,social,76.5 kWh,True
MT301059,FD-014,industrial,2021-07-15,domestic-low,,FALSE
MT300153,FD-009,commercial,2020-08-21,social,79.6 kWh,0
MT304288,FD-035,residential,30/04/2019,domestic-low,,FALSE
MT309646,FD-029,public,2020-08-25,domestic-low,,yes
MT305394,FD-022,commercial,2020-08-02,social,88.4,FALSE
MT302364,FD-003,residential,2025-07-04,industrial,,True
MT301175,FD-006,residential,2024-02-21,domestic-low,,TRUE
MT310628,FD-013,public,2025-11-30,industrial,,TRUE
MT310181,FD-030,residential,2020-04-15,industrial,93.0,1
MT309924,FD-027,commercial,2020-11-20,industrial,84.1 kWh,TRUE
MT308338,FD-001,industrial,2022-02-26,social,16.0,1
MT303980,FD-013,commercial,2022-04-06,industrial,51.0 kWh,FALSE
MT303700,FD-008,commercial,2023-02-06,social,144.8,FALSE
MT306832,FD-029,public,2021-05-31,domestic-low,,0
MT308557,FD-029,residential,2024-01-20,domestic-low,152.8 kWh,FALSE
MT304518,FD-007,residential,05/07/2021,domestic-standard,141.3 kWh,no
MT302332,FD-032,residential,2021-08-09,domestic-low,,TRUE
MT301585,FD-025,commercial,2025-03-18,industrial,75.9 kWh,True
MT301437,FD-023,public,2020-07-18,domestic-low,68.7,False
MT301905,FD-001,industrial,2021-11-13,domestic-standard,,TRUE
MT308573,FD-035,public,2019-08-18,domestic-low,237.4,no
MT302825,FD-014,residential,2022-06-14,commercial,114.3,yes
MT301119,FD-027,commercial,2022-04-16,domestic-low,,1
MT310849,FD-009,residential,05/10/2019,domestic-low,121.2 kWh,True
MT310681,FD-035,commercial,2019-04-13,commercial,170.5 kWh,0
MT304243,FD-033,commercial,2020-07-18,domestic-low,,FALSE
MT305575,FD-008,residential,2023-07-30,domestic-low,134.2 kWh,0
MT303380,FD-021,industrial,22/12/2023,social,,True
MT309786,FD-029,public,2019-09-27,domestic-low,11.3,1
MT306389,FD-023,industrial,2024-01-12,domestic-standard,,no
MT301971,FD-015,residential,2020-10-02,industrial,37.1,0
MT308369,FD-026,industrial,2023-07-04,social,,0
MT302212,FD-011,residential,2024-08-04,domestic-standard,51.3,no
MT305585,FD-008,residential,2020-06-04,domestic-standard,129.6,True
MT306541,FD-012,industrial,2023-07-18,domestic-low,55.1,no
MT310735,FD-018,public,2023-01-17,social,,no
MT302109,FD-028,residential,2021-05-18,domestic-standard,143.7 kWh,True
MT301350,FD-012,residential,2025-03-23,domestic-low,94.5 kWh,FALSE
MT300710,FD-033,residential,2022-01-21,domestic-low,105.5,1
MT304121,FD-027,commercial,2024-06-30,domestic-low,95.7,yes
MT310859,FD-001,residential,2025-06-22,domestic-low,67.0 kWh,False
MT307031,FD-004,residential,2024-08-29,industrial,,1
MT308809,FD-016,industrial,2021-11-18,domestic-low,59.0,TRUE
MT310925,FD-010,public,2022-07-03,domestic-standard,125.8 kWh,no
MT300697,FD-014,residential,2025-01-09,commercial,97.1,0
MT310368,FD-029,industrial,2022-05-25,social,,True
MT302826,FD-016,residential,2025-04-06,domestic-low,133.5,True
MT300585,FD-012,residential,2021-02-16,social,107.1 kWh,True
MT306277,FD-023,residential,2020-03-17,social,,no
MT308264,FD-024,residential,2020-01-07,domestic-low,,no
MT307623,FD-014,residential,2019-05-01,industrial,186.3 kWh,TRUE
MT310555,FD-003,public,2020-08-07,commercial,151.5,no
MT304148,FD-018,industrial,2026-03-02,domestic-standard,,yes
MT310022,FD-005,industrial,2019-01-29,domestic-standard,,no
MT309708,FD-037,public,10/03/2025,social,28.5,FALSE
MT306384,FD-031,public,2024-05-10,domestic-standard,,TRUE
MT309860,FD-029,residential,22/09/2020,social,,1
MT300973,FD-026,industrial,2019-10-15,domestic-standard,151.2,True
MT302877,FD-026,industrial,2019-01-29,domestic-low,,True
MT304947,FD-017,public,2019-07-08,domestic-standard,,0
MT305897,FD-007,residential,2021-09-13,domestic-standard,,FALSE
MT310178,FD-027,residential,2021-09-29,social,,0
MT301574,FD-009,commercial,2019-06-05,domestic-low,119.3 kWh,False
MT309036,FD-001,residential,2024-11-24,social,183.6 kWh,no
MT308423,FD-023,industrial,2021-11-26,social,63.4,no
MT305742,FD-022,residential,15/12/2024,domestic-low,197.0 kWh,True
MT310360,FD-029,residential,2021-07-20,domestic-low,42.2 kWh,TRUE
MT300072,FD-024,residential,2020-07-16,domestic-low,,FALSE
MT310903,FD-009,residential,14/03/2023,domestic-low,80.2,TRUE
MT308175,FD-034,residential,2021-04-23,commercial,74.0,True
MT307026,FD-015,industrial,2024-02-10,domestic-low,84.8,TRUE
MT302276,FD-023,residential,2019-10-08,domestic-low,87.3 kWh,1
MT302617,FD-022,residential,2023-07-27,domestic-low,21.5 kWh,0
MT304338,FD-015,public,2020-11-03,domestic-low,59.2 kWh,FALSE
MT302524,FD-027,residential,2024-02-03,commercial,,True
MT301769,FD-025,industrial,2024-06-26,commercial,207.8 kWh,1
MT301396,FD-032,commercial,2022-04-24,domestic-low,37.7 kWh,FALSE
MT309294,FD-033,residential,2019-06-24,commercial,248.2 kWh,no
MT308941,FD-007,residential,03/12/2025,domestic-low,,False
MT306285,FD-010,public,03/06/2021,social,14.3,yes
MT301735,FD-036,residential,2023-12-11,commercial,,1
MT304884,FD-002,residential,2022-10-27,commercial,,TRUE
MT307390,FD-022,residential,2024-01-31,domestic-standard,17.3,no
MT302283,FD-037,industrial,2023-08-13,social,114.1 kWh,yes
MT302922,FD-025,industrial,2022-08-04,industrial,,0
MT310603,FD-032,residential,2020-11-30,domestic-low,183.1,FALSE
MT306676,FD-025,public,2026-01-23,domestic-standard,,FALSE
MT300495,FD-037,residential,2025-08-26,domestic-standard,167.2 kWh,True
MT304232,FD-037,public,24/10/2019,domestic-low,,no
MT301070,FD-004,residential,2022-06-18,commercial,,False
MT307042,FD-008,industrial,2019-07-27,industrial,,1
MT303960,FD-033,residential,2019-11-06,domestic-standard,133.8 kWh,no
MT303610,FD-034,residential,2025-08-31,social,114.1,True
MT309551,FD-018,residential,2023-07-03,domestic-low,,TRUE
MT305765,FD-029,industrial,2022-12-22,commercial,169.6 kWh,0
MT302576,FD-013,residential,2020-12-22,domestic-low,128.8 kWh,True
MT301777,FD-009,public,2021-12-11,social,151.7 kWh,no
MT306499,FD-008,residential,2024-03-18,domestic-low,9.2,True
MT301112,FD-035,public,2022-03-15,social,,False
MT302715,FD-002,residential,2019-12-13,domestic-low,,TRUE
MT300572,FD-004,commercial,2022-07-11,commercial,,1
MT300346,FD-033,residential,2022-12-01,commercial,247.6,False
MT301981,FD-023,residential,2019-07-13,social,58.4 kWh,yes
MT303425,FD-006,residential,2023-03-28,industrial,72.9,1
MT307304,FD-009,residential,2020-05-30,social,,True
MT303681,FD-028,commercial,2022-09-07,social,67.2,yes
MT300089,FD-028,residential,2020-08-31,domestic-standard,,TRUE
MT308756,FD-021,industrial,2020-09-18,domestic-low,48.5 kWh,False
MT303655,FD-012,residential,2021-01-03,domestic-standard,187.9 kWh,1
MT304378,FD-035,residential,2019-08-07,domestic-low,176.5,0
MT307358,FD-001,commercial,2019-09-09,industrial,,0
MT300962,FD-027,industrial,16/01/2019,domestic-low,140.3,1
MT303418,FD-015,commercial,2025-03-14,commercial,,FALSE
MT303006,FD-024,residential,2021-02-28,commercial,,1
MT307655,FD-036,residential,2026-05-07,domestic-low,116.0,False
MT303551,FD-022,commercial,2019-11-16,domestic-low,,0
MT309868,FD-005,public,2019-11-25,domestic-low,114.6,False
MT303398,FD-002,residential,2024-11-28,social,,yes
MT303132,FD-032,residential,23/11/2021,domestic-low,,FALSE
MT306003,FD-023,commercial,2019-07-24,commercial,,1
MT301150,FD-017,residential,2024-10-09,social,,1
MT301742,FD-014,residential,02/03/2023,domestic-standard,123.2 kWh,0
MT305310,FD-001,residential,19/09/2019,commercial,,yes
MT304633,FD-006,public,2023-05-19,domestic-standard,154.1,True
MT310929,FD-030,residential,01/03/2025,commercial,179.5 kWh,yes
MT300638,FD-015,residential,2024-11-17,domestic-low,14.7 kWh,True
MT308067,FD-030,commercial,2023-05-01,commercial,,True
MT308126,FD-032,commercial,30/07/2022,social,83.2,0
MT300434,FD-027,commercial,2023-09-30,industrial,72.1 kWh,0
MT301740,FD-006,residential,2025-09-30,domestic-low,,yes
MT303807,FD-011,public,2021-01-03,industrial,185.5 kWh,FALSE
MT307403,FD-019,residential,2023-07-18,domestic-standard,46.2 kWh,FALSE
MT300891,FD-033,industrial,04/04/2024,domestic-standard,14.5 kWh,1
MT309396,FD-034,residential,2026-02-26,commercial,63.7,True
MT305642,FD-009,residential,2021-12-04,domestic-low,,no
MT304012,FD-013,residential,2024-08-18,domestic-standard,67.6,True
MT307408,FD-036,residential,2020-01-10,domestic-standard,,True
MT309835,FD-024,residential,2020-09-21,domestic-standard,,1
MT307322,FD-009,commercial,11/09/2023,domestic-low,77.5 kWh,0
MT309460,FD-032,residential,2025-12-18,industrial,77.8 kWh,1
MT306178,FD-035,residential,2024-04-11,domestic-standard,,yes
MT309186,FD-021,residential,2025-09-19,domestic-low,104.5,no
MT305957,FD-029,residential,2024-06-28,domestic-low,226.1 kWh,yes
MT300978,FD-017,industrial,2026-02-28,social,51.5 kWh,TRUE
MT307278,FD-006,residential,2022-06-21,domestic-low,88.6 kWh,TRUE
MT305593,FD-002,industrial,2025-07-10,domestic-standard,,0
MT308332,FD-019,residential,21/04/2023,domestic-low,190.9 kWh,yes
MT310797,FD-013,residential,2020-04-29,domestic-standard,112.1,0
MT302300,FD-017,commercial,2019-11-02,domestic-low,,yes
MT301124,FD-017,public,2020-10-20,social,208.4,0
MT305032,FD-019,residential,2024-01-03,social,23.1,FALSE
MT309026,FD-014,residential,2021-09-10,domestic-low,210.0 kWh,0
MT300804,FD-008,residential,2021-10-19,domestic-low,,no
MT306655,FD-010,industrial,2019-06-30,domestic-low,59.3 kWh,False
MT305490,FD-010,residential,2023-02-07,commercial,119.3,yes
MT303480,FD-030,industrial,2022-05-18,industrial,199.3,TRUE
MT307511,FD-034,commercial,2020-07-26,domestic-low,70.2,0
MT310379,FD-036,residential,2020-05-23,domestic-low,87.7 kWh,yes
MT307876,FD-035,commercial,2023-09-15,social,147.1,TRUE
MT305891,FD-034,commercial,17/10/2019,domestic-low,134.1,0
MT305493,FD-027,public,2024-11-08,industrial,,yes
MT300391,FD-028,residential,26/06/2023,domestic-low,204.6 kWh,no
MT302194,FD-012,residential,2020-03-30,domestic-low,,True
MT307978,FD-031,residential,2023-02-24,commercial,27.4,yes
MT300666,FD-031,residential,2023-06-08,domestic-low,,0
MT302944,FD-010,commercial,2024-11-27,industrial,181.0,TRUE
MT310548,FD-019,residential,06/07/2022,domestic-standard,109.5 kWh,FALSE
MT310399,FD-031,industrial,2021-10-24,domestic-standard,17.6,False
MT301266,FD-007,residential,2020-09-09,commercial,120.8,False
MT302455,FD-030,residential,2024-03-27,domestic-low,,0
MT301299,FD-007,public,2020-03-12,domestic-low,140.1 kWh,False
MT307509,FD-008,industrial,2020-11-06,domestic-low,,False
MT303882,FD-032,commercial,2019-05-23,domestic-standard,42.4 kWh,0
MT308876,FD-006,residential,15/06/2020,domestic-low,142.4 kWh,False
MT302833,FD-036,commercial,2022-11-07,domestic-standard,,FALSE
MT302262,FD-010,public,2025-04-25,domestic-low,181.3,yes
MT302071,FD-020,public,2022-02-24,domestic-low,146.5 kWh,0
MT308468,FD-029,residential,2021-06-23,domestic-low,8.8 kWh,1
MT306410,FD-030,public,2024-03-07,domestic-low,97.9,TRUE
MT304692,FD-017,industrial,2020-05-27,domestic-standard,130.0,False
MT305801,FD-005,industrial,21/04/2024,domestic-low,168.0 kWh,yes
MT303050,FD-005,industrial,2020-12-21,social,78.8 kWh,yes
MT306573,FD-015,residential,2022-10-03,industrial,225.7,0
MT305798,FD-004,residential,2021-01-31,industrial,10.0 kWh,yes
MT303331,FD-021,residential,2020-04-24,commercial,71.5 kWh,0
MT300753,FD-003,residential,2021-10-25,domestic-low,,yes
MT308507,FD-015,residential,2023-05-31,domestic-standard,,False
MT306427,FD-012,public,2020-03-30,social,,1
MT305711,FD-034,residential,29/05/2025,domestic-low,,0
MT308656,FD-031,residential,2026-02-23,domestic-low,,yes
MT302227,FD-006,industrial,2026-03-07,industrial,205.3 kWh,FALSE
MT300979,FD-028,industrial,2024-09-25,commercial,,yes
MT300704,FD-002,industrial,2019-04-26,industrial,41.9,True
MT303866,FD-014,public,2024-06-19,domestic-standard,20.1,True
MT309146,FD-034,public,2023-12-03,domestic-low,123.1 kWh,False
MT305772,FD-001,residential,20/02/2020,commercial,78.3 kWh,True
MT310953,FD-013,public,06/03/2023,social,,0
MT310665,FD-013,industrial,2019-05-27,social,117.2 kWh,no
MT307814,FD-010,residential,2020-01-26,commercial,,True
MT308014,FD-020,industrial,2023-04-24,domestic-standard,38.5,TRUE
MT302387,FD-034,commercial,2020-12-29,domestic-low,155.7 kWh,False
MT300101,FD-027,commercial,2020-11-03,domestic-standard,109.0,1
MT303989,FD-028,industrial,2022-12-02,social,,yes
MT310106,FD-016,public,22/01/2023,social,30.0,1
MT302459,FD-029,public,2020-07-24,domestic-low,,1
MT300137,FD-012,commercial,2024-08-13,domestic-standard,,yes
MT304484,FD-036,commercial,2025-07-04,commercial,,True
MT309358,FD-035,industrial,2019-07-19,domestic-standard,111.8,no
MT309383,FD-011,residential,2022-08-13,domestic-low,217.5,True
MT306049,FD-036,residential,2025-05-07,domestic-standard,,1
MT304485,FD-018,industrial,2021-11-27,domestic-low,197.9,TRUE
MT300740,FD-034,residential,2021-12-11,domestic-low,,True
MT302518,FD-004,public,2021-11-10,industrial,83.4,False
MT302581,FD-034,industrial,2021-09-29,domestic-low,42.9,1
MT310785,FD-004,industrial,2020-08-17,domestic-low,,1
MT302080,FD-015,public,2022-01-21,industrial,,no
MT306478,FD-015,industrial,2025-04-11,domestic-low,232.0,True
MT308214,FD-006,commercial,2023-04-16,domestic-low,,True
MT302878,FD-011,commercial,2023-03-20,domestic-low,10.0,TRUE
MT309425,FD-037,residential,2019-12-07,commercial,,False
MT301660,FD-025,commercial,2021-08-08,domestic-low,,FALSE
MT308816,FD-030,residential,2025-09-06,commercial,,yes
MT309732,FD-028,residential,2022-09-13,domestic-standard,173.5 kWh,TRUE
MT308146,FD-001,residential,2022-03-09,domestic-standard,50.3,FALSE
MT304430,FD-027,residential,2021-05-27,domestic-low,83.1 kWh,yes
MT310538,FD-020,residential,11/04/2024,domestic-low,19.7 kWh,1
MT303189,FD-005,residential,2019-04-15,domestic-low,123.6,0
MT310268,FD-024,public,2019-04-11,domestic-low,,False
MT307531,FD-025,commercial,2023-04-13,industrial,23.4 kWh,FALSE
MT308930,FD-019,commercial,2022-06-16,social,,1
MT310134,FD-014,industrial,2021-10-20,domestic-low,16.8,False
MT302663,FD-031,public,2019-01-08,domestic-low,128.1 kWh,1
MT300458,FD-020,residential,2020-05-28,domestic-low,141.8,False
MT304536,FD-015,public,17/08/2023,industrial,295.7,TRUE
MT305401,FD-033,residential,2019-03-05,domestic-low,10.2,yes
MT302251,FD-033,residential,2021-03-13,domestic-low,103.2,0
MT300455,FD-022,residential,2020-04-22,domestic-low,,True
MT300765,FD-013,commercial,2025-06-18,domestic-low,,False
MT300892,FD-028,residential,2019-01-19,domestic-standard,,0
MT304472,FD-012,residential,2019-11-04,social,198.9 kWh,True
MT300083,FD-001,residential,2020-08-11,commercial,41.3 kWh,1
MT304801,FD-033,residential,2019-08-07,domestic-low,36.0,FALSE
MT303241,FD-007,residential,2020-11-20,domestic-low,70.9 kWh,0
MT305132,FD-018,residential,2026-02-07,commercial,63.8,no
MT309482,FD-009,commercial,2024-07-02,domestic-low,,1
MT304220,FD-029,residential,2023-02-21,domestic-low,,FALSE
MT301201,FD-016,commercial,2020-04-02,domestic-low,,FALSE
MT303530,FD-001,commercial,2025-04-14,domestic-low,130.0,0
MT310493,FD-001,public,2026-01-18,domestic-low,106.7 kWh,0
MT301074,FD-022,public,2021-02-21,commercial,197.8 kWh,TRUE
MT304456,FD-009,industrial,2025-01-21,domestic-low,62.3 kWh,1
MT309091,FD-019,industrial,2025-03-31,social,58.0,yes
MT310587,FD-017,industrial,2021-04-28,social,19.5,FALSE
MT306400,FD-008,residential,2023-09-23,domestic-low,65.0,0
MT302344,FD-001,industrial,2025-06-22,industrial,39.3,False
MT301254,FD-011,residential,2020-02-11,domestic-low,80.8,False
MT300091,FD-033,residential,2020-11-21,social,,TRUE
MT310173,FD-031,industrial,2025-04-02,social,101.2 kWh,FALSE
MT305990,FD-036,public,2022-11-14,domestic-low,,FALSE
MT303233,FD-015,residential,2022-11-13,domestic-low,150.7,False
MT300991,FD-035,public,19/09/2022,industrial,42.9,no
MT300342,FD-016,industrial,2022-04-14,domestic-standard,171.6,yes
MT305466,FD-026,residential,18/05/2023,domestic-standard,162.8 kWh,FALSE
MT310917,FD-003,commercial,2022-03-14,social,17.9 kWh,TRUE
MT302486,FD-024,residential,2019-08-21,domestic-low,44.0 kWh,yes
MT307763,FD-032,residential,2024-05-07,domestic-low,,TRUE
MT309729,FD-031,residential,2023-01-13,domestic-standard,63.0,TRUE
MT304335,FD-015,residential,2021-10-26,domestic-low,167.4,True
MT307444,FD-013,industrial,09/10/2021,industrial,23.5 kWh,True
MT307320,FD-014,residential,2021-12-31,social,74.9,FALSE
MT300636,FD-030,residential,2025-01-01,domestic-low,83.7,True
MT309315,FD-006,residential,2020-11-05,commercial,178.5,yes
MT309363,FD-012,residential,2022-07-07,domestic-low,91.3 kWh,True
MT306184,FD-036,public,2025-03-08,domestic-low,38.7,0
MT302519,FD-002,residential,2019-04-30,industrial,100.2 kWh,1
MT310435,FD-028,residential,2021-03-16,commercial,67.8 kWh,1
MT306173,FD-016,residential,2022-07-27,domestic-standard,122.0,FALSE
MT302088,FD-003,commercial,2023-01-11,social,,FALSE
MT302468,FD-012,industrial,2021-01-11,domestic-standard,242.2 kWh,1
MT300827,FD-005,residential,2021-07-31,domestic-standard,172.4 kWh,0
MT304078,FD-031,public,2021-08-27,industrial,204.8,True
MT305288,FD-012,industrial,2022-03-11,domestic-low,25.6,TRUE
MT300173,FD-035,residential,2022-10-08,domestic-low,,1
MT306288,FD-011,residential,2025-12-18,domestic-low,24.0,1
MT301179,FD-013,residential,2021-09-19,domestic-low,,no
MT309627,FD-032,industrial,2022-09-09,social,268.1 kWh,TRUE
MT309487,FD-018,public,04/03/2021,domestic-standard,199.6 kWh,True
MT309566,FD-007,residential,2019-11-08,commercial,,False
MT300767,FD-002,residential,18/05/2019,domestic-standard,,True
MT310199,FD-029,commercial,2021-02-15,domestic-low,,yes
MT307258,FD-010,public,2023-11-17,social,69.7 kWh,0
MT306134,FD-008,commercial,2020-03-21,domestic-low,89.3,False
MT309492,FD-037,commercial,2024-12-12,industrial,,0
MT305334,FD-035,industrial,2025-12-16,social,,0
MT300245,FD-001,commercial,2023-06-01,social,93.6,no
MT304186,FD-009,residential,2025-01-05,commercial,112.5,no
MT310094,FD-015,commercial,2021-08-11,domestic-standard,284.5 kWh,False
MT304381,FD-028,residential,2024-10-17,domestic-standard,208.8 kWh,yes
MT303768,FD-023,residential,2024-07-22,commercial,,True
MT303399,FD-020,residential,2026-04-23,domestic-low,182.4 kWh,TRUE
MT301722,FD-010,residential,2025-02-07,domestic-low,213.5,FALSE
MT302766,FD-035,residential,2023-01-05,domestic-low,192.0 kWh,yes
MT308339,FD-004,industrial,2021-02-10,domestic-low,,1
MT305329,FD-011,residential,2022-08-10,domestic-low,62.9 kWh,TRUE
MT301888,FD-035,industrial,2021-09-16,commercial,,no
MT305633,FD-037,public,2023-12-13,domestic-low,170.5,no
MT304033,FD-009,residential,03/04/2023,social,112.0 kWh,1
MT309948,FD-022,public,2020-07-14,industrial,82.0 kWh,0
MT309005,FD-003,public,2022-08-21,domestic-low,,yes
MT310971,FD-014,residential,2020-02-16,industrial,,True
MT310619,FD-024,public,2025-01-26,domestic-standard,,no
MT301747,FD-030,residential,2022-06-07,domestic-standard,,no
MT300121,FD-012,residential,2023-05-26,domestic-low,120.0,FALSE
MT310023,FD-026,residential,2022-11-14,industrial,68.2,FALSE
MT307904,FD-008,industrial,08/07/2019,domestic-low,,False
MT307267,FD-010,public,03/06/2019,domestic-low,13.7,1
MT307141,FD-030,residential,2022-09-05,commercial,150.3 kWh,0
MT305407,FD-018,residential,2022-04-14,domestic-low,77.3 kWh,FALSE
MT302187,FD-031,industrial,13/01/2023,domestic-standard,,True
MT303711,FD-031,industrial,2024-03-13,domestic-standard,135.8,TRUE
MT302133,FD-018,residential,2026-04-21,domestic-low,36.8,FALSE
MT304889,FD-007,commercial,2023-01-27,domestic-low,130.6,1
MT309563,FD-017,public,2024-09-06,domestic-low,113.9 kWh,FALSE
MT302275,FD-012,commercial,2019-11-07,domestic-low,60.3,no
MT306087,FD-029,industrial,2024-03-23,domestic-standard,117.9 kWh,False
MT307854,FD-021,public,2021-09-06,industrial,16.3,1
MT310279,FD-014,residential,2022-02-04,domestic-low,15.1 kWh,no
MT306163,FD-011,residential,2021-04-15,industrial,,1
MT308572,FD-029,industrial,2024-06-09,domestic-standard,11.4,True
MT302669,FD-010,commercial,2021-05-09,industrial,53.7 kWh,True
MT300007,FD-022,public,2024-07-07,domestic-standard,162.9 kWh,TRUE
MT305737,FD-019,residential,23/09/2024,domestic-low,,0
MT303895,FD-018,commercial,2020-02-14,commercial,137.0,FALSE
MT310340,FD-017,residential,2021-05-15,domestic-low,135.4 kWh,FALSE
MT300607,FD-030,public,2024-07-04,social,,False
MT310309,FD-017,industrial,2023-03-25,domestic-low,62.7 kWh,False
MT308449,FD-005,public,2020-11-17,industrial,95.6 kWh,0
MT306194,FD-018,commercial,2022-10-08,social,103.8 kWh,False
MT306957,FD-012,residential,2024-09-18,domestic-low,9.7,0
MT309795,FD-034,industrial,2019-11-08,industrial,46.8 kWh,TRUE
MT300332,FD-008,commercial,12/05/2021,domestic-standard,42.1,True
MT308350,FD-018,public,2023-02-18,domestic-low,,1
MT303314,FD-036,residential,10/07/2019,industrial,77.0,False
MT306959,FD-004,industrial,2021-03-13,domestic-low,48.0 kWh,1
MT302831,FD-010,commercial,2019-05-17,domestic-low,181.6,TRUE
MT308092,FD-026,public,2022-12-19,domestic-standard,86.2,FALSE
MT306160,FD-032,public,2022-01-27,domestic-low,101.7,0
MT307857,FD-011,residential,08/09/2020,industrial,65.5 kWh,yes
MT300959,FD-006,residential,2021-04-18,commercial,142.3,False
MT302138,FD-021,residential,11/07/2020,social,183.9 kWh,False
MT307717,FD-019,industrial,2021-08-10,domestic-low,130.3,no
MT301425,FD-032,residential,2025-11-04,social,121.1,0
MT301490,FD-020,residential,2020-11-05,domestic-low,69.7 kWh,True
MT305078,FD-007,public,2022-07-12,domestic-low,41.0 kWh,yes
MT305758,FD-005,public,2025-04-09,domestic-low,82.4 kWh,0
MT301010,FD-014,residential,2022-04-04,social,180.9 kWh,TRUE
MT303125,FD-034,commercial,2026-04-13,domestic-low,137.1 kWh,yes
MT300397,FD-013,industrial,2020-12-19,domestic-low,,0
MT308843,FD-032,public,2020-12-19,domestic-low,198.6 kWh,no
MT302645,FD-007,commercial,2019-06-28,domestic-low,,1
MT304610,FD-015,residential,2022-05-03,social,152.6 kWh,0
MT303754,FD-009,commercial,2022-01-09,commercial,18.3 kWh,yes
MT303536,FD-035,commercial,2020-08-14,domestic-low,213.8,1
MT309484,FD-023,industrial,2020-03-06,domestic-low,,True
MT305168,FD-028,public,2020-12-04,domestic-low,,TRUE
MT306836,FD-015,residential,14/06/2019,domestic-standard,101.6 kWh,FALSE
MT306662,FD-032,residential,2020-03-07,industrial,143.6,FALSE
MT302207,FD-007,residential,2023-10-02,commercial,,1
MT309106,FD-026,residential,2020-01-30,domestic-low,136.0 kWh,TRUE
MT308936,FD-015,residential,2019-11-03,commercial,86.6 kWh,0
MT305429,FD-024,residential,2019-04-13,domestic-low,27.8,yes
MT303440,FD-035,residential,2019-10-03,commercial,19.9,True
MT301711,FD-032,residential,2021-01-02,industrial,140.3 kWh,yes
MT301132,FD-013,commercial,2019-06-04,domestic-standard,73.1,TRUE
MT306513,FD-022,residential,2020-09-16,domestic-standard,148.5 kWh,FALSE
MT307229,FD-030,residential,2019-11-30,social,151.9 kWh,0
MT302314,FD-024,public,16/12/2023,domestic-standard,78.9,1
MT309077,FD-018,residential,2022-09-09,domestic-standard,46.6,False
MT300760,FD-027,commercial,2023-02-09,social,149.6 kWh,1
MT300650,FD-020,commercial,2024-07-03,commercial,,yes
MT308697,FD-005,residential,2021-03-02,social,,no
MT309498,FD-005,residential,2022-01-16,commercial,97.1,0
MT307738,FD-009,residential,2022-04-06,domestic-low,145.8 kWh,FALSE
MT310901,FD-020,commercial,2024-06-01,domestic-low,42.5,1
MT301685,FD-028,commercial,2019-01-14,social,66.5 kWh,0
MT302196,FD-037,commercial,2020-03-15,domestic-standard,168.2,False
MT307087,FD-005,commercial,2026-05-08,social,55.6,False
MT300442,FD-004,commercial,2019-12-10,commercial,102.3 kWh,False
MT302279,FD-002,industrial,2025-11-19,domestic-low,25.8 kWh,True
MT303450,FD-004,residential,2021-01-27,domestic-low,153.5 kWh,yes
MT308658,FD-014,public,2020-07-13,domestic-standard,111.5 kWh,0
MT310293,FD-022,residential,2024-07-07,social,108.9 kWh,0
MT308908,FD-014,residential,2021-06-10,industrial,24.3,0
MT307844,FD-032,public,2026-05-02,domestic-low,,0
MT307005,FD-034,residential,2020-08-11,domestic-low,76.5,FALSE
MT305703,FD-018,residential,2022-01-29,commercial,11.8,yes
MT301822,FD-004,public,2020-01-31,social,132.6 kWh,0
MT309030,FD-024,residential,20/05/2022,domestic-low,44.0 kWh,True
MT300681,FD-013,public,2021-08-07,commercial,32.7,yes
MT304438,FD-028,industrial,2023-06-21,domestic-low,171.6 kWh,True
MT300108,FD-021,industrial,2024-04-21,domestic-low,,no
MT310553,FD-027,commercial,2023-01-09,domestic-standard,,False
MT303815,FD-032,commercial,2025-05-15,domestic-low,59.5 kWh,yes
MT307979,FD-019,residential,2025-07-09,commercial,,TRUE
MT301695,FD-008,industrial,2021-05-23,domestic-low,116.8,True
MT302150,FD-024,industrial,2023-04-27,social,153.7 kWh,0
MT305038,FD-022,public,2019-04-09,domestic-low,,no
MT304621,FD-020,residential,2024-12-16,domestic-low,54.2,0
MT309192,FD-033,residential,2026-02-19,social,214.5,True
MT304900,FD-037,commercial,2020-05-07,domestic-standard,177.0,TRUE
MT304587,FD-018,residential,2024-07-24,commercial,104.8 kWh,FALSE
MT303270,FD-015,public,2023-09-07,commercial,137.7,TRUE
MT303184,FD-023,industrial,2021-09-21,industrial,91.2,FALSE
MT310799,FD-034,residential,2026-05-18,commercial,,0
MT300263,FD-032,residential,2021-07-29,industrial,,yes
MT300730,FD-026,residential,2021-06-24,industrial,162.2 kWh,0
MT301121,FD-031,residential,19/10/2023,industrial,160.6 kWh,yes
MT310308,FD-007,industrial,2023-09-01,industrial,123.1 kWh,0
MT304837,FD-011,residential,2023-05-29,social,,no
MT301075,FD-004,residential,11/05/2022,domestic-low,142.2 kWh,1
MT305971,FD-019,residential,2022-09-15,domestic-low,66.1,FALSE
MT309291,FD-013,residential,2022-07-14,domestic-low,162.7 kWh,FALSE
MT310207,FD-028,residential,16/11/2020,domestic-low,159.6 kWh,yes
MT306443,FD-028,residential,2026-03-01,domestic-standard,67.5,1
MT301599,FD-008,public,27/03/2023,social,111.6 kWh,0
MT303860,FD-030,commercial,2019-11-09,social,,1
MT305473,FD-025,commercial,2025-05-19,domestic-low,127.3 kWh,True
MT305937,FD-012,industrial,2019-06-21,commercial,74.9 kWh,0
MT304832,FD-022,public,2020-04-03,domestic-low,83.9 kWh,no
MT303079,FD-035,public,2025-07-14,domestic-low,148.7,TRUE
MT309557,FD-009,public,2023-12-07,social,,no
MT302419,FD-008,residential,2022-11-01,domestic-low,,0
MT309537,FD-002,commercial,2025-03-15,domestic-standard,44.0,False
MT310000,FD-027,public,2025-03-16,domestic-low,138.4,True
MT309638,FD-016,residential,2024-01-15,industrial,61.5,FALSE
MT307006,FD-019,public,2021-05-30,social,76.1 kWh,0
MT309173,FD-010,industrial,02/06/2022,commercial,,0
MT301370,FD-001,commercial,2024-06-12,industrial,,0
MT307555,FD-035,residential,2023-10-08,domestic-low,,0
MT304779,FD-026,residential,2024-01-13,domestic-low,145.1 kWh,no
MT300092,FD-037,industrial,2024-03-29,domestic-low,41.5,no
MT305156,FD-003,industrial,2025-07-22,social,83.8 kWh,FALSE
MT303829,FD-035,residential,30/12/2020,domestic-low,167.0,FALSE
MT308668,FD-026,residential,2025-07-12,social,,FALSE
MT307928,FD-009,commercial,2023-02-07,social,172.9 kWh,no
MT304881,FD-021,industrial,2023-11-15,domestic-low,47.7 kWh,1
MT309943,FD-025,commercial,2022-04-30,domestic-low,,TRUE
MT305476,FD-036,public,2025-04-18,industrial,185.5 kWh,FALSE
MT305931,FD-035,residential,2021-12-05,social,133.1 kWh,False
MT309341,FD-025,residential,2024-08-02,industrial,41.1 kWh,False
MT310377,FD-020,commercial,2025-03-07,domestic-low,88.7 kWh,FALSE
MT300503,FD-028,public,2019-06-18,commercial,118.7,TRUE
MT301919,FD-017,residential,24/02/2026,domestic-low,83.0,FALSE
MT304400,FD-026,residential,2024-05-22,social,81.9,0
MT305604,FD-035,residential,2021-08-25,social,119.6,False
MT308949,FD-020,residential,2024-10-09,domestic-low,41.5,1
MT304966,FD-018,commercial,2026-04-14,domestic-low,261.3 kWh,yes
MT307286,FD-026,residential,2025-11-13,domestic-low,41.4 kWh,TRUE
MT304831,FD-017,industrial,12/01/2019,domestic-standard,49.2,yes
MT306769,FD-026,industrial,2024-03-12,social,,1
MT300393,FD-018,commercial,2024-04-15,industrial,,1
MT303528,FD-006,industrial,2021-09-03,industrial,223.7,False
MT301684,FD-004,public,2020-09-07,domestic-standard,208.2,yes
MT300897,FD-014,industrial,2023-08-25,domestic-low,179.0 kWh,no
MT303388,FD-036,residential,2024-03-13,commercial,26.6,no
MT301378,FD-012,residential,2020-04-03,commercial,109.3 kWh,True
MT300118,FD-017,industrial,2020-02-06,domestic-low,61.8 kWh,TRUE
MT304015,FD-034,public,2021-02-15,social,302.4,no
MT303279,FD-013,commercial,2023-03-19,commercial,,no
MT305176,FD-035,public,2022-06-29,social,,0
MT310238,FD-035,commercial,2023-03-14,commercial,28.8 kWh,FALSE
MT307404,FD-021,commercial,25/10/2021,social,,FALSE
MT308078,FD-013,industrial,21/04/2023,domestic-standard,,no
MT306118,FD-012,industrial,2023-05-20,commercial,148.0,TRUE
MT302007,FD-006,public,2019-04-04,domestic-standard,24.1,FALSE
MT308057,FD-013,industrial,2022-12-29,domestic-low,144.6,no
MT310375,FD-031,residential,2024-10-10,domestic-standard,,0
MT307241,FD-027,residential,2024-09-05,domestic-low,32.7,TRUE
MT300382,FD-018,industrial,2026-01-12,domestic-low,,no
MT307849,FD-007,commercial,2020-03-14,industrial,96.3,0
MT308975,FD-009,residential,2019-12-12,domestic-low,22.8,1
MT308903,FD-024,industrial,2019-06-23,domestic-low,95.0 kWh,False
MT302028,FD-002,public,2023-07-11,social,116.4 kWh,FALSE
MT301568,FD-034,residential,2025-04-15,commercial,130.4,1
MT308182,FD-034,industrial,2025-12-16,domestic-low,153.0,0
MT309393,FD-003,residential,23/02/2025,social,,no
MT309313,FD-027,commercial,2020-03-07,social,,0
MT306963,FD-018,residential,2024-08-11,domestic-low,45.5,0
MT300788,FD-001,public,25/10/2019,domestic-low,60.9,False
MT300241,FD-036,residential,2023-06-22,domestic-standard,,no
MT310582,FD-023,residential,2023-05-23,domestic-low,,True
MT309584,FD-019,residential,2022-10-06,domestic-low,149.1,no
MT301252,FD-004,commercial,2025-04-21,domestic-standard,,no
MT302261,FD-015,residential,2022-08-22,commercial,,1
MT305640,FD-033,public,2022-07-24,domestic-low,,no
MT303909,FD-010,residential,2019-01-12,domestic-standard,98.4,1
MT302834,FD-011,commercial,2020-09-28,industrial,,False
MT301176,FD-021,residential,2023-09-24,domestic-standard,,1
MT307871,FD-031,residential,2024-10-23,domestic-standard,,FALSE
MT304970,FD-033,industrial,2025-02-14,commercial,34.1,False
MT309899,FD-018,commercial,2025-03-03,industrial,,no
MT302605,FD-018,industrial,02/03/2023,social,77.3,0
MT307916,FD-011,commercial,2021-07-31,social,,TRUE
MT308889,FD-023,industrial,2020-12-09,social,,1
MT310061,FD-025,public,2024-11-27,commercial,,1
MT304883,FD-023,public,24/05/2019,commercial,18.9 kWh,yes
MT304553,FD-021,industrial,2022-01-22,domestic-low,36.5,True
MT310398,FD-007,commercial,2023-10-10,domestic-low,82.4 kWh,False
MT306135,FD-005,industrial,2021-08-25,industrial,116.8,no
MT310045,FD-032,public,2019-03-25,social,211.7 kWh,0
MT302883,FD-034,residential,2025-07-04,domestic-low,68.9 kWh,FALSE
MT309768,FD-008,public,2023-02-24,commercial,,False
MT305491,FD-027,commercial,2019-06-09,social,,True
MT306823,FD-026,residential,23/06/2024,commercial,,TRUE
MT309887,FD-017,residential,2025-07-01,industrial,,TRUE
MT305015,FD-028,residential,2019-08-05,domestic-standard,,TRUE
MT307199,FD-031,residential,2023-10-09,social,62.8 kWh,no
MT309444,FD-029,residential,2024-02-28,domestic-low,,no
MT301854,FD-028,residential,2022-08-13,commercial,19.4,FALSE
MT300350,FD-034,commercial,2025-03-07,social,54.7,TRUE
MT304764,FD-030,residential,2022-08-04,industrial,102.7,0
MT301072,FD-011,residential,2020-07-09,social,128.0 kWh,1
MT304514,FD-002,commercial,2023-03-07,domestic-low,16.6 kWh,0
MT304452,FD-006,residential,2021-04-29,domestic-low,148.2 kWh,yes
MT302727,FD-010,commercial,2022-07-08,domestic-low,63.1 kWh,yes
MT302119,FD-019,residential,2020-04-12,domestic-standard,33.9,yes
MT300489,FD-023,public,2020-11-09,industrial,13.6 kWh,1
MT303608,FD-032,commercial,2021-02-11,domestic-standard,,no
MT310229,FD-021,public,2019-04-23,domestic-low,177.4,yes
MT303746,FD-016,residential,2025-08-15,commercial,227.3 kWh,yes
MT310745,FD-021,residential,2024-04-01,domestic-standard,47.3 kWh,no
MT304898,FD-004,industrial,2026-04-30,social,119.5,0
MT307668,FD-007,residential,2022-03-25,domestic-low,120.1,FALSE
MT304822,FD-025,residential,2024-10-28,domestic-standard,184.9 kWh,False
MT303369,FD-006,industrial,2022-12-01,domestic-standard,19.4,no
MT306429,FD-030,residential,27/03/2024,domestic-low,47.2 kWh,yes
MT303837,FD-027,commercial,2020-10-19,domestic-low,158.1,FALSE
MT309346,FD-011,public,2025-11-05,domestic-standard,,False
MT310343,FD-018,residential,2019-07-07,social,,yes
MT302643,FD-031,industrial,2025-02-27,domestic-low,15.1 kWh,False
MT307627,FD-011,residential,2021-01-22,industrial,,yes
MT303131,FD-009,residential,2021-11-16,domestic-standard,,yes
MT302911,FD-014,public,2021-03-22,domestic-low,192.1,FALSE
MT304597,FD-033,public,2019-12-15,domestic-low,122.0,False
MT307964,FD-007,public,2023-06-20,domestic-low,150.4 kWh,False
MT305595,FD-014,commercial,2025-11-14,domestic-standard,27.7 kWh,True
MT300327,FD-029,residential,2020-10-06,domestic-standard,239.8,0
MT307237,FD-030,industrial,2025-06-03,domestic-low,,yes
MT302131,FD-023,residential,2021-02-28,industrial,38.6,1
MT302168,FD-028,residential,2021-06-25,domestic-low,,1
MT304504,FD-001,residential,27/08/2025,industrial,,False
MT303421,FD-012,public,2019-10-18,domestic-low,,False
MT302726,FD-010,public,2025-03-20,domestic-standard,159.6,TRUE
MT303577,FD-015,public,2019-07-03,social,131.2 kWh,yes
MT309247,FD-034,residential,2025-09-16,commercial,46.8 kWh,TRUE
MT301592,FD-003,public,2024-08-18,domestic-low,,TRUE
MT306185,FD-016,industrial,2024-03-03,domestic-standard,169.9 kWh,False
MT307453,FD-029,commercial,2022-08-01,domestic-standard,59.9 kWh,True
MT308886,FD-011,residential,2026-05-02,domestic-low,,yes
MT304611,FD-028,residential,2019-09-06,domestic-low,,True
MT302569,FD-021,public,2026-02-05,domestic-low,,yes
MT308416,FD-009,residential,2025-04-13,commercial,,FALSE
MT304659,FD-021,residential,2025-03-14,social,,no
MT307986,FD-024,residential,07/11/2022,domestic-standard,108.5 kWh,False
MT305969,FD-010,commercial,2019-03-31,industrial,91.1,no
MT310788,FD-023,residential,2022-10-26,domestic-standard,8.7,1
MT304022,FD-009,industrial,2022-08-16,domestic-low,170.5,FALSE
MT309179,FD-025,commercial,2019-04-12,industrial,,True
MT307626,FD-006,residential,2022-02-10,domestic-standard,,True
MT310535,FD-030,residential,2021-12-29,social,101.0,True
MT308313,FD-036,commercial,2021-05-14,domestic-low,61.6,yes
MT301803,FD-013,residential,2023-01-25,industrial,212.6,TRUE
MT304851,FD-037,residential,2025-09-11,industrial,,no
MT306764,FD-021,residential,2025-04-17,social,125.9 kWh,FALSE
MT305500,FD-030,industrial,2021-11-05,industrial,65.8 kWh,no
MT306421,FD-017,industrial,2023-03-11,commercial,,False
MT306106,FD-005,industrial,2023-07-16,commercial,,0
MT309056,FD-001,industrial,2024-02-27,domestic-low,192.0,no
MT309535,FD-029,residential,2023-07-29,commercial,32.6 kWh,FALSE
MT304941,FD-023,commercial,2025-12-17,domestic-low,126.8,True
MT310058,FD-032,public,2025-01-06,commercial,48.0,0
MT309325,FD-029,residential,2020-04-01,domestic-low,65.2,FALSE
MT308892,FD-001,commercial,2024-03-08,domestic-low,,1
MT310643,FD-013,residential,2020-10-19,commercial,173.0 kWh,no
MT301771,FD-031,residential,2021-06-18,social,9.4,yes
MT309678,FD-003,residential,2021-04-09,social,230.4,FALSE
MT307540,FD-027,residential,2020-11-14,domestic-low,,yes
MT309670,FD-020,residential,2019-11-24,domestic-standard,,False
MT304673,FD-035,public,23/12/2021,commercial,71.1,True
MT310895,FD-019,industrial,2024-11-14,commercial,156.4 kWh,False
MT303264,FD-017,industrial,2021-08-16,domestic-low,71.4 kWh,yes
MT310956,FD-023,commercial,2026-05-15,domestic-low,,no
MT309881,FD-021,residential,2021-01-02,commercial,94.1 kWh,no
MT301553,FD-001,residential,2021-11-26,industrial,140.8 kWh,no
MT306533,FD-006,public,2023-03-23,industrial,24.3 kWh,True
MT307707,FD-033,commercial,28/10/2019,domestic-low,,yes
MT303852,FD-002,residential,2025-02-25,industrial,,no
MT309300,FD-027,residential,16/06/2023,domestic-low,121.8,0
MT304676,FD-021,commercial,2020-03-25,domestic-low,94.2 kWh,yes
MT306776,FD-009,residential,2024-09-25,industrial,102.4 kWh,True
MT303202,FD-034,commercial,2023-03-06,industrial,106.3 kWh,True
MT304253,FD-017,public,2022-08-15,domestic-standard,50.6,TRUE
MT300954,FD-003,residential,2019-11-04,domestic-low,33.5 kWh,0
MT300130,FD-035,public,2025-01-03,domestic-standard,33.5 kWh,TRUE
MT310230,FD-001,residential,2022-03-03,domestic-low,18.6 kWh,no
MT300744,FD-032,residential,2024-02-24,commercial,,yes
MT307065,FD-033,commercial,2024-02-18,industrial,,no
MT307782,FD-035,residential,2020-05-18,commercial,,no
MT307472,FD-023,industrial,2023-09-18,domestic-low,232.7 kWh,0
MT301327,FD-007,residential,2023-09-24,domestic-low,,yes
MT300850,FD-031,residential,2019-07-25,industrial,115.0 kWh,True
MT304928,FD-030,residential,2020-12-11,domestic-low,273.5,1
MT308956,FD-003,commercial,21/08/2022,industrial,,False
MT304795,FD-011,public,2021-08-04,domestic-low,,FALSE
MT305415,FD-021,residential,2020-12-27,domestic-low,,FALSE
MT301872,FD-021,commercial,2021-12-18,commercial,35.1,True
MT305102,FD-023,public,2025-01-01,domestic-standard,,yes
MT306481,FD-005,industrial,2025-09-18,commercial,58.2 kWh,yes
MT304571,FD-003,public,2020-02-21,commercial,,False
MT310374,FD-029,commercial,2022-04-27,industrial,,False
MT303846,FD-033,public,2021-05-27,domestic-low,18.6 kWh,1
MT309717,FD-012,residential,2020-05-16,domestic-low,218.5,no
MT310462,FD-023,residential,2020-10-07,domestic-low,,FALSE
MT301920,FD-004,residential,19/07/2019,industrial,24.1 kWh,1
MT301551,FD-007,industrial,2024-09-21,industrial,250.5 kWh,1
MT305983,FD-019,public,2021-03-19,industrial,,0
MT300079,FD-033,residential,2024-10-30,domestic-low,203.7 kWh,False
MT302143,FD-025,commercial,2019-05-21,domestic-low,,0
MT307034,FD-031,residential,2019-05-30,social,128.4 kWh,True
MT306875,FD-028,residential,2020-05-22,commercial,138.6 kWh,FALSE
MT302797,FD-005,residential,2020-06-02,domestic-low,80.4 kWh,1
MT306394,FD-018,industrial,2024-11-16,domestic-standard,,TRUE
MT309794,FD-032,residential,2022-01-12,domestic-low,115.1 kWh,yes
MT306647,FD-003,residential,2023-11-30,industrial,44.3,TRUE
MT307792,FD-009,commercial,2019-10-05,commercial,,1
MT306960,FD-028,commercial,2026-02-18,domestic-low,17.2,False
MT305567,FD-032,residential,2019-05-14,domestic-low,,False
MT307579,FD-024,residential,2025-01-22,commercial,,no
MT303048,FD-012,residential,2021-06-14,domestic-standard,190.2 kWh,1
MT306365,FD-001,public,2020-06-04,commercial,49.0 kWh,1
MT301117,FD-005,residential,2021-06-01,domestic-low,56.6,False
MT304598,FD-028,commercial,2021-06-06,domestic-low,20.2,1
MT307421,FD-009,commercial,2025-06-06,social,,yes
MT305867,FD-029,commercial,2024-07-05,domestic-standard,,no
MT300526,FD-011,industrial,01/12/2022,domestic-low,46.7 kWh,False
MT306306,FD-006,residential,2025-11-11,commercial,,TRUE
MT300369,FD-005,commercial,2023-10-11,domestic-standard,158.7,True
MT300545,FD-029,residential,2024-07-01,domestic-standard,,yes
MT303732,FD-023,commercial,2021-09-12,industrial,77.2 kWh,False
MT308188,FD-009,residential,2022-12-28,commercial,57.6,TRUE
MT302443,FD-020,residential,2025-05-02,domestic-low,93.1,yes
MT302193,FD-035,residential,2020-05-19,social,,False
MT305215,FD-036,industrial,2023-08-16,social,,False
MT310195,FD-013,residential,2020-09-25,domestic-standard,,1
MT306174,FD-024,residential,2019-12-04,social,133.4 kWh,no
MT309890,FD-013,commercial,2020-02-10,social,281.9,False
MT303738,FD-012,residential,2021-05-01,domestic-standard,174.2 kWh,False
MT303084,FD-010,public,2026-01-22,industrial,53.8,no
MT304567,FD-005,commercial,2025-08-20,social,,no
MT310475,FD-028,commercial,2022-02-26,commercial,,FALSE
MT309475,FD-024,residential,2021-01-02,industrial,187.2 kWh,0
MT300555,FD-030,industrial,2021-03-18,commercial,39.2,0
MT308456,FD-029,residential,2025-06-12,domestic-low,,yes
MT304292,FD-015,residential,2021-03-18,domestic-low,,1
MT300842,FD-011,industrial,30/08/2020,domestic-standard,136.2 kWh,False
MT310113,FD-022,residential,2020-04-18,social,36.3 kWh,yes
MT303799,FD-017,industrial,2025-08-15,social,133.3,yes
MT302739,FD-020,commercial,2023-11-07,domestic-low,88.6 kWh,FALSE
MT301213,FD-028,industrial,2020-04-15,domestic-standard,87.5 kWh,no
MT310255,FD-022,residential,2022-06-13,social,,yes
MT307697,FD-013,public,2023-09-04,domestic-standard,,TRUE
MT306226,FD-014,public,2022-06-21,social,186.4,no
MT303239,FD-031,public,2026-04-13,social,201.0,0
MT306023,FD-022,public,2023-07-23,domestic-low,52.6,TRUE
MT307493,FD-016,industrial,2022-03-20,domestic-low,,0
MT301153,FD-029,public,11/03/2025,commercial,,no
MT305652,FD-007,residential,2023-04-23,commercial,109.4 kWh,1
MT304538,FD-037,residential,2022-12-18,industrial,178.0 kWh,1
MT303985,FD-014,residential,06/12/2023,industrial,,0
MT307442,FD-033,commercial,2021-11-08,domestic-standard,,1
MT300425,FD-014,residential,2024-10-20,domestic-low,56.5 kWh,0
MT302116,FD-013,commercial,2024-12-30,domestic-low,19.1 kWh,False
MT310136,FD-036,residential,2021-06-06,domestic-low,66.1 kWh,yes
MT308291,FD-019,public,2024-04-29,domestic-low,,1
MT310695,FD-009,residential,2024-11-24,domestic-low,145.9 kWh,TRUE
MT306923,FD-004,commercial,2024-12-27,domestic-low,14.1,False
MT307410,FD-006,residential,2025-04-23,domestic-low,121.7 kWh,FALSE
MT301248,FD-021,industrial,2020-07-26,social,,FALSE
MT302457,FD-003,residential,2024-12-24,social,,TRUE
MT304572,FD-027,commercial,2026-02-20,social,114.7,False
MT306313,FD-005,residential,2023-12-07,domestic-low,118.8 kWh,False
MT303703,FD-018,residential,2025-03-18,domestic-low,202.3,no
MT300651,FD-016,residential,2024-04-13,domestic-standard,30.8 kWh,0
MT310531,FD-036,commercial,2026-03-11,commercial,45.6 kWh,FALSE
MT304182,FD-003,residential,2021-08-01,industrial,,1
MT303618,FD-003,residential,2025-01-27,social,68.8,TRUE
MT310414,FD-011,commercial,2022-11-02,industrial,19.5,1
MT301442,FD-018,public,2025-10-15,domestic-standard,46.4,TRUE
MT305903,FD-005,residential,2023-02-22,domestic-low,78.5 kWh,FALSE
MT301447,FD-002,industrial,2022-11-21,domestic-standard,124.3 kWh,1
MT306728,FD-011,residential,2025-05-31,domestic-standard,33.1 kWh,False
MT309012,FD-028,industrial,2020-05-06,industrial,169.0,1
MT300896,FD-013,public,25/03/2022,social,160.9,yes
MT303204,FD-023,residential,2021-09-05,domestic-low,50.7 kWh,True
MT307468,FD-011,commercial,2020-07-16,domestic-standard,,0
MT302017,FD-029,commercial,2024-10-11,domestic-standard,,False
MT301514,FD-001,residential,2025-06-17,domestic-low,38.2 kWh,yes
MT302891,FD-028,residential,2019-01-27,industrial,221.0,yes
MT310507,FD-023,residential,2025-07-14,social,70.5 kWh,0
MT304791,FD-003,commercial,2024-05-14,domestic-low,17.2,1
MT305411,FD-008,residential,21/05/2023,industrial,,FALSE
MT305899,FD-002,public,2021-10-15,domestic-standard,36.0 kWh,yes
MT303657,FD-029,commercial,2020-07-12,domestic-standard,,1
MT308866,FD-012,residential,2022-04-02,industrial,88.1 kWh,0
MT300041,FD-031,residential,2019-09-09,domestic-low,103.4,0
MT300512,FD-026,residential,2024-12-04,industrial,,TRUE
MT306110,FD-035,residential,2019-02-23,domestic-low,25.9,False
MT306651,FD-003,public,2022-03-20,social,126.0,FALSE
MT306026,FD-035,industrial,2025-04-27,domestic-standard,88.5,no
MT307097,FD-011,public,2025-01-28,industrial,,FALSE
MT303757,FD-012,public,2026-05-02,domestic-low,164.6 kWh,False
MT303710,FD-007,commercial,2024-02-17,industrial,,False
MT305223,FD-013,public,2025-08-27,domestic-low,,True
MT303261,FD-026,industrial,2019-01-30,domestic-low,134.1 kWh,0
MT310456,FD-012,industrial,2025-05-22,domestic-low,62.5,True
MT303880,FD-024,residential,2023-05-31,domestic-low,115.5,1
MT309278,FD-035,residential,2021-02-04,domestic-low,258.4,False
MT307149,FD-015,industrial,2022-11-23,commercial,128.4 kWh,1
MT307429,FD-007,residential,2023-12-31,social,,yes
MT310157,FD-008,residential,2023-02-07,commercial,105.3 kWh,1
MT307247,FD-021,public,2019-01-03,domestic-standard,114.7 kWh,FALSE
MT307599,FD-035,industrial,2025-10-28,domestic-low,24.7 kWh,no
MT302787,FD-037,residential,2025-05-31,social,184.7 kWh,True
MT308401,FD-020,residential,2022-03-28,commercial,23.1 kWh,1
MT305788,FD-033,commercial,2021-07-16,industrial,,TRUE
MT306802,FD-006,public,2021-05-14,domestic-low,,TRUE
MT309307,FD-012,residential,2024-08-18,social,87.8 kWh,1
MT304077,FD-010,residential,2021-07-10,domestic-low,69.1,1
MT303893,FD-035,industrial,2020-06-11,social,,1
MT310232,FD-034,residential,2023-08-07,commercial,16.2 kWh,no
MT306167,FD-006,residential,2023-03-04,commercial,,False
MT300691,FD-037,residential,2023-04-16,domestic-low,80.2,False
MT304393,FD-031,commercial,2020-09-25,industrial,148.2,yes
MT300694,FD-030,industrial,2021-02-24,domestic-low,96.1 kWh,yes
MT307427,FD-013,commercial,04/10/2021,social,107.9,yes
MT301146,FD-024,commercial,2022-08-30,domestic-low,82.9 kWh,0
MT302108,FD-023,industrial,22/08/2020,social,108.2,no
MT304752,FD-029,public,2025-06-29,industrial,,no
MT301775,FD-006,commercial,10/03/2021,social,26.4 kWh,no
MT302186,FD-010,industrial,2023-08-02,commercial,95.5 kWh,TRUE
MT303004,FD-037,residential,2024-02-14,social,,True
MT302925,FD-009,commercial,2022-12-11,industrial,,yes
MT304249,FD-025,residential,2021-03-09,domestic-low,,0
MT306869,FD-025,commercial,2020-05-15,industrial,80.7,FALSE
MT304427,FD-007,industrial,2020-06-02,social,,False
MT302054,FD-004,commercial,2020-06-24,domestic-low,92.7 kWh,FALSE
MT306086,FD-030,industrial,2021-02-10,domestic-standard,100.2,True
MT305064,FD-004,residential,2023-11-11,domestic-low,161.6 kWh,FALSE
MT300815,FD-010,residential,2024-07-07,domestic-low,116.1,1
MT310586,FD-005,residential,2024-03-17,domestic-low,141.7,TRUE
MT310955,FD-009,commercial,2020-12-11,industrial,148.4 kWh,True
MT303968,FD-028,industrial,2021-12-01,social,209.2,1
MT303096,FD-002,commercial,2022-01-11,social,,0
MT300550,FD-007,residential,2025-05-21,industrial,,0
MT301069,FD-030,residential,2022-11-20,domestic-standard,185.3,yes
MT304073,FD-027,residential,2020-10-29,commercial,,True
MT307315,FD-004,public,19/12/2024,commercial,,True
MT307342,FD-010,residential,2023-12-14,commercial,,1
MT309180,FD-016,residential,2020-02-29,domestic-standard,30.6 kWh,no
MT306393,FD-015,public,2023-02-02,domestic-standard,,True
MT300829,FD-022,public,2019-08-23,domestic-standard,,0
MT309947,FD-009,commercial,2025-10-31,commercial,,TRUE
MT310138,FD-007,residential,2022-09-03,domestic-low,,FALSE
MT301066,FD-030,residential,2020-11-12,domestic-low,18.3 kWh,no
MT303150,FD-002,commercial,2022-12-22,domestic-low,120.2 kWh,True
MT302971,FD-022,commercial,2019-02-19,domestic-low,35.2 kWh,1
MT308815,FD-033,residential,2021-02-13,domestic-low,172.0 kWh,yes
MT305806,FD-021,industrial,2019-07-24,social,162.4,TRUE
MT303169,FD-027,residential,2023-05-27,domestic-standard,80.5,1
MT300144,FD-014,residential,2022-06-08,commercial,66.7,yes
MT306978,FD-025,industrial,2024-01-27,domestic-low,44.9,yes
MT307969,FD-033,residential,2023-07-17,domestic-low,70.6 kWh,FALSE
MT300996,FD-037,commercial,2022-02-21,domestic-low,74.9,False
MT309792,FD-033,residential,2025-08-18,industrial,,0
MT302113,FD-014,residential,2025-04-25,domestic-low,102.9,no
MT305919,FD-027,industrial,2025-05-25,domestic-low,88.6,1
MT302164,FD-015,public,2021-06-19,domestic-low,99.6 kWh,True
MT307371,FD-022,commercial,2024-11-13,commercial,31.8,FALSE
MT304300,FD-014,residential,2019-03-03,domestic-low,136.5 kWh,True
MT302740,FD-026,residential,2021-12-26,social,65.9 kWh,FALSE
MT302848,FD-029,industrial,2025-06-21,social,,True
MT302731,FD-027,commercial,2022-05-20,domestic-standard,,no
MT308977,FD-028,commercial,2022-02-01,domestic-standard,250.0,0
MT308439,FD-015,public,2025-06-20,social,,0
MT307752,FD-035,residential,2021-05-29,domestic-low,68.1,FALSE
MT301869,FD-011,commercial,2019-01-23,industrial,26.4,TRUE
MT308081,FD-026,residential,17/12/2021,industrial,127.4,no
MT310283,FD-028,commercial,2025-03-08,domestic-low,28.6 kWh,1
MT300479,FD-037,residential,2023-10-16,domestic-low,157.2,FALSE
MT300580,FD-026,industrial,2022-04-29,commercial,21.7,FALSE
MT308128,FD-033,residential,2023-02-11,domestic-low,56.1,FALSE
MT309771,FD-003,residential,2019-01-15,industrial,199.4 kWh,FALSE
MT309586,FD-033,industrial,08/11/2022,social,117.1,1
MT306141,FD-034,commercial,2024-03-21,commercial,142.3,yes
MT305723,FD-017,residential,17/01/2022,commercial,,TRUE
MT300431,FD-002,industrial,2020-04-22,domestic-low,195.7 kWh,1
MT305267,FD-018,industrial,2019-05-20,domestic-standard,262.0,yes
MT310249,FD-027,public,2026-02-11,domestic-low,242.0 kWh,True
MT303472,FD-025,public,2025-01-24,social,84.5,1
MT306027,FD-028,industrial,2023-07-23,industrial,129.8,True
MT302852,FD-018,residential,2024-02-17,industrial,156.3 kWh,TRUE
MT310169,FD-006,commercial,2025-03-16,social,,False
MT306877,FD-011,industrial,2025-02-04,domestic-standard,223.1 kWh,yes
MT306987,FD-021,public,2024-05-14,domestic-low,82.9,0
MT300171,FD-032,residential,2022-02-11,social,113.0 kWh,True
MT306872,FD-005,residential,2024-05-05,social,77.6,FALSE
MT305289,FD-037,commercial,2020-03-14,domestic-low,117.7 kWh,no
MT301844,FD-010,commercial,2020-06-20,industrial,,TRUE
MT306598,FD-016,residential,2024-12-26,social,78.8,TRUE
MT307384,FD-009,industrial,2019-01-21,social,21.8,0
MT307208,FD-017,residential,2021-01-28,social,246.1,1
MT302226,FD-013,residential,2025-09-24,domestic-low,,0
MT309927,FD-019,industrial,2024-02-25,domestic-low,,FALSE
MT302182,FD-034,public,2025-12-07,industrial,137.6 kWh,False
MT304011,FD-007,industrial,2023-04-18,industrial,87.5 kWh,False
MT306209,FD-003,residential,2024-06-07,domestic-standard,58.0 kWh,yes
MT309116,FD-031,public,2019-12-14,commercial,97.7,yes
MT303642,FD-006,commercial,2019-01-30,social,154.4,False
MT302432,FD-015,industrial,06/02/2019,domestic-standard,99.6,0
MT305188,FD-004,residential,2022-06-17,domestic-low,,TRUE
MT308114,FD-008,residential,2021-10-30,commercial,79.0,FALSE
MT303541,FD-031,residential,2022-09-28,social,108.2 kWh,False
MT307143,FD-034,commercial,2023-10-13,domestic-standard,,yes
MT301337,FD-036,public,2021-02-16,domestic-standard,,1
MT301166,FD-018,residential,2022-05-03,domestic-standard,172.9 kWh,no
MT310010,FD-017,public,2019-05-28,domestic-standard,31.4,TRUE
MT310388,FD-009,industrial,2024-11-12,domestic-low,,False
MT303977,FD-017,commercial,2023-12-01,commercial,54.5 kWh,FALSE
MT300110,FD-001,residential,2020-12-07,industrial,,True
MT300642,FD-018,public,11/11/2023,domestic-standard,38.4 kWh,True
MT308003,FD-031,commercial,06/04/2020,domestic-low,,0
MT302112,FD-035,residential,2021-12-04,industrial,113.9 kWh,False
MT309141,FD-025,public,2021-10-02,domestic-low,162.3,True
MT307798,FD-010,residential,2025-08-21,domestic-low,,FALSE
MT300675,FD-035,residential,2021-05-28,commercial,,TRUE
MT303849,FD-034,residential,31/05/2021,domestic-low,95.6 kWh,FALSE
MT309565,FD-015,industrial,2026-04-30,commercial,15.9 kWh,FALSE
MT308943,FD-016,commercial,2026-02-24,domestic-low,136.9 kWh,1
MT302453,FD-037,residential,2020-09-25,domestic-low,,False
MT310766,FD-032,industrial,2019-10-24,domestic-low,,True
MT310906,FD-037,residential,2021-08-22,domestic-standard,,yes
MT307945,FD-030,residential,2025-04-18,domestic-standard,9.6 kWh,no
MT309709,FD-015,residential,2025-08-10,social,100.0,TRUE
MT305938,FD-003,residential,28/08/2025,industrial,,1
MT308388,FD-013,residential,2022-05-20,domestic-low,,1
MT303067,FD-013,industrial,26/06/2019,social,80.4,yes
MT305967,FD-021,residential,2023-03-27,domestic-low,153.8 kWh,TRUE
MT307058,FD-028,residential,2020-04-17,domestic-low,85.2,FALSE
MT310912,FD-026,residential,2023-06-06,domestic-low,144.9,yes
MT302603,FD-018,residential,2021-03-08,commercial,,0
MT300184,FD-010,residential,2025-02-08,domestic-low,,0
MT300719,FD-001,residential,2021-06-19,domestic-low,,0
MT304192,FD-028,industrial,2020-12-28,domestic-low,183.9,False
MT300219,FD-004,residential,2022-01-04,domestic-standard,,no
MT310886,FD-034,residential,2024-10-15,commercial,113.0,False
MT301782,FD-028,residential,2023-10-14,social,317.8,False
MT303886,FD-015,industrial,2024-09-18,domestic-low,74.5,0
MT309185,FD-034,residential,2020-02-12,domestic-standard,131.8,FALSE
MT310757,FD-022,residential,2024-09-02,domestic-low,64.9 kWh,yes
MT308997,FD-036,public,2021-05-24,domestic-low,157.5,1
MT303235,FD-027,residential,2019-09-06,commercial,20.7,yes
MT305776,FD-003,industrial,2021-05-24,domestic-standard,95.4,no
MT308854,FD-015,industrial,2022-05-29,commercial,35.4,True
MT310258,FD-014,public,16/12/2020,commercial,122.4 kWh,FALSE
MT305857,FD-019,commercial,2024-04-26,domestic-low,174.2,no
MT310148,FD-014,residential,2024-09-13,social,135.9 kWh,yes
MT301269,FD-030,commercial,17/12/2022,domestic-standard,,no
MT308061,FD-012,residential,2025-05-11,domestic-low,48.2,False
MT308139,FD-011,residential,2023-08-13,social,,1
MT302121,FD-018,industrial,2020-02-27,social,,yes
MT308986,FD-033,residential,2023-05-20,industrial,157.3,no
MT301678,FD-025,residential,2021-03-05,domestic-low,28.5,no
MT300170,FD-037,industrial,2022-11-10,social,162.5 kWh,True
MT305033,FD-023,commercial,03/10/2023,domestic-low,128.9 kWh,1
MT309906,FD-020,public,31/12/2021,social,41.8,no
MT305974,FD-032,residential,2026-02-21,social,207.5 kWh,False
MT303014,FD-022,commercial,2025-03-02,social,88.9,True
MT301502,FD-028,residential,2020-12-01,domestic-low,,TRUE
MT302905,FD-033,residential,2022-03-18,industrial,95.3 kWh,TRUE
MT307952,FD-018,residential,2021-12-04,domestic-low,316.7,1
MT302586,FD-020,public,2020-08-28,social,,yes
MT309002,FD-017,residential,2021-11-27,social,55.4,0
MT305287,FD-027,commercial,2020-08-23,domestic-low,93.3 kWh,yes
MT306841,FD-026,industrial,2023-04-21,domestic-standard,,yes
MT310054,FD-033,industrial,2022-04-26,social,30.6,TRUE
MT304005,FD-004,commercial,2025-11-10,industrial,150.0,1
MT302886,FD-014,commercial,2019-10-06,domestic-low,179.3,no
MT310821,FD-037,commercial,2026-02-18,domestic-low,,TRUE
MT309477,FD-013,residential,2024-01-28,domestic-low,105.2,FALSE
MT308497,FD-021,residential,2024-08-31,domestic-low,59.0,0
MT308761,FD-017,residential,2019-12-13,industrial,,False
MT301935,FD-024,residential,2020-07-15,industrial,143.1,1
MT308236,FD-004,public,2021-03-13,domestic-low,,False
MT301189,FD-024,residential,2020-02-16,commercial,,1
MT310436,FD-034,residential,2019-09-26,domestic-low,,True
MT309256,FD-029,residential,2025-09-24,industrial,136.1,TRUE
MT305112,FD-005,industrial,2025-09-14,industrial,140.2 kWh,False
MT301798,FD-016,residential,2020-05-05,commercial,166.7 kWh,FALSE
MT305762,FD-033,commercial,2025-05-14,domestic-low,55.7 kWh,no
MT309848,FD-012,public,2023-05-16,industrial,83.4 kWh,1
MT300885,FD-032,residential,2023-02-10,commercial,40.3 kWh,FALSE
MT306590,FD-021,residential,2025-05-23,social,,FALSE
MT300307,FD-011,residential,2024-10-27,domestic-standard,,1
MT307910,FD-002,commercial,03/04/2025,domestic-low,126.7 kWh,TRUE
MT308736,FD-012,residential,20/08/2020,domestic-low,,no
MT300233,FD-010,public,10/07/2020,social,,no
MT302980,FD-028,public,2020-05-11,social,,True
MT308708,FD-027,residential,2019-11-10,domestic-low,227.3 kWh,no
MT308249,FD-037,industrial,2021-02-25,domestic-low,167.1 kWh,FALSE
MT309896,FD-023,public,2025-08-10,domestic-low,,False
MT303762,FD-017,industrial,2024-07-23,domestic-standard,,False
MT310608,FD-014,industrial,2019-08-09,domestic-standard,61.8 kWh,TRUE
MT300383,FD-029,public,2026-01-17,domestic-standard,118.3 kWh,no
MT305187,FD-037,public,2023-06-27,commercial,109.4 kWh,FALSE
MT305012,FD-025,residential,2019-08-11,social,,yes
MT303981,FD-008,residential,2024-07-05,domestic-low,,no
MT309100,FD-034,public,2021-09-02,industrial,127.5,FALSE
MT304297,FD-036,residential,2025-09-30,social,,1
MT309589,FD-031,industrial,2023-03-20,commercial,83.3,no
MT301989,FD-014,commercial,2019-02-16,domestic-low,,TRUE
MT307846,FD-008,commercial,2025-10-31,domestic-low,113.3 kWh,no
MT303586,FD-011,residential,2022-10-04,domestic-low,33.1,False
MT302931,FD-032,industrial,2020-08-27,domestic-standard,45.9 kWh,True
MT305314,FD-020,public,2019-11-29,domestic-low,24.3,FALSE
MT306122,FD-008,residential,2023-06-06,social,,0
MT305912,FD-036,residential,2026-02-19,domestic-standard,,TRUE
MT309253,FD-026,industrial,2024-12-11,industrial,87.9,False
MT308988,FD-017,residential,15/01/2021,industrial,97.8,TRUE
MT301443,FD-024,residential,2023-01-26,domestic-low,123.1,False
MT305525,FD-022,commercial,2024-05-08,domestic-low,144.4 kWh,TRUE
MT301892,FD-033,residential,12/02/2026,domestic-low,71.5 kWh,no
MT310079,FD-037,residential,12/06/2020,domestic-low,203.7 kWh,FALSE
MT305410,FD-007,industrial,26/06/2019,industrial,,TRUE
MT306559,FD-023,residential,25/01/2019,industrial,256.3 kWh,yes
MT307644,FD-018,residential,2023-07-30,commercial,58.5,TRUE
MT304025,FD-037,public,2023-11-30,domestic-standard,23.9,False
MT306800,FD-037,residential,2021-11-23,domestic-low,24.7 kWh,FALSE
MT300255,FD-032,residential,2022-11-22,domestic-low,111.8,False
MT309928,FD-026,public,2020-09-27,domestic-standard,,no
MT308040,FD-007,residential,2023-07-04,commercial,197.6 kWh,True
MT309422,FD-031,residential,2023-05-15,commercial,59.7,True
MT305560,FD-010,residential,2021-01-20,domestic-low,,yes
MT309863,FD-028,residential,28/07/2024,domestic-low,,FALSE
MT308938,FD-027,residential,2026-05-19,commercial,95.9 kWh,TRUE
MT301839,FD-034,residential,2019-09-04,social,,yes
MT302051,FD-030,residential,2022-04-24,domestic-standard,209.3,True
MT304112,FD-009,industrial,2021-03-10,domestic-low,166.0 kWh,0
MT309651,FD-034,residential,2024-01-22,industrial,,False
MT301567,FD-012,residential,2024-05-10,domestic-low,114.9,True
MT305731,FD-025,residential,2024-05-08,commercial,110.7,True
MT306069,FD-026,residential,2021-10-12,domestic-standard,117.7,FALSE
MT304397,FD-014,residential,2022-04-26,social,103.6 kWh,0
MT309683,FD-003,residential,2019-03-10,industrial,,yes
MT305497,FD-002,residential,2021-07-02,domestic-low,190.5,no
MT302652,FD-032,public,2021-12-03,industrial,69.9,0
MT306261,FD-033,public,2021-01-14,domestic-low,,False
MT304346,FD-008,residential,2019-12-10,social,,FALSE
MT303062,FD-004,residential,2021-08-19,domestic-low,,no
MT301190,FD-004,residential,2022-01-29,industrial,126.8 kWh,True
MT306033,FD-035,commercial,07/01/2020,domestic-low,36.1,0
MT304187,FD-009,residential,2023-02-01,commercial,,no
MT305203,FD-019,commercial,2024-01-15,commercial,186.9 kWh,False
MT308153,FD-001,commercial,2023-07-11,social,160.7 kWh,no
MT309961,FD-020,commercial,2021-08-31,social,62.6 kWh,TRUE
MT300745,FD-032,public,2024-09-04,domestic-standard,118.4 kWh,no
MT305662,FD-035,residential,2022-03-17,industrial,111.9 kWh,yes
MT307508,FD-006,residential,2026-03-27,domestic-low,,TRUE
MT300389,FD-008,residential,2024-02-14,domestic-standard,176.1 kWh,0
MT302078,FD-020,public,2025-04-10,domestic-low,64.7 kWh,yes
MT306557,FD-026,residential,2022-04-08,social,,yes
MT310386,FD-026,residential,2020-04-09,domestic-low,114.2 kWh,0
MT307182,FD-025,commercial,2024-03-15,domestic-low,,TRUE
MT309064,FD-011,public,2021-03-11,social,81.0 kWh,1
MT305192,FD-030,residential,2021-11-09,commercial,,FALSE
MT309652,FD-019,residential,2020-03-22,domestic-low,,False
MT306183,FD-026,public,2022-02-18,commercial,69.7 kWh,True
MT300026,FD-030,residential,2023-01-22,industrial,,TRUE
MT300086,FD-021,residential,2020-11-02,domestic-low,202.0,yes
MT309389,FD-028,industrial,2023-05-04,social,192.7,TRUE
MT302246,FD-020,commercial,30/05/2022,industrial,15.8,False
MT300225,FD-024,public,2021-12-23,social,34.5,FALSE
MT302388,FD-011,industrial,2026-04-21,domestic-low,,yes
MT300843,FD-001,residential,13/08/2020,social,115.7,TRUE
MT306701,FD-001,commercial,2022-01-11,social,239.9 kWh,TRUE
MT304573,FD-001,public,2026-03-15,social,61.9 kWh,yes
MT306471,FD-037,commercial,2022-07-30,commercial,,TRUE
MT310278,FD-010,commercial,2025-01-27,industrial,,TRUE
MT303452,FD-035,public,2019-01-02,domestic-low,,True
MT306871,FD-011,commercial,2025-10-18,domestic-standard,156.4 kWh,0
MT305360,FD-024,residential,2022-09-09,domestic-low,,yes
MT300430,FD-036,industrial,2025-02-06,industrial,86.9 kWh,1
MT301947,FD-019,industrial,2024-10-13,industrial,24.1 kWh,0
MT300720,FD-028,public,2023-07-30,domestic-low,166.8,TRUE
MT300291,FD-011,industrial,2026-03-20,domestic-standard,,1
MT302556,FD-022,residential,12/02/2025,domestic-low,150.8,no
MT303804,FD-016,residential,2023-03-17,domestic-low,,True
MT307850,FD-021,commercial,13/08/2023,social,95.9,False
MT300081,FD-021,residential,2022-08-06,domestic-standard,,TRUE
MT307364,FD-019,residential,2019-11-18,social,74.3,1
MT308594,FD-017,residential,2020-04-18,domestic-standard,171.4,0
MT309604,FD-016,residential,2021-03-15,domestic-low,37.7 kWh,1
MT304349,FD-008,residential,2025-09-24,commercial,,1
MT305846,FD-008,commercial,2025-01-29,domestic-low,,0
MT301964,FD-037,industrial,09/05/2026,commercial,58.4 kWh,1
MT308731,FD-019,residential,2019-04-23,domestic-standard,,FALSE
MT310026,FD-017,industrial,2024-08-23,industrial,229.3 kWh,TRUE
MT305220,FD-032,commercial,10/11/2019,domestic-low,150.1 kWh,yes
MT303898,FD-006,industrial,13/01/2021,commercial,34.7 kWh,TRUE
MT301815,FD-014,commercial,2019-05-28,domestic-standard,,yes
MT310282,FD-013,public,2024-12-20,commercial,48.7,yes
MT301732,FD-011,residential,2025-04-27,domestic-standard,176.4,FALSE
MT309409,FD-030,public,2023-06-24,domestic-low,116.4,False
MT307016,FD-030,residential,2023-09-16,domestic-standard,84.0 kWh,0
MT302263,FD-011,public,2020-06-21,domestic-low,115.9 kWh,FALSE
MT300195,FD-023,industrial,2026-05-24,domestic-low,110.7 kWh,no
MT307109,FD-007,industrial,2026-03-23,domestic-low,164.7 kWh,False
MT304558,FD-007,residential,2024-06-02,domestic-low,37.2,True
MT300030,FD-023,commercial,2021-08-05,domestic-low,24.0 kWh,1
MT305052,FD-031,industrial,2024-01-19,commercial,,TRUE
MT301053,FD-016,residential,2023-07-10,domestic-low,15.0,no
MT300096,FD-019,industrial,2025-01-16,commercial,75.2 kWh,no
MT306546,FD-030,residential,2019-01-08,social,,False
MT305315,FD-031,industrial,2023-12-06,commercial,59.7,False
MT308280,FD-031,industrial,2024-12-07,social,50.0 kWh,yes
MT306038,FD-009,industrial,2025-10-01,commercial,,FALSE
MT302678,FD-008,residential,2019-09-09,social,,0
MT301100,FD-029,residential,2023-04-28,domestic-low,43.3 kWh,TRUE
MT305686,FD-029,residential,26/01/2020,domestic-low,18.9,0
MT301760,FD-006,commercial,2024-11-17,industrial,,0
MT300639,FD-019,residential,2025-10-12,domestic-low,,0
MT308519,FD-024,public,2026-05-09,domestic-low,130.9 kWh,0
MT302933,FD-010,industrial,28/04/2019,commercial,54.2 kWh,0
MT300759,FD-005,public,2023-05-10,domestic-low,121.3,FALSE
MT301956,FD-025,public,2025-09-26,domestic-low,149.1 kWh,yes
MT310485,FD-037,residential,2024-06-08,domestic-low,92.9 kWh,1
MT300928,FD-005,residential,2024-09-19,industrial,78.6,1
MT309023,FD-019,commercial,2023-03-22,industrial,194.0,yes
MT306614,FD-016,public,2020-01-28,domestic-low,,True
MT310675,FD-034,commercial,2021-07-29,domestic-standard,,0
MT302002,FD-023,residential,2021-04-01,domestic-standard,192.0 kWh,1
MT302055,FD-037,commercial,2025-04-07,domestic-standard,205.7,TRUE
MT307551,FD-024,residential,2021-08-27,domestic-standard,,FALSE
MT302256,FD-032,industrial,2020-04-11,domestic-low,82.5 kWh,False
MT309514,FD-018,commercial,2019-05-16,social,127.5,True
MT300139,FD-035,residential,2023-06-21,domestic-low,,TRUE
MT303477,FD-014,residential,2021-03-10,domestic-low,75.1 kWh,FALSE
MT310263,FD-003,residential,2023-11-10,domestic-standard,,True
MT302016,FD-036,industrial,2026-01-04,domestic-low,,TRUE
MT300752,FD-034,residential,2024-04-21,industrial,74.9,TRUE
MT307447,FD-021,commercial,2021-08-23,domestic-low,39.7 kWh,FALSE
MT307494,FD-003,commercial,2026-05-21,industrial,159.3 kWh,0
MT310137,FD-014,residential,2023-07-31,commercial,45.8,TRUE
MT306245,FD-004,public,2020-09-24,domestic-low,,1
MT309934,FD-031,commercial,2022-11-07,domestic-low,95.8 kWh,no
MT305655,FD-023,residential,2023-02-15,industrial,,1
MT304607,FD-018,industrial,2022-05-13,social,164.5,0
MT303952,FD-018,commercial,2024-09-18,domestic-standard,,FALSE
MT302390,FD-005,residential,2019-12-09,domestic-low,28.6 kWh,yes
MT308376,FD-035,commercial,2023-11-25,domestic-low,70.8,1
MT301259,FD-008,commercial,2021-10-31,social,98.3,yes
MT310449,FD-024,commercial,2025-09-19,industrial,,yes
MT301800,FD-035,industrial,2021-03-16,domestic-standard,177.4,False
MT303962,FD-007,industrial,2021-11-03,commercial,,True
MT306621,FD-004,industrial,2023-10-31,social,,no
MT303794,FD-013,residential,2021-05-12,commercial,121.9,0
MT301838,FD-017,residential,2022-06-14,industrial,187.1,1
MT304848,FD-033,industrial,2022-03-30,domestic-low,218.7,yes
MT304955,FD-004,residential,2020-12-19,social,12.0,False
MT307413,FD-009,industrial,2021-07-14,domestic-low,163.0 kWh,FALSE
MT303873,FD-011,residential,2020-08-13,industrial,48.2 kWh,FALSE
MT308964,FD-012,residential,2023-08-27,industrial,57.9 kWh,1
MT302948,FD-011,industrial,2020-10-18,domestic-low,,yes
MT306318,FD-031,residential,2025-05-23,domestic-low,,1
MT308543,FD-032,public,2019-02-28,domestic-low,,FALSE
MT307093,FD-009,residential,2023-01-01,social,243.1,1
MT303038,FD-017,commercial,2025-07-02,commercial,106.5 kWh,True
MT302745,FD-001,residential,2019-11-01,domestic-low,135.4,yes
MT309158,FD-029,residential,2024-10-13,social,38.7 kWh,no
MT303197,FD-021,public,2022-02-16,domestic-low,,False
MT302753,FD-021,residential,2020-10-19,social,160.2 kWh,True
MT301048,FD-002,residential,05/12/2024,commercial,,1
MT301114,FD-014,residential,2019-05-03,industrial,18.5,False
MT308585,FD-010,commercial,2020-02-02,domestic-standard,170.5 kWh,True
MT309209,FD-032,industrial,2025-01-10,domestic-low,19.6 kWh,1
MT306156,FD-030,residential,2025-11-20,social,127.5,1
MT306445,FD-008,industrial,2022-09-12,domestic-standard,149.6 kWh,FALSE
MT304325,FD-026,commercial,2021-12-30,domestic-low,,False
MT307280,FD-003,residential,2023-05-26,social,79.9,1
MT300616,FD-029,residential,2021-07-04,industrial,,FALSE
MT304260,FD-031,residential,2024-01-09,industrial,171.6,no
MT310629,FD-037,residential,2023-01-23,industrial,41.9 kWh,no
MT307024,FD-020,residential,14/12/2021,domestic-low,41.2 kWh,1
MT302599,FD-035,residential,2025-06-06,social,,1
MT305126,FD-029,commercial,2024-07-22,social,,True
MT301667,FD-037,residential,2026-05-12,domestic-standard,,1
MT300208,FD-011,commercial,2021-06-28,domestic-standard,,True
MT304341,FD-033,residential,2020-02-16,commercial,,no
MT308418,FD-004,residential,2022-01-31,domestic-low,,1
MT309907,FD-037,residential,2025-06-04,industrial,94.0,1
MT300404,FD-015,residential,16/12/2020,domestic-standard,,0
MT309125,FD-032,commercial,2019-07-10,industrial,,1
MT309360,FD-024,commercial,2026-04-13,industrial,,0
MT306616,FD-031,residential,2025-03-16,industrial,144.5 kWh,1
MT303105,FD-005,public,2020-11-04,social,202.1 kWh,FALSE
MT301830,FD-032,commercial,2024-10-11,domestic-low,48.0,1
MT309983,FD-021,public,2021-02-19,social,174.1 kWh,True
MT307502,FD-024,residential,2025-11-20,social,67.1 kWh,1
MT302779,FD-010,commercial,2021-08-21,domestic-low,43.0,FALSE
MT310814,FD-008,residential,2024-09-01,social,,False
MT307406,FD-031,residential,2021-09-20,domestic-low,44.9,1
MT302776,FD-012,residential,05/07/2025,commercial,75.1,True
MT301439,FD-027,residential,2019-05-13,commercial,,FALSE
MT307725,FD-007,commercial,2019-03-02,domestic-low,117.3,FALSE
MT306374,FD-003,commercial,2025-07-25,social,,yes
MT300497,FD-020,residential,2021-10-15,industrial,92.6,FALSE
MT309776,FD-022,commercial,2025-12-14,domestic-low,,yes
MT307571,FD-031,residential,15/02/2026,domestic-low,101.2 kWh,False
MT305797,FD-032,residential,2023-03-18,commercial,94.0 kWh,FALSE
MT307724,FD-007,public,2020-04-18,social,,False
MT310919,FD-022,public,2022-09-28,domestic-standard,84.5 kWh,TRUE
MT302769,FD-037,residential,01/03/2023,commercial,,no
MT308455,FD-036,public,2019-11-02,social,91.5,FALSE
MT307788,FD-016,industrial,2019-02-07,domestic-standard,38.0,yes
MT305240,FD-033,residential,2019-03-25,commercial,42.3 kWh,no
MT309780,FD-034,residential,2020-02-18,industrial,,0
MT305237,FD-001,commercial,2022-09-03,domestic-low,,FALSE
MT307618,FD-014,public,13/02/2023,industrial,,FALSE
MT300562,FD-010,residential,2024-01-23,domestic-low,143.5,FALSE
MT302982,FD-001,public,06/11/2022,domestic-standard,88.1 kWh,True
MT301014,FD-021,residential,2019-06-02,domestic-low,51.8,0
MT301107,FD-037,residential,2026-04-14,domestic-standard,,1
MT307235,FD-025,residential,2025-02-24,domestic-low,110.0,no
MT305767,FD-029,commercial,2023-09-27,commercial,188.8,0
MT301420,FD-025,residential,2019-03-10,domestic-low,111.5 kWh,1
MT309509,FD-005,residential,2026-04-18,domestic-low,13.1 kWh,True
MT306970,FD-001,residential,2020-01-21,domestic-standard,,FALSE
MT305276,FD-021,residential,2026-02-07,domestic-low,,no
MT303658,FD-015,public,05/11/2020,industrial,76.6,False
MT306996,FD-034,public,2023-08-04,domestic-low,,FALSE
MT310246,FD-019,industrial,2022-06-15,domestic-low,59.4,TRUE
MT301768,FD-029,residential,2022-03-12,social,110.2 kWh,False
MT309664,FD-015,residential,28/05/2024,domestic-low,104.5 kWh,True
MT307099,FD-028,commercial,09/02/2023,domestic-low,104.7 kWh,TRUE
MT309643,FD-034,commercial,2019-05-02,domestic-standard,153.5 kWh,no
MT307593,FD-034,residential,2024-11-16,domestic-low,76.2,1
MT309230,FD-027,residential,2021-08-04,domestic-low,,False
MT309289,FD-008,residential,2021-06-10,domestic-low,89.6 kWh,False
MT308517,FD-026,residential,2022-10-05,commercial,48.5 kWh,1
MT306579,FD-018,industrial,2020-08-13,domestic-low,35.2,TRUE
MT301369,FD-025,residential,15/04/2021,commercial,61.6,no
MT307939,FD-001,residential,2023-06-16,social,42.4,yes
MT306583,FD-001,industrial,2025-04-26,social,158.1 kWh,yes
MT300986,FD-034,commercial,2023-03-31,domestic-low,53.8,TRUE
MT300187,FD-024,residential,2026-04-27,domestic-low,165.5 kWh,False
MT300435,FD-026,public,2025-11-29,industrial,162.7 kWh,1
MT306490,FD-027,public,2020-11-21,industrial,35.2,no
MT301466,FD-014,residential,30/11/2023,social,101.5,no
MT308678,FD-012,industrial,2019-04-10,domestic-low,335.6 kWh,False
MT309493,FD-034,residential,2019-10-01,domestic-low,,yes
MT301343,FD-020,residential,2023-02-27,commercial,216.1 kWh,TRUE
MT307559,FD-029,residential,2024-11-28,domestic-low,159.1 kWh,TRUE
MT308763,FD-012,residential,2025-06-30,domestic-low,177.2 kWh,TRUE
MT306572,FD-029,residential,2026-04-24,domestic-low,,yes
MT307665,FD-033,residential,2024-04-18,commercial,,FALSE
MT310399,FD-031,industrial,2021-10-24,domestic-low,17.6,False
MT304880,FD-003,commercial,2025-02-14,domestic-standard,,TRUE
MT301122,FD-006,public,2022-07-01,social,13.4,FALSE
MT304368,FD-031,public,10/01/2019,industrial,90.8,yes
MT301004,FD-029,residential,20/06/2021,domestic-low,,1
MT307002,FD-008,commercial,2024-08-16,domestic-low,,True
MT300232,FD-027,residential,2019-06-14,social,91.8,yes
MT301342,FD-011,residential,2019-07-28,industrial,,1
MT310923,FD-003,industrial,2023-04-12,domestic-standard,157.1 kWh,no
MT300436,FD-004,residential,2025-06-26,commercial,172.5,TRUE
MT303486,FD-006,residential,2019-08-12,domestic-standard,118.4 kWh,FALSE
MT304336,FD-016,residential,2020-05-31,domestic-low,,False
MT303386,FD-030,industrial,2024-01-12,domestic-standard,,TRUE
MT304879,FD-033,commercial,2020-12-12,domestic-low,10.1,no
MT305687,FD-030,residential,2025-07-15,domestic-low,98.5,no
MT304061,FD-013,residential,2019-12-09,industrial,95.7,False
MT308985,FD-023,industrial,08/10/2024,commercial,193.6 kWh,False
MT308399,FD-005,residential,2022-11-03,social,,False
MT300554,FD-004,residential,2025-09-29,domestic-low,,FALSE
MT308679,FD-009,residential,24/11/2019,social,172.1 kWh,TRUE
MT306344,FD-014,residential,30/10/2024,domestic-low,54.0,0
MT306745,FD-025,residential,2023-05-14,industrial,81.5,yes
MT301949,FD-014,commercial,2020-12-23,social,101.2,1
MT305710,FD-018,public,2022-10-05,domestic-low,,yes
MT301866,FD-004,residential,2021-08-09,domestic-low,119.5,False
MT310724,FD-010,residential,2019-06-21,commercial,,TRUE
MT309101,FD-020,residential,2021-10-04,domestic-standard,39.9 kWh,1
MT301078,FD-008,residential,2019-04-26,commercial,,False
MT308430,FD-026,residential,2019-06-16,commercial,154.8,TRUE
MT308352,FD-029,industrial,2024-06-05,industrial,,TRUE
MT310007,FD-011,commercial,2021-03-13,commercial,111.5,1
MT309758,FD-031,residential,2023-03-02,domestic-low,,False
MT303619,FD-023,residential,2022-04-01,domestic-low,139.6,1
MT300739,FD-001,public,2021-03-12,domestic-low,116.5 kWh,False
MT307101,FD-027,residential,2022-09-18,commercial,,FALSE
MT308155,FD-017,commercial,2019-03-26,industrial,,False
MT304814,FD-033,residential,2021-11-22,domestic-low,12.7,yes
MT301233,FD-016,public,23/02/2022,industrial,110.7 kWh,TRUE
MT303925,FD-004,residential,2024-09-22,industrial,,1
MT310247,FD-032,industrial,2025-09-04,industrial,141.6,1
MT304975,FD-023,residential,12/10/2019,domestic-low,91.0 kWh,FALSE
MT306276,FD-025,residential,2023-01-14,commercial,,no
MT307882,FD-027,residential,2020-12-30,industrial,,True
MT300125,FD-006,residential,2024-03-16,commercial,202.8,TRUE
MT309395,FD-032,residential,2025-10-04,domestic-low,117.9,0
MT305926,FD-026,residential,04/10/2021,industrial,13.7,FALSE
MT307972,FD-002,residential,2025-07-16,social,102.7,False
MT304304,FD-005,public,2020-08-15,domestic-low,,0
MT303902,FD-014,residential,2025-01-16,commercial,88.1,TRUE
MT306255,FD-001,commercial,2025-04-30,domestic-standard,63.1 kWh,True
MT306237,FD-023,commercial,24/10/2019,domestic-low,82.7,False
MT302309,FD-024,industrial,2019-04-08,commercial,112.2,False
MT303330,FD-019,residential,2020-03-25,domestic-standard,,yes
MT308229,FD-037,commercial,23/03/2024,domestic-low,173.7,yes
MT304290,FD-010,public,2023-10-13,commercial,216.7,0
MT304527,FD-026,residential,2021-01-05,social,,no
MT307177,FD-030,residential,11/11/2019,domestic-standard,230.4 kWh,TRUE
MT305792,FD-003,public,2019-10-22,domestic-low,,True
MT303916,FD-027,residential,10/12/2025,industrial,,no
MT304315,FD-018,industrial,2020-07-28,domestic-low,93.5,True
MT303913,FD-019,residential,2021-09-19,domestic-low,38.4,yes
MT310973,FD-025,residential,2022-10-08,domestic-low,157.1,True
MT301664,FD-036,residential,2019-11-04,domestic-low,209.8,yes
MT304010,FD-032,residential,19/08/2021,industrial,206.2,True
MT303323,FD-008,residential,2019-02-23,industrial,16.1 kWh,False
MT308164,FD-030,residential,2020-07-27,domestic-low,,no
MT303941,FD-007,residential,10/05/2022,industrial,30.1 kWh,FALSE
MT308215,FD-026,residential,15/11/2021,industrial,154.9 kWh,yes
MT300485,FD-007,public,2019-03-05,domestic-standard,134.5,FALSE
MT301377,FD-035,industrial,2024-11-12,social,,True
MT304002,FD-005,residential,2024-03-11,domestic-standard,,yes
MT309449,FD-003,residential,2021-12-01,commercial,53.6,yes
MT305551,FD-004,public,2021-01-10,social,,yes
MT300901,FD-009,commercial,2025-07-27,domestic-low,175.8 kWh,yes
MT307489,FD-009,residential,2020-10-24,domestic-low,135.5,no
MT304415,FD-022,commercial,2022-09-24,domestic-low,64.3,0
MT306020,FD-004,commercial,2019-02-03,domestic-low,151.0 kWh,yes
MT306247,FD-016,residential,2024-01-30,domestic-standard,185.9 kWh,1
MT310698,FD-029,public,2025-03-20,commercial,133.1 kWh,yes
MT304245,FD-033,industrial,2025-03-30,industrial,,no
MT308140,FD-011,residential,2025-10-21,domestic-standard,,False
MT302908,FD-012,residential,2022-10-24,domestic-low,,FALSE
MT308470,FD-025,industrial,2022-03-23,social,,True
MT308770,FD-020,residential,2025-11-10,domestic-low,124.9 kWh,0
MT305450,FD-006,public,2019-07-01,domestic-low,,TRUE
MT302269,FD-007,residential,2019-12-02,domestic-low,70.3,yes
MT302749,FD-016,public,2019-11-20,domestic-low,59.2,False
MT307651,FD-019,industrial,2024-08-08,domestic-low,78.3 kWh,FALSE
MT307909,FD-009,industrial,2021-06-08,industrial,160.9,0
MT310486,FD-032,residential,2021-11-30,domestic-standard,174.4,False
MT307311,FD-035,public,2023-09-24,social,47.3 kWh,True
MT307080,FD-011,commercial,2021-02-24,social,143.8,yes
MT309292,FD-011,residential,2020-04-23,social,193.6,1
MT302511,FD-035,residential,2022-04-26,domestic-standard,21.8,False
MT300721,FD-033,residential,2020-04-02,social,69.2,1
MT309246,FD-037,residential,2025-06-30,domestic-standard,165.7 kWh,yes
MT302137,FD-013,industrial,2025-04-10,domestic-low,111.1,no
MT306759,FD-005,public,2026-02-02,domestic-low,235.1 kWh,FALSE
MT306661,FD-009,residential,2026-03-25,domestic-standard,68.6,yes
MT309726,FD-026,residential,2020-07-30,industrial,264.9 kWh,no
MT309587,FD-009,public,2021-12-17,industrial,188.0,yes
MT307165,FD-001,public,2024-09-21,commercial,,TRUE
MT303682,FD-008,commercial,2021-12-29,domestic-low,27.1,TRUE
MT303827,FD-006,residential,2022-07-19,industrial,47.9,1
MT308887,FD-018,industrial,2023-01-08,commercial,,True
MT308263,FD-012,residential,2023-08-02,social,17.0,TRUE
MT309929,FD-033,industrial,03/03/2023,social,95.5,no
MT303835,FD-020,residential,2020-06-13,commercial,,no
MT309061,FD-002,residential,2024-03-25,domestic-low,152.0 kWh,yes
MT305118,FD-032,commercial,2025-10-19,domestic-low,207.8 kWh,1
MT305844,FD-009,residential,2022-09-20,domestic-low,,False
MT305108,FD-028,industrial,2023-01-21,domestic-standard,38.6 kWh,1
MT310174,FD-026,commercial,2024-06-29,commercial,118.2 kWh,no
MT308614,FD-037,residential,2025-12-30,commercial,183.6,True
MT301950,FD-028,residential,08/04/2022,commercial,54.9,TRUE
MT301707,FD-016,residential,2025-11-13,social,62.0,True
MT300057,FD-033,residential,2023-06-16,industrial,45.7 kWh,TRUE
MT305571,FD-029,residential,2022-12-12,commercial,25.6 kWh,0
MT302020,FD-023,residential,2022-03-12,commercial,11.8,0
MT307479,FD-016,industrial,2024-01-03,social,161.2 kWh,FALSE
MT309784,FD-020,commercial,2024-11-05,domestic-standard,219.6,yes
MT308028,FD-022,residential,2023-03-11,industrial,60.6,0
MT307569,FD-033,residential,2019-07-31,domestic-low,8.4 kWh,FALSE
MT305129,FD-015,public,2019-05-24,domestic-low,70.0 kWh,0
MT310237,FD-032,residential,2022-02-24,domestic-low,33.6 kWh,no
MT309001,FD-018,residential,2023-10-15,domestic-low,,1
MT307003,FD-035,residential,2021-01-28,domestic-low,,no
MT302230,FD-002,industrial,25/11/2023,industrial,,1
MT308565,FD-032,industrial,2023-07-10,domestic-low,,False
MT307512,FD-032,commercial,2022-08-29,domestic-low,126.3 kWh,no
MT306477,FD-022,residential,2022-03-23,commercial,24.2 kWh,1
MT307886,FD-015,residential,2024-09-13,domestic-low,70.4,0
MT301214,FD-017,public,2024-11-28,domestic-low,,TRUE
MT307455,FD-003,residential,2024-08-20,social,123.5 kWh,yes
MT307105,FD-033,commercial,2022-05-28,social,162.8,1
MT310164,FD-016,residential,2020-06-28,domestic-low,95.9,0
MT305660,FD-035,industrial,2021-11-06,commercial,141.1 kWh,0
MT307203,FD-019,commercial,2019-07-30,social,84.5 kWh,yes
MT310085,FD-007,residential,26/12/2021,domestic-standard,175.4 kWh,1
MT300240,FD-035,residential,2023-02-21,social,,True
MT306927,FD-010,residential,2021-02-26,domestic-standard,176.8 kWh,1
MT308500,FD-027,public,2023-10-15,commercial,18.5,0
MT310526,FD-013,residential,2023-09-28,domestic-standard,82.9,True
MT306454,FD-004,residential,2019-10-22,industrial,127.7,True
MT307385,FD-023,industrial,2022-02-05,industrial,232.7 kWh,0
MT300796,FD-020,residential,2021-10-22,social,135.3 kWh,TRUE
MT307670,FD-009,public,2019-08-26,domestic-low,268.5 kWh,TRUE
MT302053,FD-029,residential,2024-04-29,industrial,70.9 kWh,TRUE
MT310070,FD-016,public,2021-08-02,domestic-low,,False
MT305230,FD-026,residential,2025-08-11,domestic-standard,,True
MT305839,FD-032,residential,2022-06-26,social,40.2 kWh,True
MT308154,FD-001,commercial,2024-04-29,domestic-standard,153.0 kWh,0
MT308530,FD-022,residential,2025-02-10,commercial,,TRUE
MT306232,FD-036,residential,2023-05-01,domestic-low,,TRUE
MT304649,FD-001,residential,2025-05-09,commercial,238.7,False
MT306310,FD-016,industrial,2020-03-22,domestic-low,38.6,0
MT302945,FD-030,commercial,2020-02-16,domestic-low,107.1,yes
MT310593,FD-014,residential,2020-05-03,commercial,149.0 kWh,False
MT310992,FD-034,public,2022-09-21,domestic-low,41.7 kWh,FALSE
MT309160,FD-005,public,2021-08-07,domestic-standard,213.9,1
MT304278,FD-012,residential,2021-01-15,domestic-standard,38.1,TRUE
MT301545,FD-027,industrial,2019-07-23,social,,TRUE
MT303088,FD-006,residential,2021-07-13,domestic-low,60.0,1
MT308915,FD-031,industrial,2024-09-11,domestic-low,188.7 kWh,FALSE
MT302420,FD-007,commercial,2022-06-14,domestic-low,30.8,TRUE
MT307695,FD-033,commercial,2019-08-30,domestic-low,72.0,yes
MT309894,FD-026,residential,2022-10-15,domestic-standard,,True
MT304142,FD-009,commercial,17/10/2024,commercial,97.1 kWh,1
MT307404,FD-021,commercial,25/10/2021,commercial,,FALSE
MT310897,FD-012,industrial,19/05/2024,commercial,155.1 kWh,yes
MT301538,FD-018,residential,2022-10-18,domestic-standard,,0
MT303511,FD-026,public,2024-11-06,industrial,,no
MT303629,FD-016,residential,2024-04-20,domestic-low,100.8,1
MT305927,FD-015,residential,2024-03-03,domestic-low,177.7 kWh,False
MT307777,FD-033,industrial,2022-03-22,domestic-standard,111.1 kWh,FALSE
MT307248,FD-006,commercial,2020-06-02,domestic-low,232.8 kWh,1
MT308618,FD-035,residential,2025-08-28,industrial,,FALSE
MT309028,FD-036,commercial,2024-12-25,domestic-low,,1
MT305603,FD-027,residential,28/07/2024,social,129.9 kWh,no
MT306721,FD-006,commercial,2019-12-26,social,95.8 kWh,no
MT304323,FD-027,industrial,2025-05-30,domestic-low,,0
MT306632,FD-037,residential,2021-03-09,social,,False
MT305627,FD-032,residential,2022-03-29,domestic-standard,64.5,yes
MT309205,FD-020,industrial,05/05/2026,commercial,96.3 kWh,FALSE
MT303316,FD-037,commercial,2022-12-21,domestic-low,72.9 kWh,1
MT305472,FD-001,public,2019-03-04,domestic-low,,False
MT300023,FD-013,public,2026-04-22,commercial,110.9,no
MT301503,FD-024,residential,27/08/2022,social,,TRUE
MT306952,FD-017,commercial,02/03/2025,domestic-low,,TRUE
MT306331,FD-006,residential,2019-01-08,social,,True
MT305074,FD-031,residential,2024-11-29,domestic-standard,135.0 kWh,no
MT308583,FD-011,industrial,2021-08-15,commercial,101.5 kWh,False
MT302180,FD-012,commercial,2023-04-29,social,231.4,True
MT308611,FD-037,commercial,2022-08-13,commercial,,True
MT303353,FD-010,public,2021-07-06,social,,FALSE
MT306062,FD-013,industrial,2022-09-14,industrial,33.9,False
MT308984,FD-014,commercial,2020-06-21,domestic-low,33.6,0
MT304617,FD-032,industrial,2021-08-22,domestic-low,,yes
MT303147,FD-035,commercial,2023-10-31,domestic-low,111.9,FALSE
MT310418,FD-035,residential,2021-07-30,domestic-low,106.6 kWh,True
MT305556,FD-026,residential,03/09/2022,domestic-low,,yes
MT300418,FD-026,public,2026-04-25,domestic-low,,1
MT300849,FD-018,residential,2026-02-03,domestic-low,171.1,True
MT305827,FD-011,residential,2021-05-16,domestic-low,124.5 kWh,yes
MT310615,FD-006,commercial,2019-03-06,domestic-low,18.7 kWh,TRUE
MT302920,FD-018,public,2026-04-13,social,,True
MT309741,FD-029,public,2020-01-27,industrial,96.6 kWh,True
MT300439,FD-034,commercial,2019-09-13,domestic-low,29.8,0
MT305461,FD-026,residential,2024-02-19,commercial,32.7 kWh,0
MT308415,FD-019,commercial,2020-07-13,domestic-low,,True
MT306704,FD-029,public,2022-02-20,domestic-low,55.7,1
MT300848,FD-012,residential,2023-07-08,commercial,,FALSE
MT302348,FD-026,residential,2020-07-01,industrial,235.7,True
MT308403,FD-016,residential,2024-10-21,domestic-low,,True
MT305610,FD-029,commercial,2020-06-16,domestic-low,,True
MT301641,FD-016,commercial,2024-02-25,industrial,,1
MT307637,FD-014,residential,2026-05-13,domestic-low,213.1,True
MT307206,FD-017,residential,2022-01-10,commercial,15.0 kWh,TRUE
MT307774,FD-010,commercial,2025-01-27,domestic-low,204.6 kWh,FALSE
MT301886,FD-011,public,2020-06-10,social,77.2 kWh,no
MT308366,FD-037,residential,2023-12-22,industrial,,True
MT300506,FD-010,residential,2019-07-18,domestic-low,289.7 kWh,FALSE
MT306161,FD-002,residential,2023-10-29,industrial,173.0,no
MT310577,FD-007,commercial,2021-12-09,domestic-standard,,0
MT305020,FD-004,residential,2022-10-03,domestic-low,,TRUE
MT301825,FD-005,residential,2019-03-30,domestic-low,141.5,FALSE
MT308096,FD-007,residential,2024-06-23,domestic-low,99.3,FALSE
MT302659,FD-005,residential,2022-06-17,commercial,130.5,FALSE
MT304747,FD-006,industrial,2024-05-09,commercial,125.8,TRUE
MT310644,FD-027,residential,2025-01-12,domestic-low,,True
MT306607,FD-022,residential,2021-12-18,industrial,32.1 kWh,False
MT310596,FD-037,residential,2021-04-06,commercial,183.6,1
MT306525,FD-020,public,2021-08-19,domestic-standard,,no
MT304653,FD-007,commercial,2025-11-07,domestic-low,9.9 kWh,False
MT305753,FD-030,residential,2020-04-07,social,95.6 kWh,1
MT301096,FD-004,residential,2022-08-24,domestic-standard,,True
MT309611,FD-032,public,2021-01-12,social,97.9,FALSE
MT305284,FD-003,public,2022-11-29,domestic-standard,84.9,0
MT310635,FD-033,residential,2023-07-19,domestic-low,89.7 kWh,FALSE
MT309810,FD-034,industrial,2020-05-13,social,174.2,True
MT306379,FD-023,industrial,2024-04-09,domestic-standard,109.0,FALSE
MT309348,FD-029,residential,2024-04-11,domestic-standard,99.6 kWh,0
MT309108,FD-015,public,2024-07-25,domestic-low,208.3,FALSE
MT303506,FD-028,residential,2024-08-21,social,57.4,no
MT300028,FD-011,residential,27/08/2020,domestic-standard,117.9,no
MT302697,FD-005,residential,23/05/2020,industrial,33.2,0
MT307036,FD-012,residential,2024-04-30,domestic-standard,138.6,TRUE
MT301900,FD-003,public,2024-03-24,industrial,236.1 kWh,yes
MT309828,FD-037,residential,2021-07-13,domestic-low,,1
MT306556,FD-022,industrial,2020-09-12,domestic-low,,1
MT305127,FD-036,industrial,2024-06-08,industrial,88.2 kWh,True
MT306734,FD-013,industrial,2021-07-21,commercial,65.6,no
MT310918,FD-009,public,2024-01-14,domestic-low,,no
MT308753,FD-017,public,2019-04-02,industrial,,True
MT310163,FD-029,residential,2023-04-07,domestic-standard,116.8 kWh,FALSE
MT309055,FD-035,residential,24/12/2025,domestic-low,88.8 kWh,0
MT306309,FD-029,residential,2023-05-11,industrial,27.3 kWh,False
MT310110,FD-017,residential,2022-11-06,domestic-low,196.1,FALSE
MT303464,FD-001,residential,2021-05-13,domestic-low,23.7,TRUE
MT300321,FD-034,public,2024-06-30,domestic-low,61.4 kWh,yes
MT308818,FD-012,residential,2022-03-23,commercial,,True
MT310870,FD-003,industrial,2022-05-23,social,,True
MT302545,FD-028,commercial,2024-06-19,industrial,,no
MT309376,FD-023,commercial,2021-05-20,industrial,100.9 kWh,False
MT304218,FD-011,residential,2019-06-09,domestic-standard,149.1 kWh,yes
MT303747,FD-022,residential,2019-03-11,domestic-standard,,FALSE
MT310949,FD-035,industrial,2022-07-15,domestic-standard,,FALSE
MT301321,FD-012,commercial,26/08/2021,industrial,,no
MT310731,FD-010,commercial,2020-12-19,industrial,37.4,True
MT310275,FD-018,residential,2022-02-26,social,33.9,TRUE
MT301248,FD-021,industrial,2020-07-26,domestic-standard,,FALSE
MT309474,FD-003,industrial,2026-02-09,domestic-low,59.6 kWh,1
MT306296,FD-017,residential,2019-08-04,social,163.9 kWh,yes
MT300168,FD-018,industrial,2022-11-26,domestic-low,92.7,yes
MT307666,FD-009,residential,2025-09-07,industrial,,no
MT306612,FD-001,public,2025-12-16,domestic-low,,FALSE
MT303589,FD-037,residential,2019-07-05,commercial,64.6,True
MT305580,FD-035,residential,2020-10-25,domestic-low,,False
MT303059,FD-029,industrial,2019-11-26,domestic-low,,True
MT307243,FD-024,industrial,05/09/2020,social,168.5,yes
MT302098,FD-008,commercial,2023-01-02,industrial,126.6 kWh,no
MT301561,FD-002,public,2024-09-13,commercial,,yes
MT302823,FD-030,industrial,2020-11-08,commercial,,True
MT306354,FD-005,industrial,2026-02-01,industrial,167.1,0
MT307166,FD-002,industrial,2021-04-13,domestic-low,112.2,True
MT305441,FD-024,public,2021-11-07,commercial,137.1 kWh,no
MT307748,FD-010,residential,2024-09-09,social,51.9 kWh,TRUE
MT300937,FD-019,public,2020-09-24,social,146.1 kWh,False
MT306472,FD-019,commercial,2025-05-15,domestic-low,66.8 kWh,FALSE
MT307011,FD-022,public,06/09/2022,commercial,148.3,0
MT307343,FD-001,residential,2024-09-07,domestic-low,70.5 kWh,FALSE
MT302407,FD-032,industrial,2020-05-16,domestic-low,107.5 kWh,False
MT303602,FD-012,industrial,2022-01-25,domestic-standard,237.4 kWh,TRUE
MT304995,FD-036,commercial,2023-10-11,social,29.4 kWh,0
MT300549,FD-015,residential,2021-11-22,social,70.1 kWh,1
MT305654,FD-028,residential,2021-01-24,domestic-low,,1
MT308942,FD-013,industrial,2019-10-22,commercial,97.6 kWh,TRUE
MT304914,FD-022,residential,2023-01-17,commercial,46.8 kWh,yes
MT301611,FD-030,commercial,2024-01-21,social,,FALSE
MT303413,FD-024,public,20/06/2022,domestic-standard,77.8,yes
MT304534,FD-037,commercial,2022-08-19,domestic-standard,169.8 kWh,TRUE
MT306520,FD-011,public,2019-03-26,domestic-standard,49.4,0
MT304661,FD-018,residential,2025-10-05,social,,True
MT306391,FD-012,public,2023-12-20,domestic-low,95.8,no
MT309025,FD-026,public,2023-04-08,domestic-low,,True
MT309644,FD-021,residential,2020-08-11,social,169.2 kWh,no
MT302498,FD-013,commercial,2025-06-09,social,24.3 kWh,0
MT300166,FD-017,residential,16/04/2021,domestic-standard,47.6,False
MT308509,FD-016,residential,2020-04-02,domestic-low,,no
MT302751,FD-025,public,10/12/2020,social,206.2,0
MT304072,FD-026,residential,2023-03-23,domestic-low,95.8,TRUE
MT302090,FD-019,public,2020-10-05,domestic-low,,yes
MT304143,FD-003,residential,27/03/2026,domestic-low,126.9 kWh,0
MT302628,FD-024,residential,2025-08-04,domestic-standard,97.0 kWh,0
MT304681,FD-011,public,2021-10-13,commercial,39.9,0
MT301843,FD-032,commercial,2020-02-19,commercial,221.9 kWh,False
MT302041,FD-014,residential,2022-02-08,commercial,98.4,False
MT305009,FD-036,residential,2025-03-14,domestic-low,,yes
MT302183,FD-014,commercial,2020-11-30,social,131.7,True
MT308527,FD-012,residential,2022-06-15,domestic-standard,200.8 kWh,0
MT310354,FD-017,public,27/03/2019,social,179.0 kWh,yes
MT309235,FD-002,residential,2022-06-07,domestic-low,42.1,False
MT306220,FD-006,residential,13/04/2020,social,,True
MT300802,FD-015,residential,2025-04-30,industrial,156.9 kWh,False
MT301985,FD-004,residential,2019-01-10,commercial,53.8,FALSE
MT308362,FD-026,industrial,2025-08-04,social,197.0 kWh,yes
MT307330,FD-021,industrial,2023-05-19,domestic-low,,TRUE
MT303609,FD-023,commercial,2023-05-08,industrial,158.6 kWh,1
MT305683,FD-018,industrial,2025-09-17,domestic-standard,,no
MT307667,FD-006,residential,2026-05-03,industrial,,TRUE
MT310707,FD-019,residential,2024-11-19,domestic-low,101.3,yes
MT301081,FD-012,residential,2019-06-02,domestic-low,11.5 kWh,no
MT310924,FD-027,residential,2020-04-08,domestic-standard,146.0,no
MT310536,FD-007,residential,2020-04-27,domestic-standard,,False
MT303121,FD-006,residential,2024-02-23,domestic-standard,83.6 kWh,TRUE
MT304742,FD-004,residential,28/02/2026,domestic-low,56.0 kWh,FALSE
MT302636,FD-015,commercial,2021-01-27,domestic-standard,78.4,0
MT302126,FD-025,residential,2020-06-10,domestic-low,39.1,no
MT309394,FD-022,industrial,2022-09-26,commercial,137.4,TRUE
MT306307,FD-007,residential,2024-02-04,commercial,174.2,no
MT305092,FD-036,industrial,2025-07-23,domestic-low,,1
MT303934,FD-003,residential,2024-10-16,domestic-low,36.4,FALSE
MT308393,FD-019,industrial,2025-04-28,commercial,130.9 kWh,yes
MT306853,FD-010,residential,2023-06-22,social,85.5 kWh,1
MT309242,FD-015,industrial,2021-09-27,domestic-low,39.9,True
MT310484,FD-010,residential,2024-12-21,domestic-low,132.9,1
MT304798,FD-030,commercial,2023-11-01,commercial,,False
MT309043,FD-032,industrial,2022-02-05,domestic-low,,TRUE
MT306458,FD-012,residential,2023-09-02,domestic-low,147.7 kWh,False
MT302171,FD-029,public,21/03/2023,commercial,166.2,FALSE
MT300266,FD-016,residential,2023-12-06,commercial,,FALSE
MT310478,FD-030,industrial,2020-06-01,commercial,70.3 kWh,True
MT304439,FD-022,public,2023-01-22,social,,no
MT310140,FD-020,public,2020-04-01,industrial,,0
MT304332,FD-023,residential,2023-03-22,social,137.7,no
MT305313,FD-004,public,2023-03-29,domestic-low,8.1 kWh,True
MT310153,FD-023,public,2022-09-14,domestic-low,51.4 kWh,yes
MT303921,FD-010,industrial,2022-07-11,social,178.1 kWh,True
MT300573,FD-012,residential,2022-03-28,industrial,80.9,False
MT300863,FD-001,residential,2023-06-23,commercial,83.4,False
MT304863,FD-007,residential,2020-05-30,domestic-low,122.6,FALSE
MT309065,FD-002,residential,2019-04-08,domestic-low,135.2 kWh,True
MT302117,FD-019,commercial,2020-01-28,domestic-standard,86.2,no
MT307414,FD-007,residential,2019-02-01,commercial,35.6 kWh,1
MT306944,FD-005,commercial,2020-07-23,domestic-standard,153.7,FALSE
MT310742,FD-036,commercial,2023-04-08,domestic-low,150.7 kWh,FALSE
MT307913,FD-006,residential,2021-02-13,social,29.0,FALSE
MT308296,FD-004,residential,2025-03-08,industrial,,False
MT307096,FD-014,commercial,2025-01-17,social,,FALSE
MT303670,FD-035,residential,21/03/2025,domestic-standard,,TRUE
MT302530,FD-025,commercial,2022-03-30,commercial,167.3,0
MT301148,FD-012,public,2025-02-09,domestic-low,219.5,FALSE
MT308148,FD-008,commercial,2023-01-06,commercial,173.8,FALSE
MT305785,FD-017,public,2019-01-02,social,40.5,True
MT310432,FD-001,commercial,2025-08-11,domestic-standard,208.3 kWh,no
MT308645,FD-035,residential,2024-05-31,domestic-standard,221.5,FALSE
MT308453,FD-016,residential,2022-08-07,commercial,121.5,FALSE
MT301204,FD-035,residential,2022-04-12,domestic-low,82.2,no
MT310417,FD-016,commercial,2019-04-01,industrial,143.7,False
MT302094,FD-037,residential,23/07/2022,social,,1
MT304636,FD-030,commercial,2024-11-03,domestic-low,15.7 kWh,FALSE
MT310622,FD-003,residential,2025-03-14,domestic-standard,69.4,FALSE
MT308576,FD-024,residential,2024-12-24,social,,False
MT306181,FD-020,residential,2024-09-26,commercial,,1
MT303580,FD-036,residential,2023-05-21,domestic-standard,,True
MT304602,FD-011,residential,2022-04-20,domestic-low,76.3,yes
MT300257,FD-018,industrial,19/03/2025,domestic-low,183.6 kWh,FALSE
MT307495,FD-002,public,2023-11-08,commercial,,FALSE
MT308793,FD-020,residential,2020-06-15,industrial,117.8,True
MT301344,FD-018,residential,2022-04-10,domestic-standard,33.7,0
MT307188,FD-001,industrial,2021-11-25,commercial,99.1,yes
MT310833,FD-019,commercial,2024-06-17,domestic-low,26.1,no
MT301184,FD-007,residential,2025-07-22,domestic-low,,False
MT301173,FD-033,residential,2024-04-03,domestic-standard,,no
MT310171,FD-007,residential,23/05/2023,industrial,104.8 kWh,True
MT307820,FD-006,residential,2022-12-25,commercial,105.9 kWh,FALSE
MT302040,FD-035,residential,2019-08-12,commercial,43.2,FALSE
MT302607,FD-036,residential,2024-08-10,commercial,162.4,0
MT304468,FD-012,residential,2023-06-21,industrial,204.3,TRUE
MT305858,FD-033,public,2023-06-04,commercial,,TRUE
MT300018,FD-009,residential,2022-03-31,domestic-low,219.4 kWh,False
MT305045,FD-028,commercial,2024-06-08,domestic-low,115.5,0
MT301564,FD-020,commercial,2021-05-06,domestic-low,,yes
MT306053,FD-004,residential,18/01/2025,industrial,178.4 kWh,False
MT307862,FD-030,public,2024-09-30,industrial,,yes
MT307692,FD-002,residential,2023-06-25,commercial,11.2 kWh,1
MT308342,FD-035,residential,2022-07-14,commercial,111.5 kWh,yes
MT306425,FD-019,residential,2024-08-04,social,180.7,1
MT306677,FD-006,residential,2022-08-25,social,145.3,yes
MT303245,FD-032,residential,2020-05-19,domestic-standard,131.7,TRUE
MT310738,FD-009,residential,2026-02-16,commercial,22.5 kWh,1
MT301193,FD-007,commercial,2025-12-03,domestic-standard,172.2 kWh,0
MT307735,FD-018,commercial,2026-02-10,domestic-standard,,no
MT305039,FD-029,industrial,15/07/2025,domestic-standard,166.8 kWh,yes
MT302075,FD-035,public,2025-01-18,industrial,298.2 kWh,0
MT302539,FD-023,residential,2019-11-12,domestic-standard,,False
MT300725,FD-008,residential,2020-08-27,commercial,143.0,no
MT302758,FD-010,residential,2019-03-30,domestic-low,133.7,True
MT303327,FD-029,public,2025-07-27,domestic-low,72.2,no
MT310820,FD-014,commercial,2019-07-07,industrial,,no
MT300678,FD-023,residential,2022-04-23,domestic-low,,False
MT310894,FD-003,residential,2025-10-14,commercial,,False
MT307756,FD-013,public,2026-04-27,social,121.6 kWh,0
MT307240,FD-006,commercial,2023-10-26,domestic-low,,TRUE
MT300103,FD-005,residential,2024-10-03,domestic-low,,False
MT304443,FD-036,residential,2023-10-15,industrial,,yes
MT307236,FD-029,residential,06/04/2021,commercial,152.1,1
MT302484,FD-015,public,2021-09-21,domestic-low,126.8 kWh,FALSE
MT300783,FD-025,residential,2024-07-06,domestic-low,,FALSE
MT306602,FD-012,commercial,2019-03-02,commercial,74.6,0
MT308832,FD-014,residential,2019-04-14,commercial,39.2,0
MT304810,FD-012,residential,2022-10-03,social,197.9 kWh,True
MT306378,FD-025,commercial,2021-04-03,social,41.2,True
MT309405,FD-006,residential,03/02/2020,domestic-low,185.6 kWh,True
MT301197,FD-034,public,2021-11-07,social,,1
MT304379,FD-004,industrial,06/03/2024,domestic-low,128.8,no
MT307007,FD-010,residential,2019-04-06,domestic-low,168.5,0
MT308101,FD-035,residential,2022-10-28,domestic-standard,,FALSE
MT301625,FD-035,residential,2021-08-22,domestic-standard,26.4,yes
MT301962,FD-006,residential,2020-07-15,industrial,55.2 kWh,yes
MT304671,FD-028,residential,05/02/2022,social,,no
MT307858,FD-024,industrial,2022-07-06,commercial,14.9,FALSE
MT304109,FD-022,commercial,2019-03-07,industrial,228.2 kWh,1
MT308737,FD-025,commercial,2021-02-05,social,256.6,False
MT304693,FD-014,public,2019-02-23,social,,no
MT306068,FD-015,residential,2023-05-11,domestic-low,,False
MT308518,FD-032,public,2020-09-06,domestic-low,,no
MT308498,FD-005,public,2020-09-22,domestic-standard,94.1,False
MT306988,FD-004,residential,2022-07-12,domestic-standard,65.1 kWh,yes
MT307160,FD-008,public,2026-05-02,commercial,,no
MT304203,FD-005,commercial,2021-05-25,social,,yes
MT308579,FD-027,industrial,2022-09-24,commercial,,yes
MT304251,FD-035,residential,2024-07-08,commercial,137.9 kWh,TRUE
MT302418,FD-016,industrial,2021-04-29,domestic-low,65.3,FALSE
MT307988,FD-002,residential,2019-11-11,social,79.1,FALSE
MT306803,FD-025,industrial,2024-01-24,commercial,153.9,no
MT309455,FD-011,commercial,2023-11-28,social,235.7,yes
MT302889,FD-001,residential,2020-05-13,domestic-standard,,False
MT303842,FD-028,residential,30/09/2025,commercial,,no
MT304547,FD-037,industrial,2019-07-24,commercial,91.7 kWh,no
MT304217,FD-019,commercial,2019-08-08,commercial,98.8 kWh,False
MT307757,FD-005,industrial,2022-02-10,social,25.9 kWh,True
MT308657,FD-009,residential,08/11/2020,industrial,182.7,FALSE
MT301478,FD-025,residential,2021-05-11,industrial,95.0,TRUE
MT309388,FD-029,public,2023-01-03,domestic-standard,188.8 kWh,False
MT307711,FD-010,residential,2021-05-13,commercial,115.9 kWh,1
MT304053,FD-009,commercial,2019-01-30,social,160.8,1
MT306005,FD-018,industrial,2020-04-02,commercial,,FALSE
MT309796,FD-010,industrial,2025-07-16,industrial,,0
MT304725,FD-025,residential,2019-11-25,domestic-standard,90.3 kWh,no
MT300191,FD-012,residential,2026-05-05,social,,FALSE
MT308586,FD-012,industrial,2024-09-16,industrial,21.7,yes
MT303085,FD-001,residential,2024-01-03,domestic-standard,179.8,True
MT308899,FD-008,public,2020-03-05,commercial,,yes
MT304235,FD-018,industrial,2023-02-16,commercial,40.9,1
MT309171,FD-024,residential,2019-09-29,social,,yes
MT308976,FD-016,residential,2019-12-01,commercial,,FALSE
MT307837,FD-001,residential,05/05/2020,social,114.6 kWh,yes
MT300316,FD-029,residential,2019-12-26,domestic-low,,0
MT309838,FD-022,industrial,2024-03-27,industrial,99.6,1
MT300371,FD-015,residential,2022-08-02,commercial,,FALSE
MT310004,FD-031,residential,2025-07-16,commercial,105.0 kWh,True
MT309880,FD-022,residential,2025-08-21,industrial,,FALSE
MT307075,FD-028,industrial,2021-03-07,domestic-low,29.2,1
MT308957,FD-025,commercial,2026-01-09,domestic-low,132.0 kWh,True
MT305159,FD-014,residential,2023-09-18,domestic-standard,,no
MT305942,FD-001,public,09/07/2021,domestic-low,147.2,no
MT310722,FD-004,residential,28/01/2022,social,125.0 kWh,0
MT305861,FD-018,residential,2022-01-02,social,124.7 kWh,FALSE
MT307734,FD-031,residential,2022-07-10,domestic-low,141.4 kWh,TRUE
MT301149,FD-032,industrial,2023-06-24,domestic-low,158.2,yes
MT308000,FD-023,industrial,2023-07-13,commercial,71.6 kWh,1
MT307715,FD-030,industrial,2021-01-11,commercial,,yes
MT300059,FD-009,residential,2024-08-06,domestic-standard,,True
MT302069,FD-010,industrial,2022-08-31,industrial,,no
MT307288,FD-018,residential,2025-11-30,commercial,,yes
MT307474,FD-032,residential,2023-04-29,domestic-low,91.5 kWh,True
MT302146,FD-008,commercial,2025-03-24,domestic-low,149.3 kWh,no
MT303617,FD-026,commercial,2023-01-14,domestic-low,151.7,yes
MT300400,FD-013,residential,2019-11-30,social,135.7,1
MT307127,FD-008,residential,04/11/2023,industrial,,yes
MT301205,FD-025,residential,2024-11-14,domestic-low,264.0 kWh,TRUE
MT303463,FD-035,residential,2022-07-02,domestic-low,128.2 kWh,False
MT306063,FD-004,public,2019-10-15,domestic-low,136.3 kWh,False
MT302161,FD-034,residential,2019-11-07,social,134.5,True
MT303141,FD-027,public,2024-12-12,domestic-low,,1
MT306157,FD-012,public,2025-09-09,domestic-standard,,no
MT301642,FD-012,public,2023-12-07,social,158.1 kWh,FALSE
MT309105,FD-001,public,2025-10-05,domestic-low,77.6 kWh,0
MT300838,FD-024,public,2024-09-15,social,24.3 kWh,yes
MT310196,FD-011,residential,2019-06-11,domestic-low,86.0,TRUE
MT304493,FD-026,industrial,2024-03-04,social,62.2 kWh,no
MT303284,FD-037,residential,2020-10-11,commercial,92.4,no
MT310376,FD-003,industrial,2021-10-13,commercial,66.8 kWh,yes
MT304618,FD-012,residential,2019-11-15,social,,True
MT301047,FD-037,industrial,2022-03-15,industrial,,TRUE
MT306976,FD-011,public,2023-02-07,domestic-low,34.0 kWh,no
MT308587,FD-008,residential,2019-01-23,commercial,,yes
MT304740,FD-029,public,02/03/2024,social,14.7,yes
MT307560,FD-018,public,31/07/2021,social,96.2,1
MT309813,FD-001,residential,2020-01-08,domestic-low,,0
MT301583,FD-010,public,2019-03-29,domestic-low,155.4,no
MT310390,FD-013,residential,2020-03-18,domestic-low,,1
MT302278,FD-029,industrial,2022-04-11,social,67.7 kWh,yes
MT303092,FD-028,residential,2024-07-09,domestic-low,,False
MT300900,FD-009,commercial,2023-01-16,domestic-low,,1
MT303874,FD-007,residential,2021-12-25,commercial,59.9,FALSE
MT310881,FD-027,residential,09/02/2022,industrial,,1
MT301533,FD-035,commercial,2021-06-14,commercial,71.3,1
MT308297,FD-005,industrial,2020-07-26,social,169.7,True
MT310941,FD-021,commercial,2024-04-14,industrial,102.5 kWh,yes
MT308547,FD-013,public,2021-02-08,domestic-low,110.5 kWh,yes
MT305783,FD-005,residential,15/06/2025,domestic-low,,1
MT306102,FD-013,commercial,2023-09-27,social,134.4,1
MT304641,FD-014,industrial,2022-03-15,domestic-standard,215.4 kWh,True
MT310029,FD-018,residential,2025-04-06,domestic-low,,no
MT302835,FD-020,industrial,2022-03-06,industrial,213.7 kWh,TRUE
MT305930,FD-006,industrial,2026-05-08,social,,True
MT305810,FD-035,commercial,2025-08-09,social,155.3 kWh,False
MT307129,FD-036,industrial,2026-01-22,domestic-low,30.2 kWh,0
MT300564,FD-026,public,10/07/2022,commercial,177.8,True
MT301896,FD-016,residential,2025-10-08,industrial,,no
MT308959,FD-002,public,2023-03-04,domestic-standard,,FALSE
MT302900,FD-019,commercial,2020-08-27,domestic-low,93.5 kWh,0
MT302485,FD-005,industrial,2025-07-04,social,220.0 kWh,1
MT301653,FD-021,residential,2024-02-05,commercial,,yes
MT307892,FD-019,commercial,2019-11-16,domestic-standard,177.9,0
MT304136,FD-023,residential,2021-11-25,commercial,,TRUE
MT310551,FD-007,industrial,2025-01-12,industrial,70.6,0
MT306822,FD-024,residential,2023-01-23,domestic-low,170.4 kWh,no
MT305638,FD-019,public,2025-11-14,domestic-standard,,FALSE
MT310823,FD-033,residential,08/02/2019,commercial,274.1,1
MT309994,FD-024,industrial,2025-01-09,domestic-low,71.0 kWh,TRUE
MT307055,FD-010,residential,2023-03-08,domestic-low,132.6 kWh,0
MT308166,FD-030,residential,2026-03-21,domestic-low,,False
MT309214,FD-023,residential,2021-08-16,domestic-standard,181.6,TRUE
MT300821,FD-015,industrial,2024-01-23,industrial,,1
MT300201,FD-012,residential,2020-10-15,social,150.9,yes
MT310779,FD-023,residential,2019-04-30,domestic-standard,,TRUE
MT306880,FD-002,residential,2020-12-01,commercial,,0
MT302634,FD-003,public,2022-01-17,domestic-standard,108.5 kWh,FALSE
MT309956,FD-032,residential,2024-07-28,domestic-low,144.7,True
MT310213,FD-020,residential,2022-04-30,domestic-low,28.8 kWh,FALSE
MT300830,FD-009,public,2025-09-03,domestic-low,85.0 kWh,no
MT308536,FD-005,residential,2023-05-14,social,,1
MT310426,FD-003,industrial,2025-04-04,domestic-low,167.2,1
MT300207,FD-036,industrial,2021-09-18,domestic-standard,,FALSE
MT303731,FD-036,residential,04/03/2022,domestic-low,177.9 kWh,1
MT305233,FD-005,commercial,2020-01-17,industrial,,yes
MT301835,FD-002,industrial,2023-08-09,domestic-low,105.2 kWh,yes
MT304364,FD-034,residential,2021-05-19,domestic-low,197.6,no
MT306528,FD-002,residential,2026-01-23,domestic-low,,TRUE
MT309501,FD-031,residential,2024-02-07,industrial,,True
MT303383,FD-031,residential,2022-02-20,commercial,,True
MT302525,FD-017,industrial,2019-07-02,domestic-low,,0
MT303057,FD-019,residential,2022-05-26,industrial,184.7,0
MT302585,FD-024,residential,22/10/2024,domestic-low,122.3,0
MT310650,FD-007,residential,14/04/2024,social,133.6 kWh,False
MT306664,FD-025,residential,2024-04-14,domestic-standard,12.7 kWh,True
MT305035,FD-009,residential,23/09/2020,social,40.5,False
MT300462,FD-022,commercial,2024-05-23,domestic-low,162.6 kWh,yes
MT300472,FD-022,industrial,2023-07-16,industrial,108.3,1
MT310690,FD-031,residential,2023-04-08,social,128.9 kWh,FALSE
MT310389,FD-031,residential,2024-03-29,social,191.6,FALSE
MT300467,FD-026,industrial,2025-08-06,domestic-low,39.6 kWh,False
MT309905,FD-001,industrial,2025-09-02,domestic-standard,38.7 kWh,False
MT309464,FD-024,public,2019-03-15,social,,FALSE
MT305430,FD-037,residential,2022-06-10,domestic-low,146.9 kWh,True
MT300296,FD-006,residential,2021-05-21,domestic-standard,208.3,True
MT303170,FD-006,public,2024-02-24,domestic-low,57.9 kWh,yes
MT307648,FD-037,residential,2021-12-07,social,158.4,yes
MT303313,FD-013,residential,2019-06-22,domestic-low,,False
MT301546,FD-006,commercial,2024-11-13,domestic-low,,True
MT306642,FD-014,public,2019-10-12,domestic-standard,82.4,no
MT301975,FD-033,commercial,2020-06-30,industrial,,False
MT302395,FD-004,residential,2023-10-15,domestic-low,,False
MT307252,FD-012,residential,2019-01-15,domestic-low,107.8 kWh,FALSE
MT306517,FD-019,commercial,2023-12-25,domestic-low,79.3 kWh,False
MT307349,FD-020,residential,2022-07-11,commercial,55.0,TRUE
MT304328,FD-003,residential,2024-07-24,commercial,125.1,False
MT301230,FD-035,residential,2020-03-07,domestic-low,138.8 kWh,yes
MT303056,FD-030,public,2024-03-28,domestic-low,90.7,False
MT309793,FD-029,industrial,2021-06-09,domestic-low,129.3,True
MT307089,FD-032,residential,2020-01-16,industrial,,1
MT310179,FD-024,commercial,2020-03-26,domestic-low,,1
MT305077,FD-016,public,2024-07-06,domestic-low,26.9,TRUE
MT304178,FD-001,residential,2019-03-12,domestic-low,200.3 kWh,yes
MT301559,FD-007,public,2023-03-18,domestic-standard,85.4 kWh,0
MT302653,FD-022,residential,2023-07-16,industrial,44.5 kWh,True
MT301759,FD-026,residential,2025-04-17,commercial,143.3 kWh,TRUE
MT302750,FD-012,commercial,31/07/2024,domestic-low,,False
MT301445,FD-017,commercial,2020-03-18,domestic-standard,,no
MT306349,FD-030,residential,2020-02-15,domestic-low,,False
MT306523,FD-010,residential,2025-01-09,domestic-low,,no
MT310306,FD-031,residential,2023-03-30,industrial,,False
MT303654,FD-022,residential,2020-07-09,social,,0
MT300151,FD-014,residential,2023-01-18,domestic-low,58.4 kWh,TRUE
MT305268,FD-035,public,2021-12-04,industrial,44.0,TRUE
MT301459,FD-020,residential,2026-05-12,domestic-low,149.6,yes
MT304788,FD-029,commercial,2021-12-22,commercial,,1
MT309941,FD-031,residential,2022-02-21,social,18.3,no
MT303022,FD-013,public,20/02/2020,domestic-low,95.3 kWh,1
MT306861,FD-021,commercial,2020-02-03,domestic-low,170.1,FALSE
MT302134,FD-009,commercial,2023-10-06,domestic-standard,132.9 kWh,True
MT305543,FD-017,commercial,2022-12-16,domestic-low,,True
MT306516,FD-036,commercial,2025-10-02,domestic-low,,FALSE
MT301399,FD-023,commercial,2022-12-02,industrial,22.7 kWh,TRUE
MT307940,FD-036,residential,28/01/2021,domestic-standard,67.7 kWh,False
MT310609,FD-004,industrial,2024-04-23,commercial,,False
MT303951,FD-015,residential,2022-01-15,industrial,123.5 kWh,TRUE
MT302148,FD-022,residential,2019-01-17,commercial,,1
MT302755,FD-007,commercial,2021-02-28,industrial,50.1,no
MT303488,FD-005,residential,27/03/2024,social,248.5 kWh,yes
MT307557,FD-011,residential,2023-04-22,commercial,,no
MT304586,FD-023,residential,2021-11-20,domestic-low,163.8,no
MT310406,FD-025,industrial,2021-02-15,industrial,17.7,yes
MT307936,FD-030,residential,2019-10-30,domestic-low,89.3 kWh,no
MT300097,FD-005,residential,2022-05-17,domestic-low,28.0,yes
MT304180,FD-026,residential,2022-06-26,domestic-low,262.5 kWh,FALSE
MT308638,FD-013,residential,2022-07-20,domestic-low,15.8,no
MT301265,FD-036,residential,2022-01-27,domestic-low,98.7,0
MT300634,FD-016,residential,2024-10-28,domestic-low,110.0,False
MT306229,FD-007,industrial,30/10/2022,commercial,,0
MT306835,FD-024,residential,2019-11-19,domestic-low,106.5,yes
MT310755,FD-014,commercial,2022-03-15,domestic-low,21.3,0
MT302441,FD-036,residential,10/10/2025,domestic-low,222.1,False
MT304654,FD-023,residential,16/09/2020,social,,no
MT300988,FD-008,commercial,2021-12-04,social,15.7,0
MT301383,FD-024,commercial,2024-05-22,domestic-low,,1
MT305636,FD-025,residential,14/05/2024,domestic-standard,131.2 kWh,no
MT305995,FD-007,residential,2019-08-25,industrial,158.3 kWh,1
MT308596,FD-021,residential,2026-05-22,domestic-low,139.4 kWh,yes
MT303539,FD-002,commercial,2021-11-05,commercial,62.3,True
MT303039,FD-020,residential,09/11/2023,commercial,73.5 kWh,yes
MT301431,FD-023,public,2022-03-06,domestic-standard,,True
MT305685,FD-025,public,2019-07-14,domestic-low,225.2 kWh,True
MT307014,FD-017,industrial,2025-10-27,commercial,,FALSE
MT303628,FD-019,public,2020-09-11,social,198.4,no
MT307281,FD-016,industrial,2025-05-31,commercial,37.3 kWh,TRUE
MT304729,FD-029,industrial,2020-04-08,industrial,152.4 kWh,FALSE
MT303483,FD-035,residential,2022-08-21,industrial,141.0,False
MT302773,FD-012,public,2022-10-17,domestic-low,203.7,no
MT303803,FD-031,residential,2020-04-09,commercial,45.8 kWh,1
MT305977,FD-003,industrial,2020-05-30,domestic-low,130.6 kWh,no
MT306504,FD-009,public,2023-10-31,social,81.2,0
MT302738,FD-009,residential,2023-12-25,industrial,250.8 kWh,False
MT307790,FD-036,industrial,09/01/2025,social,132.8,False
MT305100,FD-005,residential,2025-04-17,industrial,64.2,TRUE
MT306399,FD-008,residential,2024-04-19,social,143.2 kWh,0
MT309505,FD-026,residential,2021-02-08,commercial,283.1,True
MT306610,FD-026,public,2021-05-12,domestic-standard,,True
MT306204,FD-020,commercial,2023-09-14,social,119.8,1
MT304207,FD-019,industrial,2021-08-11,domestic-low,19.1,TRUE
MT305611,FD-026,residential,2019-05-11,domestic-low,89.3,0
MT308422,FD-032,residential,02/04/2023,social,,FALSE
MT310883,FD-016,industrial,2023-01-31,industrial,12.9,yes
MT304146,FD-004,public,2023-01-02,domestic-low,,1
MT306008,FD-018,residential,24/04/2021,domestic-low,137.7,1
MT300734,FD-003,public,2021-04-28,domestic-low,18.9,True
MT303474,FD-001,residential,2023-07-26,domestic-low,,yes
MT306732,FD-029,residential,2022-02-28,domestic-low,92.8,no
MT302047,FD-019,industrial,2023-06-04,domestic-low,195.2 kWh,FALSE
MT300288,FD-018,public,2022-04-06,domestic-low,67.3 kWh,1
MT304933,FD-008,residential,2021-06-30,domestic-low,,0
MT304340,FD-013,residential,2023-07-31,domestic-low,,True
MT306016,FD-002,residential,07/04/2025,commercial,132.5 kWh,FALSE
MT300507,FD-024,industrial,13/02/2020,social,25.2 kWh,yes
MT302384,FD-021,residential,18/12/2024,domestic-standard,175.7 kWh,False
MT304305,FD-008,commercial,2025-04-27,industrial,,TRUE
MT300605,FD-019,residential,2022-11-20,domestic-standard,163.5,0
MT304470,FD-010,public,2024-02-07,domestic-low,151.9 kWh,TRUE
MT306920,FD-025,residential,2020-08-16,domestic-standard,,False
MT300420,FD-001,residential,2023-04-26,domestic-low,,1
MT306807,FD-018,residential,2025-10-19,domestic-low,19.9 kWh,FALSE
MT310981,FD-027,residential,2019-07-16,social,91.4,no
MT306671,FD-015,residential,07/04/2019,domestic-standard,107.9,TRUE
MT302846,FD-001,public,2020-06-01,domestic-low,,yes
MT310767,FD-015,industrial,2022-08-11,domestic-standard,,True
MT309518,FD-026,public,2022-04-18,domestic-low,116.9,False
MT301756,FD-014,residential,2024-03-06,industrial,113.4 kWh,yes
MT305873,FD-027,residential,2020-05-06,industrial,64.3 kWh,True
MT306211,FD-013,residential,2023-07-12,domestic-low,163.5,False
MT303632,FD-034,residential,2026-05-07,domestic-low,11.1 kWh,FALSE
MT301712,FD-032,residential,2025-09-06,commercial,53.8 kWh,0
MT307100,FD-017,commercial,2020-09-28,domestic-low,17.5 kWh,1
MT302558,FD-030,residential,2025-10-12,social,167.7 kWh,0
MT300589,FD-014,commercial,2023-07-26,social,,yes
MT300272,FD-030,residential,2023-09-24,industrial,167.6,False
MT306955,FD-037,residential,2020-02-07,domestic-standard,,TRUE
MT309466,FD-035,public,12/12/2020,social,38.0,1
MT305452,FD-002,public,2021-06-25,social,,yes
MT300087,FD-017,commercial,2023-05-01,social,,TRUE
MT306054,FD-021,industrial,2019-01-28,industrial,,False
MT308300,FD-036,public,2020-08-18,domestic-low,,yes
MT305981,FD-018,residential,2025-07-15,domestic-standard,104.2 kWh,0
MT310910,FD-006,residential,2019-09-04,domestic-low,114.3,1
MT306971,FD-024,residential,2019-04-17,domestic-low,136.7,FALSE
MT309640,FD-019,commercial,2024-11-06,domestic-low,30.2,yes
MT301475,FD-023,residential,2022-03-05,domestic-standard,121.6 kWh,no
MT310575,FD-020,residential,2023-02-07,industrial,,1
MT303697,FD-026,residential,2024-05-11,commercial,192.5,1
MT309826,FD-024,public,2021-01-26,domestic-low,108.1,no
MT300198,FD-015,residential,2020-07-07,domestic-standard,,1
MT309362,FD-017,industrial,26/10/2025,industrial,,yes
MT303434,FD-011,residential,2023-11-06,domestic-low,16.9,1
MT308647,FD-002,residential,2025-07-01,domestic-standard,25.3,TRUE
MT308762,FD-018,residential,21/08/2023,domestic-standard,153.9 kWh,TRUE
MT309733,FD-021,commercial,2023-03-15,industrial,108.9,no
MT301244,FD-007,public,2019-11-05,domestic-low,,True
MT309050,FD-006,residential,2021-01-31,industrial,78.7,True
MT306281,FD-005,residential,2022-09-22,domestic-low,47.1 kWh,FALSE
MT304774,FD-018,public,2025-06-24,domestic-low,200.4 kWh,FALSE
MT303929,FD-011,residential,2022-12-30,commercial,190.7 kWh,1
MT301716,FD-019,commercial,08/06/2024,domestic-low,136.2 kWh,no
MT309489,FD-029,industrial,2021-05-31,commercial,,FALSE
MT302767,FD-010,residential,2022-04-11,industrial,51.5,False
MT306430,FD-017,commercial,2023-04-10,domestic-standard,218.9 kWh,False
MT304277,FD-014,residential,2024-01-23,domestic-standard,182.6 kWh,TRUE
MT303943,FD-036,residential,2025-06-07,domestic-low,177.7,TRUE
MT306242,FD-037,residential,2025-01-15,domestic-low,,False
MT309420,FD-028,industrial,2023-01-30,industrial,,1
MT309623,FD-007,commercial,2020-03-16,commercial,184.5,yes
MT305434,FD-034,residential,2023-07-25,social,,FALSE
MT308356,FD-030,commercial,2025-12-23,domestic-low,82.6,True
MT301883,FD-008,residential,2024-04-06,domestic-standard,53.0 kWh,False
MT303416,FD-011,industrial,2021-10-22,domestic-low,59.7 kWh,no
MT300474,FD-018,commercial,2023-02-13,commercial,91.6 kWh,no
MT305789,FD-012,public,2021-07-13,domestic-low,,TRUE
MT305477,FD-028,industrial,2024-08-01,industrial,,yes
MT303630,FD-002,residential,2021-02-04,domestic-standard,13.5 kWh,no
MT302994,FD-031,commercial,2024-07-18,social,60.9 kWh,FALSE
MT300386,FD-026,public,2025-10-05,domestic-standard,71.3,0
MT310301,FD-004,industrial,2025-04-29,domestic-standard,,TRUE
MT307402,FD-023,residential,2020-01-11,domestic-standard,,True
MT306997,FD-020,residential,2024-06-30,social,100.3,yes
MT310443,FD-032,residential,2024-08-27,industrial,,True
MT305229,FD-010,industrial,2020-11-08,industrial,92.5,yes
MT309268,FD-026,industrial,2019-03-20,social,36.1,no
MT305979,FD-021,industrial,16/01/2023,domestic-standard,202.2,FALSE
MT305081,FD-021,residential,2023-01-09,commercial,,True
MT303456,FD-004,residential,2024-05-18,domestic-low,,TRUE
MT302288,FD-018,residential,2025-05-25,domestic-low,217.9,no
MT302050,FD-033,public,2023-08-01,social,,yes
MT309822,FD-031,residential,18/04/2022,industrial,230.7 kWh,True
MT308850,FD-003,residential,2026-03-30,industrial,39.9 kWh,0
MT307779,FD-029,public,2019-11-05,domestic-low,73.8 kWh,no
MT303475,FD-024,commercial,2022-06-27,domestic-low,137.1 kWh,0
MT301400,FD-014,residential,2019-08-07,domestic-low,71.8 kWh,TRUE
MT309212,FD-034,commercial,2026-03-01,industrial,,TRUE
MT308210,FD-032,residential,2025-04-04,industrial,137.9,no
MT304051,FD-015,commercial,08/09/2020,social,92.3 kWh,FALSE
MT301411,FD-036,industrial,27/09/2025,social,62.1,0
MT307587,FD-023,commercial,2023-09-12,industrial,94.6,FALSE
MT305864,FD-021,residential,2025-08-14,commercial,,yes
MT304138,FD-036,residential,2019-04-29,industrial,,True
MT305955,FD-019,residential,18/02/2026,social,16.3,FALSE
MT309058,FD-001,residential,2019-02-11,domestic-low,159.9,FALSE
MT300854,FD-013,commercial,2025-09-10,domestic-low,,False
MT310771,FD-037,residential,2023-12-14,domestic-low,,0
MT309210,FD-030,residential,12/02/2023,domestic-low,23.0,False
MT305567,FD-032,residential,2019-05-14,domestic-low,,False
MT301624,FD-019,residential,2021-01-05,domestic-low,160.4 kWh,yes
MT304312,FD-012,public,2020-04-12,social,,FALSE
MT301902,FD-021,residential,2020-02-06,domestic-standard,99.4,yes
MT306010,FD-016,commercial,2026-03-31,domestic-standard,,TRUE
MT308623,FD-019,residential,2025-05-28,commercial,56.0 kWh,True
MT302764,FD-026,public,2020-01-18,commercial,155.1 kWh,FALSE
MT307596,FD-002,residential,2019-12-08,social,83.4 kWh,TRUE
MT310009,FD-013,residential,2022-02-07,social,,True
MT306325,FD-020,commercial,2025-09-27,social,123.1,TRUE
MT304150,FD-007,commercial,2020-01-24,domestic-low,61.2,False
MT310060,FD-036,residential,2026-05-10,commercial,128.3 kWh,1
MT308649,FD-025,residential,2022-03-19,domestic-standard,,1
MT306051,FD-004,industrial,2025-05-28,domestic-standard,,True
MT302660,FD-034,public,2025-07-25,social,,FALSE
MT310205,FD-028,industrial,2020-02-27,commercial,12.2 kWh,TRUE
MT306956,FD-011,industrial,2020-04-17,domestic-low,,1
MT300712,FD-005,commercial,2023-08-31,industrial,98.1 kWh,1
MT305966,FD-020,residential,2023-07-15,industrial,92.8,TRUE
MT304674,FD-037,residential,2020-03-30,industrial,163.4 kWh,0
MT308075,FD-005,industrial,2021-05-24,commercial,153.7,no
MT305702,FD-012,residential,2019-04-04,domestic-standard,32.8 kWh,FALSE
MT300940,FD-001,residential,01/06/2023,commercial,183.3,1
MT300034,FD-021,residential,2023-03-12,domestic-low,32.2 kWh,0
MT304162,FD-005,residential,2019-01-03,industrial,136.9 kWh,yes
MT302219,FD-030,commercial,2023-08-03,commercial,123.0 kWh,0
MT306910,FD-033,industrial,2019-12-20,commercial,48.6 kWh,FALSE
MT308243,FD-036,industrial,2026-01-31,domestic-low,55.1 kWh,no
MT301203,FD-032,public,2024-02-21,industrial,144.8,FALSE
MT303158,FD-022,public,2024-07-06,domestic-low,101.9 kWh,FALSE
MT306700,FD-015,commercial,2023-06-18,social,176.3 kWh,FALSE
MT301640,FD-023,residential,2019-07-07,domestic-low,,False
MT305796,FD-002,residential,2024-06-14,commercial,,1
MT300510,FD-008,commercial,2025-06-25,industrial,46.1,True
MT304194,FD-003,residential,2025-03-22,domestic-standard,235.2 kWh,False
MT303377,FD-020,industrial,2019-01-13,industrial,,True
MT300751,FD-024,residential,2019-06-15,domestic-low,24.0 kWh,1
MT309067,FD-024,residential,2026-01-23,domestic-standard,60.5,1
MT302827,FD-017,industrial,2019-12-10,domestic-low,89.9 kWh,1
MT309367,FD-022,residential,2020-01-23,social,81.8 kWh,no
MT306007,FD-037,residential,24/11/2020,domestic-standard,176.8 kWh,True
MT310937,FD-007,public,2022-05-15,domestic-low,64.6 kWh,False
MT301884,FD-015,residential,2021-08-25,domestic-low,,True
MT302871,FD-036,residential,2025-06-17,industrial,,TRUE
MT302809,FD-012,commercial,2025-05-31,industrial,44.4 kWh,no
MT310716,FD-001,residential,2019-11-03,domestic-low,,0
MT303376,FD-029,residential,2020-04-11,commercial,45.2,yes
MT305941,FD-016,residential,2019-12-31,domestic-low,122.4,False
MT302619,FD-001,residential,2024-01-19,domestic-low,281.4,0
MT306451,FD-017,residential,27/03/2021,domestic-low,148.9 kWh,False
MT310209,FD-030,residential,2019-05-26,domestic-low,113.8,False
MT309472,FD-016,residential,2023-11-24,commercial,,1
MT300387,FD-022,commercial,2021-11-16,social,81.0,0
MT309042,FD-017,residential,2021-10-12,domestic-standard,,True
MT302689,FD-028,residential,2026-01-27,domestic-low,,yes
MT308363,FD-020,public,2019-03-11,domestic-standard,106.5,1
MT307046,FD-001,industrial,2023-10-29,industrial,73.5 kWh,yes
MT303283,FD-030,residential,2022-08-28,industrial,50.3 kWh,TRUE
MT300523,FD-022,industrial,2020-07-27,domestic-low,57.4,yes
MT307051,FD-025,industrial,2020-12-12,domestic-low,,yes
MT304238,FD-017,residential,2023-04-05,domestic-low,20.7,True
MT305106,FD-028,public,2023-07-13,social,199.6,1
MT307161,FD-028,industrial,2021-05-25,domestic-low,134.6,FALSE
MT303683,FD-007,commercial,2026-01-03,industrial,,False
MT303193,FD-023,residential,2023-02-20,domestic-standard,52.4 kWh,True
MT309177,FD-016,public,2025-10-20,domestic-low,,FALSE
MT308205,FD-028,industrial,2020-02-23,social,82.8,False
MT301595,FD-017,public,2024-01-16,domestic-low,,no
MT307527,FD-003,residential,2026-04-08,domestic-low,218.0 kWh,yes
MT303286,FD-037,industrial,2024-02-16,domestic-standard,125.9,yes
MT301898,FD-019,residential,2020-02-13,domestic-standard,,TRUE
MT310284,FD-037,public,2023-09-05,social,74.0,no
MT306945,FD-034,industrial,2024-09-14,industrial,97.2,True
MT308417,FD-030,residential,2024-10-15,social,139.3 kWh,yes
MT301630,FD-014,residential,2022-05-07,industrial,202.5 kWh,1
MT304185,FD-020,industrial,2025-01-07,domestic-low,,TRUE
MT304696,FD-006,public,2026-04-11,domestic-low,,0
MT301912,FD-025,residential,2024-06-26,domestic-standard,,1
MT301297,FD-036,residential,2024-02-24,domestic-low,129.4,TRUE
MT309029,FD-024,residential,2022-01-05,domestic-low,,FALSE
MT309694,FD-023,residential,2026-02-28,domestic-low,,1
MT309115,FD-014,residential,2020-03-28,industrial,,False
MT307038,FD-027,residential,2019-04-10,domestic-low,69.7 kWh,FALSE
MT304705,FD-019,commercial,2026-02-17,domestic-standard,,0
MT308503,FD-025,industrial,2020-11-14,industrial,,FALSE
MT307290,FD-035,residential,2020-08-04,commercial,99.2 kWh,True
MT308563,FD-015,residential,2021-10-17,domestic-standard,,yes
MT309090,FD-007,industrial,02/04/2022,social,,0
MT310358,FD-037,commercial,2024-06-07,domestic-low,,yes
MT300910,FD-017,public,2019-07-12,social,,TRUE
MT309564,FD-035,commercial,2019-11-02,domestic-low,95.1 kWh,TRUE
MT308466,FD-004,residential,2019-04-21,industrial,187.4,1
MT308841,FD-022,public,2024-11-19,domestic-standard,,no
MT309508,FD-018,residential,29/01/2019,commercial,,False
MT303402,FD-012,public,2021-08-01,social,,True
MT307293,FD-013,commercial,2019-05-17,domestic-low,,TRUE
MT303947,FD-024,industrial,2023-05-21,social,,False
MT305024,FD-005,public,02/10/2019,domestic-low,,FALSE
MT306565,FD-024,public,2022-06-20,industrial,123.4 kWh,no
MT305300,FD-032,residential,2019-02-25,domestic-low,,1
MT306006,FD-023,commercial,2023-10-06,commercial,13.3 kWh,no
MT300785,FD-020,residential,2023-11-26,domestic-standard,28.5 kWh,1
MT301264,FD-013,residential,2019-02-09,domestic-standard,,TRUE
MT302083,FD-004,residential,2020-01-18,domestic-low,12.3,TRUE
MT303678,FD-037,commercial,2024-10-08,domestic-low,118.8,no
MT301098,FD-027,commercial,2021-01-22,social,165.4 kWh,False
MT304041,FD-001,residential,2022-12-27,domestic-low,132.4 kWh,0
MT310824,FD-020,industrial,2019-07-25,industrial,111.6 kWh,no
MT310372,FD-029,residential,2024-04-24,social,,no
MT303123,FD-021,residential,2024-04-29,domestic-low,52.4 kWh,True
MT306164,FD-016,residential,2024-12-26,domestic-standard,,1
MT302535,FD-027,residential,2024-03-09,commercial,26.2,yes
MT308901,FD-026,residential,2021-06-07,domestic-low,167.0,0
MT308713,FD-019,residential,2024-08-12,industrial,70.5 kWh,FALSE
MT309592,FD-030,residential,2024-02-07,commercial,67.5 kWh,True
MT310760,FD-007,residential,2025-07-09,domestic-low,101.2,TRUE
MT308760,FD-022,residential,2019-03-11,domestic-low,,yes
MT305697,FD-032,residential,2025-02-22,domestic-standard,,no
MT302923,FD-018,residential,2020-01-18,commercial,,0
MT301160,FD-015,residential,2025-10-05,commercial,154.3 kWh,0
MT306605,FD-037,residential,2024-08-12,domestic-low,9.7 kWh,yes
MT302961,FD-021,public,2021-09-15,social,143.8 kWh,FALSE
MT307681,FD-014,residential,18/07/2023,domestic-low,285.1,0
MT310945,FD-031,residential,2022-05-12,commercial,,0
MT300859,FD-008,commercial,02/12/2020,social,21.5,0
MT305072,FD-005,residential,2019-10-06,domestic-standard,,True
MT302533,FD-034,residential,2022-10-03,domestic-low,141.8,TRUE
MT300471,FD-035,residential,2024-10-15,social,,no
MT304402,FD-035,commercial,2026-02-03,social,178.2,1
MT309705,FD-015,commercial,2022-02-19,industrial,116.9,yes
MT300758,FD-016,residential,2023-12-31,commercial,,False
MT300188,FD-016,residential,2024-11-12,industrial,36.0 kWh,no
MT306011,FD-025,residential,2024-07-22,domestic-standard,259.9,1
MT303509,FD-026,industrial,2021-04-29,domestic-standard,,True
MT310487,FD-026,residential,2019-11-05,commercial,169.5,0
MT307193,FD-015,public,17/01/2021,commercial,,no
MT304563,FD-026,residential,2023-11-18,domestic-low,35.5,FALSE
MT306623,FD-031,residential,2023-04-28,social,65.6 kWh,TRUE
MT310605,FD-018,residential,2024-06-29,commercial,,yes
MT302716,FD-031,residential,2020-12-02,social,62.6 kWh,yes
MT307659,FD-023,industrial,2021-11-14,commercial,49.0 kWh,1
MT303959,FD-028,residential,2023-02-15,commercial,,FALSE
MT301042,FD-029,commercial,2023-03-04,domestic-low,47.0,no
MT304307,FD-004,public,2019-11-07,industrial,,False
MT305263,FD-006,residential,2020-10-08,domestic-low,,TRUE
MT302641,FD-017,industrial,2023-01-24,social,72.1 kWh,False
MT300578,FD-016,commercial,2025-11-07,domestic-low,86.1 kWh,False
MT303588,FD-007,commercial,23/02/2022,industrial,,0
MT301052,FD-020,industrial,2024-07-02,domestic-low,93.6,False
MT306071,FD-030,industrial,2023-07-20,domestic-low,30.0 kWh,False
MT308438,FD-009,commercial,2019-03-07,social,98.8 kWh,FALSE
MT300405,FD-022,public,2019-05-17,social,102.9 kWh,TRUE
MT307535,FD-026,residential,2022-09-10,industrial,84.1 kWh,1
MT308239,FD-019,industrial,2023-03-14,commercial,20.6,True
MT301974,FD-013,residential,2023-03-10,industrial,,no
MT304667,FD-007,residential,2019-05-13,commercial,173.5,0
MT300729,FD-029,public,2019-03-15,social,,TRUE
MT310064,FD-008,residential,2025-09-12,domestic-standard,,1
MT308121,FD-007,industrial,2023-01-01,domestic-standard,,yes
MT300329,FD-015,residential,2023-12-01,domestic-low,267.7 kWh,FALSE
MT309133,FD-014,residential,2023-12-30,domestic-low,69.6 kWh,True
MT304233,FD-037,commercial,2025-01-18,commercial,45.8,yes
MT301658,FD-016,public,2023-02-23,domestic-low,89.1 kWh,False
MT305885,FD-015,residential,2020-05-09,industrial,101.6 kWh,yes
MT306457,FD-022,industrial,2021-06-22,domestic-low,205.0,no
MT306426,FD-036,residential,2025-02-06,domestic-standard,17.0,False
MT302830,FD-032,residential,2025-12-04,commercial,186.5 kWh,True
MT308383,FD-035,industrial,2022-01-31,industrial,,TRUE
MT302940,FD-005,commercial,2025-05-14,social,48.6,0
MT309301,FD-029,residential,2022-05-16,domestic-low,199.0,yes
MT305835,FD-035,residential,2019-08-24,domestic-low,69.3,0
MT301423,FD-030,industrial,2024-06-08,domestic-low,210.6 kWh,True
MT309364,FD-019,residential,2021-09-19,commercial,129.5,1
MT302910,FD-035,residential,2019-02-06,industrial,,yes
MT302955,FD-035,residential,2026-01-13,industrial,118.8,yes
MT303213,FD-009,public,2023-02-28,domestic-low,49.7,1
MT301304,FD-024,industrial,2026-01-01,social,182.1 kWh,1
MT302244,FD-008,industrial,2021-12-28,social,,FALSE
MT304860,FD-008,industrial,2019-10-30,domestic-low,173.0 kWh,yes
MT305238,FD-006,residential,2026-04-15,domestic-low,102.7,1
MT309613,FD-016,industrial,2024-02-19,domestic-low,135.8 kWh,yes
MT306397,FD-034,residential,2019-12-22,domestic-standard,,1
MT307635,FD-015,residential,2022-12-25,domestic-low,140.1,False
MT304352,FD-008,commercial,2024-04-11,industrial,187.7 kWh,1
MT300152,FD-016,residential,2024-05-19,commercial,,yes
MT305464,FD-016,residential,25/04/2019,domestic-low,84.7,False
MT308994,FD-007,residential,2021-12-10,domestic-standard,163.7,TRUE
MT310468,FD-013,residential,2021-05-06,social,179.7,no
MT304007,FD-012,industrial,2024-07-10,industrial,111.1,no
MT305043,FD-015,public,2021-05-08,domestic-low,213.7 kWh,False
MT307294,FD-008,industrial,2023-07-03,industrial,98.4,False
MT303585,FD-033,residential,2022-07-20,domestic-standard,,no
MT301512,FD-027,commercial,14/12/2025,commercial,,0
MT304321,FD-021,residential,2021-03-21,industrial,105.3 kWh,TRUE
MT310036,FD-020,residential,2023-03-08,domestic-low,,False
MT309258,FD-007,industrial,2021-04-06,domestic-low,,False
MT307653,FD-027,commercial,2020-10-08,social,,False
MT300407,FD-004,residential,2023-02-14,industrial,43.8,0
MT301468,FD-025,commercial,2020-06-25,industrial,43.1 kWh,True
MT301452,FD-018,residential,2019-03-21,social,239.3,FALSE
MT300905,FD-027,commercial,2025-08-10,social,,yes
MT300419,FD-027,commercial,2019-02-22,domestic-standard,253.9 kWh,yes
MT300927,FD-034,public,2024-08-11,commercial,,FALSE
MT303459,FD-026,industrial,2023-09-15,domestic-standard,214.8,1
MT301714,FD-002,industrial,2019-05-01,industrial,156.9,FALSE
MT301864,FD-009,residential,2025-06-17,domestic-standard,95.5 kWh,TRUE
MT305821,FD-005,commercial,2022-06-18,domestic-standard,9.5,yes
MT309309,FD-016,industrial,2025-10-21,domestic-low,84.0 kWh,0
MT303175,FD-004,public,2020-09-08,domestic-low,145.1,TRUE
MT308552,FD-008,residential,2021-05-23,commercial,,FALSE
MT300361,FD-009,public,2022-11-27,industrial,,1
MT306111,FD-009,industrial,2019-04-10,domestic-standard,82.5 kWh,False
MT305520,FD-018,residential,2022-10-12,domestic-low,,yes
MT310688,FD-008,residential,2020-04-20,industrial,,FALSE
MT300078,FD-015,residential,2019-10-27,commercial,,TRUE
MT306912,FD-019,industrial,2026-01-06,industrial,152.0,no
MT308927,FD-007,residential,2026-03-05,domestic-low,,False
MT301542,FD-035,industrial,2023-04-15,domestic-low,87.5,no
MT300611,FD-031,public,2019-12-15,domestic-low,108.4 kWh,no
MT304013,FD-019,residential,27/04/2020,domestic-low,,FALSE
MT301601,FD-010,industrial,2020-12-05,social,54.1,yes
MT305350,FD-030,residential,2023-05-08,domestic-standard,,False
MT300457,FD-017,residential,14/09/2024,domestic-standard,189.3 kWh,True
MT305805,FD-016,residential,2021-06-25,domestic-standard,,no
MT308839,FD-024,public,12/03/2019,industrial,36.4,False
MT300888,FD-009,commercial,2025-10-05,commercial,74.7,yes
MT306909,FD-011,residential,2020-08-31,domestic-standard,174.0 kWh,no
MT301217,FD-023,public,2022-03-08,industrial,,yes
MT305140,FD-013,residential,2021-02-05,domestic-standard,,TRUE
MT303247,FD-022,residential,2020-11-10,industrial,73.2 kWh,yes
MT303304,FD-010,industrial,2022-05-20,domestic-low,,no
MT302616,FD-020,residential,2023-12-30,industrial,45.1,1
MT301748,FD-037,industrial,11/03/2024,social,69.6 kWh,1
MT301992,FD-004,public,2024-04-04,commercial,,TRUE
MT307894,FD-016,industrial,2021-05-06,commercial,28.0 kWh,TRUE
MT310637,FD-002,industrial,13/03/2020,domestic-low,134.1,False
MT307827,FD-017,residential,2024-09-30,domestic-low,121.9,FALSE
MT301876,FD-020,residential,2019-05-13,industrial,,True
MT308308,FD-014,residential,2022-02-05,domestic-standard,98.5 kWh,yes
MT300873,FD-016,residential,2019-03-25,industrial,127.2 kWh,no
MT304050,FD-005,public,2025-01-14,domestic-low,71.2,True
MT309244,FD-007,public,2020-06-17,industrial,,FALSE
MT301353,FD-016,residential,2025-04-20,domestic-low,188.4 kWh,yes
MT310387,FD-012,industrial,23/01/2024,domestic-standard,44.8,0
MT308537,FD-024,industrial,2024-07-05,commercial,45.6 kWh,True
MT303817,FD-007,commercial,2020-03-06,domestic-low,63.1 kWh,1
MT302151,FD-018,public,2025-03-10,social,,True
MT300955,FD-019,residential,24/12/2023,domestic-standard,188.3 kWh,TRUE
MT301766,FD-015,residential,2024-10-20,domestic-low,78.8,0
MT306339,FD-024,residential,2019-02-26,social,,True
MT305307,FD-025,residential,2023-11-02,domestic-standard,9.3 kWh,True
MT307769,FD-036,public,2023-01-23,industrial,113.6 kWh,1
MT309478,FD-025,residential,2020-05-15,domestic-low,,FALSE
MT308317,FD-031,public,2023-11-05,industrial,,yes
MT306895,FD-033,residential,2020-02-05,social,136.7 kWh,1
MT307990,FD-019,commercial,2025-12-23,social,,1
MT301781,FD-005,residential,2024-02-28,domestic-low,,no
MT302338,FD-008,commercial,2022-03-18,domestic-low,,1
MT300993,FD-020,public,2025-08-14,commercial,174.5,FALSE
MT303055,FD-018,residential,2024-05-28,domestic-low,,True
MT302154,FD-002,residential,2019-12-05,social,,True
MT307830,FD-016,industrial,2026-03-08,domestic-low,47.8 kWh,no
MT303569,FD-008,public,2026-05-13,industrial,,FALSE
MT306719,FD-023,residential,04/02/2020,domestic-low,130.9 kWh,TRUE
MT309293,FD-001,industrial,02/05/2021,domestic-low,84.8 kWh,1
MT304746,FD-034,public,2021-12-26,domestic-low,,TRUE
MT308219,FD-020,commercial,2024-10-26,social,139.9 kWh,1
MT303965,FD-020,commercial,2020-01-16,domestic-low,147.9 kWh,FALSE
MT308544,FD-016,residential,2025-04-03,social,,yes
MT309213,FD-011,public,2022-10-28,commercial,113.8 kWh,False
MT305502,FD-031,residential,2020-10-14,social,102.7 kWh,1
MT308117,FD-034,residential,2021-05-05,domestic-low,,True
MT301421,FD-033,residential,2021-01-02,domestic-low,,yes
MT307060,FD-026,residential,2023-02-04,commercial,,True
MT303253,FD-021,public,2020-09-17,social,,yes
MT302396,FD-001,residential,2021-03-01,domestic-low,,TRUE
MT308560,FD-021,residential,2021-11-21,commercial,106.8 kWh,no
MT307705,FD-020,residential,2025-05-08,domestic-standard,89.3,no
MT307722,FD-014,residential,2023-05-18,social,28.8 kWh,FALSE
MT305965,FD-020,residential,2020-03-10,domestic-standard,196.1 kWh,no
MT310803,FD-017,residential,2025-11-13,domestic-low,54.2,True
MT307125,FD-021,commercial,2024-07-24,domestic-low,13.4,1
MT308384,FD-018,residential,04/04/2026,commercial,128.2,True
MT303466,FD-012,industrial,2021-07-02,social,,1
MT307254,FD-036,residential,2021-01-30,social,57.4 kWh,yes
MT307131,FD-016,public,2020-08-13,social,231.3 kWh,TRUE
MT300354,FD-005,residential,2025-09-27,domestic-low,14.9,False
MT302904,FD-036,public,2020-01-31,commercial,85.1,TRUE
MT304769,FD-012,public,2025-11-12,domestic-standard,179.3,1
MT310049,FD-023,commercial,2020-06-09,social,24.5,yes
MT307184,FD-004,industrial,2024-09-12,domestic-low,,0
MT307872,FD-019,commercial,2024-06-30,domestic-low,26.4,1
MT310093,FD-014,residential,2021-01-14,industrial,33.3,0
MT308484,FD-008,public,2025-01-20,domestic-standard,124.5,False
MT303068,FD-026,residential,2022-02-13,commercial,270.9,TRUE
MT303315,FD-005,residential,28/11/2023,social,,1
MT308488,FD-021,commercial,2019-08-19,domestic-low,105.6,no
MT304745,FD-027,residential,18/01/2024,commercial,59.0 kWh,0
MT305726,FD-025,residential,2026-03-26,domestic-low,94.3 kWh,1
MT310325,FD-002,residential,2024-04-21,domestic-low,153.8,no
MT309159,FD-019,public,2025-06-08,commercial,218.0 kWh,0
MT305715,FD-013,residential,2025-12-21,social,175.1,1
MT308170,FD-025,public,2019-06-23,industrial,10.5 kWh,1
MT309448,FD-035,commercial,2020-10-16,domestic-low,218.0 kWh,yes
MT301057,FD-004,public,2020-07-15,industrial,186.2 kWh,no
MT307114,FD-037,residential,2024-06-27,industrial,189.4 kWh,False
MT310882,FD-011,industrial,2025-05-12,domestic-low,,False
MT300269,FD-012,residential,2023-07-11,domestic-low,,False
MT307786,FD-013,commercial,2023-08-07,domestic-low,,no
MT302437,FD-026,residential,2024-03-31,commercial,,0
MT302176,FD-023,public,2025-12-02,domestic-low,,TRUE
MT308200,FD-002,commercial,2024-02-24,social,98.3,yes
MT307933,FD-022,residential,2024-11-26,domestic-low,,False
MT307197,FD-023,residential,2025-10-11,industrial,42.6 kWh,no
MT310667,FD-029,public,2025-08-08,industrial,47.8 kWh,True
MT300417,FD-016,residential,2023-12-20,social,207.4,no
MT305037,FD-031,residential,2022-04-25,social,150.9,False
MT303825,FD-016,commercial,2021-07-13,social,,0
MT309867,FD-023,commercial,2019-11-04,industrial,,False
MT309305,FD-011,residential,2022-05-19,commercial,,True
MT306992,FD-010,residential,2024-03-05,social,219.6,FALSE
MT300889,FD-019,industrial,2025-04-17,domestic-low,184.9,no
MT301875,FD-009,residential,2019-03-23,domestic-standard,47.4,1
MT310012,FD-009,commercial,2026-01-01,industrial,81.9 kWh,0
MT304583,FD-028,residential,2020-11-14,commercial,96.1,TRUE
MT306549,FD-037,commercial,2024-11-18,social,104.6,True
MT305303,FD-012,residential,2022-02-09,industrial,181.1 kWh,FALSE
MT305057,FD-008,residential,06/08/2019,industrial,43.9 kWh,False
MT310149,FD-021,residential,01/03/2025,industrial,109.6 kWh,no
MT301134,FD-022,residential,2025-05-08,domestic-low,134.9,FALSE
MT304845,FD-001,industrial,2025-06-28,domestic-low,158.3,0
MT310580,FD-034,industrial,2023-11-02,industrial,,TRUE
MT306705,FD-034,public,2025-04-19,industrial,142.3 kWh,FALSE
MT306019,FD-011,residential,2025-02-20,social,165.6,0
MT302192,FD-026,residential,2019-03-14,domestic-low,198.4 kWh,yes
MT306198,FD-022,residential,2021-11-23,industrial,,FALSE
MT310653,FD-023,industrial,2019-09-14,domestic-low,,False
MT306685,FD-010,public,2026-03-04,domestic-low,48.8 kWh,False
MT302328,FD-014,residential,2019-05-31,industrial,131.3 kWh,TRUE
MT308848,FD-034,residential,2020-10-24,domestic-low,18.6,1
MT308173,FD-033,residential,2025-01-01,domestic-low,149.2,no
MT310198,FD-018,residential,2025-11-09,domestic-standard,90.0 kWh,0
MT301628,FD-008,residential,2024-03-10,commercial,109.8,FALSE
MT303975,FD-011,industrial,18/02/2025,domestic-standard,452.6,no
MT310990,FD-025,industrial,18/01/2025,domestic-low,113.1 kWh,FALSE
MT303516,FD-033,residential,2023-08-07,industrial,122.7,yes
MT303263,FD-006,commercial,2021-03-27,commercial,26.2 kWh,no
MT306784,FD-001,residential,2019-02-23,commercial,33.4,1
MT308174,FD-011,commercial,2026-02-25,domestic-standard,,False
MT306706,FD-029,residential,2026-04-16,domestic-low,127.8,False
MT310469,FD-006,residential,2019-09-30,domestic-standard,,TRUE
MT303872,FD-037,residential,2020-05-06,domestic-low,51.6,True
MT301810,FD-005,residential,2025-08-20,domestic-standard,133.4,False
MT308868,FD-011,industrial,2019-06-07,domestic-low,21.2 kWh,0
MT310262,FD-027,residential,2019-03-22,industrial,126.5 kWh,TRUE
MT310014,FD-006,residential,2024-10-10,social,90.6 kWh,no
MT304630,FD-016,industrial,2021-08-02,domestic-low,32.1 kWh,1
MT300913,FD-025,residential,2025-09-14,industrial,125.7,TRUE
MT310243,FD-016,commercial,2025-04-06,industrial,18.0 kWh,TRUE
MT302301,FD-031,residential,2025-11-30,social,59.0,yes
MT307829,FD-027,industrial,2021-05-29,social,221.4,yes
MT308877,FD-036,residential,2019-01-01,domestic-standard,,False
MT306416,FD-014,residential,2024-04-12,domestic-low,,yes
MT310211,FD-025,residential,06/01/2025,domestic-low,30.0 kWh,True
MT306483,FD-001,residential,2024-08-18,commercial,,TRUE
MT310868,FD-033,public,2025-05-29,domestic-low,103.2 kWh,False
MT306447,FD-008,residential,2021-01-20,domestic-standard,150.4 kWh,False
MT300833,FD-025,public,2026-03-20,domestic-low,71.4,1
MT308700,FD-031,residential,10/01/2021,domestic-standard,127.9,yes
MT308768,FD-008,public,2021-08-19,commercial,32.1 kWh,0
MT309625,FD-002,residential,2026-04-13,domestic-low,,False
MT304939,FD-019,commercial,2026-04-24,domestic-low,,yes
MT308371,FD-026,residential,2021-10-16,commercial,,True
MT305183,FD-001,residential,2023-09-08,social,66.0 kWh,yes
MT302012,FD-025,commercial,06/11/2025,domestic-standard,106.4 kWh,1
MT303923,FD-020,residential,2024-05-24,commercial,104.9,True
MT300231,FD-021,public,2019-02-11,domestic-low,,True
MT308738,FD-028,public,2021-05-14,domestic-low,,no
MT301028,FD-029,commercial,2019-01-03,domestic-standard,,True
MT303077,FD-032,public,2025-07-18,social,,True
MT301556,FD-004,commercial,2025-10-21,domestic-standard,,FALSE
MT305145,FD-014,commercial,2021-03-17,domestic-standard,88.8 kWh,False
MT300999,FD-013,residential,2024-03-03,domestic-low,82.2 kWh,TRUE
MT303549,FD-007,public,2021-05-31,domestic-standard,101.3,0
MT308179,FD-029,residential,2025-05-20,social,16.9,FALSE
MT305598,FD-011,public,2022-01-21,social,,TRUE
MT301392,FD-008,residential,2019-10-04,commercial,,yes
MT309553,FD-002,residential,09/10/2021,domestic-standard,,FALSE
MT306165,FD-037,public,2019-02-10,commercial,265.6,False
MT310591,FD-012,residential,2025-01-05,domestic-low,247.1 kWh,1
MT300689,FD-016,residential,2022-06-03,commercial,50.3,FALSE
MT307037,FD-023,residential,2024-01-14,social,,yes
MT300493,FD-037,commercial,2019-06-15,social,121.5 kWh,FALSE
MT310261,FD-037,public,2024-01-22,domestic-low,111.4 kWh,yes
MT302297,FD-005,residential,2019-04-21,commercial,256.1,yes
MT301847,FD-013,commercial,2021-11-24,social,67.3,TRUE
MT308958,FD-023,commercial,2021-08-06,domestic-standard,139.8,TRUE
MT301979,FD-010,public,2021-07-10,domestic-low,,1
MT301172,FD-012,residential,2024-03-17,domestic-low,113.5,False
MT304858,FD-011,public,2023-04-09,domestic-low,,1
MT300825,FD-030,residential,2024-07-05,domestic-low,,False
MT301178,FD-007,industrial,2026-04-19,domestic-standard,,yes
MT306908,FD-018,public,2025-06-09,industrial,161.0 kWh,1
MT307297,FD-023,residential,2022-04-01,industrial,86.0,no
MT306302,FD-024,residential,2020-08-29,social,87.7 kWh,TRUE
MT306980,FD-009,residential,2025-05-14,industrial,213.0 kWh,False
MT301928,FD-023,commercial,2026-02-04,domestic-standard,,1
MT303122,FD-036,residential,2023-04-01,commercial,88.8,TRUE
MT305255,FD-018,residential,2024-09-06,domestic-low,45.6,no
MT310516,FD-002,public,2026-04-19,industrial,239.9,TRUE
MT301600,FD-019,commercial,2022-08-05,domestic-low,120.9,TRUE
MT309333,FD-015,residential,2019-01-09,domestic-low,48.1 kWh,True
MT306831,FD-021,residential,2025-11-18,social,267.3 kWh,True
MT300181,FD-008,residential,2020-03-07,social,,0
MT300746,FD-029,residential,2025-03-26,industrial,129.6,TRUE
MT302336,FD-028,industrial,2020-01-24,domestic-low,47.3 kWh,yes
MT309856,FD-020,public,2021-11-05,domestic-low,134.1,no
MT310451,FD-033,residential,2023-08-23,industrial,85.9,True
MT301990,FD-033,residential,2019-07-02,industrial,96.4,FALSE
MT303321,FD-003,residential,2022-04-21,commercial,92.0 kWh,0
MT310109,FD-001,commercial,2026-01-02,domestic-standard,,True
MT307957,FD-008,residential,2020-10-08,domestic-standard,114.7 kWh,1
MT300082,FD-013,commercial,2022-12-08,domestic-low,102.3 kWh,FALSE
MT303861,FD-007,residential,2023-01-18,social,101.4,FALSE
MT304751,FD-030,residential,2020-12-12,commercial,111.4 kWh,no
MT309984,FD-032,residential,27/08/2020,domestic-standard,84.4,False
MT305205,FD-030,commercial,2019-09-16,commercial,,False
MT304060,FD-030,residential,2019-04-15,domestic-low,,TRUE
MT309355,FD-018,industrial,2021-11-09,industrial,,no
MT304465,FD-005,public,2020-07-28,industrial,207.4,yes
MT301669,FD-014,residential,2024-09-29,commercial,97.8 kWh,TRUE
MT310854,FD-002,industrial,2025-07-07,industrial,247.0,FALSE
MT303385,FD-005,commercial,2021-05-14,domestic-standard,,True
MT309306,FD-004,industrial,2025-10-29,industrial,46.6 kWh,True
MT307124,FD-037,residential,19/04/2024,commercial,147.3,TRUE
MT310946,FD-026,residential,2024-12-08,commercial,,FALSE
MT301552,FD-018,commercial,2025-09-17,industrial,140.7 kWh,1
MT310520,FD-005,residential,2020-07-14,commercial,,no
MT306713,FD-022,commercial,2023-06-11,domestic-low,,True
MT304061,FD-013,residential,2019-12-09,industrial,95.7,False
MT310626,FD-021,residential,2021-01-22,domestic-low,9.5 kWh,no
MT303532,FD-006,residential,17/03/2021,industrial,,False
MT306297,FD-029,residential,2024-07-31,social,143.6,True
MT310361,FD-005,residential,2019-09-05,domestic-low,37.8 kWh,no
MT305130,FD-009,residential,2021-02-25,domestic-low,,TRUE
MT308625,FD-007,industrial,2021-01-05,domestic-low,83.5,False
MT307380,FD-003,public,2021-02-23,social,,True
MT304720,FD-037,residential,2021-03-09,commercial,40.7 kWh,True
MT310190,FD-007,industrial,2023-02-03,domestic-low,38.6 kWh,yes
MT305701,FD-018,residential,2021-03-10,industrial,220.3,0
MT301147,FD-030,residential,2022-10-25,domestic-low,148.6,0
MT302775,FD-031,residential,2020-09-01,domestic-low,33.8,1
MT305559,FD-014,residential,2026-01-15,industrial,,TRUE
MT307621,FD-036,public,2024-09-14,commercial,194.8 kWh,TRUE
MT301509,FD-013,public,26/05/2022,domestic-low,87.6,no
MT310598,FD-029,industrial,2021-11-03,industrial,,FALSE
MT310083,FD-006,public,2023-02-27,domestic-standard,,0
MT310183,FD-030,residential,2024-01-25,domestic-low,138.3,FALSE
MT310964,FD-017,residential,2024-05-02,domestic-low,47.6 kWh,1
MT301055,FD-023,public,2022-10-27,domestic-standard,,0
MT309674,FD-021,residential,2024-02-20,domestic-low,93.0,FALSE
MT309986,FD-013,residential,2022-05-01,industrial,,1
MT300480,FD-020,residential,2021-02-24,commercial,210.5,yes
MT309933,FD-018,residential,2020-01-18,industrial,,1
MT310206,FD-028,public,2022-08-25,domestic-low,,1
MT309945,FD-008,residential,2025-09-18,social,160.5,True
MT307436,FD-031,commercial,2023-05-28,domestic-standard,67.0 kWh,FALSE
MT309510,FD-005,industrial,2024-07-02,domestic-low,11.0 kWh,TRUE
MT301823,FD-007,public,2021-11-13,commercial,115.4 kWh,False
MT300362,FD-023,residential,2019-06-04,domestic-standard,171.9,False
MT309131,FD-017,industrial,2020-04-25,domestic-low,,no
MT302803,FD-033,residential,2022-02-20,commercial,49.7 kWh,True
MT309999,FD-012,residential,2020-04-22,domestic-low,,no
MT305495,FD-018,commercial,2020-05-12,domestic-standard,161.4 kWh,TRUE
MT305431,FD-035,industrial,02/12/2021,commercial,165.4,1
MT302561,FD-025,public,27/09/2024,domestic-low,161.2 kWh,0
MT300684,FD-035,residential,2020-03-02,industrial,99.6 kWh,False
MT301063,FD-008,residential,2021-10-05,domestic-standard,197.2,False
MT305566,FD-005,industrial,2025-04-05,domestic-standard,104.2 kWh,True
MT304592,FD-034,industrial,2023-10-17,social,,0
MT304276,FD-022,residential,2022-04-10,domestic-standard,,True
MT304202,FD-032,residential,2023-01-30,domestic-standard,147.4,no
MT301489,FD-024,residential,2021-03-15,domestic-low,62.4,0
MT305914,FD-017,public,2021-08-30,commercial,25.2,yes
MT310725,FD-005,residential,2021-04-05,social,,no
MT308312,FD-030,public,2024-06-23,domestic-standard,,yes
MT306863,FD-016,residential,2020-02-14,commercial,67.4 kWh,False
MT305746,FD-025,industrial,2019-04-04,domestic-low,189.8 kWh,True
MT308980,FD-012,residential,2020-08-25,social,67.1,FALSE
MT303103,FD-013,residential,2026-04-14,domestic-low,13.5,no
MT306166,FD-031,public,2023-06-12,social,133.4,TRUE
MT301665,FD-005,residential,2021-11-28,social,157.8,no
MT308769,FD-035,residential,2024-09-29,commercial,36.5 kWh,no
MT304299,FD-019,public,2026-01-12,industrial,,FALSE
MT303517,FD-020,residential,14/11/2022,industrial,,1
MT303971,FD-036,residential,2024-05-30,commercial,218.1,False
MT305457,FD-031,public,2020-12-09,industrial,68.0 kWh,FALSE
MT301317,FD-012,residential,2020-03-10,domestic-standard,101.1 kWh,no
MT302570,FD-037,residential,2019-04-12,commercial,41.4,0
MT308513,FD-018,commercial,2022-05-28,industrial,284.0 kWh,1
MT300450,FD-008,industrial,2025-01-05,domestic-low,79.0,0
MT300941,FD-012,residential,2023-04-23,commercial,,no
MT308717,FD-006,residential,2022-04-17,commercial,111.8,1
MT306359,FD-022,residential,2022-07-03,social,,1
MT304977,FD-009,public,2020-04-28,industrial,136.0,no
MT309202,FD-010,residential,2021-07-12,domestic-low,,yes
MT309707,FD-003,public,2021-08-20,domestic-standard,,False
MT301151,FD-013,industrial,2025-10-25,domestic-standard,12.1,True
MT302431,FD-023,industrial,13/01/2026,domestic-standard,,1
MT308467,FD-022,residential,2021-01-25,domestic-low,109.9,TRUE
MT310099,FD-018,industrial,2023-08-13,domestic-standard,,yes
MT303436,FD-027,residential,2023-09-13,domestic-standard,176.1 kWh,no
MT307888,FD-001,industrial,2024-03-22,social,70.4 kWh,yes
MT309687,FD-035,residential,2023-11-23,commercial,,0
MT301877,FD-009,residential,2019-04-28,social,210.5 kWh,FALSE
MT303595,FD-020,residential,2019-09-04,domestic-standard,,1
MT304094,FD-037,public,2023-07-09,domestic-low,65.5 kWh,yes
MT307890,FD-020,public,16/11/2022,domestic-low,118.7 kWh,False
MT306842,FD-018,residential,2023-11-26,social,,no
MT301580,FD-036,public,2021-03-23,commercial,113.8,1
MT305420,FD-006,commercial,2019-01-31,industrial,61.1,True
MT310610,FD-018,commercial,2023-04-08,commercial,47.2 kWh,TRUE
MT309871,FD-020,residential,2019-12-05,commercial,124.3,no
MT308704,FD-002,residential,2023-06-01,domestic-low,,True
MT307176,FD-025,public,2019-08-13,industrial,114.9 kWh,yes
MT300919,FD-029,residential,2022-06-18,social,178.5 kWh,yes
MT309663,FD-025,residential,2020-12-30,domestic-standard,90.3,1
MT310444,FD-029,industrial,2024-04-26,domestic-low,171.1,yes
MT308795,FD-004,commercial,2019-11-05,domestic-low,,True
MT306469,FD-032,public,2019-11-18,domestic-low,,True
MT304491,FD-012,industrial,2020-09-15,domestic-standard,232.5 kWh,True
MT305884,FD-030,commercial,2023-08-09,industrial,,True
MT307484,FD-003,residential,2020-08-27,domestic-standard,81.6,0
MT301619,FD-028,commercial,2022-07-16,domestic-low,8.5 kWh,yes
MT305253,FD-013,residential,2021-04-13,commercial,108.4,yes
MT305312,FD-011,industrial,2023-05-19,commercial,168.4,no
MT307372,FD-016,residential,2025-09-15,social,57.1,1
MT305438,FD-028,residential,16/10/2024,industrial,,TRUE
MT301943,FD-023,residential,2024-04-04,industrial,,0
MT301754,FD-007,residential,2022-11-09,industrial,102.2 kWh,True
MT300624,FD-014,commercial,2024-05-10,domestic-standard,,no
MT304540,FD-028,commercial,2022-01-17,domestic-low,64.2 kWh,0
MT301862,FD-013,industrial,2023-02-26,industrial,29.7 kWh,yes
MT304231,FD-012,industrial,2019-06-19,domestic-low,148.1 kWh,FALSE
MT304144,FD-025,commercial,10/06/2025,domestic-standard,,FALSE
MT309988,FD-030,industrial,2021-11-19,domestic-standard,223.9 kWh,0
MT305336,FD-025,residential,2021-07-27,social,,FALSE
MT310563,FD-036,residential,2025-12-05,commercial,249.3,yes
MT304017,FD-021,public,2021-12-07,domestic-low,206.6 kWh,no
MT306787,FD-019,residential,2023-12-02,domestic-low,105.8 kWh,yes
MT307066,FD-001,industrial,2021-10-12,industrial,,no
MT307552,FD-018,public,2025-06-15,social,,0
MT303036,FD-025,industrial,2023-10-19,domestic-low,10.8 kWh,FALSE
MT304026,FD-028,public,06/11/2025,social,153.3 kWh,TRUE
MT305308,FD-017,public,26/01/2021,domestic-low,140.5,0
MT308208,FD-026,industrial,2023-10-10,domestic-standard,72.7 kWh,TRUE
MT307732,FD-029,commercial,26/07/2023,social,,0
MT307378,FD-035,residential,2026-03-25,domestic-low,,False
MT302266,FD-027,residential,12/09/2022,domestic-low,36.9 kWh,True
MT310674,FD-009,residential,2023-12-30,domestic-low,251.5 kWh,yes
MT302845,FD-029,residential,2024-12-05,social,,0
MT309079,FD-029,public,2026-05-09,social,178.1 kWh,no
MT310817,FD-019,residential,06/11/2024,domestic-low,,TRUE
MT304608,FD-004,residential,2022-10-27,domestic-low,35.4 kWh,no
MT310529,FD-014,commercial,2022-07-19,domestic-low,110.8,no
MT301339,FD-011,residential,2022-02-14,social,,False
MT302410,FD-004,residential,2023-12-13,commercial,,0
MT309503,FD-010,commercial,2025-03-21,domestic-low,99.0 kWh,False
MT304892,FD-023,residential,2021-10-07,domestic-low,50.0,True
MT303899,FD-026,industrial,2020-02-23,commercial,99.4,TRUE
MT309761,FD-037,commercial,2022-07-05,domestic-low,,0
MT306388,FD-019,public,2023-04-03,domestic-standard,208.3 kWh,FALSE
MT303064,FD-002,commercial,2019-10-20,domestic-standard,51.9 kWh,True
MT309102,FD-012,residential,2026-01-04,domestic-standard,,1
MT304850,FD-006,residential,2020-07-04,industrial,252.4 kWh,0
MT300857,FD-018,residential,2024-09-23,domestic-low,186.9 kWh,no
MT306018,FD-018,public,2019-10-20,domestic-standard,87.5,yes
MT301034,FD-028,residential,2024-03-13,domestic-low,,TRUE
MT307196,FD-031,industrial,2022-06-15,commercial,74.2 kWh,yes
MT308347,FD-017,residential,2021-08-15,domestic-standard,,no
MT300060,FD-003,commercial,2021-05-29,domestic-standard,79.4,TRUE
MT304262,FD-021,residential,08/04/2021,industrial,47.2,False
MT304246,FD-023,commercial,2020-09-28,social,,TRUE
MT304384,FD-030,residential,2020-06-30,commercial,,False
MT305539,FD-021,commercial,2025-04-20,social,84.4,0
MT300581,FD-013,residential,05/02/2023,domestic-low,,0
MT306326,FD-003,commercial,2024-07-26,domestic-low,144.6 kWh,no
MT309879,FD-017,industrial,2019-01-28,industrial,,FALSE
MT308185,FD-019,residential,2023-05-04,social,,False
MT305940,FD-027,public,2022-03-16,domestic-low,42.2,True
MT305103,FD-010,residential,2020-04-21,domestic-low,10.1,TRUE
MT303950,FD-020,residential,2022-10-06,domestic-low,,yes
MT306882,FD-032,residential,2021-12-08,social,127.1 kWh,FALSE
MT309504,FD-025,residential,2022-10-08,domestic-standard,174.6 kWh,no
MT303136,FD-023,commercial,2023-11-30,commercial,83.2 kWh,False
MT308788,FD-023,industrial,2021-03-21,commercial,109.7 kWh,False
MT300033,FD-027,residential,2024-12-31,domestic-standard,111.3 kWh,True
MT307642,FD-007,residential,2024-11-10,social,112.2 kWh,yes
MT302612,FD-012,public,2020-05-08,commercial,184.6,False
MT308464,FD-029,residential,2026-04-03,domestic-low,190.3,no
MT309657,FD-028,industrial,2026-04-08,commercial,10.7 kWh,TRUE
MT310677,FD-024,residential,2021-03-17,industrial,151.4,TRUE
MT306864,FD-033,residential,2025-05-09,commercial,,yes
MT308920,FD-024,industrial,2026-05-19,social,,False
MT304129,FD-008,residential,2023-03-28,industrial,,no
MT309201,FD-024,public,2021-06-30,domestic-standard,,False
MT305344,FD-015,residential,2021-04-14,industrial,,False
MT300540,FD-006,residential,2020-05-29,social,202.0 kWh,FALSE
MT309361,FD-030,public,2024-02-24,social,162.3 kWh,0
MT310220,FD-002,residential,2019-04-10,industrial,134.3 kWh,FALSE
MT301977,FD-015,residential,2025-12-19,domestic-standard,161.9 kWh,0
MT310168,FD-023,residential,2019-05-19,industrial,96.1 kWh,0
MT302398,FD-029,commercial,21/07/2019,domestic-low,177.6 kWh,False
MT300146,FD-027,residential,2025-12-03,industrial,,FALSE
MT304784,FD-028,residential,2025-09-26,domestic-standard,136.8,True
MT308774,FD-012,residential,2021-04-09,domestic-low,141.7,True
MT303116,FD-021,public,2022-05-12,domestic-low,,False
MT309272,FD-018,residential,2019-01-10,commercial,246.8 kWh,True
MT309326,FD-035,residential,2019-04-29,domestic-low,133.2,TRUE
MT308319,FD-019,residential,05/08/2025,commercial,,False
MT305761,FD-017,commercial,2026-04-25,domestic-low,128.8,True
MT302184,FD-029,residential,2021-05-06,social,117.8,True
MT301285,FD-036,public,23/04/2024,domestic-low,111.0 kWh,FALSE
MT305218,FD-032,commercial,2020-09-29,social,139.3,yes
MT300275,FD-021,residential,2024-10-26,domestic-low,190.5 kWh,TRUE
MT300575,FD-035,commercial,2020-03-14,industrial,,False
MT302404,FD-012,commercial,2020-10-17,domestic-low,,FALSE
MT300525,FD-019,industrial,2024-10-18,commercial,156.3 kWh,False
MT301480,FD-023,residential,23/03/2023,domestic-standard,,False
MT306582,FD-030,public,2025-02-06,social,,0
MT306652,FD-035,industrial,2021-11-07,social,29.3,True
MT300459,FD-004,residential,2023-01-08,social,48.2,FALSE
MT304878,FD-034,residential,2020-08-07,domestic-low,93.1,True
MT300916,FD-037,industrial,2026-03-23,domestic-low,,yes
MT307049,FD-010,residential,2024-09-25,domestic-low,106.0 kWh,True
MT303046,FD-006,commercial,2020-01-28,domestic-low,175.9 kWh,True
MT305061,FD-035,public,2023-05-19,commercial,,False
MT309634,FD-017,residential,2019-07-17,commercial,,True
MT303457,FD-007,residential,2023-09-12,social,,False
MT309913,FD-006,residential,2022-05-23,domestic-standard,131.3,False
MT308637,FD-003,residential,2024-06-01,social,40.4 kWh,True
MT307617,FD-024,commercial,2021-06-04,commercial,75.2,TRUE
MT309285,FD-016,residential,2019-08-24,industrial,188.3 kWh,TRUE
MT303502,FD-019,residential,2019-02-20,industrial,,1
MT309172,FD-024,residential,2023-11-28,social,224.6 kWh,no
MT306785,FD-013,public,2025-07-27,domestic-low,53.3,yes
MT304912,FD-016,commercial,2025-02-24,commercial,,TRUE
MT301258,FD-022,residential,2026-03-22,domestic-low,,yes
MT307327,FD-015,residential,2024-12-23,domestic-low,66.2 kWh,False
MT304433,FD-022,residential,15/03/2019,domestic-low,,0
MT307709,FD-016,commercial,2026-05-06,domestic-low,133.4 kWh,True
MT300005,FD-028,residential,2024-01-01,domestic-low,172.7 kWh,0
MT300535,FD-013,residential,2023-07-19,domestic-low,66.4,False
MT310490,FD-033,residential,2026-02-27,domestic-low,93.4 kWh,True
MT306330,FD-024,residential,2023-04-16,domestic-standard,,True
MT304874,FD-030,residential,2023-12-11,domestic-low,211.7,False
MT301223,FD-036,residential,2019-05-30,domestic-low,,False
MT310320,FD-012,industrial,10/03/2020,industrial,,yes
MT302686,FD-003,residential,2021-12-11,domestic-low,104.9,True
MT306000,FD-002,residential,2020-11-07,domestic-low,76.5 kWh,FALSE
MT301495,FD-007,residential,23/02/2020,commercial,,True
MT310315,FD-026,public,2021-06-13,industrial,91.0,no
MT307122,FD-034,public,2023-10-12,domestic-standard,73.1,FALSE
MT308265,FD-014,public,2021-05-27,social,,False
MT301690,FD-010,industrial,2022-11-22,social,122.7,no
MT304839,FD-025,industrial,2024-09-30,domestic-standard,98.3,True
MT302974,FD-032,residential,2019-11-16,social,47.5,FALSE
MT303098,FD-004,residential,2025-12-04,domestic-low,,1
MT309378,FD-008,residential,2019-04-09,domestic-low,,False
MT305424,FD-025,commercial,2019-11-05,domestic-low,156.9,FALSE
MT309063,FD-003,industrial,2021-04-21,domestic-low,,0
MT308431,FD-010,public,2025-09-12,social,105.0,TRUE
MT309833,FD-020,public,2024-12-13,industrial,,True
MT304762,FD-031,public,2025-05-11,commercial,71.5,0
MT300598,FD-035,public,05/10/2025,domestic-standard,256.0 kWh,1
MT310772,FD-021,commercial,2023-10-22,domestic-low,110.5 kWh,True
MT308822,FD-018,public,2024-12-22,domestic-low,,no
MT300920,FD-036,industrial,2024-11-01,domestic-low,82.5 kWh,0
MT310659,FD-030,residential,2019-07-14,industrial,102.0,False
MT307353,FD-018,residential,2023-08-19,domestic-low,101.9,no
MT300784,FD-034,industrial,2019-11-15,industrial,49.7 kWh,False
MT301753,FD-030,residential,2019-12-12,domestic-low,,TRUE
MT302315,FD-023,residential,2022-08-17,social,156.7,0
MT305358,FD-035,commercial,2026-01-17,domestic-low,31.4,0
MT300798,FD-037,public,2023-04-22,commercial,11.0 kWh,False
MT309413,FD-006,residential,2023-03-28,industrial,119.2,1
MT303104,FD-029,residential,2022-12-30,industrial,203.4 kWh,1
MT309431,FD-018,commercial,2020-12-28,domestic-low,,yes
MT300584,FD-017,residential,2020-01-08,domestic-low,56.9 kWh,False
MT300653,FD-003,commercial,2024-05-15,commercial,,TRUE
MT308044,FD-010,residential,2022-01-08,commercial,120.2,0
MT304959,FD-013,residential,2020-05-19,industrial,214.0,FALSE
MT303851,FD-014,public,2019-01-10,domestic-standard,109.9,False
MT302414,FD-029,residential,2020-10-07,domestic-standard,,TRUE
MT308590,FD-020,industrial,2024-11-06,commercial,159.0 kWh,0
MT303615,FD-010,industrial,2023-07-21,domestic-standard,,TRUE
MT302304,FD-024,commercial,2019-10-01,commercial,8.7,1
MT301005,FD-010,industrial,2019-12-22,industrial,112.3,FALSE
MT303660,FD-020,residential,2019-07-01,commercial,,1
MT309094,FD-020,commercial,2019-05-21,commercial,,False
MT309446,FD-001,residential,2021-01-12,commercial,139.4,1
MT305547,FD-017,public,2022-06-14,social,111.1,False
MT301812,FD-025,commercial,2023-05-08,domestic-low,163.3,0
MT305862,FD-007,industrial,2024-01-29,social,,0
MT301454,FD-004,residential,2021-03-12,industrial,128.6,no
MT302965,FD-011,commercial,2019-11-14,social,69.0,False
MT306269,FD-029,residential,2020-06-08,industrial,154.4 kWh,True
MT307074,FD-005,residential,2019-02-22,domestic-standard,46.0 kWh,TRUE
MT309543,FD-031,residential,31/03/2020,industrial,174.4 kWh,True
MT307529,FD-029,industrial,2023-06-12,domestic-standard,,FALSE
MT302543,FD-032,residential,2020-07-25,commercial,,0
MT303570,FD-012,residential,2021-03-16,domestic-low,132.1 kWh,TRUE
MT305142,FD-030,industrial,05/02/2024,domestic-low,129.9,1
MT300541,FD-012,residential,03/07/2022,commercial,,True
MT302600,FD-032,industrial,2025-02-23,social,,False
MT308326,FD-024,public,21/09/2020,commercial,236.5 kWh,1
MT301455,FD-019,industrial,2019-04-11,industrial,212.6,TRUE
MT309680,FD-035,public,2019-05-20,domestic-low,,1
MT308052,FD-012,residential,2025-10-28,industrial,109.0 kWh,False
MT310347,FD-033,industrial,2024-12-28,domestic-low,118.8,False
MT307930,FD-025,commercial,2025-06-23,domestic-low,,0
MT308391,FD-017,commercial,2022-09-06,social,125.3,False
MT300433,FD-019,residential,2024-09-13,industrial,149.4,False
MT308801,FD-032,commercial,2021-11-12,social,204.9 kWh,TRUE
MT310812,FD-032,residential,2019-07-27,domestic-standard,149.0,0
MT301887,FD-035,public,2026-01-12,industrial,,FALSE
MT304978,FD-033,public,14/04/2019,commercial,19.4 kWh,1
MT306250,FD-017,residential,2021-10-27,domestic-low,93.6 kWh,no
MT303936,FD-034,commercial,2022-02-10,domestic-standard,100.3 kWh,False
MT306476,FD-007,residential,2023-07-04,domestic-standard,225.1 kWh,yes
MT309801,FD-033,residential,16/06/2019,domestic-low,18.8,True
MT300438,FD-003,residential,2023-07-25,social,25.9,False
MT303970,FD-028,residential,2021-07-26,industrial,,1
MT309845,FD-011,residential,2024-06-18,commercial,,1
MT306412,FD-002,industrial,2024-10-28,commercial,124.3 kWh,True
MT305854,FD-021,public,2025-12-10,social,,FALSE
MT303915,FD-024,residential,2022-12-07,domestic-low,,False
MT305879,FD-035,industrial,2020-02-26,social,197.9 kWh,True
MT306014,FD-006,industrial,2025-12-26,domestic-standard,102.5,True
MT301060,FD-024,residential,08/06/2021,domestic-low,,TRUE
MT301541,FD-030,residential,02/04/2021,domestic-low,,1
MT306854,FD-021,public,2026-02-23,domestic-standard,,no
MT303276,FD-001,residential,2019-06-25,industrial,,no
MT308619,FD-008,public,2024-02-28,social,169.8 kWh,TRUE
MT302153,FD-024,residential,2024-11-27,domestic-standard,,FALSE
MT310948,FD-003,residential,2020-04-23,commercial,,FALSE
MT301210,FD-020,commercial,2022-05-22,domestic-low,240.3,1
MT308546,FD-030,residential,2023-07-16,social,12.0 kWh,False
MT303836,FD-025,public,2021-06-20,domestic-low,,TRUE
MT307202,FD-026,public,2020-09-19,domestic-low,32.7 kWh,False
MT304165,FD-035,residential,25/09/2025,industrial,,0
MT305471,FD-030,residential,01/02/2021,domestic-low,,no
MT306793,FD-009,residential,2025-07-09,commercial,121.1,True
MT308782,FD-016,industrial,07/01/2022,domestic-low,,True
MT308755,FD-006,industrial,2024-10-30,domestic-standard,43.6,False
MT310657,FD-033,commercial,2020-10-03,commercial,204.7 kWh,True
MT304091,FD-020,residential,2024-08-03,commercial,182.4,1
MT309698,FD-016,commercial,2024-02-24,social,71.5,True
MT303574,FD-013,residential,2023-07-28,domestic-low,123.5 kWh,False
MT303076,FD-019,public,2022-11-21,commercial,55.1,yes
MT304469,FD-017,commercial,2019-05-12,domestic-standard,,yes
MT309735,FD-026,commercial,2024-08-07,commercial,,FALSE
MT307004,FD-023,industrial,02/03/2025,social,,True
MT305195,FD-001,residential,2019-09-18,domestic-low,61.7,yes
MT306999,FD-033,commercial,2024-04-06,domestic-standard,,no
MT306873,FD-018,residential,2019-11-13,commercial,12.1 kWh,True
MT302725,FD-034,industrial,2019-09-16,commercial,34.9,1
MT302642,FD-021,commercial,2020-06-20,domestic-standard,,True
MT307702,FD-037,residential,2019-08-17,commercial,131.9 kWh,False
MT304627,FD-016,commercial,2022-02-02,domestic-low,,False
MT309603,FD-036,commercial,2020-07-18,domestic-low,92.3 kWh,FALSE
MT306635,FD-028,residential,2022-09-10,domestic-low,18.9 kWh,TRUE
MT306702,FD-011,commercial,10/01/2025,social,,yes
MT301922,FD-030,commercial,2025-07-10,domestic-low,,no
MT305121,FD-024,industrial,2020-09-15,domestic-standard,11.1 kWh,FALSE
MT303982,FD-017,commercial,2024-10-30,commercial,42.4 kWh,TRUE
MT300794,FD-014,residential,2019-07-27,social,93.3 kWh,True
MT308663,FD-012,residential,10/08/2021,commercial,144.6,False
MT310114,FD-033,residential,2023-01-10,social,42.1 kWh,yes
MT300077,FD-034,commercial,2020-01-10,domestic-low,,0
MT307139,FD-027,residential,2022-06-15,domestic-standard,,no
MT301770,FD-027,residential,2022-08-16,domestic-low,,TRUE
MT307053,FD-016,public,2024-03-12,domestic-standard,,1
MT303862,FD-034,residential,2023-05-31,social,,0
MT302517,FD-016,public,09/04/2025,domestic-standard,36.2,no
MT309721,FD-036,industrial,2019-03-24,commercial,161.1,False
MT306890,FD-002,residential,20/02/2022,domestic-standard,111.6 kWh,False
MT309754,FD-001,commercial,2025-12-21,social,85.5 kWh,False
MT306036,FD-019,public,2020-01-26,domestic-low,31.2,1
MT304131,FD-014,residential,2026-02-12,industrial,,yes
MT300814,FD-011,public,2020-05-13,domestic-standard,11.0,TRUE
MT302271,FD-022,industrial,2024-01-18,industrial,152.3 kWh,FALSE
MT302252,FD-025,residential,26/03/2022,social,,False
MT300667,FD-017,residential,2021-02-28,social,,FALSE
MT309224,FD-013,residential,2022-03-21,domestic-low,109.3 kWh,0
MT303870,FD-011,industrial,24/11/2024,social,93.9,False
MT303917,FD-010,residential,2023-01-27,domestic-low,,False
MT305377,FD-010,residential,2023-10-03,industrial,24.6 kWh,FALSE
MT300372,FD-005,residential,2021-08-20,domestic-low,72.9,0
MT300390,FD-036,residential,2020-10-19,domestic-standard,,1
MT307305,FD-027,residential,2023-12-19,commercial,151.0 kWh,True
MT305115,FD-026,industrial,2025-12-05,domestic-low,123.5 kWh,False
MT300593,FD-030,residential,2023-11-08,industrial,,yes
MT307338,FD-003,residential,28/01/2021,social,111.3 kWh,False
MT307650,FD-037,industrial,2024-01-06,domestic-low,225.3 kWh,True
MT309968,FD-028,residential,2023-06-24,domestic-standard,,TRUE
MT310916,FD-027,residential,29/05/2021,domestic-low,83.5,1
MT305207,FD-017,residential,2022-01-26,industrial,,1
MT303688,FD-002,residential,2022-10-18,commercial,,False
MT303828,FD-016,commercial,2024-07-15,industrial,128.7,no
MT305027,FD-024,residential,2019-08-07,domestic-low,164.9,yes
MT309908,FD-002,industrial,2023-02-05,domestic-standard,11.9 kWh,TRUE
MT308015,FD-018,residential,2023-09-24,domestic-standard,,True
MT302205,FD-019,residential,2019-12-13,commercial,10.0 kWh,yes
MT301796,FD-005,residential,2020-12-02,industrial,,no
MT309426,FD-013,commercial,2025-04-19,domestic-low,136.8 kWh,False
MT303157,FD-014,public,2019-06-28,domestic-low,,1
MT309517,FD-026,residential,2025-11-13,commercial,265.2 kWh,TRUE
MT308675,FD-003,residential,2020-09-23,social,,1
MT309920,FD-031,public,2019-07-22,social,26.4,True
MT309284,FD-008,residential,2020-07-01,domestic-low,49.0 kWh,False
MT305384,FD-024,industrial,03/10/2020,social,74.1 kWh,yes
MT307766,FD-006,residential,2020-07-17,industrial,118.1,True
MT303691,FD-025,residential,2025-09-03,social,,yes
MT309103,FD-020,commercial,2021-02-19,industrial,,TRUE
MT302487,FD-035,public,2020-06-14,domestic-low,190.1,no
MT308060,FD-036,residential,2020-03-27,domestic-low,,0
MT304362,FD-027,residential,2023-07-09,domestic-low,,yes
MT306433,FD-016,commercial,2021-08-05,commercial,127.6,1
MT309416,FD-009,industrial,2022-05-25,domestic-low,41.3,False
MT304825,FD-022,industrial,2023-12-14,social,,no
MT310774,FD-012,residential,27/05/2020,social,95.1 kWh,yes
MT308635,FD-004,residential,2021-06-26,industrial,30.2 kWh,True
MT301365,FD-005,public,28/12/2023,commercial,107.0 kWh,FALSE
MT300049,FD-009,industrial,2024-07-13,domestic-standard,19.8,True
MT301133,FD-016,residential,2026-04-08,domestic-low,9.4,1
MT304382,FD-032,residential,2026-02-03,domestic-standard,205.9 kWh,yes
MT306341,FD-021,residential,2021-03-19,domestic-low,263.3 kWh,False
MT305597,FD-007,residential,2022-11-21,social,122.8 kWh,no
MT308817,FD-005,public,2024-11-27,social,23.3 kWh,True
MT301573,FD-011,residential,2025-02-12,social,18.9 kWh,FALSE
MT307528,FD-013,residential,2024-05-29,domestic-low,184.3 kWh,TRUE
MT309921,FD-019,residential,2023-12-05,commercial,,0
MT304954,FD-034,residential,2026-04-12,commercial,96.8,1
MT306402,FD-032,commercial,2023-02-13,commercial,84.0,TRUE
MT301895,FD-013,residential,2025-09-03,commercial,71.8,no
MT300571,FD-004,residential,2025-05-20,domestic-low,27.7 kWh,TRUE
MT301706,FD-002,residential,2024-02-05,social,72.4 kWh,TRUE
MT303911,FD-002,residential,2022-05-28,domestic-standard,74.5,0
MT301137,FD-031,residential,2019-07-24,industrial,,no
MT300570,FD-035,residential,2019-04-20,domestic-low,,FALSE
MT303537,FD-011,residential,2022-08-01,commercial,222.7 kWh,FALSE
MT305264,FD-006,commercial,2025-10-12,domestic-standard,109.9 kWh,False
MT304343,FD-029,commercial,2026-04-30,industrial,119.1,yes
MT303494,FD-031,residential,2023-04-12,domestic-standard,178.8,yes
MT307656,FD-012,commercial,2023-03-02,commercial,204.9,TRUE
MT306903,FD-035,residential,2024-06-23,commercial,72.7 kWh,no
MT301696,FD-016,residential,2026-02-17,social,14.6,0
MT308435,FD-022,residential,2023-08-21,domestic-low,86.7,FALSE
MT305678,FD-025,industrial,2021-05-11,commercial,217.6,1
MT308268,FD-005,residential,2019-04-22,domestic-low,,0
MT306839,FD-002,public,2024-12-28,domestic-low,22.5 kWh,FALSE
MT303797,FD-003,public,2025-08-25,domestic-low,,True
MT309241,FD-030,residential,2019-03-14,industrial,174.0 kWh,1
MT300728,FD-035,public,2025-07-17,domestic-low,,False
MT303031,FD-002,residential,2022-09-24,domestic-standard,73.8 kWh,0
MT306810,FD-014,residential,2020-09-07,domestic-standard,36.0,1
MT309092,FD-022,public,13/01/2019,social,141.8 kWh,yes
MT305056,FD-029,public,16/04/2022,commercial,87.9,no
MT300250,FD-032,residential,2024-02-04,domestic-low,54.1,FALSE
MT309175,FD-002,public,2021-06-29,commercial,215.2 kWh,1
MT306592,FD-009,residential,2025-12-11,domestic-standard,142.4,True
MT305718,FD-022,residential,2019-09-23,domestic-low,,FALSE
MT309695,FD-020,industrial,2024-05-17,social,,FALSE
MT303692,FD-025,commercial,2025-01-03,domestic-standard,28.1 kWh,True
MT306396,FD-037,residential,2022-01-12,domestic-standard,,False
MT301677,FD-018,residential,2020-07-09,industrial,,1
MT302201,FD-031,industrial,2024-08-05,domestic-low,66.6,False
MT303340,FD-032,residential,2022-08-01,social,,TRUE
MT310959,FD-016,residential,2019-04-12,domestic-standard,148.7 kWh,no
MT305790,FD-002,residential,2024-04-19,commercial,136.1,no
MT300716,FD-033,industrial,2022-07-20,domestic-standard,15.1 kWh,TRUE
MT309243,FD-008,commercial,2021-04-12,domestic-low,59.1 kWh,True
MT305866,FD-016,residential,2021-06-12,industrial,,False
MT301741,FD-021,residential,2024-01-11,commercial,15.1,TRUE
MT306725,FD-004,public,2020-02-01,domestic-standard,44.7,1
MT303830,FD-024,commercial,2022-05-03,commercial,160.1 kWh,False
MT300242,FD-002,residential,2024-08-29,domestic-low,93.9 kWh,FALSE
MT309682,FD-004,public,2020-04-08,domestic-low,68.1,1
MT302839,FD-036,public,2024-05-11,commercial,69.9 kWh,0
MT301479,FD-037,residential,22/08/2023,commercial,20.4,True
MT309374,FD-033,commercial,2021-09-14,domestic-standard,166.9 kWh,0
MT302331,FD-037,industrial,2023-06-29,commercial,16.7,False
MT303135,FD-003,public,2021-04-07,industrial,116.7 kWh,yes
MT310521,FD-003,commercial,2022-10-31,social,178.5 kWh,0
MT306159,FD-021,public,2022-09-20,domestic-low,,True
MT302538,FD-028,residential,2019-04-01,industrial,,False
MT305928,FD-016,residential,2020-11-06,social,104.5,no
MT302606,FD-016,residential,2021-09-18,social,234.1 kWh,1
MT304326,FD-015,public,2025-04-18,domestic-standard,53.2 kWh,0
MT305446,FD-006,residential,2026-01-31,social,66.8 kWh,no
MT307107,FD-007,residential,2020-01-24,domestic-low,,FALSE
MT303809,FD-026,residential,2020-12-11,commercial,133.4 kWh,False
MT309112,FD-021,residential,2025-07-13,social,,TRUE
MT305900,FD-001,commercial,2025-11-12,industrial,128.7 kWh,False
MT302174,FD-035,residential,2022-09-29,social,170.8 kWh,True
MT302903,FD-002,residential,2021-06-14,social,,no
MT310884,FD-012,residential,2020-08-06,domestic-low,154.6 kWh,no
MT307094,FD-004,industrial,2021-06-21,domestic-low,,False
MT302295,FD-001,industrial,2025-07-28,social,,0
MT304483,FD-022,public,2019-04-16,commercial,,1
MT309087,FD-023,commercial,2022-07-14,social,54.0 kWh,1
MT308642,FD-036,public,2023-05-15,domestic-low,202.4 kWh,FALSE
MT307179,FD-020,residential,2024-06-22,domestic-low,,FALSE
MT302816,FD-037,residential,2020-05-23,commercial,240.6 kWh,no
MT304361,FD-005,residential,2023-07-13,commercial,82.8 kWh,FALSE
MT306624,FD-023,public,2020-06-02,domestic-low,95.7,no
MT307803,FD-016,industrial,2023-06-20,domestic-low,,1
MT302046,FD-003,commercial,2019-01-14,industrial,,True
MT303662,FD-002,commercial,2025-01-02,industrial,155.3 kWh,TRUE
MT303484,FD-018,industrial,2019-03-31,domestic-low,222.4 kWh,no
MT303869,FD-007,commercial,2023-04-14,domestic-low,56.8,False
MT302698,FD-019,residential,2019-08-02,domestic-low,,FALSE
MT302865,FD-017,residential,2021-08-23,commercial,,1
MT305749,FD-010,public,2024-12-20,domestic-low,69.3,TRUE
MT305221,FD-009,commercial,2023-08-24,social,,False
MT304766,FD-013,public,29/11/2022,domestic-standard,,False
MT304027,FD-010,residential,2025-01-06,social,85.0,no
MT305128,FD-020,commercial,2022-02-01,commercial,,0
MT310633,FD-008,residential,2023-09-18,commercial,211.5 kWh,True
MT301656,FD-010,commercial,2019-07-20,commercial,,False
MT304168,FD-007,residential,2021-11-02,industrial,,1
MT304639,FD-002,residential,2021-08-18,commercial,81.9 kWh,0
MT305847,FD-029,public,24/09/2025,industrial,,False
MT309970,FD-011,residential,2023-08-27,social,,no
MT304244,FD-024,industrial,2026-05-21,commercial,,no
MT302031,FD-003,residential,2023-10-11,domestic-low,26.8 kWh,0
MT308292,FD-034,residential,02/02/2024,social,114.5 kWh,False
MT303543,FD-005,residential,2020-07-16,domestic-standard,141.0,no
MT309622,FD-027,residential,2025-07-07,social,,TRUE
MT308759,FD-022,public,2023-12-19,domestic-standard,39.2,TRUE
MT308421,FD-022,residential,2025-01-16,domestic-low,,1
MT300292,FD-005,residential,2020-02-05,industrial,,yes
MT300908,FD-035,residential,2025-07-31,commercial,87.3 kWh,1
MT302426,FD-017,public,2024-07-20,social,,1
MT306862,FD-011,public,2023-10-27,domestic-low,,yes
MT307767,FD-007,industrial,23/01/2023,commercial,90.6,yes
MT300046,FD-010,residential,2023-10-17,industrial,,0
MT310540,FD-006,residential,2021-10-03,commercial,98.2,True
MT301236,FD-005,residential,2019-06-17,social,13.0 kWh,False
MT307226,FD-034,public,2020-03-23,domestic-standard,59.9,1
MT304965,FD-030,public,2024-11-12,commercial,102.5,FALSE
MT305922,FD-024,commercial,02/10/2024,industrial,178.4,False
MT309967,FD-007,residential,2019-02-23,industrial,,no
MT302325,FD-034,residential,21/05/2022,commercial,102.2 kWh,1
MT305738,FD-024,public,2023-04-12,domestic-standard,166.1 kWh,yes
MT308113,FD-027,public,2020-07-31,domestic-low,95.2,FALSE
MT310658,FD-011,residential,2023-04-18,social,11.7 kWh,0
MT300754,FD-028,commercial,05/12/2019,social,180.3,FALSE
MT304877,FD-014,residential,06/12/2024,industrial,9.5,0
MT302700,FD-014,commercial,2019-11-20,industrial,120.6,0
MT306683,FD-025,residential,2019-01-17,domestic-low,20.8,False
MT306364,FD-021,industrial,2020-12-19,commercial,52.4,TRUE
MT300401,FD-028,residential,2020-11-21,industrial,,1
MT305612,FD-029,industrial,2022-11-21,domestic-low,51.1 kWh,1
MT308144,FD-022,commercial,2025-10-05,domestic-low,15.0 kWh,1
MT304984,FD-003,industrial,2025-01-12,domestic-standard,134.5 kWh,FALSE
MT303258,FD-003,residential,2022-01-20,domestic-low,162.6,FALSE
MT300756,FD-022,residential,2020-11-25,industrial,131.8 kWh,TRUE
MT300336,FD-018,commercial,2021-01-01,social,47.8 kWh,TRUE
MT306493,FD-004,public,2024-12-20,domestic-low,,no
MT301043,FD-023,residential,2021-10-20,industrial,152.1 kWh,no
MT303831,FD-013,residential,2021-07-15,industrial,,0
MT301718,FD-007,residential,2021-01-27,industrial,127.0,no
MT301470,FD-003,residential,2025-01-25,domestic-low,47.5 kWh,False
MT308062,FD-025,industrial,2023-07-12,social,163.5,0
MT301315,FD-031,residential,2024-08-21,industrial,,False
MT300851,FD-015,industrial,2025-10-02,domestic-low,17.6,0
MT310984,FD-024,commercial,2023-02-03,commercial,56.5 kWh,0
MT306338,FD-030,residential,2023-08-21,domestic-low,63.3 kWh,0
MT310933,FD-005,residential,2022-02-07,social,32.8,TRUE
MT300029,FD-001,commercial,2024-10-25,domestic-low,,yes
MT306753,FD-003,public,2025-02-14,industrial,82.9,False
MT300484,FD-022,commercial,2024-04-22,social,203.5,False
MT306351,FD-017,public,12/11/2019,commercial,,False
MT302514,FD-013,residential,2023-11-29,social,212.0,FALSE
MT307190,FD-033,residential,2020-08-08,industrial,,True
MT309783,FD-028,residential,2022-08-14,commercial,204.4,True
MT308119,FD-008,industrial,2026-01-25,domestic-low,,0
MT301644,FD-005,residential,2022-06-14,domestic-low,32.1,True
MT301970,FD-030,public,2019-10-22,commercial,,False
MT301280,FD-001,industrial,2021-01-05,domestic-low,,0
MT305620,FD-032,public,2023-11-05,social,54.2,FALSE
MT307536,FD-021,residential,2026-03-08,industrial,42.0 kWh,TRUE
MT300985,FD-018,residential,02/01/2026,commercial,,TRUE
MT302990,FD-014,industrial,2020-09-20,social,,1
MT305393,FD-011,residential,2025-11-13,domestic-low,63.6 kWh,True
MT306294,FD-011,public,2022-11-10,domestic-low,52.5,no
MT308216,FD-017,residential,2026-03-22,domestic-low,151.6,FALSE
MT301572,FD-029,residential,2025-06-28,social,189.1,yes
MT306466,FD-037,residential,2022-12-26,domestic-standard,,yes
MT301174,FD-008,residential,2020-05-21,domestic-standard,,True
MT307212,FD-029,residential,2021-03-20,commercial,85.4,yes
MT302352,FD-037,residential,2025-09-05,domestic-standard,127.2,yes
MT302006,FD-029,industrial,2023-07-06,industrial,32.2 kWh,False
MT305894,FD-019,residential,2021-10-19,domestic-standard,15.7,0
MT300671,FD-016,commercial,2023-11-15,domestic-standard,,1
MT301921,FD-037,residential,18/08/2022,industrial,255.7,0
MT301093,FD-009,industrial,2020-08-06,domestic-low,127.4 kWh,True
MT309184,FD-009,residential,2023-10-18,domestic-low,,no
MT304132,FD-023,industrial,13/04/2024,domestic-low,98.3,False
MT310887,FD-033,residential,2024-01-23,domestic-low,122.4,True
MT300035,FD-034,residential,2021-05-10,domestic-low,267.8 kWh,TRUE
MT308710,FD-034,industrial,2020-01-08,domestic-standard,,yes
MT310146,FD-002,residential,2020-03-29,domestic-low,,yes
MT309334,FD-020,industrial,2021-01-03,commercial,196.2,yes
MT306385,FD-028,industrial,13/11/2023,commercial,158.1,TRUE
MT302687,FD-006,residential,2020-02-25,social,,FALSE
MT308655,FD-013,public,2023-02-13,social,45.9,1
MT310987,FD-005,public,2022-01-09,domestic-low,215.9,no
MT308643,FD-001,residential,2020-05-05,domestic-low,171.7,TRUE
MT307416,FD-015,residential,08/12/2022,domestic-low,20.1,0
MT308149,FD-033,industrial,2021-07-31,industrial,104.8 kWh,no
MT310467,FD-032,residential,2023-02-02,domestic-low,,True
MT308016,FD-011,industrial,2026-03-08,industrial,,yes
MT309378,FD-008,residential,2019-04-09,commercial,,False
MT310269,FD-022,industrial,2020-06-22,social,122.3 kWh,no
MT308109,FD-006,residential,2025-11-13,domestic-low,208.8,True
MT310562,FD-035,commercial,2023-02-10,domestic-low,65.8 kWh,FALSE
MT300453,FD-022,commercial,2020-03-04,domestic-low,98.0,True
MT307818,FD-006,residential,2023-11-11,industrial,163.9,TRUE
MT304876,FD-006,residential,2020-03-17,domestic-low,149.4,True
MT307198,FD-003,residential,2022-03-02,domestic-standard,,yes
MT310193,FD-026,residential,2021-10-31,industrial,71.2 kWh,False
MT300755,FD-012,commercial,16/03/2023,domestic-low,17.5 kWh,yes
MT302099,FD-009,residential,2020-03-26,industrial,81.5,TRUE
MT308620,FD-009,public,2020-09-18,domestic-low,146.7 kWh,yes
MT310625,FD-030,residential,2020-03-04,industrial,,False
MT300958,FD-023,residential,2020-04-23,domestic-standard,167.3,0
MT310055,FD-029,industrial,2021-02-08,commercial,,False
MT302104,FD-020,public,2021-07-26,commercial,172.5 kWh,1
MT304385,FD-001,residential,2020-01-08,domestic-standard,72.0 kWh,1
MT304765,FD-030,residential,2020-08-21,domestic-low,180.2 kWh,yes
MT300925,FD-034,public,2019-01-22,commercial,151.6 kWh,True
MT302255,FD-001,residential,2022-11-10,commercial,196.1,yes
MT304560,FD-030,residential,2021-02-03,domestic-low,11.9 kWh,FALSE
MT306303,FD-033,residential,28/11/2021,commercial,77.1,False
MT310613,FD-034,commercial,2025-04-02,domestic-low,127.7,0
MT308289,FD-018,residential,2025-10-21,domestic-low,42.8,FALSE
MT306039,FD-012,residential,2019-10-21,domestic-standard,91.4,FALSE
MT305169,FD-013,residential,2024-09-17,domestic-standard,9.4,no
MT306919,FD-023,public,2024-07-14,domestic-low,66.6 kWh,yes
MT302979,FD-037,commercial,2019-05-27,domestic-low,134.6 kWh,yes
MT302777,FD-021,residential,30/07/2019,domestic-low,63.8 kWh,False
MT305178,FD-015,residential,2022-03-06,domestic-low,95.2 kWh,1
MT309778,FD-005,industrial,10/01/2024,industrial,,yes
MT310841,FD-023,residential,2020-01-06,domestic-low,147.5,yes
MT305339,FD-006,public,2025-03-09,social,,FALSE
MT304663,FD-034,industrial,2023-12-01,social,8.4,False
MT307316,FD-014,commercial,2024-06-15,industrial,95.5 kWh,yes
MT302541,FD-023,public,2023-06-08,domestic-low,118.9 kWh,yes
MT304255,FD-025,industrial,2021-01-08,industrial,93.4 kWh,no
MT302854,FD-035,industrial,2020-09-04,domestic-standard,14.7,True
MT310235,FD-034,public,2023-01-23,industrial,,True
MT302243,FD-001,residential,2020-02-29,industrial,18.1 kWh,True
MT301446,FD-034,industrial,2023-07-31,industrial,,FALSE
MT305361,FD-034,public,28/11/2020,commercial,105.8,False
MT300648,FD-006,residential,2021-10-30,domestic-low,45.9 kWh,TRUE
MT302318,FD-030,residential,2022-05-27,domestic-low,49.9 kWh,1
MT307079,FD-018,industrial,2020-10-23,domestic-low,38.9 kWh,False
MT304971,FD-021,residential,2025-03-10,industrial,,yes
MT301106,FD-003,public,2020-04-23,domestic-low,108.6 kWh,yes
MT304759,FD-018,industrial,2026-04-06,social,,0
MT310509,FD-006,commercial,2023-07-21,domestic-low,168.7 kWh,yes
MT309578,FD-017,residential,2020-09-11,domestic-low,94.5,1
MT309354,FD-030,industrial,2022-03-17,social,167.1 kWh,False
MT301995,FD-019,residential,2020-06-04,social,115.9,FALSE
MT310768,FD-033,residential,2022-09-19,domestic-low,139.1 kWh,True
MT305782,FD-025,residential,2019-05-25,industrial,231.2,False
MT304552,FD-004,commercial,2020-10-22,social,101.7 kWh,FALSE
MT306817,FD-033,public,2022-12-27,social,158.4 kWh,True
MT304668,FD-036,residential,2024-05-01,commercial,119.8 kWh,1
MT303195,FD-013,public,2020-07-29,industrial,71.1,no
MT306554,FD-025,residential,2026-05-17,social,103.7 kWh,False
MT305982,FD-005,residential,2025-09-26,social,,1
MT301218,FD-007,residential,2019-09-08,commercial,81.4 kWh,TRUE
MT305351,FD-026,residential,05/05/2020,domestic-low,155.4,yes
MT307880,FD-026,industrial,2020-05-25,industrial,85.7,1
MT308945,FD-013,residential,2024-02-19,social,,no
MT310488,FD-006,residential,2025-09-08,commercial,154.0 kWh,1
MT305986,FD-016,residential,2025-05-06,domestic-low,,0
MT310930,FD-031,commercial,2022-05-03,commercial,151.6,no
MT310543,FD-036,residential,2023-09-05,industrial,,yes
MT304931,FD-007,residential,2022-12-20,social,88.6,no
MT301946,FD-003,residential,2020-10-24,domestic-low,,yes
MT306697,FD-007,residential,2021-01-02,domestic-standard,,False
MT306782,FD-027,residential,2022-06-25,commercial,206.7 kWh,TRUE
MT307614,FD-004,residential,2024-01-14,social,,True
MT307980,FD-023,residential,2025-05-13,industrial,52.5 kWh,yes
MT309725,FD-008,residential,2021-06-20,commercial,50.1 kWh,False
MT307210,FD-004,commercial,2021-08-11,domestic-low,123.4,True
MT306335,FD-007,commercial,2022-01-17,commercial,72.2 kWh,True
MT309533,FD-028,industrial,2020-04-17,social,29.6 kWh,no
MT304327,FD-015,residential,2022-09-24,domestic-low,31.6,False
MT305494,FD-030,public,2023-12-04,domestic-low,,False
MT301773,FD-005,commercial,2025-11-15,commercial,,FALSE
MT300165,FD-028,residential,03/06/2024,domestic-standard,,FALSE
MT304190,FD-016,industrial,2020-05-25,social,81.2,yes
MT302584,FD-013,residential,2019-07-31,commercial,,no
MT303919,FD-014,public,2024-08-12,commercial,46.1 kWh,yes
MT309702,FD-013,public,2021-01-23,industrial,,FALSE
MT304036,FD-037,residential,2019-01-05,domestic-low,230.3,FALSE
MT308559,FD-028,residential,2021-05-18,social,91.0 kWh,TRUE
MT301253,FD-005,residential,12/11/2024,domestic-low,20.0,FALSE
MT304872,FD-001,residential,2023-08-11,domestic-low,180.9,FALSE
MT305696,FD-027,residential,2021-12-16,domestic-standard,,1
MT308147,FD-037,public,2020-01-05,industrial,116.4 kWh,yes
MT302802,FD-036,residential,2024-09-03,domestic-standard,85.3 kWh,FALSE
MT308080,FD-015,industrial,2023-08-28,domestic-standard,54.5,1
MT309755,FD-004,industrial,2023-12-27,commercial,139.9,1
MT300789,FD-002,residential,2025-11-19,domestic-low,193.3 kWh,FALSE
MT309857,FD-024,residential,2020-08-22,social,113.5,1
MT301983,FD-022,industrial,2023-10-03,domestic-low,,TRUE
MT303431,FD-005,residential,2019-12-30,domestic-low,60.0 kWh,1
MT304106,FD-033,public,2022-06-22,industrial,,yes
MT300449,FD-014,industrial,2019-07-05,domestic-low,182.1,TRUE
MT306752,FD-033,residential,2024-01-02,social,,yes
MT309066,FD-017,residential,2025-05-16,industrial,30.9 kWh,0
MT307375,FD-034,commercial,2020-02-02,domestic-standard,9.5,no
MT308551,FD-029,residential,2023-08-28,domestic-low,,False
MT310988,FD-017,commercial,2025-07-31,domestic-standard,9.3,1
MT305113,FD-018,residential,2023-08-12,domestic-standard,156.1 kWh,TRUE
MT302406,FD-005,residential,2025-12-29,commercial,98.7,False
MT301861,FD-029,industrial,2023-10-25,industrial,112.1 kWh,0
MT301730,FD-029,residential,2023-10-31,domestic-low,12.9,no
MT302452,FD-002,public,2023-01-17,industrial,203.5,TRUE
MT306560,FD-033,residential,2023-04-08,commercial,,0
MT302579,FD-006,residential,2022-10-02,commercial,154.2,0
MT306274,FD-008,industrial,2024-03-30,commercial,165.9,FALSE
MT308607,FD-030,industrial,2025-02-28,social,8.3,TRUE
MT300837,FD-023,public,2022-05-02,industrial,107.4 kWh,False
MT305646,FD-015,commercial,2021-04-08,social,59.2,yes
MT304626,FD-036,commercial,2024-09-27,domestic-low,145.8 kWh,TRUE
MT306170,FD-007,residential,2019-03-15,commercial,,True
MT305663,FD-033,public,2026-03-01,social,37.3 kWh,1
MT301505,FD-006,public,20/03/2026,domestic-low,,FALSE
MT310848,FD-019,industrial,2026-01-07,social,,1
MT306415,FD-013,residential,2021-09-26,domestic-low,8.7,True
MT303772,FD-037,commercial,2025-09-16,industrial,59.6,False
MT309052,FD-020,commercial,2020-11-29,domestic-low,31.9 kWh,yes
MT310523,FD-035,public,2023-12-30,commercial,,False
MT308475,FD-026,industrial,2021-10-12,social,101.1,yes
MT308477,FD-027,commercial,2023-07-28,industrial,125.9 kWh,False
MT308330,FD-032,residential,2020-01-22,commercial,,FALSE
MT300544,FD-026,industrial,2024-01-13,commercial,130.8 kWh,0
MT307781,FD-021,residential,2020-10-31,commercial,,FALSE
MT305083,FD-019,residential,2023-08-20,industrial,182.6,0
MT303947,FD-024,industrial,2023-05-21,domestic-low,,False
MT302741,FD-011,residential,2023-04-22,domestic-standard,136.2,True
MT303774,FD-023,residential,2024-10-22,domestic-low,185.0,False
MT309596,FD-007,residential,2021-01-15,domestic-low,135.9,False
MT304873,FD-020,residential,18/10/2025,industrial,,FALSE
MT303479,FD-007,industrial,2025-10-24,domestic-low,,0
MT302206,FD-020,residential,2021-06-27,commercial,,yes
MT305680,FD-024,commercial,2022-07-09,domestic-low,168.2,False
MT306580,FD-034,residential,2022-12-31,commercial,96.5 kWh,TRUE
MT310585,FD-016,public,2025-05-08,domestic-low,,no
MT309834,FD-029,industrial,2026-04-15,domestic-standard,56.9,TRUE
MT306333,FD-004,residential,11/04/2020,domestic-low,73.7,FALSE
MT302400,FD-030,residential,2023-04-02,commercial,141.6 kWh,False
MT304748,FD-012,residential,2020-05-21,industrial,108.6,True
MT305166,FD-034,residential,2020-03-05,commercial,,yes
MT309404,FD-028,residential,2022-10-31,domestic-standard,50.5,0
MT305454,FD-036,industrial,2022-07-10,domestic-low,124.3 kWh,0
MT305945,FD-009,commercial,2025-01-05,industrial,175.0,FALSE
MT306724,FD-031,residential,2024-09-02,domestic-standard,,FALSE
MT300590,FD-022,commercial,2021-11-05,domestic-low,104.3,no
MT304754,FD-018,public,22/02/2019,domestic-standard,52.5 kWh,yes
MT307753,FD-009,residential,2026-02-23,domestic-low,,1
MT303086,FD-001,industrial,2026-05-02,domestic-low,,1
MT302506,FD-014,residential,2024-10-03,industrial,17.6,False
MT307497,FD-022,public,2020-04-04,domestic-standard,,1
MT300016,FD-001,industrial,2022-05-17,domestic-low,73.4,yes
MT309579,FD-006,public,2022-10-18,commercial,160.9,FALSE
MT302685,FD-007,residential,2020-07-16,domestic-low,35.5,True
MT308270,FD-014,residential,2022-06-14,domestic-low,116.4,no
MT308582,FD-019,residential,25/11/2024,industrial,,False
MT306334,FD-016,residential,2020-01-09,domestic-low,116.5 kWh,no
MT303023,FD-034,residential,2024-02-11,domestic-low,119.7,1
MT301491,FD-011,commercial,2025-03-28,domestic-low,44.8 kWh,yes
MT307819,FD-011,residential,2020-09-26,industrial,129.6,0
MT308007,FD-013,public,2020-08-21,social,,0
MT300508,FD-023,industrial,2023-08-21,domestic-low,52.8 kWh,0
MT309571,FD-029,residential,2020-08-02,industrial,,False
MT300178,FD-003,residential,2023-05-29,domestic-low,,no
MT306646,FD-011,industrial,22/04/2020,commercial,52.8 kWh,False
MT300603,FD-016,public,2021-02-06,domestic-low,143.0 kWh,1
MT304221,FD-033,public,2022-11-29,industrial,121.7,True
MT301046,FD-011,industrial,2026-01-15,domestic-low,,TRUE
MT303920,FD-018,residential,2023-03-23,domestic-standard,135.3 kWh,FALSE
MT304969,FD-013,residential,2021-05-18,domestic-low,9.3,FALSE
MT310381,FD-016,industrial,2024-07-08,domestic-standard,,yes
MT309454,FD-027,residential,2021-04-04,domestic-low,16.3 kWh,FALSE
MT308287,FD-014,residential,2023-12-08,domestic-standard,143.3,False
MT300230,FD-017,residential,2020-06-19,domestic-low,248.4 kWh,1
MT310636,FD-006,residential,2022-10-09,domestic-low,105.8 kWh,0
MT310980,FD-012,commercial,2024-01-12,domestic-low,46.9,FALSE
MT310042,FD-010,public,2019-07-12,industrial,164.0,1
MT302073,FD-025,industrial,2021-08-04,commercial,,0
MT304980,FD-001,residential,2023-10-20,commercial,173.2,FALSE
MT305532,FD-015,public,2023-11-17,commercial,,yes
MT310351,FD-027,residential,2023-04-06,domestic-low,75.6,1
MT307388,FD-021,residential,2022-02-21,commercial,60.4 kWh,yes
MT300633,FD-026,residential,2023-04-09,domestic-standard,161.1 kWh,TRUE
MT307595,FD-025,residential,2021-05-05,commercial,,yes
MT310025,FD-003,industrial,2021-02-09,social,168.0,False
MT309439,FD-028,residential,2021-03-05,commercial,180.0 kWh,False
MT306536,FD-028,residential,2025-09-27,domestic-standard,136.1 kWh,True
MT310669,FD-007,commercial,2025-11-20,domestic-low,,0
MT300403,FD-001,residential,2020-11-04,domestic-low,157.5,FALSE
MT301484,FD-016,residential,2021-12-12,industrial,205.1 kWh,TRUE
MT303019,FD-022,residential,2026-01-11,domestic-standard,54.8 kWh,0
MT301253,FD-005,residential,12/11/2024,domestic-low,20.0,FALSE
MT310496,FD-020,residential,2021-10-21,domestic-standard,221.2 kWh,no
MT305374,FD-011,public,2026-02-15,domestic-low,145.4 kWh,no
MT305316,FD-022,commercial,2023-12-02,domestic-low,,yes
MT307565,FD-006,residential,2019-04-16,domestic-low,86.0,False
MT302433,FD-032,residential,2022-05-05,commercial,75.9 kWh,0
MT309521,FD-029,residential,2020-08-03,domestic-standard,297.7,False
MT307397,FD-034,residential,2025-04-19,social,,FALSE
MT301749,FD-016,public,2019-04-23,domestic-standard,34.1,1
MT304537,FD-019,residential,2025-05-19,domestic-standard,185.1 kWh,yes
MT307801,FD-033,residential,2025-07-03,domestic-standard,203.9 kWh,no
MT300142,FD-029,public,02/05/2026,industrial,173.8,False
MT300261,FD-012,industrial,2024-05-15,commercial,114.8,False
MT300099,FD-028,public,2020-10-27,domestic-low,21.6 kWh,yes
MT304749,FD-003,industrial,2020-07-18,industrial,37.9,False
MT307416,FD-015,residential,08/12/2022,industrial,20.1,0
MT304829,FD-028,residential,2025-04-20,industrial,,True
MT300182,FD-011,industrial,2022-12-15,domestic-standard,,no
MT302573,FD-007,public,2023-01-30,domestic-standard,103.4 kWh,1
MT307604,FD-008,residential,2022-11-27,social,,True
MT302442,FD-032,residential,2023-09-15,domestic-standard,,0
MT303948,FD-007,residential,2020-12-30,industrial,115.8 kWh,0
MT308819,FD-004,public,20/06/2021,domestic-standard,,yes
MT310363,FD-016,industrial,2023-03-25,domestic-low,118.9,yes
MT300311,FD-018,commercial,2025-02-13,industrial,271.0,no
MT301128,FD-011,industrial,2022-03-22,commercial,,False
MT302702,FD-002,residential,2023-11-12,industrial,,FALSE
MT300281,FD-016,industrial,2025-09-08,commercial,215.5,FALSE
MT309453,FD-022,industrial,2020-08-01,domestic-low,76.0 kWh,yes
MT303793,FD-013,commercial,2024-10-05,industrial,204.9 kWh,1
MT307081,FD-008,residential,18/06/2025,domestic-low,122.6,True
MT302993,FD-009,residential,2024-02-25,domestic-low,163.4 kWh,False
MT306826,FD-030,public,2022-05-06,industrial,,no
MT309330,FD-020,residential,13/02/2023,social,35.4 kWh,False
MT304247,FD-020,residential,2021-09-15,domestic-standard,,1
MT300185,FD-030,residential,2022-09-19,domestic-low,135.0 kWh,False
MT301389,FD-023,residential,2022-03-17,industrial,137.9,1
MT307806,FD-015,public,2019-12-29,domestic-low,190.5 kWh,no
MT306312,FD-029,residential,2019-07-28,domestic-low,27.9 kWh,yes
MT301268,FD-017,residential,2025-11-30,domestic-low,35.4 kWh,False
MT310880,FD-018,public,2025-03-24,domestic-low,144.6,1
MT307263,FD-028,residential,2019-11-03,industrial,66.1,yes
MT303203,FD-027,residential,24/08/2019,domestic-standard,61.7,FALSE
MT301618,FD-037,public,31/07/2020,domestic-standard,,False
MT308284,FD-014,public,2023-04-25,domestic-low,,0
MT305190,FD-007,residential,2024-06-26,domestic-low,26.8 kWh,False
MT303002,FD-012,industrial,2022-05-17,industrial,23.5 kWh,True
MT305134,FD-037,industrial,2022-04-29,social,68.1 kWh,yes
MT302081,FD-030,industrial,2023-08-26,domestic-standard,47.1 kWh,no
MT302651,FD-020,residential,2026-05-12,domestic-low,154.3 kWh,1
MT309196,FD-003,residential,2022-09-18,domestic-standard,66.7,False
MT309140,FD-022,public,2019-09-16,commercial,39.4,TRUE
MT303814,FD-006,public,2020-04-03,domestic-low,,FALSE
MT304422,FD-009,residential,2022-08-06,commercial,,TRUE
MT302475,FD-021,residential,2023-03-03,domestic-low,38.7,0
MT309654,FD-016,industrial,2025-10-25,industrial,74.3,FALSE
MT309041,FD-007,residential,2024-03-31,domestic-low,112.1,FALSE
MT304049,FD-029,commercial,2025-08-20,domestic-low,118.1,0
MT306357,FD-009,industrial,2024-08-02,social,95.7,TRUE
MT302158,FD-011,public,2020-03-29,social,,TRUE
MT305658,FD-026,residential,2023-06-24,domestic-standard,14.2 kWh,no
MT309536,FD-037,public,2024-11-26,domestic-low,,FALSE
MT307108,FD-020,residential,2023-09-04,commercial,191.6 kWh,1
MT307112,FD-018,residential,24/12/2023,domestic-low,,FALSE
MT309190,FD-004,residential,2026-02-16,domestic-standard,,no
MT304153,FD-021,commercial,2022-05-18,domestic-low,149.9,True
MT310048,FD-036,commercial,2021-11-29,commercial,131.7 kWh,TRUE
MT304760,FD-012,residential,2024-02-16,domestic-low,41.5,False
MT302515,FD-001,commercial,2019-12-05,domestic-low,,TRUE
MT302236,FD-005,industrial,2021-09-22,social,47.2 kWh,TRUE
MT310373,FD-006,commercial,09/09/2021,domestic-low,186.5,0
MT301671,FD-020,residential,2024-05-08,domestic-low,60.7 kWh,True
MT310864,FD-005,residential,2025-03-21,industrial,105.9 kWh,0
MT309322,FD-023,residential,26/02/2019,commercial,174.8 kWh,TRUE
MT300967,FD-009,residential,2025-05-22,domestic-low,,False
MT309960,FD-012,residential,2024-05-20,social,51.6,TRUE
MT305257,FD-036,residential,2023-09-09,industrial,176.7,False
MT309187,FD-034,residential,2024-01-05,industrial,147.6,TRUE
MT310950,FD-008,residential,2023-10-06,industrial,8.9,True
MT308919,FD-011,industrial,2024-12-15,domestic-low,29.3,no
MT307856,FD-006,residential,2024-10-19,domestic-low,117.3,True
MT307848,FD-035,residential,2026-01-18,domestic-low,54.8 kWh,True
MT302231,FD-024,residential,2021-03-02,domestic-low,173.6 kWh,0
MT307879,FD-034,public,2019-11-12,domestic-low,113.2,False
MT310614,FD-020,industrial,2023-04-19,domestic-low,,0
MT307574,FD-006,residential,10/08/2025,domestic-low,17.5 kWh,True
MT302528,FD-008,residential,2024-08-15,domestic-low,109.6 kWh,yes
MT308676,FD-035,commercial,2022-11-09,social,63.0,TRUE
MT302723,FD-013,commercial,2024-03-12,social,177.4 kWh,TRUE
MT309931,FD-020,residential,2021-06-16,industrial,106.8,no
MT305605,FD-035,public,12/12/2024,social,12.8 kWh,1
MT301676,FD-026,industrial,2021-03-16,social,136.5,1
MT306152,FD-037,public,2024-06-22,domestic-low,100.7,True
MT310267,FD-013,public,2022-09-21,social,177.7,yes
MT300703,FD-033,residential,2023-06-14,domestic-low,42.1,yes
MT302152,FD-029,industrial,2026-02-24,industrial,77.0 kWh,TRUE
MT304782,FD-029,industrial,2019-02-07,social,57.5,no
MT302510,FD-025,residential,2024-12-19,industrial,78.5 kWh,True
MT308898,FD-017,residential,2022-11-03,domestic-standard,,no
MT303328,FD-029,public,2021-12-20,domestic-low,,1
MT307684,FD-033,commercial,2021-04-23,industrial,57.0,1
MT304437,FD-025,commercial,2020-12-22,social,,True
MT305146,FD-021,residential,2025-09-21,domestic-low,80.5,1
MT310166,FD-003,industrial,2022-05-15,domestic-standard,71.3,1
MT309512,FD-033,residential,20/10/2020,industrial,212.4 kWh,1
MT304680,FD-002,residential,05/06/2025,domestic-standard,,TRUE
MT308320,FD-033,commercial,2020-06-18,domestic-low,,1
MT309836,FD-026,public,2022-11-22,domestic-standard,104.7,TRUE
MT301909,FD-032,residential,2020-10-30,domestic-standard,62.8,no
MT303637,FD-034,industrial,2021-03-01,commercial,155.1 kWh,TRUE
MT310747,FD-008,residential,2021-10-27,commercial,53.4 kWh,0
MT303787,FD-037,commercial,2022-01-10,domestic-low,175.8 kWh,0
MT304047,FD-029,residential,2019-04-07,domestic-low,,FALSE
MT305626,FD-028,industrial,2024-02-08,social,,no
MT300268,FD-016,commercial,06/11/2022,commercial,95.0,False
MT303358,FD-002,residential,2024-11-04,commercial,133.7,False
MT306449,FD-007,residential,2025-01-26,industrial,89.7,no
MT306075,FD-014,residential,2022-02-27,domestic-standard,25.5,yes
MT303308,FD-026,commercial,2019-04-21,industrial,,TRUE
MT301316,FD-001,residential,2025-12-23,domestic-low,43.6,1
MT304942,FD-025,commercial,2020-04-19,domestic-low,200.4 kWh,FALSE
MT302259,FD-014,residential,2025-08-19,commercial,92.6,yes
MT303053,FD-016,residential,2023-07-26,domestic-standard,174.2 kWh,FALSE
MT308991,FD-034,commercial,2021-09-11,industrial,111.8,0
MT301525,FD-008,commercial,2022-04-18,social,,TRUE
MT302614,FD-034,residential,2026-05-23,domestic-low,74.1,no
MT310838,FD-012,residential,2025-11-30,commercial,,1
MT305617,FD-027,industrial,2025-07-14,domestic-standard,136.4 kWh,FALSE
MT309039,FD-016,residential,2019-09-29,domestic-standard,9.4 kWh,yes
MT303371,FD-006,public,2024-06-20,social,,no
MT301834,FD-032,residential,2019-09-23,industrial,19.0,1
MT303218,FD-021,residential,2019-10-31,commercial,51.9 kWh,yes
MT306883,FD-024,residential,2021-10-08,domestic-standard,,TRUE
MT309719,FD-023,residential,2020-01-14,industrial,,True
MT300516,FD-006,public,2022-10-02,domestic-low,32.2 kWh,0
MT301279,FD-014,commercial,14/04/2024,social,10.1,yes
MT301142,FD-006,residential,2024-12-17,social,141.5 kWh,TRUE
MT309770,FD-010,public,03/07/2020,industrial,65.5 kWh,True
MT308831,FD-012,residential,2025-05-04,industrial,,no
MT307838,FD-029,industrial,2024-02-05,commercial,151.0 kWh,FALSE
MT304115,FD-024,residential,2020-10-24,domestic-standard,156.8,1
MT301543,FD-034,industrial,2021-03-27,domestic-low,,True
MT305387,FD-022,commercial,2019-12-29,industrial,,TRUE
MT304375,FD-033,public,2025-07-24,domestic-standard,100.5 kWh,FALSE
MT301156,FD-024,residential,2021-12-27,industrial,130.5 kWh,0
MT308433,FD-004,residential,2023-05-04,commercial,140.3 kWh,False
MT300320,FD-028,residential,2020-12-04,domestic-low,100.6,False
MT302339,FD-009,industrial,2025-01-28,social,,1
MT307287,FD-018,residential,2019-11-14,domestic-standard,99.7 kWh,FALSE
MT308150,FD-013,commercial,2025-01-10,industrial,,TRUE
MT309829,FD-024,residential,2023-01-12,industrial,47.1 kWh,FALSE
MT308238,FD-014,public,2022-06-03,domestic-standard,,FALSE
MT310331,FD-010,residential,2023-11-17,domestic-low,44.3,False
MT305378,FD-016,residential,2025-12-25,domestic-low,,False
MT300135,FD-037,public,27/03/2023,commercial,48.0,0
MT306081,FD-011,commercial,2025-03-18,domestic-low,25.9,no
MT307014,FD-017,industrial,2025-10-27,domestic-low,,FALSE
MT305022,FD-028,residential,2021-01-13,domestic-standard,104.2 kWh,True
MT307133,FD-037,residential,2023-06-11,domestic-low,,1
MT306804,FD-033,commercial,2023-07-02,commercial,70.6 kWh,no
MT309731,FD-018,public,2024-12-01,domestic-low,99.8 kWh,True
MT306567,FD-014,industrial,2019-04-15,social,52.6,yes
MT302650,FD-006,residential,2024-08-26,social,76.0,FALSE
MT310761,FD-037,commercial,2023-12-19,social,61.2,False
MT303044,FD-010,public,2019-08-12,industrial,,TRUE
MT303152,FD-016,residential,2022-04-26,industrial,,True
MT309081,FD-029,residential,2020-05-21,industrial,,yes
MT303124,FD-031,residential,2019-03-30,industrial,,yes
MT302765,FD-008,industrial,2021-01-16,industrial,187.8 kWh,FALSE
MT300886,FD-001,residential,2025-08-26,social,41.1,TRUE
MT300179,FD-025,industrial,2019-02-27,domestic-standard,,no
MT309317,FD-019,residential,2019-04-18,domestic-low,209.7 kWh,no
MT304935,FD-036,residential,2026-03-19,industrial,50.8,False
MT304629,FD-014,residential,2024-10-04,domestic-standard,163.8,False
MT308814,FD-011,residential,02/01/2019,social,74.7 kWh,True
MT310652,FD-027,public,2025-01-04,industrial,,FALSE
MT300529,FD-020,public,2019-09-13,industrial,88.6 kWh,1
MT302843,FD-021,industrial,2022-05-22,social,,True
MT304324,FD-020,public,2024-12-17,domestic-low,100.3 kWh,no
MT300297,FD-005,residential,2023-02-26,social,181.1 kWh,TRUE
MT300024,FD-025,residential,2023-03-25,social,,0
MT307736,FD-028,industrial,2020-05-09,domestic-low,49.5 kWh,FALSE
MT310411,FD-008,residential,17/03/2023,domestic-low,,no
MT307268,FD-022,industrial,04/06/2022,domestic-low,120.2,False
MT301954,FD-023,residential,2019-11-06,industrial,215.2,0
MT305062,FD-006,residential,2021-07-26,domestic-low,111.1 kWh,0
MT308629,FD-003,commercial,2025-12-07,commercial,114.8 kWh,False
MT309666,FD-024,public,2021-08-16,domestic-low,,yes
MT306791,FD-008,public,2019-06-22,social,,0
MT305841,FD-035,industrial,2024-01-27,domestic-standard,,yes
MT306336,FD-018,commercial,2023-10-04,commercial,152.0 kWh,FALSE
MT307325,FD-009,residential,2025-11-24,social,263.9 kWh,no
MT305177,FD-006,industrial,2019-03-01,industrial,128.6,0
MT304354,FD-009,residential,2021-10-03,domestic-low,294.3,no
MT300330,FD-008,public,27/07/2024,commercial,,no
MT306082,FD-025,public,2024-12-22,domestic-low,,False
MT309919,FD-001,residential,2019-06-19,domestic-standard,17.7 kWh,0
MT305999,FD-030,residential,2019-11-09,domestic-low,178.1 kWh,False
MT302792,FD-009,commercial,2021-05-25,domestic-standard,154.5 kWh,FALSE
MT301168,FD-008,public,2023-01-14,social,68.1,0
MT301813,FD-016,public,2021-02-26,industrial,73.8 kWh,0
MT307401,FD-008,industrial,19/03/2025,domestic-standard,,yes
MT306813,FD-033,industrial,2021-08-02,social,,False
MT305732,FD-031,residential,2019-08-17,industrial,,True
MT306558,FD-031,residential,2020-06-20,domestic-standard,,yes
MT303441,FD-006,industrial,2021-05-23,commercial,,TRUE
MT306440,FD-005,public,2024-12-28,domestic-low,,True
MT310683,FD-003,residential,2019-10-07,social,,no
MT307466,FD-036,residential,2023-07-20,domestic-low,205.1,True
MT302065,FD-021,industrial,2019-06-05,industrial,204.1,TRUE
MT302817,FD-001,industrial,2025-12-19,domestic-standard,132.8,False
MT301627,FD-018,commercial,2019-04-19,social,44.2 kWh,0
MT309752,FD-034,residential,2026-02-13,industrial,27.8 kWh,True
MT307439,FD-029,public,2025-12-08,commercial,,FALSE
MT304024,FD-030,public,10/10/2022,social,151.1,True
MT310296,FD-004,public,2019-06-23,industrial,,TRUE
MT303473,FD-026,residential,2024-01-23,domestic-standard,36.3,True
MT306589,FD-027,public,10/12/2025,social,40.1,1
MT306411,FD-008,public,10/11/2023,industrial,,0
MT308258,FD-028,residential,2020-08-30,domestic-low,105.2 kWh,no
MT308027,FD-021,industrial,2021-06-10,social,,TRUE
MT308753,FD-017,public,2019-04-02,commercial,,True
MT301804,FD-021,residential,2019-10-16,commercial,129.4 kWh,TRUE
MT301657,FD-004,commercial,07/02/2019,social,70.2,yes
MT300338,FD-036,industrial,2019-05-06,domestic-standard,,yes
MT303337,FD-019,industrial,08/11/2025,domestic-standard,111.3,True
MT307957,FD-008,residential,2020-10-08,domestic-low,114.7 kWh,1
MT306368,FD-033,industrial,2021-10-28,social,30.7 kWh,yes
MT306125,FD-005,industrial,2023-09-16,industrial,123.2,TRUE
MT305485,FD-004,residential,2021-05-06,domestic-standard,45.9,False
MT308486,FD-020,residential,2024-06-24,domestic-low,,FALSE
MT300674,FD-012,commercial,2023-09-07,social,,0
MT307600,FD-010,residential,2023-06-30,industrial,,0
MT308940,FD-013,industrial,2022-07-11,domestic-low,79.6 kWh,TRUE
MT304569,FD-033,public,2025-06-28,domestic-standard,176.6 kWh,no
MT305665,FD-025,residential,2025-05-20,industrial,17.7 kWh,yes
MT302367,FD-029,residential,2021-10-22,social,117.2,yes
MT306596,FD-017,residential,2025-03-29,commercial,27.5 kWh,0
MT305647,FD-010,industrial,04/08/2024,industrial,37.4 kWh,no
MT308380,FD-023,commercial,2020-12-23,domestic-standard,,no
MT305089,FD-001,public,12/12/2019,domestic-low,36.4 kWh,0
MT305621,FD-035,industrial,2020-04-06,social,177.5,True
MT301105,FD-028,residential,2024-01-16,social,,yes
MT303406,FD-021,residential,24/08/2024,commercial,58.6 kWh,FALSE
MT308395,FD-023,industrial,31/03/2023,social,49.5 kWh,False
MT305277,FD-012,public,2026-02-12,commercial,9.5,1
MT300641,FD-004,commercial,2020-04-03,industrial,,False
MT308065,FD-013,residential,2021-01-26,social,,True
MT305960,FD-030,industrial,2024-11-23,domestic-low,240.2,TRUE
MT310710,FD-013,residential,2020-04-23,social,,0
MT305435,FD-011,commercial,2022-05-31,domestic-standard,,1
MT300349,FD-029,residential,2026-04-11,domestic-low,,0
MT306892,FD-036,residential,2019-11-22,domestic-low,115.9,1
MT303045,FD-033,residential,2022-05-27,domestic-standard,186.8 kWh,yes
MT310461,FD-014,industrial,2025-10-17,domestic-standard,,FALSE
MT300158,FD-005,residential,2021-03-23,domestic-standard,148.3,False
MT309618,FD-028,residential,26/07/2024,social,117.4 kWh,True
MT300252,FD-016,industrial,2025-06-02,domestic-low,101.6,False
MT310965,FD-023,residential,2021-01-16,social,140.0 kWh,no
MT303983,FD-036,residential,2024-03-14,social,116.8 kWh,True
MT306727,FD-011,industrial,2022-07-28,social,133.7 kWh,TRUE
MT310700,FD-032,residential,01/10/2019,social,122.6,yes
MT306355,FD-031,residential,2022-02-23,industrial,,False
MT307889,FD-023,industrial,2024-10-23,social,113.5 kWh,True
MT304316,FD-033,public,2026-01-26,domestic-low,,no
MT310837,FD-010,residential,2019-10-15,industrial,14.6,yes
MT308426,FD-029,residential,2023-07-29,commercial,,yes
MT301795,FD-011,industrial,2021-06-05,commercial,,False
MT305533,FD-006,residential,2026-05-06,domestic-standard,123.8,TRUE
MT303954,FD-005,residential,2022-06-14,domestic-low,85.7 kWh,yes
MT305148,FD-025,public,2025-12-20,domestic-low,,True
MT303269,FD-032,residential,2019-08-04,domestic-low,152.2,1
MT304067,FD-009,commercial,2025-01-12,social,39.0 kWh,False
MT303291,FD-001,public,2020-06-01,domestic-low,187.8,yes
MT306453,FD-004,public,2021-05-24,commercial,117.7 kWh,FALSE
MT302613,FD-027,residential,2020-07-13,domestic-low,58.5 kWh,TRUE
MT303142,FD-009,residential,2020-08-16,domestic-standard,94.4,no
MT305325,FD-023,commercial,2019-01-20,domestic-low,124.1 kWh,TRUE
MT303583,FD-003,residential,2023-06-23,social,197.0,FALSE
MT308955,FD-003,residential,2021-07-25,domestic-low,,0
MT303730,FD-007,residential,20/05/2026,social,122.9 kWh,no
MT304739,FD-002,residential,2025-05-13,domestic-low,184.2,yes
MT302578,FD-029,commercial,2019-06-27,industrial,174.1 kWh,yes
MT303770,FD-026,residential,2024-03-30,commercial,87.4,no
MT306361,FD-037,industrial,2019-06-09,commercial,97.5,TRUE
MT309365,FD-024,residential,2019-02-27,domestic-low,162.7,FALSE
MT305417,FD-027,residential,2023-01-15,domestic-low,,TRUE
MT302784,FD-031,commercial,2021-12-04,domestic-low,,False
MT306897,FD-029,residential,2022-08-27,social,59.9,1
MT304523,FD-027,residential,2022-09-26,social,,no
MT304891,FD-033,residential,2025-08-19,social,183.6 kWh,True
MT305628,FD-003,residential,2026-03-15,domestic-standard,143.9,FALSE
MT308910,FD-011,residential,2020-01-27,commercial,151.9 kWh,no
MT310003,FD-015,residential,2020-08-25,industrial,,False
MT300216,FD-029,residential,2024-02-14,industrial,48.9,False
MT307194,FD-028,residential,2026-05-20,domestic-low,257.6 kWh,0
MT304628,FD-006,residential,2019-11-16,domestic-low,,yes
MT301270,FD-004,residential,2024-03-11,commercial,,yes
MT307873,FD-026,industrial,2023-02-11,commercial,43.3,no
MT306638,FD-026,industrial,2024-02-12,industrial,78.2 kWh,False
MT310078,FD-003,public,2021-06-23,social,27.9,0
MT308591,FD-024,industrial,2020-09-19,domestic-low,,False
MT310679,FD-002,public,2024-09-27,domestic-low,64.7 kWh,True
MT301050,FD-013,residential,2025-06-16,domestic-low,,no
MT307496,FD-007,public,23/09/2021,domestic-standard,140.6,FALSE
MT301841,FD-003,commercial,2023-09-05,domestic-low,161.0 kWh,False
MT306146,FD-034,residential,2021-12-04,domestic-low,64.8,True
MT306084,FD-034,commercial,2023-11-18,commercial,,TRUE
MT300460,FD-002,public,2019-08-21,commercial,158.5,False
MT309127,FD-007,residential,2026-05-17,commercial,9.7,no
MT308090,FD-014,residential,2019-03-17,industrial,93.2,True
MT300011,FD-007,residential,2024-06-15,industrial,53.6 kWh,1
MT301000,FD-016,commercial,2021-10-11,industrial,,no
MT304686,FD-031,public,2026-02-18,domestic-low,87.4,1
MT304701,FD-012,residential,2025-03-23,commercial,9.6,False
MT305932,FD-001,residential,2025-03-16,domestic-low,,no
MT302034,FD-004,industrial,2022-03-14,social,65.2 kWh,True
MT302159,FD-033,commercial,2021-11-28,domestic-low,97.0,no
MT300520,FD-032,residential,2024-11-18,commercial,141.4 kWh,yes
MT309044,FD-006,residential,2022-05-16,commercial,,no
MT309208,FD-022,residential,2019-08-12,domestic-low,139.3,0
MT302722,FD-002,public,07/11/2019,domestic-low,186.5 kWh,no
MT308493,FD-026,residential,2023-03-04,industrial,79.4 kWh,False
MT308861,FD-030,public,2023-06-16,industrial,75.2 kWh,True
MT303581,FD-037,residential,2024-06-23,commercial,,yes
MT306485,FD-021,residential,2023-05-31,commercial,175.3 kWh,no
MT305618,FD-016,industrial,2021-12-22,domestic-standard,,1
MT310534,FD-016,residential,2020-08-13,industrial,105.1,0
MT309200,FD-026,public,2020-06-22,domestic-low,21.8 kWh,yes
MT308825,FD-035,industrial,2020-07-27,commercial,159.5,TRUE
MT310974,FD-018,residential,2020-09-04,industrial,,no
MT310556,FD-024,industrial,2019-08-20,social,,yes
MT307887,FD-024,public,2020-05-31,domestic-low,,False
MT307550,FD-023,industrial,09/01/2023,social,,FALSE
MT302323,FD-001,industrial,2022-11-04,commercial,,TRUE
MT308856,FD-022,commercial,2019-07-24,commercial,,False
MT305734,FD-033,residential,2021-10-03,domestic-low,166.8 kWh,0
MT301531,FD-026,residential,2021-09-28,domestic-standard,69.8,no
MT304177,FD-005,residential,2022-05-17,domestic-low,,no
MT300426,FD-034,residential,2025-02-04,commercial,186.7,FALSE
MT308242,FD-004,commercial,2024-11-22,domestic-low,,True
MT300164,FD-033,residential,2025-06-19,industrial,,False
MT302793,FD-026,commercial,2019-07-29,commercial,232.1 kWh,0
MT309820,FD-018,residential,2024-08-29,commercial,,True
MT301492,FD-037,residential,2025-04-07,domestic-low,,False
MT303879,FD-014,residential,2024-06-19,industrial,124.3,TRUE
MT301186,FD-013,commercial,2024-12-23,commercial,,0
MT300657,FD-025,commercial,2025-04-06,social,,1
MT301220,FD-037,industrial,14/02/2020,social,,no
MT303561,FD-017,residential,2020-06-14,commercial,142.4,0
MT300415,FD-033,residential,2022-03-15,domestic-low,72.5 kWh,TRUE
MT310297,FD-009,industrial,2024-11-11,domestic-standard,,TRUE
MT300496,FD-013,residential,2021-02-09,industrial,175.1,1
MT306990,FD-009,commercial,2024-02-13,domestic-standard,128.0,yes
MT309677,FD-014,residential,2019-09-23,domestic-low,99.5,1
MT305755,FD-031,commercial,03/02/2020,domestic-low,181.0,TRUE
MT305114,FD-012,public,2023-05-25,domestic-low,114.8,0
MT301534,FD-037,public,2024-03-03,industrial,,True
MT310281,FD-020,public,03/08/2025,industrial,80.0,1
MT306191,FD-007,commercial,2024-12-04,domestic-standard,50.9 kWh,FALSE
MT300357,FD-006,public,2019-12-20,social,159.2,1
MT304074,FD-003,residential,2026-01-21,domestic-low,216.9 kWh,TRUE
MT309987,FD-027,residential,2019-03-18,social,33.1,no
MT306177,FD-036,commercial,2026-01-28,social,,True
MT302721,FD-022,residential,2023-08-31,domestic-low,191.6 kWh,yes
MT303957,FD-014,residential,2023-01-20,industrial,19.1 kWh,0
MT301750,FD-008,residential,2025-10-11,domestic-low,,0
MT302842,FD-021,residential,2025-01-31,industrial,16.5 kWh,True
MT300067,FD-004,commercial,2021-06-05,social,123.4,0
MT308213,FD-023,residential,2025-10-10,social,,False
MT307750,FD-020,residential,2025-12-24,social,,FALSE
MT300658,FD-008,industrial,2022-07-20,domestic-low,,no
MT301257,FD-033,residential,2026-04-26,industrial,123.4 kWh,no
MT306739,FD-026,public,2021-08-25,commercial,108.3,FALSE
MT308862,FD-021,residential,2019-08-25,social,206.2 kWh,TRUE
MT308533,FD-021,commercial,2020-07-06,domestic-low,111.4 kWh,True
MT302882,FD-025,residential,2019-06-27,social,,True
MT310231,FD-025,industrial,2021-02-28,commercial,,True
MT303310,FD-023,residential,2025-10-25,industrial,,TRUE
MT304117,FD-030,commercial,2026-05-17,domestic-low,86.7 kWh,0
MT301284,FD-014,industrial,2025-02-16,domestic-standard,34.0 kWh,0
MT308224,FD-014,industrial,2023-04-14,industrial,58.7 kWh,FALSE
MT307926,FD-009,commercial,2020-05-30,domestic-low,125.1,no
MT308068,FD-016,residential,2022-10-10,commercial,46.0,1
MT308460,FD-007,commercial,28/07/2022,social,150.8,no
MT305773,FD-014,residential,2022-08-11,domestic-low,,FALSE
MT309624,FD-037,residential,2024-02-01,industrial,253.3 kWh,yes
MT304854,FD-009,residential,2025-12-23,commercial,174.2,TRUE
MT307534,FD-003,public,2021-11-04,social,203.0 kWh,no
MT307762,FD-009,commercial,2025-07-01,domestic-standard,168.1 kWh,TRUE
MT306534,FD-006,commercial,2021-12-08,domestic-standard,137.0,0
MT310804,FD-014,industrial,2019-12-07,social,98.4 kWh,yes
MT302166,FD-015,commercial,2022-04-18,commercial,64.8 kWh,FALSE
MT309522,FD-010,residential,18/05/2023,domestic-low,162.6 kWh,0
MT300113,FD-012,industrial,2021-11-27,industrial,190.5 kWh,True
MT309885,FD-028,residential,2023-06-08,industrial,,False
MT300588,FD-033,residential,2024-06-13,social,137.7 kWh,TRUE
MT302728,FD-005,commercial,2025-09-07,domestic-standard,165.1,no
MT303294,FD-008,public,02/05/2020,industrial,,False
MT310750,FD-013,residential,2021-03-29,domestic-low,117.3,TRUE
MT308428,FD-004,residential,2019-03-08,social,41.1 kWh,1
MT308171,FD-017,residential,2026-02-08,domestic-standard,,1
MT308890,FD-037,public,18/09/2024,domestic-standard,,yes
MT301430,FD-022,industrial,2020-01-13,social,17.6 kWh,1
MT306353,FD-011,residential,2024-08-19,domestic-standard,92.7 kWh,no
MT303838,FD-024,residential,2020-05-12,domestic-low,214.5 kWh,True
MT307981,FD-015,public,2021-11-25,social,69.0 kWh,no
MT303802,FD-036,public,2019-03-19,commercial,,no
MT306240,FD-006,residential,2023-11-07,domestic-standard,,True
MT305370,FD-006,industrial,2020-05-13,domestic-low,119.6,False
MT309799,FD-019,residential,2023-08-04,industrial,59.5 kWh,1
MT300003,FD-005,commercial,2021-12-18,domestic-low,8.2 kWh,yes
MT303008,FD-028,industrial,2025-06-08,social,,TRUE
MT300706,FD-037,residential,10/12/2019,commercial,,FALSE
MT309004,FD-011,residential,2025-09-30,domestic-standard,338.2,0
MT309271,FD-032,residential,2021-06-11,domestic-standard,,True
MT303721,FD-025,residential,2022-09-20,social,151.6 kWh,FALSE
MT302981,FD-005,public,2026-04-25,domestic-low,165.7,no
MT309221,FD-029,residential,2022-11-23,social,110.8,FALSE
MT301639,FD-009,residential,2022-10-21,commercial,,yes
MT309951,FD-012,residential,2023-05-13,industrial,,1
MT310932,FD-028,commercial,2025-05-15,industrial,,no
MT309007,FD-004,residential,2020-06-16,commercial,124.2 kWh,TRUE
MT305412,FD-027,residential,2020-12-06,domestic-low,,0
MT306816,FD-025,commercial,2019-10-20,domestic-low,,1
MT305041,FD-025,residential,2019-04-22,industrial,155.0 kWh,FALSE
MT310843,FD-036,public,2019-02-09,commercial,83.4 kWh,yes
MT302921,FD-002,industrial,2019-06-14,domestic-standard,192.2 kWh,yes
MT308828,FD-006,public,2020-05-25,commercial,142.5,False
MT303900,FD-020,commercial,2022-03-05,domestic-low,97.5,FALSE
MT307283,FD-031,residential,2020-12-18,domestic-standard,133.3 kWh,TRUE
MT304796,FD-027,residential,2023-11-30,commercial,163.3,False
MT308454,FD-023,residential,05/05/2023,industrial,,True
MT304440,FD-016,residential,2022-03-19,social,93.8,no
MT300396,FD-017,residential,2023-04-25,commercial,201.4 kWh,TRUE
MT308201,FD-037,public,2021-06-04,commercial,,0
MT306264,FD-008,public,2020-08-27,commercial,,False
MT309720,FD-008,industrial,2021-06-10,social,,no
MT306847,FD-034,residential,2023-12-29,commercial,,yes
MT306522,FD-018,public,2020-02-24,commercial,179.4 kWh,no
MT302480,FD-036,public,2025-09-02,industrial,44.4 kWh,0
MT303769,FD-018,residential,2024-05-17,industrial,70.0 kWh,False
MT304961,FD-006,residential,2024-02-21,domestic-low,192.6,TRUE
MT303384,FD-004,residential,2023-05-09,domestic-standard,184.6 kWh,False
MT310124,FD-034,commercial,2019-07-13,industrial,141.3,1
MT310312,FD-024,public,2022-05-18,domestic-low,,1
MT302306,FD-009,industrial,2024-08-02,industrial,86.3,False
MT302949,FD-020,industrial,2025-07-11,domestic-standard,,True
MT306611,FD-004,residential,2025-02-19,commercial,100.3 kWh,True
MT300669,FD-015,public,2024-09-03,domestic-low,133.5,FALSE
MT306789,FD-033,public,2019-02-15,domestic-low,,False
MT309870,FD-009,residential,2021-09-05,domestic-low,188.0 kWh,False
MT307150,FD-034,public,2026-05-23,commercial,,1
MT302932,FD-009,commercial,2019-04-11,domestic-low,88.3 kWh,1
MT306604,FD-011,residential,2025-07-23,domestic-low,106.8,1
MT302782,FD-019,residential,2023-05-23,domestic-low,93.1,FALSE
MT302874,FD-027,commercial,2019-12-26,social,247.1,False
MT310117,FD-012,commercial,2025-01-04,industrial,150.1,True
MT305958,FD-032,industrial,2026-02-16,commercial,24.8,1
MT305793,FD-017,residential,06/02/2025,social,186.3 kWh,TRUE
MT306092,FD-035,public,2023-12-22,domestic-low,23.5,no
MT302365,FD-027,public,2023-09-05,social,,0
MT302326,FD-019,residential,2026-02-09,domestic-standard,12.3,1
MT307482,FD-030,public,2023-03-16,commercial,,no
MT306315,FD-036,residential,2020-07-24,commercial,,yes
MT301686,FD-020,residential,2025-05-04,domestic-low,,True
MT302512,FD-033,residential,2026-01-28,domestic-standard,50.7,0
MT306751,FD-015,residential,2022-11-12,domestic-standard,86.8 kWh,1
MT310775,FD-025,residential,2019-02-26,domestic-standard,174.9 kWh,0
MT307351,FD-028,residential,19/02/2024,commercial,122.3 kWh,1
MT301006,FD-023,commercial,2020-04-04,domestic-low,,FALSE
MT309607,FD-030,residential,2021-11-20,domestic-low,117.7,0
MT307976,FD-035,public,2022-03-14,industrial,,FALSE
MT307121,FD-016,industrial,2023-08-12,social,,yes
MT310442,FD-017,industrial,2023-12-18,domestic-low,236.5 kWh,no
MT308925,FD-024,commercial,2023-10-29,domestic-standard,,False
MT308653,FD-015,residential,2022-03-31,commercial,102.1,TRUE
MT302371,FD-007,industrial,2023-12-20,social,,False
MT309740,FD-034,public,2024-03-03,commercial,159.6,True
MT307000,FD-029,residential,2019-07-16,domestic-low,94.0 kWh,False
MT309228,FD-024,industrial,2020-08-06,domestic-low,,no
MT307950,FD-031,public,2019-02-21,social,221.0 kWh,False
MT305382,FD-005,residential,2024-07-31,social,35.0 kWh,True
MT300620,FD-027,residential,2020-01-27,domestic-low,22.5,FALSE
MT302550,FD-034,residential,2024-02-07,industrial,114.7 kWh,TRUE
MT300283,FD-028,industrial,2025-08-10,domestic-standard,122.7 kWh,TRUE
MT307747,FD-021,residential,02/02/2019,social,200.3 kWh,FALSE
MT300249,FD-023,residential,2024-04-20,industrial,204.7,1
MT308800,FD-027,residential,23/05/2022,commercial,67.1,yes
MT300384,FD-013,public,2024-05-24,domestic-low,91.2,no
MT306953,FD-036,industrial,2021-03-01,social,21.9,TRUE
MT306169,FD-037,residential,2022-02-24,domestic-standard,15.9 kWh,0
MT304477,FD-003,residential,24/08/2024,domestic-standard,145.4,TRUE
MT308196,FD-029,residential,2023-12-06,commercial,,TRUE
MT302572,FD-036,industrial,2023-03-21,domestic-low,88.4 kWh,True
MT306544,FD-012,residential,2020-04-13,domestic-low,101.3,TRUE
MT309976,FD-031,public,2023-03-23,commercial,106.6 kWh,FALSE
MT310528,FD-028,residential,2023-06-08,industrial,,yes
MT303237,FD-031,residential,2025-08-28,industrial,178.8,0
MT301705,FD-028,public,2022-08-10,domestic-low,48.6,no
MT303513,FD-034,residential,2022-07-25,domestic-low,53.9 kWh,1
MT309658,FD-027,public,2019-01-17,domestic-low,,TRUE
MT310763,FD-031,residential,2025-10-05,commercial,56.6 kWh,FALSE
MT303587,FD-010,commercial,2022-10-05,domestic-standard,,yes
MT309963,FD-029,industrial,2023-01-13,domestic-low,139.8,1
MT308129,FD-022,residential,2025-09-11,social,78.4,False
MT306511,FD-024,residential,2019-01-23,domestic-standard,184.8,0
MT304140,FD-005,commercial,2021-10-27,social,,False
MT302199,FD-003,public,2021-04-25,domestic-low,17.9,no
MT303712,FD-031,residential,2021-03-14,social,67.0 kWh,no
MT309588,FD-003,industrial,2021-06-18,industrial,92.6 kWh,1
MT307450,FD-023,residential,2022-12-21,domestic-low,27.9 kWh,FALSE
MT307009,FD-003,industrial,2025-03-03,domestic-low,116.7 kWh,no
MT300819,FD-034,public,2022-10-09,domestic-standard,69.4 kWh,0
MT305920,FD-017,industrial,20/10/2022,domestic-low,22.4,False
MT307608,FD-020,residential,2022-10-15,industrial,155.2,TRUE
MT302037,FD-028,industrial,2019-12-20,commercial,,TRUE
MT305305,FD-022,residential,01/06/2021,domestic-standard,173.6,no
MT305065,FD-010,commercial,2023-05-08,commercial,,True
MT309254,FD-017,commercial,2024-03-13,social,146.9,yes
MT303102,FD-026,residential,25/06/2025,domestic-standard,108.1 kWh,True
MT304694,FD-001,public,2019-08-19,domestic-low,146.3,yes
MT305859,FD-009,residential,2019-01-18,domestic-standard,159.6,TRUE
MT307246,FD-036,public,2026-01-30,domestic-low,126.6,0
MT303527,FD-003,residential,2019-02-11,commercial,82.8 kWh,True
MT306109,FD-005,residential,2023-08-30,domestic-low,169.4,1
MT304171,FD-025,residential,2019-07-28,domestic-low,108.8,0
MT306790,FD-036,residential,2022-04-25,industrial,,0
MT301612,FD-029,residential,2024-09-07,social,53.5,1
MT309633,FD-007,public,2019-03-07,domestic-standard,,False
MT302557,FD-034,industrial,2023-07-09,industrial,115.9,yes
MT309673,FD-018,residential,2020-02-24,commercial,13.4 kWh,yes
MT303374,FD-022,public,22/09/2020,social,,no
MT309995,FD-026,residential,2026-03-16,commercial,75.3 kWh,1
MT305021,FD-021,residential,2024-04-16,social,102.4 kWh,1
MT309379,FD-013,public,2026-01-23,social,60.6,no
MT310353,FD-001,residential,2021-03-07,social,26.5,1
MT303891,FD-017,commercial,2021-11-28,commercial,,1
MT304405,FD-022,residential,2021-09-12,domestic-standard,114.4,0
MT302551,FD-014,residential,2020-07-26,domestic-low,114.9,TRUE
MT303259,FD-037,public,2022-04-03,social,80.1,no
MT300692,FD-002,commercial,06/12/2024,domestic-low,71.2 kWh,0
MT308702,FD-030,residential,2020-08-30,domestic-low,,0
MT300446,FD-037,public,2024-08-23,domestic-standard,,TRUE
MT301324,FD-023,industrial,2022-08-20,commercial,74.4,yes
MT304503,FD-035,commercial,28/06/2019,commercial,,yes
MT309581,FD-028,public,2022-01-13,industrial,122.4,1
MT300610,FD-026,commercial,2019-03-10,domestic-low,61.3,TRUE
MT301103,FD-018,residential,2021-06-21,social,65.7,False
MT307660,FD-001,residential,2025-06-19,commercial,,no
MT301794,FD-004,residential,14/06/2022,domestic-low,,TRUE
MT306584,FD-008,residential,2020-11-08,domestic-low,,False
MT306387,FD-019,residential,22/04/2021,commercial,35.3 kWh,no
MT306881,FD-031,residential,2024-02-13,commercial,187.7 kWh,FALSE
MT300058,FD-017,residential,2021-09-21,social,,False
MT307942,FD-006,residential,2023-07-01,commercial,161.6,yes
MT300907,FD-029,industrial,2024-10-31,domestic-low,28.7,no
MT303709,FD-001,commercial,2021-03-02,industrial,52.4,FALSE
MT306965,FD-019,public,2025-07-04,domestic-low,126.4 kWh,False
MT302708,FD-005,residential,2024-05-29,domestic-standard,10.2,no
MT305459,FD-036,commercial,2019-07-15,domestic-low,,FALSE
MT304835,FD-033,residential,2019-10-23,domestic-standard,60.3,TRUE
MT301234,FD-008,residential,2026-02-21,domestic-low,210.4,yes
MT301212,FD-012,residential,27/11/2023,domestic-low,193.0 kWh,False
MT310037,FD-024,residential,2020-08-26,industrial,,1
MT307170,FD-034,public,2024-02-21,commercial,227.6 kWh,1
MT308712,FD-011,commercial,2020-11-24,commercial,21.3,TRUE
MT303334,FD-032,residential,07/08/2020,commercial,,no
MT305707,FD-029,public,08/02/2026,industrial,,TRUE
MT302627,FD-012,residential,2022-02-11,domestic-standard,84.1,1
MT301073,FD-008,residential,2021-05-03,domestic-low,,False
MT310161,FD-033,residential,2021-11-14,domestic-low,,True
MT305764,FD-033,residential,2020-03-13,domestic-low,63.2,False
MT301836,FD-033,industrial,2025-01-23,commercial,,False
MT306771,FD-004,residential,2020-01-16,commercial,53.3 kWh,True
MT310465,FD-002,industrial,2021-07-25,domestic-low,174.9 kWh,FALSE
MT308772,FD-036,residential,2020-09-08,domestic-standard,80.8,yes
MT302520,FD-014,residential,2024-08-26,commercial,214.6,0
MT301082,FD-023,commercial,2020-04-25,domestic-low,94.2,False
MT308982,FD-016,commercial,2021-12-23,industrial,84.8,1
MT303855,FD-020,commercial,2023-11-22,domestic-standard,,FALSE
MT302695,FD-013,industrial,2021-07-17,commercial,,1
MT301939,FD-004,commercial,2024-09-08,commercial,47.6 kWh,TRUE
MT300845,FD-005,residential,2026-01-04,commercial,59.9 kWh,TRUE
MT308367,FD-026,residential,12/12/2025,social,,True
MT309251,FD-024,commercial,2022-12-10,domestic-standard,103.7,yes
MT304938,FD-004,public,2022-12-12,domestic-low,,1
MT310517,FD-037,residential,2021-12-20,domestic-standard,,no
MT304065,FD-034,industrial,2023-04-20,domestic-standard,224.4,FALSE
MT304620,FD-018,public,2023-08-09,domestic-standard,14.5 kWh,yes
MT305664,FD-022,residential,2022-10-24,domestic-standard,,yes
MT309189,FD-005,industrial,06/12/2020,domestic-standard,248.2 kWh,no
MT304366,FD-032,residential,2024-01-19,commercial,,0
MT307128,FD-028,commercial,2020-09-30,industrial,,TRUE
MT304347,FD-012,residential,2022-04-23,commercial,205.2,0
MT306367,FD-013,residential,2019-06-27,industrial,,yes
MT309194,FD-025,industrial,2019-01-21,commercial,68.9,no
MT302986,FD-020,residential,2021-11-17,social,,0
MT307175,FD-031,public,2026-03-15,domestic-low,56.1 kWh,1
MT301159,FD-032,commercial,2020-04-08,domestic-low,222.1 kWh,1
MT307491,FD-028,commercial,2022-07-04,domestic-low,111.5,True
MT306501,FD-016,residential,2022-06-10,domestic-low,,FALSE
MT305887,FD-028,commercial,2023-08-26,domestic-standard,,FALSE
MT307242,FD-009,residential,2023-05-20,commercial,91.8 kWh,0
MT302011,FD-010,residential,2024-05-17,social,179.8,TRUE
MT307153,FD-024,public,2021-03-18,domestic-low,,True
MT300025,FD-005,public,2026-03-17,domestic-standard,34.1,True
MT300206,FD-027,industrial,2023-06-04,commercial,116.8 kWh,0
MT309593,FD-035,public,2023-11-15,industrial,,1
MT309195,FD-025,public,2019-12-31,domestic-low,163.1,TRUE
MT301301,FD-011,commercial,2026-03-31,domestic-low,139.1 kWh,no
MT301123,FD-006,industrial,2023-11-05,domestic-low,175.6 kWh,FALSE
MT307218,FD-020,residential,2021-05-24,industrial,,TRUE
MT308480,FD-016,residential,2024-01-09,social,116.2 kWh,True
MT303171,FD-037,public,2021-07-01,domestic-low,173.7 kWh,1
MT307269,FD-011,residential,2019-02-08,commercial,197.0 kWh,True
MT310051,FD-016,residential,28/06/2021,domestic-low,9.3 kWh,TRUE
MT304505,FD-017,industrial,2025-04-22,industrial,,yes
MT300963,FD-009,residential,2020-02-27,commercial,154.5 kWh,True
MT307971,FD-012,residential,2019-06-05,commercial,,0
MT305563,FD-017,industrial,2020-02-05,commercial,15.5,no
MT305216,FD-031,residential,2022-04-29,domestic-low,126.8 kWh,FALSE
MT308669,FD-023,residential,2019-07-14,social,,1
MT306672,FD-030,residential,2022-08-15,industrial,119.3,False
MT301889,FD-037,residential,2019-08-01,social,,yes
MT304642,FD-035,industrial,2024-10-28,commercial,89.0,FALSE
MT308689,FD-011,commercial,2023-01-19,social,153.4 kWh,1
MT302549,FD-034,residential,2021-09-02,domestic-low,139.8 kWh,True
MT307897,FD-023,industrial,2020-07-10,commercial,,False
MT306749,FD-025,residential,03/05/2026,commercial,213.3,yes
MT306562,FD-022,residential,2020-03-14,domestic-low,56.4,0
MT300105,FD-027,residential,2025-07-06,domestic-standard,255.1 kWh,True
MT300494,FD-008,public,2026-05-06,domestic-standard,89.6 kWh,yes
MT309594,FD-023,residential,2020-11-06,domestic-low,35.4,True
MT301079,FD-025,residential,2019-10-06,domestic-standard,144.2,0
MT305295,FD-033,residential,2025-03-13,domestic-low,129.0,TRUE
MT306645,FD-007,public,20/08/2021,domestic-standard,,True
MT300619,FD-020,residential,2022-11-04,social,,0
MT309809,FD-001,residential,2023-04-23,domestic-low,161.7 kWh,TRUE
MT305872,FD-002,public,2025-04-19,commercial,,FALSE
MT310425,FD-021,residential,2022-07-03,commercial,,FALSE
MT309803,FD-001,industrial,2023-06-13,commercial,,0
MT307317,FD-001,commercial,2024-12-18,commercial,,yes
MT302647,FD-030,residential,2020-12-14,industrial,84.0,FALSE
MT304996,FD-027,public,2020-08-28,domestic-low,55.2 kWh,0
MT305507,FD-011,residential,2025-05-22,domestic-low,96.0 kWh,0
MT310034,FD-017,residential,04/11/2022,domestic-low,121.4,False
MT303280,FD-018,commercial,2019-05-15,domestic-low,,0
MT307816,FD-015,residential,06/01/2019,domestic-standard,41.7,True
MT303437,FD-022,residential,2021-09-26,domestic-standard,109.8 kWh,True
MT300777,FD-024,public,2020-10-08,domestic-low,35.7 kWh,False
MT310800,FD-018,residential,2020-07-31,industrial,51.7 kWh,1
MT305286,FD-029,public,2026-04-21,domestic-low,123.5 kWh,0
MT306837,FD-029,residential,2023-05-06,domestic-standard,117.1 kWh,no
MT304082,FD-008,residential,2024-09-15,domestic-standard,34.4 kWh,1
MT302832,FD-017,residential,2021-04-30,domestic-standard,87.0 kWh,True
MT308974,FD-033,public,2020-04-24,social,,TRUE
MT301701,FD-021,public,2019-04-08,domestic-standard,,False
MT306266,FD-011,residential,2021-11-19,domestic-standard,161.0 kWh,yes
MT310088,FD-006,commercial,2025-06-11,domestic-low,,FALSE
MT310934,FD-010,commercial,31/01/2020,domestic-low,86.0 kWh,1
MT301413,FD-028,industrial,2024-10-25,domestic-standard,117.4 kWh,no
MT309148,FD-034,residential,10/06/2020,industrial,94.0,0
MT305085,FD-033,residential,2022-03-18,commercial,12.7 kWh,1
MT308305,FD-023,residential,2025-01-03,social,45.9 kWh,1
MT309470,FD-013,residential,2025-10-23,industrial,193.0,False
MT304407,FD-017,industrial,2021-11-15,commercial,152.5 kWh,FALSE
MT302482,FD-019,industrial,2020-01-10,domestic-standard,45.4,yes
MT304287,FD-019,commercial,2024-01-31,domestic-low,144.3 kWh,TRUE
MT304102,FD-007,commercial,2023-07-07,domestic-standard,,1
MT309382,FD-022,residential,2019-01-03,domestic-standard,,1
MT301537,FD-005,industrial,2019-10-07,domestic-low,198.3,1
MT301238,FD-035,residential,2022-09-23,domestic-low,50.7 kWh,0
MT300251,FD-009,residential,2019-04-13,domestic-low,,True
MT300546,FD-030,public,2019-05-07,social,20.5,FALSE
MT304962,FD-021,residential,2025-09-07,domestic-standard,,0
MT301609,FD-016,commercial,2020-11-27,domestic-low,78.5,1
MT300163,FD-001,residential,2022-06-08,domestic-low,50.7,yes
MT307062,FD-005,residential,2020-06-11,social,100.1 kWh,True
MT305997,FD-005,residential,2021-05-08,domestic-low,,1
MT310077,FD-001,commercial,2019-09-03,social,,no
MT300906,FD-024,residential,01/10/2019,industrial,16.1,no
MT303938,FD-015,industrial,2023-07-11,industrial,169.4 kWh,1
MT302853,FD-021,residential,2023-10-04,domestic-standard,131.1 kWh,TRUE
MT309790,FD-004,residential,2019-05-19,domestic-low,,False
MT301450,FD-034,residential,2023-02-05,domestic-low,45.1,False
MT309103,FD-020,commercial,2021-02-19,domestic-low,,TRUE
MT303714,FD-017,industrial,29/06/2025,domestic-standard,,1
MT306444,FD-033,residential,2021-12-17,domestic-low,33.6 kWh,TRUE
MT310564,FD-003,residential,2025-06-27,domestic-standard,,no
MT300577,FD-019,commercial,01/04/2021,domestic-standard,163.1 kWh,yes
MT308672,FD-008,industrial,2019-12-30,domestic-standard,,FALSE
MT310874,FD-032,residential,2024-10-07,domestic-low,93.4 kWh,FALSE
MT306212,FD-018,residential,2023-01-22,domestic-low,53.7,yes
MT305579,FD-008,commercial,2019-12-11,social,,1
MT306750,FD-028,public,2020-07-21,social,49.2,FALSE
MT301436,FD-030,residential,2020-06-13,domestic-standard,36.5 kWh,1
MT309583,FD-035,residential,2024-01-19,domestic-standard,191.8,TRUE
MT304360,FD-035,public,06/09/2024,domestic-low,127.0,1
MT308333,FD-018,residential,07/01/2021,commercial,66.8,TRUE
MT305615,FD-002,residential,2022-01-31,commercial,85.3 kWh,FALSE
MT303378,FD-012,commercial,2024-04-28,domestic-standard,170.0 kWh,False
MT308082,FD-024,residential,2023-08-31,domestic-low,,no
MT305576,FD-020,residential,2026-05-04,domestic-low,145.5 kWh,TRUE
MT300027,FD-033,public,10/05/2023,domestic-low,,False
MT301636,FD-010,public,22/04/2020,domestic-standard,63.5,TRUE
MT302748,FD-024,commercial,2026-04-25,domestic-standard,100.5 kWh,1
MT304869,FD-024,residential,2022-01-29,domestic-standard,9.0,True
MT305363,FD-005,industrial,2025-10-27,domestic-standard,105.0,FALSE
MT309614,FD-017,industrial,2021-03-17,industrial,,False
MT306760,FD-018,commercial,2025-01-12,domestic-standard,101.6,yes
MT305409,FD-017,residential,2020-01-05,domestic-low,97.5 kWh,TRUE
MT304672,FD-001,industrial,2021-08-02,commercial,75.3 kWh,True
MT305397,FD-005,residential,2022-09-20,industrial,38.8 kWh,no
MT304380,FD-035,residential,2022-08-24,social,118.9 kWh,1
MT307054,FD-012,residential,2023-09-08,industrial,174.3 kWh,no
MT306104,FD-013,public,2022-06-05,industrial,,False
MT308969,FD-006,residential,2022-07-09,social,,0
MT304893,FD-034,residential,2025-05-10,domestic-standard,57.6 kWh,yes
MT302086,FD-026,public,2022-07-10,industrial,138.3,yes
MT303491,FD-017,industrial,2024-10-17,social,219.1 kWh,no
MT305586,FD-008,public,2023-01-21,domestic-low,153.7,1
MT303558,FD-001,residential,31/01/2020,commercial,77.2 kWh,yes
MT306195,FD-001,residential,2020-04-18,domestic-low,71.1,0
MT310595,FD-019,commercial,2022-10-10,industrial,147.2,1
MT307607,FD-020,commercial,15/04/2019,domestic-low,50.3 kWh,0
MT308039,FD-015,commercial,25/07/2025,social,124.7,True
MT301746,FD-020,residential,18/06/2021,commercial,,True
MT302170,FD-037,residential,2019-02-17,domestic-low,,yes
MT303482,FD-014,residential,2026-01-03,social,162.5 kWh,0
MT310091,FD-028,residential,08/04/2019,industrial,102.8 kWh,TRUE
MT302366,FD-006,industrial,2020-03-17,domestic-low,35.7 kWh,True
MT308747,FD-025,commercial,2021-04-30,industrial,140.1 kWh,True
MT308785,FD-020,public,2026-04-09,domestic-low,,False
MT301820,FD-027,commercial,2022-03-18,domestic-low,,yes
MT300477,FD-014,residential,2021-07-24,domestic-low,35.6,1
MT302381,FD-003,residential,2025-04-25,domestic-low,136.1 kWh,TRUE
MT304310,FD-017,public,2025-05-13,social,184.8,True
MT301256,FD-004,residential,2023-04-28,domestic-low,108.7 kWh,1
MT306925,FD-031,residential,2020-10-13,domestic-standard,175.4,FALSE
MT309445,FD-032,commercial,2019-04-15,social,318.0,0
MT306188,FD-020,commercial,2019-04-30,domestic-low,295.2 kWh,TRUE
MT303005,FD-026,industrial,12/08/2021,domestic-standard,141.5 kWh,FALSE
MT305200,FD-011,public,2021-04-18,domestic-low,43.7 kWh,TRUE
MT303138,FD-023,residential,2019-10-16,domestic-low,39.3,0
MT302680,FD-002,residential,08/09/2019,domestic-low,77.9 kWh,TRUE
MT301700,FD-012,residential,2021-03-30,domestic-low,92.4 kWh,0
MT302941,FD-004,residential,2022-06-04,industrial,,FALSE
MT309126,FD-026,residential,2026-03-05,industrial,133.8 kWh,0
MT310189,FD-022,residential,2022-10-04,social,165.4 kWh,0
MT308674,FD-004,residential,2020-11-23,domestic-low,99.9 kWh,yes
MT300447,FD-017,public,2023-07-15,social,80.2,0
MT304719,FD-027,residential,2025-12-12,commercial,186.0,False
MT310364,FD-003,commercial,2026-03-15,commercial,109.0,TRUE
MT309193,FD-020,residential,02/04/2024,domestic-standard,,TRUE
MT310712,FD-002,residential,2023-05-13,commercial,,no
MT300872,FD-019,industrial,2020-11-16,domestic-standard,59.2 kWh,no
MT308429,FD-001,residential,2021-06-04,domestic-low,224.3 kWh,no
MT302969,FD-003,industrial,2024-09-29,domestic-standard,,FALSE
MT302093,FD-009,residential,2021-05-17,domestic-standard,,no
MT303597,FD-012,residential,2024-05-06,social,55.4,FALSE
MT301089,FD-036,residential,2019-03-11,industrial,,yes
MT309164,FD-025,residential,2023-03-31,domestic-low,160.3,1
MT310385,FD-006,public,2020-05-01,social,134.2,TRUE
MT301348,FD-013,industrial,2021-06-23,domestic-low,136.0,yes
MT308070,FD-007,public,2019-05-29,industrial,98.4,0
MT303521,FD-017,residential,2024-05-10,domestic-standard,110.9,0
MT310634,FD-008,residential,2020-08-19,commercial,176.0,TRUE
MT309746,FD-034,industrial,2025-06-11,commercial,,True
MT301158,FD-020,residential,2020-03-08,commercial,,TRUE
MT302962,FD-016,commercial,2020-09-12,commercial,,TRUE
MT301088,FD-031,residential,2019-01-12,domestic-low,,yes
MT310349,FD-025,residential,2019-03-10,industrial,,0
MT310795,FD-025,industrial,2022-01-21,commercial,62.1,yes
MT304057,FD-018,commercial,2020-06-28,domestic-low,,False
MT301878,FD-022,residential,2024-06-02,domestic-standard,141.8,False
MT306884,FD-024,residential,2025-09-18,domestic-low,,no
MT301456,FD-012,industrial,2020-04-04,domestic-low,151.7 kWh,0
MT304813,FD-013,residential,2026-02-05,domestic-low,69.1 kWh,1
MT305671,FD-013,commercial,2025-11-27,domestic-low,,yes
MT303800,FD-020,industrial,2026-02-10,domestic-low,39.3,0
MT304753,FD-003,public,2021-08-05,industrial,,False
MT302264,FD-019,residential,2019-05-04,domestic-low,,yes
MT306613,FD-013,residential,07/09/2022,domestic-low,,yes
MT305463,FD-014,residential,2022-05-11,social,142.7 kWh,True
MT310327,FD-005,residential,2025-07-23,domestic-standard,160.7 kWh,1
MT309699,FD-023,public,2026-01-30,social,224.8 kWh,True
MT307853,FD-023,industrial,2026-05-19,social,,TRUE
MT304116,FD-008,industrial,2024-05-03,commercial,109.7,FALSE
MT307354,FD-027,residential,2023-04-08,domestic-standard,,1
MT306373,FD-019,commercial,2019-05-12,social,63.4,FALSE
MT304520,FD-008,commercial,2024-03-23,social,,FALSE
MT301654,FD-034,public,2021-09-26,social,,0
MT304580,FD-025,residential,2022-07-16,industrial,,False
MT302699,FD-020,public,2026-03-13,domestic-low,,False
MT306154,FD-033,commercial,2024-08-02,domestic-standard,,yes
MT305994,FD-023,commercial,2024-07-08,social,,no
MT300640,FD-017,residential,2023-12-28,commercial,169.2 kWh,0
MT306943,FD-018,public,2019-03-06,domestic-low,120.6 kWh,False
MT303719,FD-011,residential,2023-07-22,domestic-low,,FALSE
MT310407,FD-011,public,2020-07-23,social,32.6,1
MT301099,FD-021,residential,2022-05-30,social,,True
MT309742,FD-027,public,14/09/2019,domestic-low,96.7,0
MT307028,FD-024,residential,2024-12-29,social,68.4 kWh,yes
MT305811,FD-026,residential,2024-06-24,domestic-standard,207.1 kWh,yes
MT306935,FD-033,industrial,2022-12-30,domestic-low,,0
MT300475,FD-032,commercial,2020-05-30,commercial,,False
MT306870,FD-009,residential,2025-02-25,commercial,153.1,yes
MT302464,FD-014,residential,2024-09-15,industrial,105.6 kWh,TRUE
MT309419,FD-018,industrial,2020-04-10,social,,yes
MT303816,FD-025,industrial,2026-04-09,domestic-standard,,no
MT306820,FD-022,public,2022-05-06,commercial,109.6 kWh,True
MT305278,FD-020,residential,2021-06-03,commercial,95.8 kWh,yes
MT300406,FD-032,residential,2024-07-12,domestic-standard,36.7 kWh,False
MT301968,FD-029,commercial,2020-05-06,domestic-low,70.2 kWh,no
MT303529,FD-005,industrial,2020-06-14,domestic-low,161.2 kWh,False
MT307674,FD-027,residential,2024-12-26,domestic-standard,143.6 kWh,FALSE
MT304502,FD-021,residential,10/11/2019,domestic-standard,73.6,0
MT310559,FD-006,public,2025-01-06,commercial,,TRUE
MT306067,FD-003,residential,2023-05-06,industrial,,True
MT301739,FD-033,public,2024-02-13,domestic-standard,18.3,True
MT306460,FD-014,commercial,2024-12-04,domestic-low,,TRUE
MT308133,FD-032,commercial,2022-01-06,social,70.5,1
MT300974,FD-020,residential,2026-03-27,social,210.7 kWh,False
MT307490,FD-030,commercial,2019-06-26,domestic-standard,,no
MT305279,FD-005,residential,2019-08-06,domestic-low,,yes
MT303593,FD-037,residential,30/06/2019,industrial,101.1,True
MT310491,FD-029,residential,17/12/2024,social,163.0,FALSE
MT302849,FD-020,industrial,16/11/2022,domestic-low,144.8,yes
MT310796,FD-013,residential,2024-08-17,domestic-standard,229.0,yes
MT307234,FD-027,industrial,2020-11-14,social,39.6,no
MT308462,FD-033,residential,2025-11-17,social,87.0,FALSE
MT306899,FD-035,industrial,2022-03-15,domestic-standard,39.1,False
MT310802,FD-029,industrial,2020-09-19,domestic-low,162.3 kWh,yes
MT308719,FD-025,industrial,2024-07-05,domestic-low,,1
MT308385,FD-010,commercial,2020-08-31,commercial,97.1,False
MT304498,FD-014,residential,2021-09-12,social,,0
MT308197,FD-032,residential,2020-12-01,domestic-standard,153.5 kWh,True
MT309932,FD-036,public,06/01/2020,social,173.4,1
MT303043,FD-007,commercial,2019-04-16,domestic-standard,55.2,True
MT303018,FD-009,industrial,2020-11-03,social,100.5 kWh,0
MT305421,FD-009,industrial,2026-05-23,industrial,146.9,FALSE
MT309575,FD-017,residential,2025-11-13,domestic-low,134.4 kWh,0
MT306139,FD-023,commercial,2023-02-19,domestic-low,108.2,no
MT302353,FD-022,residential,2019-12-12,domestic-standard,124.9 kWh,1
MT300537,FD-002,public,2019-10-28,commercial,152.7,False
MT306670,FD-034,residential,2025-05-09,social,48.7,yes
MT309606,FD-025,residential,2019-05-29,domestic-low,,FALSE
MT301828,FD-015,commercial,2025-03-01,domestic-standard,100.3 kWh,1
MT310744,FD-031,residential,2020-02-07,social,45.4,0
MT302872,FD-021,residential,2025-07-21,social,91.3,no
MT308681,FD-035,residential,11/05/2026,domestic-low,153.8 kWh,FALSE
MT303557,FD-035,residential,2023-08-23,domestic-low,137.6 kWh,1
MT307996,FD-028,residential,2021-01-29,domestic-low,214.3 kWh,1
MT303694,FD-028,commercial,2026-05-21,commercial,60.3 kWh,yes
MT307362,FD-024,residential,2022-12-06,commercial,,yes
MT309163,FD-035,public,2023-05-18,domestic-low,55.5 kWh,False
MT310834,FD-025,residential,2023-02-21,domestic-standard,55.2,False
MT305321,FD-026,residential,2025-02-17,domestic-low,110.3 kWh,1
MT303626,FD-028,commercial,2020-02-17,commercial,,1
MT303698,FD-031,public,2022-08-17,industrial,198.5,no
MT309529,FD-028,public,2019-11-27,social,182.6 kWh,1
MT302330,FD-023,residential,2021-06-07,social,135.1,0
MT309468,FD-008,residential,2021-01-31,social,,True
MT304193,FD-029,residential,2024-07-09,social,91.9 kWh,no
MT304396,FD-028,residential,2024-07-21,commercial,75.8,True
MT302013,FD-009,residential,2024-02-06,industrial,83.5 kWh,yes
MT304046,FD-011,commercial,2023-02-09,industrial,,TRUE
MT307805,FD-034,residential,2019-03-29,industrial,164.9,no
MT300013,FD-014,industrial,2024-03-03,domestic-standard,158.8 kWh,1
MT307189,FD-013,commercial,2023-05-30,domestic-low,86.2 kWh,no
MT301723,FD-025,public,2022-09-07,industrial,11.5 kWh,1
MT308813,FD-034,industrial,2021-06-04,industrial,156.5,no
MT306542,FD-022,public,2023-08-02,domestic-standard,,False
MT306244,FD-027,commercial,2021-07-29,domestic-low,,1
MT309084,FD-023,industrial,2023-06-01,social,34.3,FALSE
MT304009,FD-005,residential,2023-01-08,industrial,46.2 kWh,1
MT300726,FD-019,residential,2019-01-05,social,38.6 kWh,0
MT309751,FD-008,industrial,2020-06-16,domestic-standard,84.3,no
MT301330,FD-016,residential,2019-07-26,domestic-low,,1
MT302173,FD-003,commercial,2025-07-31,domestic-low,20.1,0
MT307875,FD-035,residential,2022-01-09,commercial,159.0 kWh,yes
MT301670,FD-009,residential,2021-01-20,domestic-standard,,0
MT303961,FD-031,residential,2026-03-27,commercial,,1
MT306814,FD-010,residential,2024-04-03,social,,yes
MT303026,FD-019,residential,2025-11-03,domestic-standard,71.5 kWh,TRUE
MT302327,FD-013,residential,2022-09-23,domestic-low,,1
MT306137,FD-006,residential,2023-10-30,domestic-standard,78.5,FALSE
MT300065,FD-028,residential,2023-03-19,domestic-low,188.8,False
MT305448,FD-011,public,2025-05-08,domestic-standard,,True
MT310316,FD-016,commercial,2025-12-30,industrial,86.8,True
MT310264,FD-020,residential,2022-11-29,domestic-low,105.5 kWh,yes
MT306456,FD-033,industrial,2024-06-25,domestic-low,121.1 kWh,yes
MT300051,FD-022,commercial,2022-08-03,domestic-low,53.9,0
MT308820,FD-029,residential,2019-06-15,domestic-low,162.1,no
MT304932,FD-013,commercial,2023-01-02,domestic-standard,24.8 kWh,0
MT306948,FD-033,residential,2025-04-24,social,,0
MT303707,FD-024,residential,2025-05-22,domestic-standard,42.7,TRUE
MT304329,FD-026,public,2023-04-18,commercial,205.1 kWh,yes
MT301126,FD-001,residential,2022-12-10,industrial,177.7 kWh,yes
MT302513,FD-001,commercial,2025-09-25,social,,0
MT310072,FD-013,public,2019-06-27,commercial,174.1,1
MT305716,FD-037,public,2023-12-24,social,37.2,yes
MT304951,FD-030,industrial,2019-03-08,domestic-standard,90.5,FALSE
MT308043,FD-010,commercial,2021-10-13,domestic-low,17.2 kWh,FALSE
MT308138,FD-013,public,2023-04-17,social,10.7,TRUE
MT306918,FD-037,commercial,2021-05-10,domestic-low,171.4,False
MT308665,FD-006,residential,2023-02-26,domestic-low,103.1 kWh,False
MT310561,FD-026,residential,2023-09-13,industrial,141.7 kWh,True
MT303087,FD-008,residential,2021-02-07,commercial,,TRUE
MT309447,FD-030,residential,21/09/2021,domestic-low,90.3 kWh,1
MT306474,FD-025,residential,2023-08-29,domestic-standard,167.5,FALSE
MT301814,FD-012,commercial,2021-11-22,industrial,175.2,False
MT307460,FD-037,residential,2021-06-21,industrial,156.3,no
MT300922,FD-002,residential,2020-01-04,domestic-standard,22.3,1
MT300935,FD-014,public,2021-04-27,domestic-standard,101.6,0
MT305535,FD-023,industrial,2021-02-05,domestic-standard,102.0,1
MT304826,FD-016,residential,2023-09-08,industrial,62.3,0
MT304902,FD-007,residential,2023-01-11,domestic-low,287.1 kWh,0
MT301540,FD-023,residential,2019-11-10,domestic-standard,227.8,False
MT304337,FD-028,residential,2023-03-16,industrial,121.2 kWh,1
MT302267,FD-020,industrial,2022-07-04,commercial,82.4,1
MT310704,FD-027,commercial,2024-01-19,domestic-low,204.3,True
MT305340,FD-028,commercial,18/05/2025,domestic-low,,False
MT301017,FD-017,public,2023-12-06,domestic-low,93.4 kWh,False
MT304004,FD-001,residential,2026-04-29,domestic-standard,61.9 kWh,True
MT308457,FD-035,industrial,2021-07-24,domestic-low,119.7 kWh,TRUE
MT303040,FD-015,residential,2021-09-10,industrial,176.8 kWh,no
MT305095,FD-006,commercial,2025-09-20,social,35.6,True
MT301704,FD-028,residential,2023-12-12,industrial,229.0,FALSE
MT308687,FD-030,industrial,24/05/2022,domestic-low,147.8,no
MT305766,FD-005,commercial,2019-01-18,industrial,82.0,1
MT301293,FD-003,residential,2019-02-19,domestic-standard,58.0 kWh,True
MT306431,FD-008,residential,2026-05-17,domestic-low,,False
MT304497,FD-015,industrial,2021-01-17,domestic-low,,FALSE
MT303137,FD-010,commercial,2022-03-07,industrial,,FALSE
MT303354,FD-014,residential,2020-01-13,domestic-low,8.8,yes
MT306403,FD-012,residential,2022-12-22,domestic-standard,121.9,no
MT300314,FD-013,residential,2026-05-06,commercial,137.4,True
MT302233,FD-011,industrial,2025-04-16,domestic-standard,108.9,True
MT308228,FD-006,residential,2025-11-01,domestic-low,77.1,False
MT308089,FD-027,public,2025-10-02,domestic-low,25.4,1
MT305699,FD-030,industrial,2024-07-26,social,9.7,FALSE
MT306419,FD-018,public,2022-07-26,industrial,152.5,False
MT308914,FD-024,commercial,2022-05-27,domestic-low,212.0,0
MT308968,FD-027,commercial,2022-12-13,domestic-standard,65.9,1
MT309616,FD-026,industrial,2021-09-15,domestic-low,,yes
MT306666,FD-015,residential,2022-01-25,industrial,73.6 kWh,0
MT308863,FD-032,industrial,18/05/2025,domestic-low,83.6 kWh,yes
MT306830,FD-014,residential,2023-07-26,domestic-low,30.5,yes
MT305179,FD-003,public,2022-06-10,domestic-low,59.2 kWh,TRUE
MT301035,FD-002,residential,2024-05-05,industrial,,False
MT307452,FD-034,industrial,2023-10-04,domestic-standard,48.8,FALSE
MT301155,FD-031,residential,2019-10-18,social,141.5 kWh,True
MT302424,FD-001,public,2019-01-10,social,,0
MT305823,FD-037,industrial,2022-03-21,domestic-low,163.2,TRUE
MT307795,FD-021,public,2025-05-19,industrial,69.7 kWh,0
MT301842,FD-025,residential,2020-08-02,domestic-low,140.2 kWh,0
MT303177,FD-035,industrial,04/01/2025,social,,yes
MT303892,FD-008,commercial,2023-06-21,industrial,,1
MT309465,FD-036,commercial,12/03/2025,domestic-standard,84.5,TRUE
MT309617,FD-017,commercial,2019-10-18,domestic-low,,FALSE
MT308786,FD-001,commercial,2024-09-03,domestic-low,21.1,yes
MT302694,FD-006,residential,2020-04-10,commercial,112.5 kWh,False
MT304535,FD-024,residential,2022-08-03,social,165.4,1
MT301766,FD-015,residential,2024-10-20,domestic-standard,78.8,0
MT301945,FD-012,commercial,23/05/2024,domestic-standard,99.7 kWh,FALSE
MT301095,FD-009,residential,2021-12-14,commercial,,False
MT305048,FD-011,public,2023-02-09,industrial,106.7,no
MT308398,FD-020,residential,2023-04-03,domestic-low,161.6 kWh,1
MT309718,FD-007,public,2023-07-28,domestic-standard,,False
MT310458,FD-013,commercial,2022-08-23,domestic-low,,False
MT306550,FD-001,commercial,2025-06-09,social,,FALSE
MT300293,FD-027,industrial,2021-10-22,domestic-low,125.8 kWh,False
MT302888,FD-032,residential,2019-05-01,social,101.6,1
MT304228,FD-009,residential,04/02/2024,social,68.1 kWh,yes
MT302870,FD-023,residential,2023-10-26,social,,FALSE
MT305219,FD-012,residential,2023-09-26,industrial,99.7 kWh,yes
MT307921,FD-009,residential,2024-03-31,social,,FALSE
MT307712,FD-034,industrial,2026-01-19,social,84.2,True
MT303999,FD-028,commercial,2025-10-22,industrial,,TRUE
MT300443,FD-023,commercial,2024-01-26,domestic-low,42.6 kWh,TRUE
MT309169,FD-020,residential,2019-10-24,industrial,106.2,0
MT309021,FD-016,residential,2021-04-23,domestic-low,,no
MT303571,FD-037,residential,2022-01-15,domestic-low,,1
MT306932,FD-029,residential,2023-05-08,domestic-standard,132.1 kWh,FALSE
MT303854,FD-009,residential,2026-05-01,industrial,150.5,yes
MT303689,FD-025,industrial,2019-03-16,domestic-standard,,yes
MT300513,FD-023,residential,2021-12-30,domestic-low,,True
MT307799,FD-036,commercial,2025-01-14,social,82.9 kWh,1
MT309231,FD-002,commercial,2024-09-20,domestic-low,,True
MT307409,FD-031,residential,2025-07-03,social,,FALSE
MT309500,FD-009,residential,2019-05-05,industrial,131.7,1
MT300898,FD-031,commercial,2020-03-26,domestic-standard,27.7,True
MT305925,FD-009,residential,2022-06-22,industrial,194.1,yes
MT303780,FD-021,commercial,2021-05-05,domestic-low,88.3 kWh,FALSE
MT306553,FD-016,commercial,2022-08-08,domestic-standard,,0
MT306028,FD-015,residential,2021-09-08,domestic-standard,128.4,0
MT300128,FD-009,industrial,2025-07-08,commercial,,0
MT300038,FD-022,public,2020-03-31,industrial,72.3 kWh,0
MT308878,FD-001,industrial,2026-01-21,domestic-standard,72.6,0
MT309038,FD-031,commercial,2026-05-16,commercial,,yes
MT305756,FD-024,residential,2024-02-29,domestic-standard,,FALSE
MT307463,FD-036,public,2024-12-24,domestic-low,,True
MT308490,FD-023,residential,2024-08-31,domestic-standard,,False
MT304039,FD-017,industrial,2025-12-31,social,159.8,FALSE
MT301448,FD-016,commercial,2023-01-12,domestic-low,91.7,yes
MT300553,FD-032,residential,2024-12-17,domestic-standard,,yes
MT300676,FD-014,residential,2021-03-25,commercial,,True
MT305004,FD-035,commercial,2023-10-30,social,,1
MT308632,FD-035,residential,02/02/2020,social,23.8 kWh,TRUE
MT305794,FD-031,residential,2020-04-09,commercial,,0
MT302892,FD-016,residential,2020-10-04,commercial,77.3,FALSE
MT302209,FD-018,residential,2019-03-06,domestic-low,,0
MT308833,FD-032,commercial,2021-06-20,domestic-low,162.5 kWh,TRUE
MT309560,FD-028,industrial,2022-10-23,domestic-standard,68.5 kWh,True
MT305383,FD-035,residential,2023-07-21,commercial,,yes
MT306779,FD-004,residential,2020-05-18,social,56.3 kWh,False
MT302260,FD-007,industrial,2024-11-04,domestic-low,229.4 kWh,no
MT306259,FD-009,public,2023-01-02,domestic-standard,,yes
MT310464,FD-017,residential,2023-12-06,industrial,35.0,True
MT305198,FD-006,residential,2024-02-20,social,,TRUE
MT305911,FD-025,industrial,2021-06-16,social,,True
MT304372,FD-015,industrial,2022-09-26,social,90.2 kWh,FALSE
MT304669,FD-015,public,29/06/2021,domestic-low,46.1,TRUE
MT307804,FD-025,residential,2022-01-14,social,153.7,FALSE
MT304709,FD-028,residential,2020-12-24,industrial,,True
MT306942,FD-009,commercial,2024-06-25,commercial,136.8,1
MT308469,FD-035,residential,2019-11-08,domestic-low,24.9 kWh,FALSE
MT310310,FD-009,residential,2024-09-19,industrial,61.4 kWh,FALSE
MT307611,FD-020,industrial,2020-08-14,domestic-standard,44.3,True
MT305068,FD-025,residential,2022-01-19,domestic-low,,0
MT309212,FD-034,commercial,2026-03-01,domestic-low,,TRUE
MT307826,FD-010,commercial,2021-07-27,domestic-low,,0
MT303490,FD-012,commercial,2022-11-17,social,204.3,False
MT304079,FD-009,commercial,2020-12-22,domestic-low,,yes
MT304256,FD-036,industrial,2025-06-18,domestic-standard,130.0,FALSE
MT301260,FD-029,industrial,2023-03-25,commercial,112.5,TRUE
MT303515,FD-014,public,2023-09-30,industrial,122.4 kWh,FALSE
MT309459,FD-033,industrial,2024-04-06,domestic-standard,39.2,FALSE
MT309872,FD-032,residential,14/11/2025,domestic-standard,,yes
MT302280,FD-006,public,20/07/2021,domestic-low,141.9,FALSE
MT304339,FD-034,commercial,2023-02-23,domestic-standard,,FALSE
MT307612,FD-005,commercial,2022-06-30,domestic-low,89.6 kWh,yes
MT304447,FD-023,commercial,2021-01-14,domestic-low,,FALSE
MT310749,FD-031,industrial,2019-03-10,domestic-low,,True
MT303183,FD-012,residential,2023-02-12,domestic-standard,102.2,TRUE
MT305016,FD-019,residential,01/10/2025,social,17.6 kWh,True
MT303576,FD-005,commercial,30/10/2025,domestic-standard,56.7,1
MT301881,FD-023,industrial,2025-01-05,commercial,116.1 kWh,0
MT302085,FD-019,residential,2022-05-17,commercial,16.2 kWh,1
MT305868,FD-008,residential,2025-09-29,domestic-low,46.8 kWh,TRUE
MT301544,FD-029,residential,28/09/2019,social,86.9 kWh,FALSE
MT305799,FD-023,residential,2022-04-27,industrial,30.2 kWh,False
MT306563,FD-012,residential,02/01/2023,industrial,233.7,True
MT304446,FD-001,residential,2025-08-12,domestic-low,87.2 kWh,FALSE
MT310728,FD-017,residential,2022-11-12,domestic-low,89.1,yes
MT307457,FD-016,industrial,2022-02-09,domestic-low,,0
MT303723,FD-012,residential,2024-10-19,domestic-low,143.6,False
MT306888,FD-022,industrial,2019-08-02,domestic-standard,63.3 kWh,no
MT305282,FD-001,industrial,23/04/2022,commercial,87.9 kWh,True
MT310448,FD-021,residential,2020-05-14,industrial,79.1,FALSE
MT304662,FD-005,public,2019-08-29,social,77.7 kWh,0
MT304023,FD-007,residential,2022-11-23,domestic-standard,,1
MT308232,FD-025,commercial,27/04/2020,commercial,,TRUE
MT304070,FD-032,residential,2023-05-01,domestic-low,,TRUE
MT301493,FD-021,public,30/08/2023,social,124.0,no
MT310828,FD-031,industrial,2020-03-25,industrial,,1
MT301426,FD-004,residential,2022-07-08,domestic-low,33.2,True
MT304539,FD-005,residential,13/09/2020,domestic-standard,,1
MT306937,FD-004,residential,2021-03-11,domestic-low,,FALSE
MT306230,FD-012,residential,2020-03-29,industrial,89.0,False
MT301617,FD-024,industrial,2020-04-12,domestic-low,,1
MT308626,FD-021,industrial,17/01/2020,domestic-standard,,1
MT303207,FD-017,residential,2020-07-07,domestic-low,65.1,TRUE
MT300536,FD-023,commercial,2023-07-05,social,,TRUE
MT302618,FD-019,residential,2019-10-13,social,203.7,yes
MT303696,FD-013,residential,2020-03-30,domestic-low,,True
MT300700,FD-003,residential,2023-04-24,domestic-low,178.5 kWh,False
MT309451,FD-023,public,2022-07-08,industrial,125.6,yes
MT310579,FD-002,residential,2021-07-10,domestic-low,195.6,no
MT308775,FD-024,commercial,2025-12-09,commercial,14.6 kWh,1
MT307274,FD-005,public,2023-09-09,industrial,,0
MT302448,FD-026,public,2023-04-21,domestic-low,96.8 kWh,1
MT304124,FD-014,residential,2024-01-08,domestic-low,195.5 kWh,yes
MT310476,FD-035,residential,10/11/2024,industrial,167.8,no
MT305469,FD-013,industrial,2020-05-03,domestic-standard,,FALSE
MT303564,FD-019,residential,11/12/2023,domestic-standard,,FALSE
MT300810,FD-013,commercial,2021-01-22,industrial,,FALSE
MT310105,FD-027,industrial,2024-03-24,domestic-standard,,1
MT305156,FD-003,industrial,2025-07-22,social,83.8 kWh,FALSE
MT300615,FD-013,industrial,2026-03-03,domestic-low,,1
MT304432,FD-031,public,2024-01-12,social,66.4 kWh,no
MT300786,FD-036,commercial,2023-09-01,domestic-standard,,no
MT310808,FD-002,residential,2024-08-15,domestic-low,,1
MT301027,FD-014,industrial,2024-05-21,domestic-low,,no
MT305752,FD-026,residential,2021-10-21,commercial,,0
MT306408,FD-006,residential,2019-02-02,commercial,111.7,yes
MT303339,FD-012,public,2025-09-12,domestic-low,,True
MT300614,FD-014,commercial,2024-08-19,social,,FALSE
MT302019,FD-025,residential,2021-06-12,domestic-standard,14.4 kWh,True
MT308309,FD-006,commercial,2021-02-26,commercial,29.9 kWh,False
MT310904,FD-006,industrial,2022-01-17,domestic-low,,FALSE
MT303889,FD-028,residential,18/08/2024,domestic-low,208.7,True
MT307817,FD-024,commercial,2024-01-16,domestic-low,63.9,True
MT307393,FD-033,residential,2024-08-17,domestic-low,,1
MT301358,FD-037,public,2021-07-20,commercial,,TRUE
MT300741,FD-037,industrial,2025-07-29,domestic-standard,,0
MT308001,FD-016,residential,2024-06-26,domestic-standard,78.9,1
MT303648,FD-007,commercial,2021-09-14,domestic-low,98.4,no
MT300870,FD-017,residential,2023-06-25,domestic-low,19.2,FALSE
MT302824,FD-012,residential,2025-11-29,domestic-low,,TRUE
MT310116,FD-018,residential,2025-10-10,domestic-standard,,0
MT307233,FD-020,industrial,2025-02-25,industrial,184.7,False
MT310473,FD-027,commercial,2021-06-12,domestic-low,,TRUE
MT308361,FD-003,public,2019-09-20,domestic-standard,,1
MT300890,FD-017,residential,2020-07-17,commercial,105.8,no
MT310719,FD-005,residential,2024-01-03,industrial,,0
MT303544,FD-012,public,2021-07-05,domestic-low,26.2 kWh,False
MT307526,FD-016,commercial,2019-06-17,commercial,176.3,yes
MT306819,FD-033,industrial,2022-02-12,domestic-low,62.3 kWh,TRUE
MT305138,FD-026,residential,2025-12-23,domestic-low,,TRUE
MT301477,FD-019,industrial,2022-10-16,domestic-standard,,yes
MT307209,FD-029,residential,2023-09-05,commercial,176.3 kWh,no
MT306132,FD-013,public,2023-07-27,domestic-standard,,TRUE
MT300543,FD-029,industrial,2021-05-22,social,,1
MT307968,FD-018,residential,2023-07-15,domestic-low,,yes
MT302347,FD-033,industrial,2022-09-04,social,,yes
MT309357,FD-024,industrial,2021-09-28,domestic-low,164.5 kWh,no
MT309523,FD-027,commercial,2025-03-08,industrial,239.8,1
MT304982,FD-020,industrial,2021-05-21,domestic-low,59.1,0
MT306136,FD-014,residential,2022-06-03,domestic-low,99.2 kWh,0
MT308505,FD-001,industrial,2023-03-28,commercial,138.3,False
MT308160,FD-023,industrial,2021-05-07,domestic-low,,yes
MT303881,FD-017,public,2021-08-29,domestic-standard,101.5,yes
MT308323,FD-003,residential,2025-07-10,commercial,,yes
MT303295,FD-024,residential,2025-01-01,domestic-low,40.3 kWh,0
MT305243,FD-028,commercial,2025-01-27,domestic-low,87.6,0
MT303082,FD-029,public,2022-01-10,social,123.2,1
MT305591,FD-035,residential,2022-05-17,domestic-low,39.0,no
MT310861,FD-006,residential,2025-01-24,domestic-low,,FALSE
MT304242,FD-016,industrial,2022-09-04,domestic-standard,158.9,True
MT310192,FD-003,industrial,2026-03-16,domestic-low,,FALSE
MT300085,FD-011,residential,2022-04-30,social,169.8 kWh,0
MT309311,FD-004,residential,2021-03-24,domestic-low,,yes
MT301697,FD-034,residential,2019-04-27,domestic-low,75.6,FALSE
MT300063,FD-031,public,2020-12-06,domestic-standard,,FALSE
MT310002,FD-022,public,2023-06-11,social,120.2,0
MT305883,FD-011,residential,2026-04-13,commercial,,False
MT305337,FD-002,residential,2021-01-09,commercial,193.6 kWh,TRUE
MT307877,FD-025,residential,2021-06-05,domestic-standard,146.5,TRUE
MT308008,FD-003,residential,2022-10-21,domestic-low,70.3 kWh,True
MT307585,FD-011,residential,2019-11-27,domestic-low,,0
MT303107,FD-032,residential,2020-10-09,domestic-low,,True
MT306271,FD-010,industrial,2025-03-15,social,110.8,False
MT306593,FD-014,commercial,2023-02-17,domestic-low,,yes
MT307582,FD-017,residential,2023-02-23,social,,yes
MT303767,FD-033,residential,2023-11-08,industrial,106.5,FALSE
MT302253,FD-013,residential,2023-05-09,domestic-low,119.6 kWh,True
MT309930,FD-014,residential,2021-10-01,commercial,,TRUE
MT303297,FD-034,residential,2024-11-27,social,,FALSE
MT310441,FD-005,residential,2019-06-13,domestic-low,125.3 kWh,no
MT310203,FD-034,residential,2022-02-20,industrial,,TRUE
MT309162,FD-005,public,2023-12-01,domestic-low,125.8 kWh,False
MT304956,FD-006,residential,2023-08-19,social,45.4,1
MT309410,FD-002,residential,2019-07-25,social,75.3 kWh,True
MT309260,FD-034,residential,2025-01-15,commercial,79.6 kWh,False
MT302679,FD-023,residential,2022-07-10,social,,TRUE
MT300933,FD-005,residential,2022-09-05,domestic-low,122.6,TRUE
MT306950,FD-026,industrial,2023-06-29,social,,no
MT301051,FD-002,commercial,2025-11-03,domestic-standard,60.8 kWh,TRUE
MT310602,FD-031,residential,2023-09-12,domestic-standard,101.8 kWh,FALSE
MT306545,FD-023,residential,2021-10-19,industrial,153.2,yes
MT306889,FD-011,residential,2022-05-30,domestic-standard,70.5 kWh,False
MT305465,FD-029,residential,2022-09-29,domestic-low,,TRUE
MT310410,FD-037,commercial,2020-06-21,domestic-low,79.7 kWh,TRUE
MT307083,FD-016,residential,2022-04-08,domestic-low,,True
MT306243,FD-001,commercial,2022-09-30,social,81.0 kWh,TRUE
MT307605,FD-035,commercial,2025-06-11,industrial,,yes
MT300818,FD-018,residential,2021-02-09,social,111.3 kWh,TRUE
MT305828,FD-031,industrial,2019-09-14,commercial,228.0,0
MT302217,FD-020,residential,2020-09-06,domestic-standard,222.8,True
MT300747,FD-020,residential,2020-04-10,domestic-low,,no
MT308120,FD-020,industrial,2023-11-18,social,,FALSE
MT310452,FD-008,residential,2022-06-19,industrial,54.2,True
MT304643,FD-027,commercial,30/11/2021,domestic-standard,,1
MT308302,FD-003,industrial,2024-01-29,domestic-low,167.3,no
MT305232,FD-003,commercial,2022-11-23,domestic-low,,False
MT308341,FD-026,residential,2021-11-15,industrial,267.9,yes
MT310291,FD-033,residential,2025-08-18,commercial,,False
MT307448,FD-009,industrial,2022-03-02,domestic-standard,,0
MT307733,FD-029,residential,2022-12-04,domestic-low,97.4,FALSE
MT307467,FD-024,residential,2021-05-17,industrial,99.7,TRUE
MT300031,FD-026,industrial,2020-06-07,commercial,,True
MT309248,FD-014,commercial,2022-12-29,commercial,127.2,TRUE
MT310673,FD-011,public,2023-01-01,domestic-low,,TRUE
MT300500,FD-012,residential,2020-01-10,domestic-low,38.1 kWh,False
MT308716,FD-018,public,2019-10-17,domestic-low,171.1 kWh,FALSE
MT309861,FD-007,residential,2019-08-13,domestic-low,90.5 kWh,1
MT306017,FD-017,public,2026-01-27,domestic-low,75.6 kWh,TRUE
MT301805,FD-001,industrial,2023-02-08,industrial,75.0 kWh,True
MT309656,FD-035,residential,2025-11-05,domestic-low,44.4 kWh,yes
MT300677,FD-026,public,2024-09-05,domestic-low,,yes
MT307361,FD-003,residential,2021-11-08,domestic-standard,148.2,yes
MT308130,FD-029,residential,2020-07-17,industrial,60.8 kWh,0
MT308767,FD-018,residential,2022-07-11,domestic-low,,no
MT305781,FD-013,residential,2019-01-17,commercial,11.2 kWh,no
MT307740,FD-019,residential,2020-10-20,domestic-low,113.8 kWh,no
MT305080,FD-005,residential,12/08/2020,social,,yes
MT300076,FD-033,residential,13/04/2024,domestic-low,,yes
MT301725,FD-030,residential,2024-10-11,domestic-low,35.1,False
MT300318,FD-035,commercial,2026-03-19,commercial,139.0 kWh,TRUE
MT300655,FD-028,industrial,2025-12-07,social,151.1,TRUE
MT309308,FD-037,residential,2023-07-11,domestic-low,164.3,FALSE
MT306128,FD-007,residential,2025-04-11,domestic-low,,TRUE
MT305256,FD-027,industrial,2019-05-04,domestic-low,,0
MT300795,FD-017,residential,2026-05-19,industrial,,0
MT306503,FD-031,residential,2022-12-31,social,206.3,0
MT301616,FD-033,commercial,2021-12-20,social,65.2 kWh,FALSE
MT308954,FD-036,public,2019-09-01,domestic-standard,60.8,True
MT307142,FD-019,residential,2019-01-31,industrial,,True
MT306608,FD-026,residential,2025-10-12,domestic-low,109.5,False
MT305944,FD-016,residential,2022-06-16,domestic-low,49.9 kWh,1
MT307289,FD-010,industrial,2024-04-01,industrial,,False
MT310998,FD-003,residential,2023-03-23,domestic-low,162.1 kWh,0
MT302778,FD-034,residential,2020-02-26,commercial,194.2,1
MT307061,FD-036,commercial,2024-04-08,commercial,189.4 kWh,0
MT310706,FD-025,commercial,2024-11-08,domestic-low,,yes
MT302478,FD-013,residential,2021-04-30,domestic-low,98.6,True
MT301326,FD-021,public,2023-12-30,industrial,,TRUE
MT306723,FD-025,commercial,2025-09-16,domestic-low,121.6,False
MT309502,FD-005,commercial,2026-01-02,industrial,,FALSE
MT308030,FD-030,public,2019-11-12,industrial,101.5 kWh,1
MT303974,FD-002,commercial,2021-05-05,domestic-standard,,False
MT308706,FD-012,residential,2020-02-20,commercial,62.5,1
MT306845,FD-012,residential,21/12/2020,industrial,131.2 kWh,False
MT310100,FD-003,commercial,2021-06-04,domestic-low,,yes
MT310756,FD-005,residential,2021-04-29,domestic-standard,187.9,no
MT301359,FD-017,commercial,2024-09-17,domestic-low,135.9,TRUE
MT305389,FD-012,commercial,2021-04-25,social,249.9,FALSE
MT300050,FD-020,residential,2019-03-15,domestic-standard,132.2,FALSE
MT305606,FD-014,residential,2019-07-04,domestic-low,57.6,TRUE
MT301427,FD-028,industrial,2021-11-22,domestic-standard,67.5,1
MT308372,FD-003,residential,2022-12-18,domestic-standard,155.9,False
MT307015,FD-035,public,2020-10-12,industrial,,yes
MT306656,FD-020,public,2019-06-11,social,226.1 kWh,0
MT301227,FD-001,public,2020-04-27,domestic-low,190.0 kWh,False
MT306585,FD-010,residential,2019-06-05,domestic-low,10.1 kWh,True
MT301816,FD-027,commercial,2026-03-08,domestic-low,96.5,FALSE
MT303636,FD-024,commercial,2026-05-21,domestic-low,132.9 kWh,FALSE
MT303460,FD-024,residential,2023-07-31,domestic-low,241.9,yes
MT300951,FD-006,commercial,2024-02-03,domestic-low,98.0,False
MT308271,FD-017,industrial,2019-04-09,social,57.5,TRUE
MT309892,FD-018,public,2024-10-08,domestic-low,138.3 kWh,False
MT308051,FD-025,residential,2022-10-03,domestic-standard,140.7,TRUE
MT309682,FD-004,public,2020-04-08,domestic-low,68.1,1
MT309143,FD-010,residential,2023-04-03,social,83.1,TRUE
MT300722,FD-016,industrial,2024-11-11,social,,FALSE
MT304021,FD-014,residential,2025-03-16,domestic-low,,False
MT303679,FD-027,residential,2020-08-13,commercial,14.5,yes
MT307521,FD-006,residential,2022-07-06,domestic-standard,43.1,no
MT303702,FD-007,residential,2019-10-30,commercial,180.9 kWh,TRUE
MT303024,FD-009,industrial,2022-11-02,domestic-low,31.0,FALSE
MT301633,FD-026,residential,2019-02-20,domestic-low,11.9 kWh,no
MT307029,FD-030,industrial,2025-05-19,domestic-low,153.2,FALSE
MT304501,FD-024,commercial,2020-10-18,domestic-low,48.0 kWh,1
MT307772,FD-024,public,2024-04-10,domestic-low,57.7 kWh,True
MT310102,FD-012,residential,2020-10-30,domestic-low,25.4,yes
MT303833,FD-014,industrial,2023-12-04,domestic-standard,96.0,1
MT308076,FD-013,residential,2021-12-03,commercial,34.2 kWh,no
MT302737,FD-005,residential,2019-10-13,domestic-low,48.0,1
MT302953,FD-034,industrial,2020-06-07,industrial,,yes
MT300649,FD-021,commercial,2022-11-10,domestic-low,85.7,TRUE
MT305392,FD-029,residential,2021-08-09,industrial,,1
MT305044,FD-017,industrial,2021-08-10,commercial,51.7 kWh,False
MT306052,FD-003,public,2020-04-21,domestic-low,26.5 kWh,TRUE
MT303884,FD-035,commercial,2023-05-05,domestic-low,,TRUE
MT301827,FD-034,residential,2021-07-21,domestic-low,,False
MT310686,FD-020,residential,29/10/2019,commercial,25.4 kWh,False
MT306857,FD-007,residential,2022-12-08,commercial,78.4,yes
MT300209,FD-024,residential,2024-07-19,domestic-standard,67.3,no
MT309398,FD-003,industrial,05/11/2021,domestic-low,,TRUE
MT304176,FD-024,commercial,2020-08-11,industrial,47.5 kWh,True
MT304616,FD-029,industrial,20/09/2025,industrial,72.9 kWh,1
MT305309,FD-034,residential,2022-05-16,social,277.5,False
MT305366,FD-005,public,2024-01-28,commercial,147.2,yes
MT306352,FD-004,residential,2023-03-21,social,,FALSE
MT302667,FD-001,residential,18/01/2019,domestic-low,89.3 kWh,False
MT307116,FD-016,public,22/10/2025,domestic-low,82.8,True
MT304020,FD-031,commercial,2022-08-08,social,107.6 kWh,0
MT310958,FD-011,residential,2022-03-15,industrial,204.9,FALSE
MT304274,FD-035,public,07/04/2025,industrial,123.4,yes
MT305831,FD-026,residential,2025-01-26,domestic-low,,False
MT305478,FD-029,residential,2021-11-23,domestic-low,,no
MT310123,FD-029,industrial,2024-11-20,industrial,39.2 kWh,TRUE
MT310300,FD-031,industrial,09/09/2022,domestic-standard,41.6,FALSE
MT300656,FD-005,residential,2021-02-05,industrial,,False
MT301418,FD-022,residential,2022-01-20,domestic-standard,,0
MT304373,FD-025,residential,2026-03-06,social,103.9 kWh,no
MT300597,FD-033,residential,2019-07-12,industrial,58.2 kWh,0
MT306497,FD-004,residential,2023-03-01,industrial,,0
MT305437,FD-002,residential,2024-10-05,domestic-low,,False
MT308948,FD-014,public,2022-06-19,domestic-low,124.2,no
MT303238,FD-011,residential,2022-01-03,domestic-standard,73.3,TRUE
MT302003,FD-024,industrial,2020-10-06,domestic-low,93.6 kWh,True
MT304887,FD-008,residential,2019-10-15,industrial,158.2 kWh,True
MT301752,FD-015,residential,2023-02-28,commercial,,yes
MT305214,FD-008,residential,2020-01-21,social,162.7,False
MT301145,FD-022,residential,2026-04-21,domestic-low,163.6 kWh,0
MT303312,FD-013,residential,2022-09-13,domestic-low,44.1,1
MT305713,FD-019,public,2020-03-31,domestic-low,41.6,TRUE
MT303485,FD-034,commercial,2023-03-24,domestic-low,14.1 kWh,no
MT310502,FD-026,industrial,2023-03-06,domestic-low,,True
MT309775,FD-008,residential,2026-02-19,domestic-low,96.3,TRUE
MT303206,FD-028,residential,2019-12-31,domestic-low,22.3,FALSE
MT304712,FD-017,commercial,2025-12-26,domestic-low,57.2,False
MT303776,FD-007,public,2025-12-09,social,,yes
MT307223,FD-007,residential,2023-09-24,domestic-standard,157.0 kWh,TRUE
MT304910,FD-032,residential,2026-05-18,social,,TRUE
MT306168,FD-007,residential,2026-01-24,domestic-low,108.4,True
MT308472,FD-022,commercial,14/03/2023,commercial,54.5 kWh,1
MT306840,FD-019,residential,2019-06-09,commercial,,FALSE
MT309712,FD-015,public,2021-12-14,commercial,,False
MT303546,FD-014,public,2025-02-04,social,87.3 kWh,0
MT301680,FD-001,commercial,2025-12-11,domestic-standard,89.8 kWh,1
MT303180,FD-032,commercial,2019-07-27,domestic-low,171.1,no
MT304780,FD-004,residential,2019-03-09,industrial,,1
MT303065,FD-037,residential,2023-07-25,domestic-low,75.7 kWh,True
MT305075,FD-034,residential,2022-02-05,industrial,,True
MT302956,FD-014,residential,2023-12-12,domestic-low,135.1 kWh,0
MT301957,FD-003,residential,2024-09-19,social,,FALSE
MT306678,FD-010,residential,2025-07-07,domestic-standard,117.3 kWh,yes
MT309737,FD-012,residential,2026-03-07,domestic-standard,193.1,False
MT308990,FD-020,industrial,2020-09-30,social,83.8 kWh,False
MT309989,FD-036,residential,18/01/2019,industrial,174.9 kWh,False
MT309233,FD-028,commercial,2022-06-15,domestic-low,189.0,1
MT303221,FD-007,industrial,2019-03-26,commercial,40.0,True
MT305717,FD-002,industrial,2023-11-21,industrial,104.4,True
MT310878,FD-033,industrial,2020-10-27,social,,TRUE
MT300939,FD-022,residential,2023-04-20,commercial,,TRUE
MT310908,FD-035,residential,2024-07-03,domestic-standard,,1
MT302580,FD-008,residential,2026-02-18,industrial,,TRUE
MT306032,FD-015,public,2023-01-01,domestic-low,,yes
MT307451,FD-005,industrial,2024-08-05,domestic-low,87.2,0
MT301755,FD-020,residential,2021-09-23,domestic-standard,48.5,yes
MT307352,FD-028,public,2022-11-21,domestic-low,,no
MT310365,FD-014,residential,2022-01-21,social,125.4 kWh,TRUE
MT304137,FD-003,commercial,2024-02-17,domestic-low,,False
MT306815,FD-013,commercial,2022-08-06,industrial,,no
MT303032,FD-033,industrial,2020-01-29,social,,FALSE
MT305946,FD-022,residential,2019-09-12,commercial,130.6,TRUE
MT310303,FD-032,residential,2023-06-28,social,74.5 kWh,yes
MT310218,FD-008,residential,2025-11-04,domestic-standard,,no
MT302014,FD-015,commercial,2021-12-20,social,34.9 kWh,FALSE
MT302427,FD-010,residential,2023-02-01,domestic-low,29.4 kWh,FALSE
MT310928,FD-023,residential,2025-03-19,commercial,128.7,1
MT303151,FD-001,public,2023-12-25,domestic-low,,TRUE
MT310059,FD-001,residential,05/12/2019,domestic-low,81.7,True
MT308692,FD-010,residential,2023-08-17,commercial,167.3,1
MT308571,FD-007,residential,2025-04-19,industrial,95.5 kWh,FALSE
MT301364,FD-032,commercial,2026-01-14,commercial,,1
MT303969,FD-032,residential,2019-12-06,commercial,,TRUE
MT303512,FD-032,public,2024-05-09,domestic-standard,,TRUE
MT303611,FD-030,public,2023-09-14,domestic-low,,no
MT306969,FD-016,residential,2020-04-26,commercial,200.0,False
MT302496,FD-034,industrial,2020-05-29,commercial,,yes
MT308575,FD-037,residential,2025-02-02,domestic-standard,73.1,yes
MT310400,FD-020,residential,2023-12-30,domestic-standard,,1
MT306838,FD-015,residential,2019-06-28,domestic-low,78.0,0
MT302786,FD-031,residential,2024-06-16,domestic-low,44.1 kWh,FALSE
MT307680,FD-018,residential,2020-06-20,domestic-low,11.6 kWh,no
MT309080,FD-029,residential,2023-02-06,commercial,217.5 kWh,0
MT305769,FD-014,residential,2019-08-28,industrial,,True
MT309914,FD-033,residential,2021-11-02,industrial,192.8,TRUE
MT304350,FD-011,commercial,2025-07-25,domestic-standard,74.0,yes
MT300098,FD-028,residential,2024-05-18,domestic-low,,True
MT301116,FD-001,public,2025-06-06,domestic-low,33.3 kWh,TRUE
MT307537,FD-037,public,2022-08-24,commercial,11.1,yes
MT303341,FD-018,residential,2023-11-25,social,97.0,0
MT307073,FD-001,commercial,2021-03-01,industrial,,True
MT305228,FD-017,residential,2019-06-26,commercial,108.8,TRUE
MT309910,FD-001,public,20/11/2023,industrial,36.5,1
MT301247,FD-036,public,2022-04-10,social,,1
MT302998,FD-024,residential,2019-09-15,domestic-low,,1
MT310062,FD-037,commercial,2025-12-20,industrial,,no
MT306201,FD-031,industrial,2023-08-06,domestic-low,13.5 kWh,yes
MT300779,FD-029,industrial,27/05/2022,social,143.1,False
MT302156,FD-034,industrial,2024-03-12,domestic-standard,,True
MT303320,FD-014,residential,2021-04-06,commercial,96.8,TRUE
MT310511,FD-012,residential,2022-02-16,domestic-low,187.6 kWh,1
MT306140,FD-020,public,2022-08-15,domestic-low,197.2 kWh,TRUE
MT305427,FD-002,commercial,2023-09-15,industrial,,no
MT303708,FD-029,residential,2023-07-14,domestic-low,113.3,True
MT310335,FD-019,commercial,2025-12-17,domestic-standard,10.4 kWh,0
MT310501,FD-034,residential,2025-08-14,social,31.3,0
MT301398,FD-034,public,2025-08-23,social,84.3,no
MT302711,FD-011,residential,2022-12-24,industrial,140.2 kWh,yes
MT306316,FD-023,residential,2026-02-22,domestic-standard,116.5 kWh,yes
MT310118,FD-001,residential,2024-07-10,industrial,,False
MT301379,FD-025,residential,2023-11-27,social,,0
MT307072,FD-001,public,2026-02-25,domestic-low,158.6,no
MT304495,FD-008,residential,2024-09-04,commercial,,yes
MT305091,FD-028,industrial,31/08/2019,industrial,,yes
MT310966,FD-032,industrial,2021-02-05,social,65.8,FALSE
MT304181,FD-007,residential,2021-09-02,domestic-low,,True
MT300492,FD-006,public,2019-01-27,domestic-standard,,TRUE
MT305875,FD-035,residential,2025-10-09,domestic-low,107.7,TRUE
MT309327,FD-003,commercial,2022-01-01,domestic-low,132.0 kWh,1
MT304097,FD-007,commercial,2023-08-31,domestic-standard,,0
MT300757,FD-018,industrial,2022-11-21,commercial,112.7,no
MT304865,FD-003,industrial,2025-08-25,domestic-low,8.0 kWh,TRUE
MT306348,FD-003,residential,2025-09-23,domestic-standard,144.8,True
MT301659,FD-029,industrial,2022-03-20,domestic-low,67.9 kWh,True
MT309524,FD-024,commercial,2024-05-04,social,41.5 kWh,FALSE
MT307323,FD-005,residential,2021-08-12,commercial,,TRUE
MT305311,FD-019,industrial,2026-02-23,domestic-low,29.7 kWh,TRUE
MT310362,FD-012,commercial,2025-10-29,industrial,54.7,1
MT304819,FD-012,public,2020-02-28,industrial,14.3,no
MT306012,FD-010,industrial,2023-04-04,social,193.4,True
MT309893,FD-025,public,2025-04-03,industrial,112.5 kWh,TRUE
MT303009,FD-013,public,2019-05-25,commercial,170.2,yes
MT306896,FD-035,public,2022-12-29,domestic-low,177.5,FALSE
MT306044,FD-014,residential,2025-04-09,domestic-low,233.8,True
MT300340,FD-004,residential,2024-05-29,industrial,100.3,TRUE
MT302672,FD-004,commercial,2019-04-13,domestic-standard,65.7 kWh,FALSE
MT301655,FD-001,public,2023-03-25,social,160.3 kWh,no
MT303266,FD-034,industrial,2023-12-26,domestic-low,124.4,0
MT302624,FD-030,residential,2019-09-03,social,124.4 kWh,yes
MT309858,FD-031,industrial,2024-10-07,domestic-standard,87.2 kWh,1
MT303988,FD-001,residential,14/05/2026,domestic-standard,103.4,TRUE
MT305076,FD-037,residential,2025-11-11,domestic-low,134.1 kWh,False
MT308221,FD-016,industrial,2019-08-29,domestic-standard,,1
MT306380,FD-031,residential,2022-09-26,domestic-low,165.3 kWh,yes
MT310999,FD-004,commercial,21/12/2020,social,123.5,0
MT306210,FD-014,residential,2026-01-27,industrial,,False
MT304716,FD-025,public,2023-10-25,domestic-low,14.7 kWh,FALSE
MT303856,FD-036,public,25/03/2020,industrial,,True
MT309904,FD-025,residential,2019-06-04,domestic-low,144.0,False
MT303905,FD-001,industrial,2025-10-30,domestic-low,,0
MT307136,FD-029,residential,17/10/2021,commercial,113.4 kWh,TRUE
MT306746,FD-029,industrial,2024-12-07,domestic-low,41.3,TRUE
MT303449,FD-019,residential,2025-01-11,domestic-low,137.0 kWh,True
MT306320,FD-022,residential,2021-04-25,domestic-standard,,FALSE
MT310733,FD-020,public,2020-07-10,domestic-low,247.4,yes
MT308896,FD-018,residential,2021-04-13,domestic-low,218.1,TRUE
MT301927,FD-004,residential,2023-10-31,industrial,,0
MT310233,FD-012,residential,2020-03-21,social,162.0,yes
MT309925,FD-018,public,2020-09-14,domestic-low,,0
MT308824,FD-003,commercial,2024-11-21,commercial,,False
MT309204,FD-011,commercial,2024-08-16,domestic-low,220.8,no
MT302707,FD-036,residential,2024-01-12,commercial,65.6,yes
MT305625,FD-021,residential,2022-06-10,domestic-standard,,True
MT306328,FD-035,residential,2019-09-26,domestic-standard,33.2,TRUE
MT300930,FD-012,residential,25/10/2023,domestic-standard,88.4 kWh,1
MT302268,FD-035,public,2020-12-23,domestic-standard,,no
MT300308,FD-033,residential,2020-08-28,domestic-standard,117.9 kWh,TRUE
MT303653,FD-034,residential,2026-01-25,social,60.5,1
MT307713,FD-030,residential,2019-09-09,commercial,,1
MT302492,FD-020,residential,2023-11-14,industrial,,True
MT302368,FD-026,residential,2023-11-14,social,24.3 kWh,True
MT308097,FD-016,residential,2023-02-01,commercial,38.8,no
MT309704,FD-019,residential,2023-09-25,domestic-standard,205.5,yes
MT303495,FD-007,residential,2025-07-17,domestic-low,72.0 kWh,TRUE
MT308036,FD-004,residential,2021-04-19,industrial,196.4,TRUE
MT308603,FD-037,residential,2023-11-21,social,,no
MT302814,FD-030,commercial,2020-04-26,domestic-low,108.4 kWh,TRUE
MT305850,FD-033,residential,2020-09-13,social,187.1,FALSE
MT305444,FD-014,public,2023-07-05,domestic-low,115.3 kWh,False
MT305588,FD-036,residential,2019-06-03,domestic-standard,,FALSE
MT303208,FD-033,public,2023-10-21,domestic-standard,102.6 kWh,True
MT309569,FD-025,public,23/07/2020,domestic-standard,187.1 kWh,False
MT308267,FD-037,commercial,2025-08-20,domestic-low,46.4,FALSE
MT310253,FD-030,residential,2023-12-27,domestic-low,70.5,0
MT305007,FD-010,industrial,2020-01-21,social,144.6,1
MT307998,FD-014,public,2020-03-18,social,205.3,0
MT304471,FD-012,commercial,2022-01-23,social,11.3 kWh,yes
MT306715,FD-035,residential,2023-03-09,domestic-low,224.3,FALSE
MT307340,FD-020,residential,2020-08-16,domestic-standard,,FALSE
MT302947,FD-019,commercial,20/09/2024,domestic-standard,,FALSE
MT304797,FD-014,commercial,2022-12-12,social,132.6 kWh,False
MT305084,FD-025,public,2025-10-19,commercial,75.8,TRUE
MT307266,FD-022,commercial,2023-07-10,social,77.2,FALSE
MT303669,FD-007,public,2019-03-06,social,,TRUE
MT309992,FD-005,commercial,15/04/2022,domestic-low,253.1 kWh,yes
MT300020,FD-030,industrial,2019-09-19,domestic-standard,,0
MT302277,FD-021,residential,2023-05-05,industrial,25.9,False
MT307374,FD-002,industrial,2020-10-10,commercial,,yes
MT301511,FD-003,public,2024-04-26,domestic-standard,121.3 kWh,yes
MT307661,FD-006,residential,2021-01-25,commercial,28.8 kWh,1
MT302195,FD-035,residential,2023-06-13,commercial,214.3,FALSE
MT306993,FD-021,residential,2024-09-13,domestic-low,33.7 kWh,no
MT302829,FD-017,residential,2020-09-01,domestic-low,136.8,0
MT306241,FD-001,commercial,2021-12-02,domestic-standard,,no
MT310670,FD-037,residential,2026-04-23,social,16.3 kWh,TRUE
MT300618,FD-004,residential,2021-01-05,commercial,158.5,TRUE
MT304675,FD-006,commercial,2024-03-07,social,,True
MT306675,FD-029,residential,2019-04-30,domestic-low,,TRUE
MT302111,FD-036,residential,2023-08-21,social,,yes
MT302106,FD-011,public,2019-07-04,domestic-standard,53.6 kWh,False
MT306496,FD-009,public,2022-05-12,domestic-standard,28.1,1
MT308506,FD-029,residential,2024-02-10,social,,1
MT301522,FD-033,residential,2023-05-24,domestic-standard,14.0,True
MT308004,FD-020,industrial,2023-06-23,commercial,,yes
MT305136,FD-015,residential,24/02/2020,domestic-standard,48.6 kWh,no
MT310911,FD-014,industrial,2021-10-26,domestic-low,105.1,True
MT300001,FD-016,commercial,2022-05-23,commercial,126.0,yes
MT306293,FD-012,residential,2026-04-19,domestic-standard,68.1 kWh,TRUE
MT306376,FD-013,residential,2023-01-09,domestic-standard,79.0 kWh,FALSE
MT301467,FD-015,residential,2020-11-08,industrial,58.9,TRUE
MT304128,FD-009,residential,2019-07-14,domestic-low,,1
MT300441,FD-031,residential,2019-02-19,domestic-standard,60.6 kWh,FALSE
MT302216,FD-009,residential,2019-08-31,domestic-standard,65.8,no
MT310960,FD-008,industrial,2021-08-18,social,128.8 kWh,True
MT306217,FD-022,residential,2025-04-16,domestic-low,,True
MT305740,FD-034,public,2024-07-04,domestic-low,108.4 kWh,0
MT309800,FD-034,commercial,2019-09-18,industrial,61.2,0
MT308776,FD-029,commercial,2022-01-23,domestic-low,48.1,False
MT302656,FD-033,residential,2019-05-31,commercial,161.0,no
MT308688,FD-001,industrial,2021-03-29,commercial,106.7 kWh,FALSE
MT308520,FD-018,residential,2025-07-16,industrial,138.7,1
MT300416,FD-022,residential,2026-01-03,domestic-low,,yes
MT306983,FD-013,commercial,2023-09-28,domestic-low,203.3,True
MT308198,FD-017,residential,2022-03-17,domestic-standard,,0
MT305904,FD-023,public,2019-09-09,domestic-low,189.7 kWh,False
MT307205,FD-018,commercial,2022-09-23,domestic-low,53.5,True
MT303686,FD-017,industrial,2023-02-28,industrial,,0
MT302032,FD-029,residential,2022-05-09,domestic-low,102.5,FALSE
MT307483,FD-006,public,2022-08-19,domestic-low,,1
MT307780,FD-014,residential,2025-03-19,social,,yes
MT302394,FD-018,industrial,2022-09-24,social,12.8,1
MT306609,FD-018,public,2023-01-24,industrial,,False
MT309123,FD-004,residential,2025-03-22,domestic-low,,1
MT306718,FD-014,residential,2026-03-31,commercial,,0
MT310250,FD-015,commercial,2022-12-09,commercial,,TRUE
MT308844,FD-036,residential,2022-06-17,domestic-low,195.4,False
MT302719,FD-025,residential,2022-09-07,domestic-low,75.7,no
MT304827,FD-014,commercial,2026-02-01,commercial,109.7 kWh,True
MT301435,FD-016,public,2023-08-20,social,146.8,False
MT302813,FD-026,public,2025-01-21,domestic-low,138.4 kWh,FALSE
MT303729,FD-031,residential,2023-06-07,domestic-low,131.0,False
MT300708,FD-023,residential,2022-11-03,domestic-standard,78.2,True
MT304081,FD-015,residential,2023-11-16,domestic-low,188.2,yes
MT309954,FD-030,residential,2021-06-29,domestic-low,39.8 kWh,False
MT306040,FD-014,residential,2019-03-29,social,68.3,False
MT301783,FD-006,residential,2020-01-03,commercial,69.1,TRUE
MT304556,FD-010,residential,2020-09-12,domestic-low,49.9,False
MT303083,FD-037,public,2020-01-11,domestic-low,177.7 kWh,yes
MT304570,FD-017,commercial,2021-10-06,social,,no
MT308142,FD-011,residential,2023-04-13,industrial,29.0,1
MT302210,FD-035,residential,2023-11-11,industrial,,0
MT310396,FD-021,industrial,2023-05-11,domestic-low,159.2 kWh,no
MT310813,FD-014,public,05/03/2024,domestic-standard,61.8,False
MT301101,FD-025,commercial,2024-03-24,industrial,,no
MT304270,FD-020,residential,2024-03-27,domestic-low,109.1 kWh,yes
MT305834,FD-010,commercial,2025-01-12,industrial,97.0 kWh,1
MT308071,FD-032,public,2025-08-05,domestic-low,138.0,False
MT300800,FD-006,residential,2023-12-06,domestic-standard,61.3,True
MT300129,FD-035,residential,2020-10-01,domestic-low,,1
MT304113,FD-010,residential,2023-05-03,commercial,136.1 kWh,True
MT310334,FD-033,commercial,2021-12-15,domestic-standard,,no
MT310583,FD-025,industrial,2022-10-01,industrial,123.9 kWh,yes
MT305754,FD-027,residential,2019-02-21,industrial,50.7 kWh,yes
MT301687,FD-037,residential,2023-04-11,commercial,180.0,FALSE
MT302635,FD-025,residential,2025-07-09,domestic-low,193.4 kWh,no
MT300262,FD-031,residential,2022-05-05,commercial,259.6,TRUE
MT310165,FD-027,residential,2025-10-12,industrial,148.9,1
MT303363,FD-020,residential,2024-03-09,commercial,101.9 kWh,1
MT301596,FD-015,residential,2020-11-11,commercial,,yes
MT305985,FD-008,residential,2020-03-22,domestic-standard,259.9,False
MT305706,FD-008,commercial,2022-12-02,domestic-low,42.9 kWh,1
MT303375,FD-007,residential,2026-02-16,commercial,13.2 kWh,yes
MT300114,FD-013,commercial,2023-12-01,industrial,,1
MT310693,FD-002,residential,2021-02-14,social,83.5,FALSE
MT300966,FD-002,industrial,2020-04-27,domestic-low,61.3 kWh,TRUE
MT308203,FD-013,residential,2019-07-18,domestic-standard,75.6,TRUE
MT303591,FD-029,commercial,2023-11-27,domestic-low,217.9,FALSE
MT307270,FD-031,residential,2024-01-18,domestic-standard,81.6,0
MT304967,FD-010,industrial,2021-01-02,commercial,129.7 kWh,True
MT300246,FD-013,residential,2026-02-09,industrial,,yes
MT304952,FD-003,residential,2020-02-07,domestic-standard,,False
MT307363,FD-010,residential,2022-02-03,social,122.6,1
MT302120,FD-026,industrial,2025-11-10,domestic-standard,127.7 kWh,no
MT309040,FD-035,residential,2025-04-06,domestic-low,102.8 kWh,False
MT309234,FD-025,residential,19/04/2026,commercial,140.5 kWh,1
MT308228,FD-006,residential,2025-11-01,domestic-low,77.1,False
MT300594,FD-019,residential,2020-02-02,domestic-low,,TRUE
MT306581,FD-006,commercial,13/08/2019,industrial,85.8,FALSE
MT309957,FD-024,public,2025-09-01,social,,True
MT306985,FD-013,residential,2022-01-10,social,32.3,FALSE
MT309645,FD-011,commercial,2021-06-03,social,,TRUE
MT304704,FD-007,residential,2025-02-26,domestic-low,107.7 kWh,TRUE
MT308368,FD-035,commercial,2020-09-06,domestic-low,75.4,0
MT303508,FD-031,public,2025-01-10,domestic-low,132.4,1
MT305735,FD-010,residential,2025-08-16,domestic-low,90.2 kWh,TRUE
MT300957,FD-027,industrial,2024-01-14,social,,1
MT302240,FD-002,commercial,2023-02-20,industrial,,FALSE
MT309876,FD-010,public,2019-05-18,domestic-standard,,yes
MT309788,FD-022,residential,2024-06-11,domestic-low,,FALSE
MT302272,FD-011,residential,2021-01-10,domestic-standard,138.9,FALSE
MT300965,FD-026,industrial,2024-09-03,social,185.2,True
MT305443,FD-037,industrial,2020-12-18,commercial,53.7 kWh,True
MT301267,FD-027,public,2019-04-08,domestic-low,,1
MT304568,FD-023,commercial,2021-03-24,domestic-standard,199.0,0
MT304286,FD-007,industrial,2019-12-31,social,56.9 kWh,0
MT307140,FD-008,industrial,2019-06-26,social,146.3 kWh,1
MT301443,FD-024,residential,2023-01-26,domestic-low,123.1,False
MT309022,FD-020,residential,2023-03-31,commercial,132.6 kWh,no
MT301745,FD-036,commercial,2019-02-08,industrial,117.1 kWh,TRUE
MT307708,FD-024,public,2026-04-18,domestic-low,157.4 kWh,1
MT306941,FD-037,public,2025-09-13,industrial,177.8 kWh,TRUE
MT302712,FD-014,commercial,2023-07-29,commercial,,FALSE
MT302401,FD-020,residential,2019-09-20,social,,FALSE
MT306015,FD-029,commercial,2022-02-14,domestic-standard,,FALSE
MT307694,FD-036,residential,2023-05-16,social,153.5 kWh,TRUE
MT300846,FD-006,industrial,2021-06-01,commercial,,FALSE
MT302334,FD-022,residential,2023-05-19,domestic-standard,,yes
MT309323,FD-032,residential,2024-03-18,commercial,78.4,0
MT309429,FD-011,residential,2022-04-19,social,,1
MT305833,FD-001,industrial,2020-04-13,domestic-standard,81.4,TRUE
MT304566,FD-004,residential,2019-08-06,commercial,12.7,True
MT303370,FD-037,residential,2020-11-03,commercial,240.6 kWh,no
MT307238,FD-005,commercial,2024-01-01,industrial,109.6 kWh,0
MT304828,FD-036,industrial,2019-10-06,social,70.0 kWh,TRUE
MT309991,FD-030,residential,2024-11-21,social,,yes
MT308894,FD-002,residential,2024-04-20,commercial,113.7 kWh,no
MT303499,FD-035,public,2026-01-08,domestic-low,97.3 kWh,1
MT305231,FD-002,residential,05/01/2019,domestic-low,62.9 kWh,0
MT307901,FD-029,industrial,2019-10-27,domestic-low,76.5 kWh,FALSE
MT301182,FD-026,residential,2019-08-13,domestic-low,85.2 kWh,False
MT307428,FD-001,public,25/06/2024,commercial,,TRUE
MT303176,FD-014,commercial,2023-10-22,domestic-low,,yes
MT305724,FD-003,residential,2019-01-26,domestic-low,168.4 kWh,0
MT304624,FD-012,commercial,18/11/2021,industrial,,1
MT305984,FD-029,commercial,2022-08-24,domestic-standard,88.5 kWh,yes
MT309520,FD-012,public,2019-09-05,commercial,147.6 kWh,TRUE
MT304462,FD-012,residential,29/10/2022,social,,1
MT304198,FD-013,residential,2025-06-06,industrial,13.8,1
MT306758,FD-035,residential,2019-03-13,domestic-low,94.3,1
MT310780,FD-009,commercial,2023-09-21,social,118.7,1
MT309130,FD-004,residential,2022-09-20,industrial,129.2 kWh,TRUE
MT308521,FD-018,public,2019-03-16,industrial,70.9 kWh,1
MT303081,FD-036,industrial,2026-03-29,domestic-low,103.9,True
MT309013,FD-001,residential,2025-07-26,social,,False
MT305635,FD-002,residential,2022-03-26,industrial,117.7 kWh,no
MT309805,FD-003,residential,19/12/2022,domestic-low,,no
MT308989,FD-013,residential,2022-09-01,domestic-low,134.1 kWh,1
MT304770,FD-027,residential,2025-05-19,domestic-low,,yes
MT310074,FD-017,residential,2026-03-15,industrial,118.9 kWh,False
MT303162,FD-022,residential,05/12/2019,domestic-low,63.7 kWh,no
MT308255,FD-020,residential,29/10/2025,domestic-low,151.2 kWh,TRUE
MT310547,FD-003,residential,2021-03-21,commercial,132.3 kWh,1
MT301345,FD-020,commercial,2026-02-02,domestic-low,58.0,FALSE
MT309132,FD-004,residential,2025-11-06,domestic-low,108.0,yes
MT310545,FD-028,residential,2024-04-26,social,116.8,0
MT300861,FD-036,industrial,2023-01-09,industrial,60.0,0
MT310942,FD-022,residential,2025-03-11,domestic-low,160.7 kWh,1
MT305292,FD-032,residential,2024-09-10,industrial,98.0 kWh,False
MT301560,FD-018,commercial,2024-02-28,domestic-standard,,yes
MT308631,FD-013,public,2026-01-06,domestic-standard,,True
MT305828,FD-031,industrial,2019-09-14,industrial,228.0,0
MT306270,FD-011,residential,2023-03-08,commercial,215.0,False
MT301903,FD-017,industrial,2019-12-05,commercial,,TRUE
MT302658,FD-015,residential,2020-02-18,domestic-low,,True
MT303522,FD-002,residential,2026-04-04,commercial,,yes
MT303311,FD-032,residential,2024-06-28,domestic-standard,,TRUE
MT305488,FD-016,commercial,2022-12-25,industrial,93.6,yes
MT303257,FD-020,residential,2020-07-26,industrial,35.9 kWh,False
MT300312,FD-033,public,2025-09-11,commercial,59.0,False
MT308979,FD-029,residential,2020-10-05,commercial,147.4 kWh,yes
MT310403,FD-007,commercial,2020-12-10,domestic-standard,,0
MT307356,FD-017,commercial,2025-05-09,domestic-standard,92.3,0
MT301476,FD-033,residential,2021-08-04,commercial,,FALSE
MT308233,FD-001,residential,15/08/2021,domestic-standard,133.6,no
MT307719,FD-017,residential,2021-01-01,domestic-standard,17.7,0
MT303912,FD-002,residential,2022-04-30,industrial,,no
MT307273,FD-007,residential,2025-01-20,commercial,224.5,False
MT306117,FD-030,industrial,2022-01-05,commercial,157.5,yes
MT301402,FD-009,commercial,2023-10-12,domestic-standard,95.2 kWh,0
MT304458,FD-018,public,26/03/2022,domestic-standard,27.0 kWh,0
MT307759,FD-019,residential,2019-09-19,industrial,98.3,FALSE
MT305714,FD-002,residential,2026-01-29,domestic-low,18.8,yes
MT301991,FD-001,residential,30/12/2020,domestic-low,,True
MT309387,FD-037,residential,2020-02-22,commercial,33.5,no
MT306041,FD-024,commercial,2024-02-10,commercial,107.8 kWh,yes
MT302483,FD-028,residential,2020-05-09,social,52.7,no
MT302415,FD-001,industrial,2025-09-29,social,66.2 kWh,False
MT300295,FD-019,residential,2023-06-30,social,,0
MT301774,FD-028,residential,15/07/2022,domestic-standard,,1
MT303244,FD-029,public,2023-09-15,domestic-standard,,no
MT310527,FD-029,industrial,2024-08-03,commercial,,True
MT302633,FD-022,residential,2019-05-02,industrial,,FALSE
MT308111,FD-031,commercial,2022-07-19,domestic-low,194.4 kWh,0
MT307556,FD-029,residential,2026-03-04,industrial,114.2,no
MT306073,FD-033,residential,2025-07-16,domestic-standard,143.3 kWh,1
MT300519,FD-001,public,2019-03-18,social,,FALSE
MT304678,FD-026,public,2024-10-07,industrial,195.6,yes
MT310892,FD-035,residential,2026-04-09,industrial,68.1 kWh,FALSE
MT305440,FD-017,residential,2020-05-04,domestic-standard,27.3,1
MT307039,FD-013,residential,2019-11-30,social,,False
MT302461,FD-036,industrial,2020-02-08,social,,False
MT306547,FD-029,industrial,2024-01-06,commercial,,TRUE
MT301944,FD-005,residential,2025-07-27,industrial,9.0,False
MT301516,FD-019,industrial,2020-12-30,domestic-low,83.8 kWh,0
MT301303,FD-028,public,2025-06-04,domestic-low,51.6 kWh,TRUE
MT301169,FD-018,residential,2023-12-17,social,173.1,FALSE
MT302061,FD-023,industrial,2021-01-15,domestic-low,39.4,TRUE
MT310121,FD-035,commercial,18/11/2020,domestic-low,56.4,FALSE
MT304656,FD-029,commercial,2023-09-18,commercial,,no
MT301091,FD-025,residential,2024-07-13,domestic-standard,126.2 kWh,0
MT309573,FD-009,residential,2019-05-25,domestic-low,,yes
MT303242,FD-009,residential,2020-02-06,domestic-standard,105.6,0
MT302202,FD-029,residential,2024-06-06,social,,False
MT308627,FD-015,residential,2024-06-12,domestic-standard,,FALSE
MT309019,FD-006,industrial,02/01/2025,domestic-standard,268.7 kWh,True
MT308599,FD-035,residential,2024-12-05,social,,1
MT304367,FD-022,commercial,2024-02-27,domestic-low,150.3 kWh,False
MT308087,FD-033,commercial,2024-10-01,commercial,50.5 kWh,yes
MT303273,FD-032,residential,19/09/2022,domestic-low,,0
MT303693,FD-002,commercial,01/03/2025,domestic-low,149.0,False
MT307542,FD-022,industrial,2022-02-21,domestic-low,35.1 kWh,yes
MT305217,FD-031,residential,2019-03-01,domestic-low,169.6,False
MT306337,FD-007,commercial,2021-03-12,domestic-low,,True
MT300160,FD-007,residential,15/11/2023,commercial,,yes
MT300300,FD-028,residential,2022-08-11,domestic-low,141.8,yes
MT310504,FD-030,commercial,2021-10-05,commercial,27.7 kWh,True
MT310672,FD-007,public,2020-09-10,commercial,113.2 kWh,no
MT310142,FD-011,public,01/05/2024,domestic-low,,TRUE
MT306479,FD-027,commercial,2021-07-26,industrial,94.9,no
MT301406,FD-003,industrial,2021-08-12,domestic-standard,73.5 kWh,True
MT304846,FD-022,commercial,2021-10-25,domestic-low,59.1,False
MT302991,FD-015,public,2024-01-11,industrial,46.7 kWh,1
MT308084,FD-001,residential,2023-02-04,domestic-low,46.0 kWh,1
MT301007,FD-016,industrial,2024-12-26,domestic-low,175.3 kWh,0
MT302978,FD-021,commercial,2020-05-14,domestic-low,25.9 kWh,yes
MT308981,FD-013,residential,2025-07-31,industrial,58.8 kWh,False
MT308538,FD-030,public,2024-03-07,industrial,67.6 kWh,0
MT304521,FD-001,industrial,2023-01-23,domestic-low,185.5,FALSE
MT301744,FD-002,residential,2021-07-23,industrial,,True
MT308621,FD-021,public,2019-06-09,industrial,72.8,no
MT308374,FD-024,residential,2025-10-07,domestic-low,159.8,TRUE
MT302004,FD-005,industrial,2024-03-03,social,182.0,0
MT303229,FD-029,residential,2022-12-19,industrial,49.3 kWh,True
MT307181,FD-017,public,2023-09-19,domestic-low,111.8,0
MT310370,FD-015,residential,2022-09-27,commercial,46.2,0
MT306148,FD-022,commercial,2024-04-08,social,,no
MT305117,FD-007,residential,2020-05-12,social,44.5,0
MT308353,FD-011,industrial,2023-02-22,domestic-standard,147.9,no
MT304429,FD-036,industrial,2021-08-10,commercial,39.2 kWh,1
MT306300,FD-009,commercial,2025-01-06,social,246.4 kWh,yes
MT300194,FD-032,public,2020-03-31,domestic-standard,103.3,no
MT308495,FD-010,residential,2019-05-02,domestic-low,160.3 kWh,False
MT300348,FD-002,industrial,2024-01-11,domestic-low,,0
MT307710,FD-036,residential,2024-03-14,social,99.2 kWh,yes
MT301164,FD-013,public,2019-07-09,commercial,71.2 kWh,no
MT304152,FD-033,public,2024-09-28,domestic-low,57.1 kWh,TRUE
MT306491,FD-022,residential,24/02/2022,social,8.8 kWh,TRUE
MT300238,FD-031,residential,20/10/2021,domestic-low,224.1,TRUE
MT301762,FD-018,industrial,2026-04-22,domestic-standard,50.0,TRUE
MT310428,FD-009,residential,01/10/2024,domestic-low,286.3 kWh,False
MT309236,FD-030,residential,2022-11-15,domestic-standard,44.7 kWh,FALSE
MT309494,FD-008,commercial,2022-01-18,commercial,,TRUE
MT301432,FD-015,residential,2022-03-20,industrial,27.7,FALSE
MT309032,FD-026,industrial,2021-08-29,domestic-standard,74.2,TRUE
MT307720,FD-011,industrial,2023-07-07,domestic-low,,1
MT307581,FD-028,commercial,2021-03-16,domestic-standard,,FALSE
MT308752,FD-025,industrial,2025-09-20,industrial,59.2 kWh,no
MT301848,FD-019,residential,2023-06-27,domestic-low,31.8 kWh,FALSE
MT304634,FD-015,public,2021-12-22,domestic-standard,89.3 kWh,0
MT300264,FD-001,industrial,2025-12-05,domestic-low,212.0 kWh,TRUE
MT306322,FD-028,residential,2019-04-11,industrial,,yes
MT305236,FD-018,industrial,2023-09-29,social,103.2 kWh,TRUE
MT310338,FD-004,industrial,2019-07-10,domestic-low,200.3 kWh,True
MT302223,FD-002,residential,2024-01-06,domestic-standard,210.4,False
MT309216,FD-007,commercial,2019-05-27,social,,False
MT306278,FD-011,residential,2025-08-09,industrial,,True
MT301084,FD-001,residential,2019-10-28,commercial,,False
MT305467,FD-026,residential,2022-01-11,domestic-low,152.5 kWh,1
MT308237,FD-024,residential,2026-01-04,domestic-low,,0
MT301219,FD-014,residential,2022-03-16,domestic-low,14.2,1
MT305274,FD-013,industrial,12/05/2021,industrial,,TRUE
MT309037,FD-008,residential,2020-10-26,social,32.9 kWh,FALSE
MT302914,FD-004,industrial,2024-01-04,commercial,,FALSE
MT302639,FD-037,residential,2021-12-30,social,207.0 kWh,no
MT302988,FD-037,public,2020-01-01,industrial,,TRUE
MT304638,FD-035,residential,2025-04-11,commercial,38.6 kWh,0
MT302837,FD-016,commercial,2024-02-16,commercial,146.4 kWh,False
MT301925,FD-021,commercial,2019-06-14,domestic-low,49.0 kWh,0
MT304411,FD-004,residential,2025-03-28,social,51.3 kWh,TRUE
MT310875,FD-026,residential,2023-05-07,domestic-low,97.1,0
MT300596,FD-021,residential,2024-10-18,domestic-low,41.8 kWh,True
MT306591,FD-012,public,2019-08-11,domestic-low,94.1 kWh,no
MT301486,FD-021,commercial,2022-02-20,industrial,166.0,FALSE
MT309385,FD-023,commercial,2022-04-03,commercial,203.5,True
MT309240,FD-028,industrial,2021-03-11,domestic-low,,yes
MT300904,FD-012,industrial,2020-10-27,commercial,116.6,FALSE
MT302142,FD-027,commercial,2025-10-13,domestic-standard,181.9,TRUE
MT300517,FD-036,public,2020-08-31,domestic-low,81.4 kWh,False
MT300409,FD-015,residential,2025-08-16,industrial,,no
MT306221,FD-023,industrial,19/03/2022,domestic-low,118.0,1
MT301590,FD-031,commercial,2023-10-17,domestic-standard,,yes
MT302494,FD-002,public,2021-11-16,domestic-standard,172.8 kWh,0
MT303174,FD-015,residential,2023-04-07,commercial,,True
MT304048,FD-013,commercial,2024-06-01,social,23.9 kWh,yes
MT310682,FD-007,residential,2024-10-17,industrial,47.8,True
MT303462,FD-018,public,2019-03-25,social,158.5,False
MT300774,FD-036,residential,2020-01-27,domestic-standard,124.9,TRUE
MT307398,FD-003,commercial,2024-02-29,industrial,174.5,TRUE
MT305162,FD-025,commercial,2026-02-05,domestic-low,,no
MT310720,FD-026,public,2021-11-02,industrial,118.3 kWh,TRUE
MT306434,FD-034,industrial,2024-05-07,industrial,128.3 kWh,0
MT307259,FD-019,residential,2020-02-03,domestic-low,,False
MT306740,FD-002,public,2024-06-08,domestic-low,139.4,no
MT305122,FD-037,residential,2021-05-27,domestic-low,121.3,0
MT302248,FD-002,residential,2022-10-10,domestic-low,,FALSE
MT301016,FD-030,residential,2021-10-11,domestic-low,,0
MT302534,FD-027,commercial,2023-03-30,domestic-low,,True
MT306398,FD-019,residential,30/04/2021,domestic-low,,False
MT309642,FD-021,residential,2019-05-21,commercial,,no
MT302198,FD-021,industrial,2025-05-06,domestic-low,,FALSE
MT300294,FD-011,residential,2025-05-07,domestic-standard,77.1 kWh,FALSE
MT303145,FD-025,residential,2025-09-13,domestic-low,,yes
MT305499,FD-033,residential,2024-11-18,domestic-low,,1
MT306107,FD-011,commercial,2020-09-04,domestic-low,93.9,FALSE
MT304866,FD-001,residential,2021-04-11,domestic-standard,61.5 kWh,False
MT305719,FD-016,residential,2020-03-27,domestic-low,114.1,TRUE
MT304767,FD-007,industrial,2024-09-29,social,,FALSE
MT302179,FD-029,residential,2024-12-25,domestic-low,,False
MT304455,FD-005,industrial,2025-06-27,domestic-standard,,False
MT307899,FD-020,residential,2019-09-24,social,239.3 kWh,TRUE
MT305154,FD-023,residential,10/09/2024,domestic-standard,39.0 kWh,no
MT306947,FD-009,residential,2023-07-01,industrial,,False
MT307095,FD-032,industrial,2024-05-26,domestic-standard,,1
MT307640,FD-031,public,2019-08-02,domestic-standard,42.7,True
MT309035,FD-008,residential,11/09/2022,domestic-low,,TRUE
MT310216,FD-001,commercial,2025-04-07,domestic-low,,1
MT302147,FD-023,industrial,04/08/2021,commercial,,1
MT301001,FD-033,industrial,2019-09-17,industrial,116.1,FALSE
MT309561,FD-023,commercial,2022-04-02,social,34.9,0
MT307309,FD-012,residential,2022-01-02,commercial,,0
MT309693,FD-035,industrial,2022-02-07,commercial,133.2,1
MT302593,FD-003,commercial,11/07/2019,domestic-low,107.7 kWh,1
MT305209,FD-019,residential,04/04/2023,industrial,129.9,FALSE
MT305736,FD-024,residential,2022-09-24,domestic-standard,248.9 kWh,1
MT302329,FD-033,commercial,2025-05-16,industrial,,1
MT310017,FD-020,residential,2023-04-04,domestic-standard,,False
MT301536,FD-022,residential,2025-02-15,domestic-low,86.9,FALSE
MT307332,FD-015,commercial,2019-01-29,commercial,143.6,True
MT306505,FD-021,commercial,2024-04-23,social,65.0 kWh,no
MT300452,FD-024,public,2021-12-11,industrial,98.5,no
MT300862,FD-030,residential,2022-03-06,social,25.7 kWh,True
MT308023,FD-022,industrial,19/08/2023,domestic-standard,,yes
MT301222,FD-025,residential,2024-12-31,domestic-standard,,TRUE
MT300486,FD-011,commercial,04/04/2025,social,33.2,False
MT300124,FD-032,residential,22/03/2019,domestic-low,61.8 kWh,FALSE
MT309722,FD-015,public,31/08/2025,industrial,125.4 kWh,0
MT301717,FD-035,residential,2020-07-27,domestic-low,,False
MT304903,FD-028,residential,2019-02-07,commercial,,TRUE
MT301195,FD-008,commercial,2021-09-10,domestic-low,96.1 kWh,yes
MT310913,FD-001,public,2023-01-28,domestic-standard,107.1,yes
MT310732,FD-026,commercial,21/05/2022,domestic-standard,,yes
MT302591,FD-026,industrial,2021-06-19,industrial,183.2,False
MT308245,FD-015,residential,2023-12-02,commercial,,yes
MT301727,FD-034,public,2024-12-04,industrial,184.5 kWh,TRUE
MT303661,FD-031,industrial,31/07/2023,commercial,133.9 kWh,yes
MT307994,FD-023,residential,2019-09-29,domestic-standard,64.7 kWh,TRUE
MT309328,FD-022,public,2021-05-23,industrial,,True
MT303148,FD-032,residential,2025-07-11,commercial,131.2 kWh,yes
MT302450,FD-027,residential,29/06/2025,domestic-standard,43.9 kWh,no
MT309697,FD-003,commercial,2019-08-13,social,101.2,yes
MT304486,FD-037,public,2023-07-21,industrial,,FALSE
MT301569,FD-007,residential,2022-12-15,industrial,241.7 kWh,yes
MT309951,FD-012,residential,2023-05-13,domestic-low,,1
MT310899,FD-002,industrial,2024-09-15,domestic-low,173.3,1
MT308780,FD-014,industrial,2024-02-29,domestic-standard,,1
MT304076,FD-033,commercial,21/03/2026,domestic-low,93.0,TRUE
MT303918,FD-021,commercial,2024-02-13,commercial,,0
MT302898,FD-014,residential,2024-09-03,domestic-low,30.9 kWh,1
MT309450,FD-005,residential,2024-01-13,social,32.0,1
MT301139,FD-009,residential,2021-12-01,industrial,157.0,no
MT301273,FD-036,public,2020-03-26,domestic-low,9.8,True
MT307214,FD-021,residential,2019-01-24,domestic-standard,41.0,0
MT310776,FD-010,residential,2021-02-23,domestic-low,,FALSE
MT308670,FD-037,public,2023-05-25,social,64.4 kWh,FALSE
MT303973,FD-023,residential,2022-09-25,industrial,81.0,True
MT308553,FD-027,residential,03/11/2019,domestic-low,61.5 kWh,False
MT305425,FD-003,public,2024-08-10,commercial,54.7,True
MT305809,FD-036,commercial,2022-05-16,social,142.3 kWh,no
MT307808,FD-011,public,2019-09-25,domestic-low,,True
MT310265,FD-032,industrial,2020-03-19,domestic-standard,,yes
MT308907,FD-018,commercial,2019-05-16,domestic-low,81.0 kWh,0
MT309010,FD-017,commercial,2023-04-11,domestic-low,57.3,False
MT306539,FD-012,industrial,2020-11-07,domestic-low,283.1,False
MT308739,FD-020,residential,2021-07-25,domestic-low,,1
MT301488,FD-004,residential,2024-12-25,industrial,96.6 kWh,no
MT301020,FD-023,residential,2021-07-22,domestic-low,,True
MT309151,FD-010,commercial,2024-06-04,commercial,137.6,1
MT307663,FD-023,residential,2024-09-29,domestic-standard,,FALSE
MT304509,FD-021,industrial,2019-05-10,domestic-low,,no
MT305343,FD-013,industrial,2023-04-27,domestic-low,53.0,FALSE
MT303282,FD-037,public,2024-11-11,commercial,,False
MT305301,FD-018,commercial,2021-06-26,domestic-low,,0
MT306405,FD-032,residential,2025-07-28,commercial,129.2 kWh,no
MT301143,FD-030,residential,2023-03-08,social,107.9 kWh,1
MT305675,FD-026,industrial,2021-07-28,industrial,181.6,yes
MT310811,FD-028,industrial,25/06/2023,industrial,89.4 kWh,0
MT306653,FD-007,industrial,2022-08-19,domestic-standard,45.9,0
MT303677,FD-033,industrial,2023-01-03,domestic-standard,26.0 kWh,no
MT302145,FD-027,residential,2024-12-18,industrial,142.4,1
MT303784,FD-031,residential,2025-11-05,industrial,51.9,TRUE
MT309839,FD-033,commercial,2019-01-27,domestic-standard,,False
MT300968,FD-004,public,2019-01-09,domestic-low,,TRUE
MT303159,FD-027,industrial,2020-06-05,domestic-standard,14.1 kWh,False
MT301791,FD-009,commercial,2023-04-05,domestic-standard,,False
MT308463,FD-026,industrial,2025-07-14,social,42.1,1
MT304257,FD-028,commercial,2025-01-01,domestic-low,133.7 kWh,yes
MT310256,FD-026,industrial,2019-03-18,domestic-low,93.4,FALSE
MT307331,FD-027,public,2021-03-30,domestic-low,58.8 kWh,1
MT309006,FD-026,industrial,2026-04-02,social,,TRUE
MT304792,FD-003,commercial,2020-06-17,domestic-standard,,TRUE
MT301465,FD-008,residential,2022-08-22,commercial,,TRUE
MT310272,FD-037,commercial,2024-11-30,domestic-low,,0
MT306781,FD-013,residential,2024-05-07,commercial,,yes
MT304945,FD-007,public,2025-10-25,industrial,65.2 kWh,no
MT301984,FD-019,industrial,2021-07-05,commercial,,TRUE
MT305283,FD-024,industrial,2024-12-05,commercial,52.7,TRUE
MT300823,FD-034,public,2020-12-04,domestic-standard,,True
MT308660,FD-030,residential,2023-11-05,social,130.9,1
MT305921,FD-018,commercial,2021-12-19,domestic-low,25.8 kWh,False
MT308913,FD-028,industrial,2019-10-26,industrial,,TRUE
MT300487,FD-019,industrial,11/05/2021,domestic-low,,True
MT301577,FD-005,residential,2026-05-19,social,46.4 kWh,1
MT303736,FD-029,residential,2022-05-24,social,65.3 kWh,False
MT302229,FD-026,residential,08/11/2023,social,,yes
MT307471,FD-029,residential,2025-07-13,industrial,70.7,TRUE
MT307085,FD-004,public,2024-09-07,commercial,,TRUE
MT301308,FD-023,residential,2024-09-10,commercial,57.4,yes
MT306233,FD-009,residential,2023-02-11,industrial,10.5,1
MT305225,FD-026,residential,2024-11-13,industrial,91.8,FALSE
MT310005,FD-023,residential,2020-03-02,industrial,79.7 kWh,yes
MT307824,FD-021,residential,2026-01-10,domestic-low,74.6,True
MT301012,FD-008,public,2024-12-30,domestic-low,22.2 kWh,True
MT304056,FD-033,residential,2019-01-05,domestic-standard,,0
MT306439,FD-028,industrial,2025-09-27,social,293.4,yes
MT309000,FD-029,industrial,2020-04-29,domestic-low,186.6,True
MT305819,FD-035,public,2022-03-14,industrial,11.7 kWh,0
MT302972,FD-029,public,2023-03-14,industrial,,TRUE
MT300279,FD-020,residential,2026-04-30,commercial,138.9 kWh,False
MT300587,FD-012,industrial,2022-07-24,domestic-low,68.4,TRUE
MT309806,FD-034,industrial,2026-03-18,domestic-low,53.4 kWh,TRUE
MT308545,FD-018,residential,2021-04-11,domestic-low,67.5,TRUE
MT309647,FD-016,residential,2023-12-03,social,,True
MT308336,FD-035,public,2022-10-27,domestic-standard,,FALSE
MT305630,FD-003,residential,2020-12-06,domestic-low,76.9 kWh,False
MT304424,FD-037,commercial,2021-04-05,domestic-low,30.8 kWh,False
MT300809,FD-033,residential,2020-02-24,industrial,,0
MT310850,FD-019,commercial,2024-07-12,domestic-standard,,TRUE
MT304374,FD-020,residential,2021-06-08,industrial,204.3,yes
MT308072,FD-022,residential,2020-04-23,commercial,87.6 kWh,FALSE
MT307699,FD-032,industrial,2021-06-05,domestic-low,31.2,1
MT307590,FD-016,residential,2019-08-24,domestic-low,143.5 kWh,no
MT304127,FD-024,residential,2023-11-15,social,202.2 kWh,0
MT305549,FD-020,residential,2025-12-08,social,246.7,TRUE
MT305050,FD-024,public,2019-11-19,industrial,,FALSE
MT300761,FD-029,commercial,2024-12-31,industrial,,TRUE
MT306099,FD-021,commercial,2025-05-10,social,134.1 kWh,True
MT304940,FD-017,public,2024-11-29,domestic-low,207.2 kWh,0
MT300952,FD-026,public,2022-11-30,industrial,75.6 kWh,False
MT308937,FD-007,industrial,2022-07-16,domestic-low,53.5 kWh,no
MT309766,FD-015,public,2026-05-24,industrial,,TRUE
MT300559,FD-005,residential,12/01/2022,domestic-low,161.0,0
MT306866,FD-006,residential,2020-10-11,domestic-low,282.1 kWh,TRUE
MT300395,FD-001,residential,02/03/2020,industrial,98.9 kWh,0
MT310141,FD-012,residential,2020-04-26,domestic-low,109.1,False
MT309946,FD-020,commercial,08/08/2019,domestic-low,103.6 kWh,0
MT302754,FD-001,residential,2024-01-23,domestic-standard,158.3,TRUE
MT305356,FD-015,commercial,2020-10-03,domestic-low,122.9,TRUE
MT303487,FD-028,industrial,2023-02-27,domestic-low,238.5,1
MT305582,FD-033,public,2025-09-05,domestic-low,,TRUE
MT309676,FD-028,industrial,2021-09-20,domestic-standard,234.1 kWh,0
MT301715,FD-010,residential,2023-06-11,domestic-standard,64.4,yes
MT304125,FD-005,residential,2020-08-11,domestic-low,159.3 kWh,TRUE
MT302822,FD-010,commercial,2021-12-21,social,67.0,True
MT307796,FD-031,commercial,04/09/2023,commercial,179.9 kWh,yes
MT305239,FD-022,residential,2021-07-24,domestic-low,79.4 kWh,1
MT304388,FD-001,residential,2025-12-18,domestic-low,39.8,TRUE
MT303153,FD-032,industrial,29/10/2023,industrial,,no
MT304728,FD-032,industrial,2022-11-11,domestic-low,,yes
MT301246,FD-006,residential,2024-08-26,domestic-standard,107.5 kWh,0
MT300317,FD-001,residential,2025-12-10,industrial,79.8,1
MT306726,FD-011,industrial,2020-09-24,social,71.5,no
MT310177,FD-017,public,2021-12-09,industrial,,1
MT305669,FD-029,residential,2023-01-20,domestic-low,,1
MT304640,FD-003,residential,2022-01-26,industrial,,yes
MT304867,FD-035,residential,23/05/2026,domestic-low,,False
MT310431,FD-026,residential,2024-11-01,domestic-low,130.6,FALSE
MT309182,FD-007,residential,2025-12-14,domestic-low,,TRUE
MT307231,FD-005,residential,2024-08-22,domestic-low,52.0 kWh,False
MT305708,FD-004,industrial,17/02/2026,domestic-standard,,yes
MT302703,FD-034,commercial,2023-06-28,domestic-standard,174.9,no
MT301851,FD-011,residential,2026-02-13,commercial,232.7 kWh,yes
MT303417,FD-011,residential,2024-01-27,domestic-standard,57.2,0
MT307440,FD-001,residential,2020-11-08,domestic-low,,yes
MT306991,FD-004,commercial,2021-12-13,domestic-low,10.6 kWh,1
MT300199,FD-035,commercial,30/05/2024,domestic-standard,45.7 kWh,True
MT309134,FD-003,residential,2024-12-20,industrial,173.3,False
MT305031,FD-022,public,2019-07-25,domestic-low,101.4,1
MT308652,FD-004,public,2019-09-20,industrial,139.0,yes
MT301163,FD-020,industrial,2021-04-29,domestic-low,,FALSE
MT302422,FD-002,industrial,2025-01-10,domestic-standard,111.2 kWh,False
MT301033,FD-034,commercial,2025-07-05,domestic-low,52.2 kWh,True
MT305751,FD-002,residential,2024-02-26,industrial,,False
MT310201,FD-034,commercial,2024-11-15,domestic-low,25.3 kWh,yes
MT300552,FD-024,residential,2025-11-25,industrial,129.6,FALSE
MT307017,FD-003,residential,2021-04-11,social,,0
MT307987,FD-018,residential,2021-05-17,commercial,72.1,True
MT307431,FD-024,residential,2025-04-22,commercial,242.2 kWh,no
MT309532,FD-010,public,2022-04-15,commercial,22.3,yes
MT308253,FD-035,public,2025-09-10,industrial,,False
MT305266,FD-037,public,28/02/2025,social,,False
MT303775,FD-033,industrial,02/05/2022,commercial,97.3 kWh,yes
MT305757,FD-004,residential,2023-02-07,domestic-low,,no
MT306898,FD-029,industrial,14/01/2024,social,62.9,FALSE
MT308924,FD-018,residential,2025-07-07,industrial,204.8 kWh,0
MT302385,FD-024,residential,2023-06-27,domestic-low,29.6 kWh,FALSE
MT304404,FD-033,residential,2024-08-25,domestic-low,44.0 kWh,no
MT300787,FD-024,residential,2026-01-15,industrial,,FALSE
MT307137,FD-020,industrial,2024-10-16,domestic-standard,,1
MT300235,FD-036,residential,2024-04-08,domestic-standard,67.3,no
MT304120,FD-012,residential,2021-10-14,social,17.6 kWh,1
MT309458,FD-037,residential,2022-06-22,industrial,50.9,1
MT302638,FD-022,industrial,2022-12-03,commercial,9.7,1
MT300445,FD-012,residential,2023-09-01,commercial,74.4,no
MT303795,FD-031,industrial,2019-01-22,domestic-low,,TRUE
MT301999,FD-013,residential,2022-11-04,social,113.6,0
MT309824,FD-017,industrial,2020-05-21,domestic-standard,,yes
MT303146,FD-017,residential,2020-11-20,domestic-low,,0
MT307696,FD-033,residential,2019-10-03,domestic-low,98.2 kWh,yes
MT308644,FD-027,public,2020-08-29,industrial,47.7 kWh,no
MT304263,FD-012,residential,2023-09-29,domestic-low,,no
MT301734,FD-034,industrial,2024-08-26,industrial,119.4,yes
MT302035,FD-004,residential,17/09/2025,social,25.0,FALSE
MT304014,FD-011,public,2021-03-03,domestic-standard,214.1 kWh,yes
MT307418,FD-028,residential,2023-09-03,social,73.5 kWh,yes
MT302820,FD-001,residential,2025-03-15,social,,1
MT300532,FD-010,residential,2023-07-09,domestic-standard,,True
MT305917,FD-007,commercial,2023-03-21,domestic-standard,108.1,no
MT302125,FD-036,industrial,2020-06-21,social,219.9,0
MT309082,FD-018,public,2020-07-17,industrial,,FALSE
MT308510,FD-019,commercial,2025-01-18,social,35.1 kWh,True
MT308744,FD-003,residential,2025-05-25,industrial,,1
MT301332,FD-015,residential,28/01/2020,domestic-low,131.2 kWh,False
MT309724,FD-011,commercial,2019-08-25,industrial,,yes
MT306689,FD-034,residential,2019-04-10,domestic-low,185.7,1
MT301025,FD-009,public,2024-09-19,commercial,,yes
MT300548,FD-015,industrial,2023-11-11,commercial,64.6 kWh,True
MT309851,FD-036,residential,2022-12-20,industrial,,yes
MT307507,FD-020,residential,2021-01-10,industrial,66.7,0
MT308301,FD-029,public,2021-03-02,social,140.2,no
MT305090,FD-013,residential,2020-02-12,social,112.5 kWh,TRUE
MT301374,FD-033,residential,2019-06-02,commercial,,no
MT306743,FD-024,residential,2019-01-05,industrial,161.0,0
MT310620,FD-032,residential,2024-10-18,domestic-low,67.7 kWh,1
MT306289,FD-003,public,2023-12-15,commercial,180.6,yes
MT307989,FD-024,residential,2025-03-02,social,99.7 kWh,no
MT305505,FD-021,industrial,2026-04-03,domestic-standard,105.9 kWh,no
MT308961,FD-012,residential,2024-11-17,social,,0
MT309161,FD-023,residential,2021-04-21,commercial,183.4 kWh,True
MT300781,FD-024,industrial,2025-04-01,industrial,,FALSE
MT301397,FD-023,public,2023-10-23,commercial,174.1 kWh,False
MT303210,FD-002,public,2025-08-12,commercial,111.7,False
MT309777,FD-014,industrial,2023-10-24,domestic-low,139.3,FALSE
MT309919,FD-001,residential,2019-06-19,commercial,17.7 kWh,0
MT309320,FD-020,residential,2024-06-06,domestic-low,272.5,TRUE
MT305812,FD-033,commercial,2020-01-31,domestic-low,93.9 kWh,True
MT306844,FD-019,residential,01/10/2020,domestic-low,201.0 kWh,no
MT301973,FD-010,industrial,13/04/2025,domestic-low,,0
MT304901,FD-004,residential,2025-12-30,domestic-standard,,TRUE
MT302313,FD-012,residential,2026-04-01,domestic-low,,yes
MT300423,FD-012,public,2023-09-07,social,,1
MT308118,FD-015,residential,2020-03-20,social,46.6 kWh,yes
MT304871,FD-026,industrial,2023-04-05,social,83.8 kWh,yes
MT309046,FD-011,residential,2021-08-01,industrial,55.5 kWh,True
MT303601,FD-012,industrial,2020-07-24,commercial,77.7,1
MT305055,FD-012,industrial,2020-12-14,domestic-low,,no
MT302463,FD-004,public,2025-07-02,domestic-standard,64.9,TRUE
MT305141,FD-021,residential,2022-05-16,social,83.5,no
MT310202,FD-003,residential,2026-03-25,commercial,87.7 kWh,True
MT305905,FD-012,residential,2024-11-12,social,,False
MT300324,FD-028,residential,2025-04-18,social,42.6 kWh,yes
MT306192,FD-019,residential,2019-12-25,domestic-low,106.5 kWh,1
MT303883,FD-008,residential,2023-04-26,domestic-standard,30.1,True
MT310323,FD-009,industrial,2025-06-17,domestic-standard,18.8,True
MT304318,FD-006,commercial,2019-12-24,domestic-low,25.1 kWh,yes
MT300106,FD-009,public,2024-11-27,commercial,78.2,1
MT303350,FD-008,residential,2024-02-19,industrial,,False
MT307603,FD-033,public,2024-01-15,social,58.6,0
MT310806,FD-009,industrial,2023-01-14,commercial,33.4,1
MT301856,FD-026,residential,2021-09-05,domestic-standard,81.3 kWh,no
MT305247,FD-020,public,21/04/2023,industrial,292.5 kWh,TRUE
MT307425,FD-015,residential,2026-01-24,social,92.8 kWh,0
MT300947,FD-031,public,26/03/2019,industrial,132.7,False
MT305342,FD-016,residential,2025-08-27,commercial,27.6,1
MT301087,FD-017,residential,2025-11-22,domestic-low,125.2,0
MT308410,FD-011,industrial,2019-06-28,domestic-low,78.2,1
MT301938,FD-014,industrial,2020-01-21,commercial,221.6 kWh,1
MT305460,FD-011,industrial,2021-05-17,social,,1
MT304273,FD-020,residential,2022-02-12,domestic-low,139.7 kWh,no
MT310576,FD-011,public,12/04/2024,domestic-standard,117.1 kWh,TRUE
MT309368,FD-024,residential,2024-07-01,domestic-standard,,0
MT307896,FD-034,commercial,2023-06-18,domestic-low,83.2 kWh,yes
MT308165,FD-004,residential,2024-08-13,domestic-low,,yes
MT300278,FD-027,residential,2022-03-24,industrial,,FALSE
MT304496,FD-033,residential,2022-09-30,social,105.2,yes
MT308934,FD-022,public,2024-07-04,domestic-standard,215.3,yes
MT304386,FD-006,commercial,2024-02-22,commercial,64.7 kWh,no
MT306599,FD-033,public,2022-08-28,social,18.9,False
MT310938,FD-026,residential,2023-07-10,domestic-standard,,TRUE
MT306588,FD-026,residential,2022-12-27,industrial,,no
MT305474,FD-008,residential,2025-07-28,social,,FALSE
MT306626,FD-008,residential,2026-05-12,industrial,177.4 kWh,False
MT305175,FD-002,public,2025-02-04,industrial,146.0 kWh,1
MT306710,FD-002,residential,2023-12-28,industrial,119.2 kWh,1
MT301818,FD-035,residential,2025-08-10,industrial,,False
MT310038,FD-031,residential,2024-06-01,domestic-standard,60.6 kWh,no
MT306363,FD-001,public,2019-03-28,social,,1
MT304983,FD-025,residential,2024-12-15,commercial,102.0,False
MT301154,FD-008,residential,2022-05-06,domestic-standard,276.0 kWh,0
MT308452,FD-014,residential,2020-07-03,social,139.9 kWh,TRUE
MT309814,FD-030,commercial,2025-12-03,industrial,41.9,True
MT302646,FD-008,commercial,2025-06-14,domestic-standard,89.0 kWh,0
MT304197,FD-022,residential,2022-07-07,domestic-low,170.3,yes
MT310408,FD-017,residential,2019-01-15,industrial,102.1,no
MT310787,FD-017,residential,2020-01-27,domestic-low,166.7,yes
MT310096,FD-008,residential,2020-09-05,industrial,174.7,no
MT304973,FD-014,residential,2020-09-28,domestic-low,119.8,yes
MT309626,FD-024,residential,2022-05-29,industrial,200.1 kWh,no
MT310311,FD-022,residential,2019-10-15,industrial,75.6,1
MT306627,FD-001,residential,2024-05-01,commercial,,0
MT307525,FD-013,residential,2020-01-22,industrial,,1
MT302887,FD-031,commercial,24/01/2024,domestic-low,,True
MT306360,FD-003,residential,2025-08-07,domestic-low,126.4 kWh,FALSE
MT304726,FD-015,residential,2024-09-13,domestic-standard,202.8,1
MT309630,FD-006,industrial,2020-03-31,domestic-low,,0
MT306446,FD-011,commercial,29/01/2025,domestic-low,,False
MT308991,FD-034,commercial,2021-09-11,social,111.8,0
MT308502,FD-004,residential,2021-05-05,domestic-low,141.6 kWh,yes
MT303556,FD-007,public,2021-11-26,social,,TRUE
MT302029,FD-003,residential,2023-10-11,industrial,,yes
MT310191,FD-003,residential,08/01/2021,industrial,85.0 kWh,False
MT307076,FD-004,residential,2023-10-16,commercial,,no
MT301868,FD-034,residential,2023-05-30,domestic-standard,94.3,0
MT305826,FD-030,residential,2020-06-02,domestic-low,139.9 kWh,1
MT307350,FD-009,residential,2026-04-29,industrial,112.8,FALSE
MT301733,FD-020,residential,2026-02-06,domestic-low,,no
MT309576,FD-014,residential,2019-02-21,domestic-low,232.1,no
MT301894,FD-001,industrial,16/09/2022,commercial,,FALSE
MT310513,FD-003,residential,2020-03-12,industrial,,yes
MT310319,FD-007,public,2026-03-14,social,,False
MT302286,FD-036,commercial,2023-06-03,domestic-standard,45.0 kWh,False
MT302664,FD-030,residential,2022-05-16,domestic-standard,70.9,TRUE
MT305158,FD-029,industrial,26/02/2025,commercial,67.5,no
MT304974,FD-010,public,2019-08-19,domestic-standard,160.7,True
MT304899,FD-006,residential,2022-10-26,domestic-low,72.4,TRUE
MT306214,FD-018,commercial,2020-10-04,domestic-low,,no
MT310847,FD-004,residential,2025-03-17,domestic-low,107.4 kWh,yes
MT301719,FD-016,industrial,2021-02-20,social,,TRUE
MT304794,FD-019,residential,2019-10-08,domestic-low,44.0,TRUE
MT301243,FD-016,residential,2023-07-15,domestic-low,,TRUE
MT303226,FD-025,industrial,2025-06-08,domestic-low,14.5,False
MT300157,FD-013,residential,2025-09-13,commercial,34.9 kWh,1
MT304515,FD-004,industrial,2020-04-06,domestic-low,,True
MT303808,FD-008,industrial,2019-12-24,industrial,,FALSE
MT306265,FD-031,residential,2025-02-10,industrial,,yes
MT300218,FD-021,residential,2023-10-12,domestic-low,110.4,False
MT309817,FD-031,residential,2024-12-02,domestic-standard,125.3,0
MT302867,FD-022,residential,12/12/2021,social,203.7,TRUE
MT310784,FD-003,residential,2022-03-20,industrial,,True
MT306644,FD-015,residential,2024-03-28,industrial,109.2 kWh,no
MT310454,FD-001,industrial,2021-12-26,domestic-low,110.4 kWh,True
MT303935,FD-028,commercial,2021-12-27,social,,False
MT301997,FD-026,residential,23/09/2024,domestic-low,,False
MT307532,FD-035,public,2021-09-26,domestic-low,,FALSE
MT301738,FD-018,residential,07/12/2025,commercial,177.7 kWh,TRUE
MT306176,FD-004,residential,2024-10-23,domestic-standard,,1
MT305331,FD-018,residential,2023-08-22,domestic-low,107.0,0
MT305838,FD-011,commercial,2022-08-07,domestic-low,120.5 kWh,0
MT306929,FD-015,residential,2021-01-04,domestic-low,126.7 kWh,0
MT305003,FD-020,residential,2026-05-06,domestic-standard,162.9,TRUE
MT309199,FD-004,residential,2022-05-28,commercial,,True
MT306824,FD-037,public,2025-06-01,commercial,80.4 kWh,True
MT300388,FD-023,residential,2022-07-06,domestic-standard,38.7 kWh,1
MT310840,FD-025,commercial,2023-01-25,domestic-low,,0
MT303216,FD-034,commercial,2025-06-11,domestic-standard,,yes
MT303230,FD-028,residential,2024-10-10,industrial,72.7 kWh,True
MT309764,FD-035,commercial,29/04/2021,commercial,248.3,1
MT306850,FD-028,residential,2025-08-14,domestic-standard,,0
MT308035,FD-012,residential,2025-03-05,domestic-standard,,TRUE
MT305453,FD-034,residential,2021-07-07,industrial,169.5,yes
MT309238,FD-020,industrial,2020-03-14,social,228.1 kWh,True
MT302284,FD-010,public,2025-12-09,commercial,,FALSE
MT300277,FD-031,residential,2022-03-16,domestic-low,138.9,yes
MT302811,FD-020,residential,2023-01-30,domestic-low,51.6 kWh,no
MT301809,FD-024,industrial,2021-02-08,domestic-low,,FALSE
MT304843,FD-028,residential,2021-10-23,industrial,,no
MT304815,FD-009,residential,2023-09-29,domestic-low,42.8 kWh,True
MT307810,FD-026,residential,2021-10-23,domestic-standard,8.8,1
MT307458,FD-028,public,2022-08-29,domestic-standard,128.3 kWh,1
MT305840,FD-036,industrial,2022-10-25,domestic-low,,TRUE
MT307878,FD-022,residential,2021-05-25,industrial,,TRUE
MT306486,FD-028,public,2021-04-13,commercial,142.3 kWh,0
MT300990,FD-008,residential,2021-12-12,domestic-low,93.5 kWh,True
MT308324,FD-031,residential,2024-05-24,domestic-low,60.8 kWh,True
MT308616,FD-018,industrial,11/02/2023,social,,FALSE
MT300563,FD-010,commercial,2021-04-01,commercial,87.4 kWh,TRUE
MT309438,FD-037,public,17/10/2025,social,79.3,TRUE
MT308554,FD-036,residential,2026-05-24,domestic-low,75.8 kWh,False
MT305069,FD-014,residential,2020-04-18,domestic-standard,,0
MT301310,FD-012,residential,2023-01-08,social,168.4,True
MT308048,FD-031,public,2025-04-02,domestic-low,,yes
MT308321,FD-028,industrial,2023-04-17,domestic-low,88.4 kWh,0
MT310584,FD-005,residential,2021-06-21,domestic-standard,137.2 kWh,True
MT310952,FD-007,industrial,2021-03-30,domestic-standard,35.5,True
MT302467,FD-006,public,22/04/2024,social,110.9 kWh,yes
MT304418,FD-016,residential,20/03/2026,social,,True
MT300801,FD-010,commercial,2023-05-15,social,48.9 kWh,1
MT302762,FD-018,industrial,2024-08-05,commercial,,yes
MT302149,FD-036,residential,2019-01-13,domestic-standard,123.0 kWh,False
MT301086,FD-017,commercial,2020-12-23,industrial,39.5,FALSE
MT301131,FD-001,residential,2023-10-08,domestic-standard,,no
MT307367,FD-008,residential,2025-01-09,industrial,,TRUE
MT303401,FD-018,commercial,2023-02-14,domestic-low,182.7,True
MT309402,FD-009,commercial,2019-11-22,domestic-low,68.8,False
MT307503,FD-030,public,18/09/2020,commercial,193.3,False
MT305555,FD-025,commercial,2022-07-01,domestic-low,,True
MT310081,FD-019,residential,2023-09-18,social,74.0,1
MT308050,FD-017,commercial,2019-01-03,commercial,79.4 kWh,True
MT301401,FD-023,industrial,2020-08-23,commercial,50.9,0
MT301263,FD-028,commercial,2026-03-03,domestic-low,,yes
MT301924,FD-018,industrial,2024-02-08,domestic-standard,180.7 kWh,TRUE
MT309071,FD-005,residential,2025-02-01,domestic-low,104.8 kWh,no
MT309095,FD-037,commercial,2022-05-03,domestic-standard,75.6,FALSE
MT302804,FD-007,public,2021-11-28,domestic-low,32.2,yes
MT305172,FD-014,residential,2025-01-23,industrial,217.9,False
MT302499,FD-029,public,2023-03-21,domestic-low,128.2,True
MT306406,FD-035,residential,2023-05-09,commercial,71.5 kWh,0
MT301191,FD-015,commercial,2023-08-31,commercial,131.0,no
MT300625,FD-035,residential,2024-09-16,domestic-low,120.7 kWh,no
MT301778,FD-035,commercial,2024-10-02,domestic-standard,106.0 kWh,True
MT310752,FD-020,residential,2022-01-02,domestic-standard,126.9 kWh,no
MT305400,FD-016,public,2023-04-14,domestic-standard,176.4 kWh,no
MT309599,FD-036,commercial,2019-06-01,industrial,,1
MT302382,FD-017,industrial,2022-12-20,domestic-standard,,no
MT300244,FD-036,residential,2021-04-22,social,57.1,FALSE
MT306142,FD-029,residential,2020-07-03,social,41.9 kWh,yes
MT305863,FD-010,public,2024-09-03,domestic-standard,109.1,1
MT301691,FD-016,residential,2022-04-23,commercial,168.1 kWh,True
MT305143,FD-018,commercial,2022-07-13,commercial,,no
MT305526,FD-033,residential,2024-04-17,domestic-low,37.5,False
MT306304,FD-012,residential,23/08/2020,domestic-low,131.1,0
MT300221,FD-036,residential,2021-03-28,domestic-low,72.6,True
MT310734,FD-025,industrial,2023-04-09,commercial,,yes
MT310103,FD-029,residential,30/01/2019,industrial,78.2 kWh,0
MT300942,FD-002,commercial,2020-04-25,domestic-standard,165.8,TRUE
MT302059,FD-023,commercial,20/09/2025,domestic-low,85.2 kWh,yes
MT303355,FD-019,residential,2020-08-01,social,,False
MT305291,FD-017,commercial,2021-03-10,social,29.9 kWh,TRUE
MT310342,FD-007,residential,2022-08-01,social,150.2 kWh,False
MT308666,FD-018,residential,2023-05-15,social,46.9 kWh,True
MT307032,FD-025,commercial,2021-01-25,social,,yes
MT310393,FD-016,public,01/03/2019,social,101.8,0
MT303928,FD-010,residential,2021-09-30,domestic-low,170.9,TRUE
MT305501,FD-022,residential,2023-06-13,domestic-low,106.3 kWh,0
MT301188,FD-012,residential,2025-03-31,domestic-standard,53.5 kWh,TRUE
MT309437,FD-014,residential,2022-06-24,domestic-low,153.7,True
MT309944,FD-008,residential,2024-02-21,domestic-low,91.3,yes
MT302681,FD-027,residential,2023-08-26,social,,0
MT307173,FD-003,residential,10/06/2024,social,251.5 kWh,FALSE
MT306574,FD-006,commercial,2024-08-11,commercial,,0
MT303634,FD-019,residential,2024-11-15,domestic-low,,True
MT307070,FD-030,residential,2021-05-10,social,19.0,False
MT302319,FD-018,public,2024-04-03,domestic-standard,125.4,FALSE
MT309781,FD-018,industrial,2023-06-23,commercial,146.7 kWh,False
MT302671,FD-009,commercial,2021-01-20,social,126.1,no
MT309679,FD-010,commercial,2019-04-10,social,,no
MT307227,FD-024,public,05/10/2024,social,,True
MT300473,FD-035,residential,2020-05-09,domestic-low,82.3 kWh,False
MT302828,FD-003,commercial,2024-06-23,social,72.9 kWh,1
MT301978,FD-031,residential,2021-10-11,domestic-standard,236.2,False
MT303430,FD-018,public,2025-12-07,commercial,44.6 kWh,FALSE
MT304625,FD-004,public,2026-02-19,domestic-low,40.0,TRUE
MT302139,FD-004,industrial,2021-12-18,domestic-low,168.8 kWh,TRUE
MT304240,FD-016,commercial,2019-07-20,domestic-standard,92.7 kWh,True
MT310726,FD-016,public,2023-11-02,social,139.9,True
MT303656,FD-021,commercial,2025-01-06,domestic-standard,,1
MT309681,FD-035,industrial,2022-01-12,commercial,,FALSE
MT302808,FD-035,residential,2023-06-18,domestic-low,,no
MT307151,FD-006,residential,2019-09-25,domestic-standard,129.8,1
MT301274,FD-006,residential,2023-08-09,social,,TRUE
MT302997,FD-005,commercial,2020-02-13,industrial,102.1,no
MT310248,FD-023,residential,2021-06-16,industrial,,1
MT303744,FD-025,residential,2021-03-08,commercial,,yes
MT305110,FD-002,residential,2019-12-20,social,165.4 kWh,yes
MT303412,FD-024,industrial,2024-02-09,domestic-low,221.8,no
MT301620,FD-005,residential,2026-03-04,commercial,126.2 kWh,no
MT306982,FD-005,residential,02/03/2022,domestic-low,270.2,no
MT303643,FD-024,public,2023-02-06,domestic-low,139.8 kWh,False
MT304279,FD-009,residential,2021-07-18,commercial,,0
MT303725,FD-014,residential,30/07/2023,domestic-low,84.1 kWh,TRUE
MT302714,FD-033,commercial,2022-08-16,domestic-standard,,True
MT307960,FD-019,public,2024-12-11,domestic-low,,FALSE
MT309154,FD-020,public,2025-01-21,domestic-low,78.0,True
MT303798,FD-027,industrial,2022-02-26,industrial,284.8,0
MT309003,FD-005,residential,2019-01-02,domestic-standard,76.1 kWh,True
MT310329,FD-036,commercial,2021-06-11,commercial,170.4,FALSE
MT304861,FD-008,commercial,2019-05-23,commercial,,no
MT310031,FD-025,commercial,2022-03-28,commercial,167.4,False
MT302938,FD-008,residential,2025-04-30,social,61.1 kWh,0
MT303599,FD-036,residential,2022-10-23,commercial,8.6,FALSE
MT309562,FD-010,commercial,2023-09-01,commercial,76.2 kWh,TRUE
MT304589,FD-012,residential,2019-08-04,domestic-low,134.0 kWh,no
MT308440,FD-015,residential,12/11/2022,domestic-standard,203.8 kWh,FALSE
MT308923,FD-007,residential,2019-05-03,social,22.6 kWh,TRUE
MT309955,FD-003,residential,2021-11-13,domestic-standard,47.8,True
MT301384,FD-025,industrial,2020-07-11,domestic-standard,154.1,no
MT306998,FD-037,commercial,2024-11-26,domestic-low,,False
MT307464,FD-003,residential,2025-06-24,domestic-low,108.0,False
MT301386,FD-018,residential,2021-11-08,domestic-low,89.1 kWh,FALSE
MT302860,FD-037,public,2021-12-28,domestic-low,13.6 kWh,False
MT302440,FD-032,commercial,2022-04-13,domestic-low,39.2,False
MT300877,FD-005,residential,2023-03-27,domestic-low,191.6,True
MT301457,FD-007,residential,2020-11-20,social,,no
MT308248,FD-013,residential,2019-08-07,domestic-low,126.6 kWh,yes
MT310222,FD-036,residential,2026-01-31,industrial,77.4 kWh,TRUE
MT310260,FD-004,industrial,2020-06-21,commercial,,no
MT308379,FD-018,public,2019-11-11,domestic-low,16.4,False
MT310786,FD-009,residential,09/07/2024,commercial,120.5 kWh,1
MT302298,FD-002,industrial,2023-07-04,domestic-low,52.5 kWh,True
MT304201,FD-029,industrial,2019-08-01,industrial,39.1,False
MT304032,FD-019,residential,2020-06-08,industrial,21.0,True
MT308806,FD-022,commercial,2025-04-25,domestic-low,116.1,True
MT306730,FD-022,public,18/02/2019,industrial,,no
MT300381,FD-001,residential,2022-03-20,domestic-low,135.5 kWh,True
MT305569,FD-005,industrial,2023-09-07,industrial,124.9,FALSE
MT301177,FD-025,industrial,2025-07-19,commercial,108.2,False
MT303446,FD-021,industrial,2019-11-11,social,,1
MT306043,FD-007,residential,2020-04-25,domestic-low,43.8,TRUE
MT300141,FD-009,public,2020-06-22,domestic-standard,14.4,FALSE
MT303199,FD-008,industrial,2019-09-13,industrial,39.4 kWh,0
MT304461,FD-034,industrial,2023-02-07,social,77.9,FALSE
MT310457,FD-014,commercial,18/06/2020,industrial,155.2 kWh,True
MT303766,FD-018,residential,2023-10-15,industrial,173.0 kWh,1
MT302625,FD-010,industrial,2019-11-16,domestic-low,212.0 kWh,FALSE
MT310080,FD-005,residential,2024-03-19,domestic-low,193.0 kWh,no
MT309467,FD-011,commercial,2020-05-26,domestic-standard,,False
MT301808,FD-026,residential,2025-12-05,social,,TRUE
MT309701,FD-037,residential,2025-06-05,commercial,110.4 kWh,1
MT310087,FD-025,commercial,2022-02-01,social,,1
MT310224,FD-014,residential,2023-07-08,industrial,63.6,1
MT310155,FD-015,industrial,2019-09-09,domestic-low,207.1 kWh,1
MT308331,FD-028,public,2026-04-21,domestic-low,87.6 kWh,False
MT301942,FD-001,commercial,26/06/2019,domestic-low,255.6 kWh,False
MT308600,FD-022,public,22/01/2023,social,285.4 kWh,yes
MT302408,FD-001,commercial,2024-05-18,commercial,12.0,FALSE
MT302673,FD-011,residential,2021-06-29,domestic-low,151.1,True
MT308100,FD-017,commercial,2019-04-16,social,193.3 kWh,yes
MT309637,FD-027,public,2022-01-11,social,63.3,True
MT306637,FD-036,residential,2021-01-09,commercial,54.2 kWh,yes
MT300100,FD-019,residential,2022-06-16,social,24.5 kWh,False
MT304291,FD-002,commercial,2024-05-15,social,112.4 kWh,FALSE
MT300782,FD-033,residential,2019-06-04,industrial,101.2 kWh,False
MT305302,FD-029,residential,2022-07-12,domestic-low,,0
MT305480,FD-035,residential,2025-01-20,industrial,99.3 kWh,TRUE
MT305929,FD-005,residential,2024-11-02,industrial,37.7 kWh,False
MT308266,FD-006,residential,2023-03-29,domestic-standard,191.9,FALSE
MT301405,FD-013,public,2022-09-26,domestic-low,17.9,no
MT306708,FD-034,commercial,2021-03-18,industrial,101.0,no
MT307462,FD-001,residential,2024-06-01,social,63.7 kWh,no
MT305051,FD-021,public,2023-02-22,commercial,,True
MT307319,FD-015,commercial,2025-04-18,domestic-standard,,yes
MT310741,FD-021,public,25/02/2022,domestic-standard,,yes
MT306467,FD-020,residential,2020-08-16,social,,1
MT309198,FD-002,public,2023-12-22,domestic-standard,,yes
MT306193,FD-024,commercial,2021-07-31,domestic-low,205.1 kWh,False
MT308830,FD-032,industrial,2023-03-14,domestic-low,,TRUE
MT308935,FD-028,public,2022-01-25,industrial,19.0 kWh,no
MT305262,FD-035,public,2025-12-01,commercial,185.2,yes
MT305948,FD-014,commercial,2025-08-22,domestic-low,72.3 kWh,0
MT304222,FD-008,public,2025-09-01,industrial,,True
MT304524,FD-031,residential,09/10/2020,social,40.2 kWh,TRUE
MT307400,FD-018,residential,2020-08-20,commercial,177.7,0
MT303771,FD-023,public,2024-12-18,domestic-standard,77.5 kWh,no
MT309062,FD-020,industrial,2024-11-22,domestic-low,105.8,TRUE
MT303818,FD-008,commercial,2024-10-18,domestic-low,167.1,no
MT306091,FD-028,public,2020-12-15,domestic-standard,47.9,no
MT304480,FD-032,residential,2023-05-10,commercial,149.2,no
MT306757,FD-004,public,2023-04-03,industrial,,1
MT310305,FD-033,residential,05/02/2025,domestic-standard,74.0 kWh,no
MT306100,FD-016,residential,2025-01-04,domestic-low,86.3,1
MT300565,FD-021,public,2019-07-01,domestic-low,131.8 kWh,0
MT309660,FD-037,residential,2025-02-04,commercial,,FALSE
MT310525,FD-010,public,2019-11-24,commercial,104.6,0
MT310259,FD-037,residential,2021-02-14,domestic-standard,56.0,TRUE
MT309507,FD-002,commercial,2020-06-24,commercial,132.6 kWh,FALSE
MT308223,FD-017,public,2026-02-14,domestic-standard,,True
MT306227,FD-027,public,2022-10-10,domestic-standard,28.0,True
MT308951,FD-028,residential,2023-09-08,social,,TRUE
MT302919,FD-021,residential,2021-05-11,industrial,178.4,no
MT300174,FD-024,residential,2020-02-20,commercial,17.2,False
MT302788,FD-019,industrial,2021-11-06,industrial,,0
MT309917,FD-003,residential,2024-06-14,domestic-standard,72.9,no
MT300440,FD-020,residential,2019-10-10,industrial,21.0 kWh,no
MT305632,FD-028,residential,2019-02-12,domestic-low,107.4 kWh,1
MT301162,FD-005,commercial,2019-03-23,domestic-standard,,yes
MT302018,FD-035,residential,2019-05-15,social,80.0,yes
MT303758,FD-024,industrial,2023-11-05,domestic-standard,167.2 kWh,yes
MT308792,FD-016,commercial,2020-04-13,domestic-standard,,False
MT309556,FD-009,residential,2022-07-28,domestic-low,52.3,no
MT302305,FD-035,residential,2019-06-21,social,195.3,FALSE
MT306514,FD-026,public,2020-12-05,industrial,21.5,FALSE
MT305689,FD-002,public,2023-12-01,domestic-low,47.6,False
MT300210,FD-016,residential,14/12/2024,domestic-low,,False
MT307394,FD-013,residential,2021-12-08,industrial,,yes
MT302308,FD-017,residential,2021-08-25,commercial,,1
MT304331,FD-028,commercial,06/05/2023,domestic-low,188.0 kWh,0
MT304333,FD-029,residential,2025-04-27,industrial,103.7,TRUE
MT310429,FD-004,industrial,2020-01-16,industrial,,1
MT302537,FD-015,residential,2024-09-15,domestic-standard,114.5,False
MT302819,FD-030,residential,2026-04-08,domestic-low,,TRUE
MT309711,FD-012,commercial,2019-01-18,domestic-low,,yes
MT308998,FD-015,commercial,2020-01-02,domestic-standard,101.4 kWh,TRUE
MT310993,FD-031,residential,2026-02-01,domestic-low,84.5,True
MT302761,FD-020,commercial,2019-01-18,commercial,,1
MT303994,FD-016,industrial,2023-07-05,industrial,,0
MT309760,FD-032,residential,2020-10-23,commercial,95.3 kWh,no
MT303201,FD-007,residential,2022-01-05,domestic-low,,0
MT306489,FD-017,public,2025-03-02,social,179.4 kWh,1
MT304590,FD-018,commercial,2024-06-25,industrial,,1
MT309183,FD-030,residential,29/07/2021,social,139.9,1
MT303260,FD-019,residential,2022-02-18,social,166.9,1
MT303633,FD-007,residential,2022-11-07,domestic-standard,87.0 kWh,yes
MT307164,FD-025,residential,2019-05-23,industrial,98.8,yes
MT303232,FD-004,industrial,2019-12-27,commercial,97.9 kWh,True
MT310011,FD-036,public,2022-01-16,domestic-low,125.2,yes
MT309612,FD-031,residential,2022-12-02,social,,TRUE
MT301338,FD-028,residential,2020-01-26,industrial,44.9 kWh,yes
MT309218,FD-029,residential,2023-09-20,industrial,,0
MT309129,FD-013,residential,2019-10-29,domestic-low,186.1 kWh,True
MT301698,FD-025,industrial,2023-12-19,domestic-low,57.5 kWh,no
MT300411,FD-005,residential,2025-02-08,domestic-standard,,True
MT307920,FD-029,industrial,2025-01-21,social,,False
MT304184,FD-033,residential,2023-09-24,domestic-low,,no
MT309215,FD-022,residential,2021-03-01,social,32.8 kWh,TRUE
MT308789,FD-034,public,2023-07-11,industrial,89.9 kWh,FALSE
MT306527,FD-001,public,2023-05-22,domestic-low,151.4,1
MT300869,FD-004,public,2023-12-19,domestic-standard,80.5,True
MT308743,FD-026,residential,03/02/2025,domestic-low,,False
MT304413,FD-010,industrial,2025-05-26,commercial,128.6 kWh,0
MT305619,FD-015,industrial,2021-02-16,commercial,,1
MT305402,FD-010,public,2024-04-09,domestic-low,46.1,FALSE
MT310016,FD-002,residential,2022-08-10,commercial,,TRUE
MT307465,FD-022,residential,2022-06-24,domestic-low,180.5,1
MT310533,FD-026,residential,01/05/2024,industrial,27.2,1
MT308234,FD-008,residential,2025-05-09,commercial,157.0,0
MT304836,FD-011,public,2020-02-01,industrial,148.1 kWh,0
MT302000,FD-030,industrial,2021-11-26,domestic-standard,67.7 kWh,True
MT308745,FD-035,residential,2026-04-25,social,,False
MT307992,FD-034,commercial,2020-10-11,industrial,,False
MT304847,FD-008,residential,2019-02-10,social,,TRUE
MT302896,FD-033,commercial,2022-04-13,domestic-low,,0
MT307381,FD-028,industrial,2022-08-26,domestic-low,,0
MT302144,FD-014,public,2023-09-10,industrial,66.7,1
MT310560,FD-017,residential,2019-01-10,industrial,,FALSE
MT306442,FD-031,industrial,2025-02-28,commercial,,yes
MT305853,FD-003,commercial,2023-12-02,domestic-low,159.2,0
MT304997,FD-031,commercial,2022-05-05,commercial,,FALSE
MT304034,FD-004,industrial,2023-09-10,domestic-standard,186.4,1
MT309631,FD-010,residential,2019-10-03,domestic-standard,,FALSE
MT308885,FD-030,public,2021-02-01,domestic-low,,FALSE
MT300344,FD-024,residential,2022-01-11,industrial,,False
MT307025,FD-001,residential,2019-03-02,commercial,55.8 kWh,TRUE
MT307324,FD-014,commercial,08/04/2019,domestic-standard,9.3 kWh,1
MT300938,FD-021,residential,2019-04-05,social,,False
MT310330,FD-032,commercial,2024-02-17,domestic-low,,FALSE
MT304946,FD-030,industrial,2024-03-24,commercial,21.2 kWh,no
MT309996,FD-024,public,2021-03-25,domestic-low,53.8 kWh,yes
MT307359,FD-026,residential,16/03/2023,industrial,40.5 kWh,0
MT305607,FD-007,commercial,2024-08-17,domestic-standard,10.0,TRUE
MT303173,FD-008,residential,2025-11-21,social,65.8,no
MT307475,FD-027,residential,2020-11-19,social,154.7,1
MT303822,FD-035,residential,2022-01-12,commercial,100.7,TRUE
MT301090,FD-023,industrial,2022-01-08,domestic-standard,21.1,yes
MT307833,FD-019,residential,2023-09-23,industrial,99.1 kWh,0
MT307944,FD-024,residential,2024-06-16,domestic-low,118.6 kWh,TRUE
MT303705,FD-008,public,2022-07-17,domestic-standard,31.6,1
MT307213,FD-021,residential,2022-01-23,domestic-standard,,yes
MT302574,FD-017,commercial,2025-01-11,commercial,,False
MT308124,FD-033,industrial,2025-09-21,domestic-standard,66.0,no
MT300884,FD-036,industrial,2023-03-09,domestic-low,,0
MT307794,FD-015,industrial,2019-06-21,industrial,166.1 kWh,FALSE
MT304706,FD-025,industrial,2022-02-24,domestic-low,149.3,0
MT307357,FD-036,public,2022-09-08,social,55.9,1
MT304944,FD-017,residential,2021-11-22,commercial,44.9,TRUE
MT309297,FD-011,residential,2019-11-01,industrial,35.4 kWh,yes
MT306768,FD-032,commercial,2026-04-28,commercial,,0
MT308434,FD-034,residential,2022-12-15,social,124.8,yes
MT310112,FD-029,residential,2020-01-14,commercial,182.5,True
MT309779,FD-029,residential,2021-01-15,commercial,167.5 kWh,no
MT308408,FD-030,residential,2025-02-14,domestic-low,136.6,FALSE
MT307312,FD-031,residential,2020-09-15,domestic-standard,,yes
MT309671,FD-023,residential,2020-04-22,domestic-low,102.6,0
MT302710,FD-027,commercial,23/10/2022,domestic-standard,,yes
MT306390,FD-022,residential,18/06/2024,domestic-low,122.5,TRUE
MT300469,FD-021,industrial,2019-06-24,social,,False
MT309675,FD-012,residential,2022-12-17,domestic-standard,118.3 kWh,TRUE
MT307662,FD-020,commercial,2020-01-03,domestic-low,40.7 kWh,yes
MT306473,FD-022,public,2025-12-31,commercial,,yes
MT306199,FD-026,industrial,2022-12-28,commercial,174.9 kWh,TRUE
MT307154,FD-002,commercial,2020-09-27,social,118.0 kWh,no
MT301710,FD-014,residential,2020-11-24,social,62.3 kWh,TRUE
MT305262,FD-035,public,2025-12-01,commercial,185.2,yes
MT306698,FD-009,commercial,04/10/2022,domestic-low,235.8,False
MT302185,FD-001,commercial,2024-01-04,domestic-low,69.4 kWh,1
MT306968,FD-014,public,2025-01-16,industrial,39.8 kWh,yes
MT302589,FD-016,residential,2025-05-06,domestic-standard,,no
MT302575,FD-029,industrial,2020-04-03,social,,yes
MT302136,FD-029,residential,2026-03-11,social,78.7 kWh,FALSE
MT304223,FD-037,residential,2019-11-18,domestic-standard,258.2 kWh,TRUE
MT302861,FD-009,industrial,2021-04-25,domestic-low,127.3,True
MT308609,FD-021,residential,2024-04-15,domestic-low,122.0,no
MT308864,FD-021,residential,2023-02-23,commercial,50.1 kWh,False
MT307588,FD-017,industrial,2020-06-03,domestic-low,,yes
MT303458,FD-008,residential,2025-01-12,industrial,48.9 kWh,yes
MT306324,FD-032,industrial,2024-07-21,domestic-low,12.7 kWh,1
MT304632,FD-012,commercial,2023-08-12,industrial,100.8,FALSE
MT306120,FD-036,commercial,2022-11-29,industrial,97.6,1
MT308917,FD-012,public,2021-05-28,domestic-low,,1
MT300514,FD-028,industrial,2022-10-25,domestic-low,110.9,1
MT309324,FD-025,public,2024-02-17,commercial,,True
MT310318,FD-013,commercial,01/04/2024,commercial,103.6,0
MT306262,FD-003,residential,2024-12-31,social,,1
MT307641,FD-030,commercial,2025-08-03,industrial,43.5,False
MT307545,FD-005,public,07/04/2023,industrial,176.5 kWh,yes
MT300736,FD-027,residential,2023-10-11,domestic-low,,0
MT308412,FD-034,commercial,2021-06-17,domestic-standard,,False
MT306657,FD-007,residential,2026-05-15,industrial,,yes
MT309352,FD-011,public,2026-04-15,domestic-standard,121.8,FALSE
MT303848,FD-017,commercial,2019-10-31,commercial,,0
MT300228,FD-035,commercial,2019-03-05,social,20.9,FALSE
MT303035,FD-035,residential,2020-03-19,social,63.2 kWh,False
MT306356,FD-012,public,2019-01-24,domestic-low,,yes
MT303922,FD-024,residential,2022-03-22,domestic-low,192.8 kWh,True
MT307118,FD-030,public,2020-02-14,industrial,,no
MT306295,FD-008,public,2021-06-12,domestic-standard,209.4,no
MT300715,FD-029,residential,31/01/2023,domestic-low,122.8 kWh,no
MT301837,FD-009,residential,2019-02-17,social,59.4,0
MT310167,FD-025,industrial,2025-04-29,domestic-low,33.8 kWh,1
MT301606,FD-012,residential,2021-03-27,domestic-low,,yes
MT304213,FD-004,residential,2023-05-15,industrial,253.0 kWh,FALSE
MT310581,FD-004,residential,2026-05-02,social,,yes
MT307412,FD-025,public,2024-02-11,social,124.8,FALSE
MT303289,FD-014,public,2020-01-23,domestic-standard,185.5 kWh,FALSE
MT306424,FD-015,residential,2020-05-12,commercial,113.6,0
MT300037,FD-035,commercial,2023-10-15,domestic-low,326.7 kWh,FALSE
MT304737,FD-004,commercial,2019-08-05,commercial,,False
MT307441,FD-021,industrial,2020-10-24,social,,1
MT301138,FD-022,industrial,2019-08-15,domestic-low,137.6 kWh,no
MT302640,FD-037,residential,2019-05-22,social,86.1,FALSE
MT305066,FD-005,public,2021-03-29,industrial,,True
MT304209,FD-024,public,2020-05-09,domestic-low,153.9,1
MT308189,FD-010,residential,27/04/2023,domestic-standard,,no
MT304478,FD-005,industrial,2020-04-23,domestic-low,181.0,FALSE
MT306737,FD-024,public,2020-08-17,industrial,46.5,FALSE
MT308740,FD-009,industrial,2022-12-19,domestic-standard,,yes
MT301282,FD-036,residential,07/04/2023,domestic-low,14.1 kWh,no
MT306487,FD-020,public,2019-12-20,commercial,,1
MT302488,FD-005,residential,2021-02-13,domestic-standard,92.3 kWh,False
MT310782,FD-020,commercial,2019-12-06,commercial,177.2 kWh,1
MT310019,FD-004,residential,2026-03-09,social,101.3,1
MT305254,FD-030,residential,2023-12-14,domestic-standard,29.0,FALSE
MT310982,FD-036,residential,2019-09-10,domestic-low,,yes
MT307510,FD-037,residential,2023-12-01,domestic-low,250.2,0
MT306586,FD-032,residential,2022-08-11,domestic-low,81.9,TRUE
MT302374,FD-015,residential,2023-11-11,social,59.8,1
MT308515,FD-008,public,2019-10-19,domestic-low,,no
MT310668,FD-020,residential,2025-09-26,social,136.8,yes
MT301322,FD-012,residential,2024-05-05,domestic-low,195.3 kWh,FALSE
MT308260,FD-033,residential,2022-10-01,industrial,57.4,True
MT301409,FD-029,public,10/11/2025,domestic-standard,171.3 kWh,yes
MT307610,FD-037,commercial,2025-12-04,social,223.2,FALSE
MT300226,FD-011,residential,24/07/2020,social,,0
MT306108,FD-036,public,2022-04-16,domestic-low,,True
MT303501,FD-009,residential,2019-10-16,domestic-low,202.5,0
MT301958,FD-029,residential,2019-08-24,commercial,,yes
MT303635,FD-035,public,2023-09-08,domestic-low,161.9 kWh,False
MT301414,FD-024,commercial,18/07/2021,domestic-low,95.0,0
MT310184,FD-024,residential,01/07/2025,commercial,,1
MT308187,FD-018,commercial,2021-10-30,domestic-low,115.1,FALSE
MT301885,FD-018,public,12/09/2020,domestic-low,,FALSE
MT309149,FD-025,commercial,2023-08-26,commercial,243.2 kWh,1
MT306518,FD-024,residential,2021-09-01,domestic-standard,,0
MT309898,FD-018,industrial,2025-05-20,domestic-low,34.3,no
MT307645,FD-022,public,2021-12-03,industrial,,1
MT301307,FD-032,public,2025-10-31,domestic-standard,169.5,True
MT309120,FD-024,residential,2020-03-12,commercial,120.7 kWh,TRUE
MT310500,FD-010,residential,2023-09-03,industrial,,False
MT307298,FD-004,residential,2019-06-30,domestic-low,133.7,True
MT309602,FD-036,public,2023-04-01,domestic-low,,TRUE
MT303302,FD-012,industrial,2019-08-14,commercial,80.0 kWh,TRUE
MT305275,FD-026,industrial,2025-06-17,domestic-standard,78.8 kWh,True
MT304870,FD-010,public,30/09/2022,commercial,111.9,yes
MT305936,FD-020,commercial,2021-09-20,domestic-low,25.8,no
MT305991,FD-024,commercial,08/08/2024,domestic-low,45.5 kWh,yes
MT305953,FD-019,public,25/12/2025,social,68.9 kWh,0
MT300282,FD-022,residential,03/04/2019,industrial,,0
MT310139,FD-003,residential,2024-01-19,domestic-low,119.8,0
MT301528,FD-006,residential,2026-03-14,domestic-low,113.4 kWh,TRUE
MT303946,FD-025,commercial,2022-01-18,social,,False
MT309526,FD-037,public,2024-02-07,domestic-low,141.5 kWh,yes
MT304953,FD-022,residential,09/08/2019,domestic-standard,157.7,FALSE
MT300631,FD-031,residential,2019-10-16,domestic-low,78.5,no
MT301953,FD-004,residential,2024-12-06,commercial,,FALSE
MT300333,FD-036,commercial,2026-03-17,domestic-low,,no
MT307295,FD-009,public,2025-07-12,social,,0
MT309267,FD-020,residential,2025-11-09,domestic-low,,TRUE
MT308276,FD-031,residential,2025-06-08,domestic-standard,,TRUE
MT308528,FD-028,residential,2024-09-06,social,90.5,1
MT303336,FD-037,commercial,2024-02-16,industrial,,True
MT307672,FD-033,residential,2023-10-09,domestic-low,77.3 kWh,yes
MT309400,FD-019,residential,2020-03-18,industrial,,False
MT306031,FD-016,residential,2024-10-08,commercial,163.5,TRUE
MT304750,FD-029,commercial,2019-04-11,commercial,,True
MT307043,FD-025,industrial,05/03/2022,social,,FALSE
MT307866,FD-008,public,2020-07-24,commercial,,TRUE
MT310307,FD-035,residential,2020-02-26,domestic-low,128.3,FALSE
MT300934,FD-017,residential,2023-03-10,domestic-standard,,no
MT308891,FD-017,residential,2022-02-18,domestic-low,,1
MT306961,FD-018,public,2022-06-30,domestic-standard,38.7,1
MT308512,FD-006,residential,2025-08-22,social,113.3,1
MT300670,FD-009,residential,2022-07-17,commercial,60.7,0
MT302704,FD-012,industrial,2023-08-07,industrial,,1
MT307476,FD-022,residential,2021-06-13,commercial,50.8,0
MT302135,FD-014,residential,2020-03-19,domestic-standard,131.6,yes
MT309816,FD-028,residential,2022-12-04,domestic-low,41.9,1
MT301240,FD-015,residential,2020-03-05,social,183.2 kWh,FALSE
MT301682,FD-014,industrial,2019-01-26,industrial,187.5,False
MT309237,FD-035,industrial,2025-11-22,domestic-low,166.0,True
MT303262,FD-028,residential,2023-09-27,industrial,136.9,0
MT301354,FD-035,residential,2020-05-01,domestic-low,,0
MT301206,FD-029,residential,2023-10-13,social,,False
MT303500,FD-021,industrial,2022-02-21,industrial,,no
MT309615,FD-017,industrial,2022-12-23,industrial,,TRUE
MT309667,FD-024,commercial,15/04/2021,domestic-low,,yes
MT305322,FD-034,residential,2024-10-26,social,,FALSE
MT308303,FD-023,public,2020-01-12,industrial,63.3,True
MT306158,FD-014,residential,2020-02-18,domestic-standard,234.3,yes
MT310288,FD-010,residential,2024-04-11,social,,TRUE
MT310427,FD-032,public,2024-09-24,domestic-low,81.3,False
MT304576,FD-019,commercial,2025-03-22,industrial,,no
MT306796,FD-008,industrial,2019-04-08,commercial,106.8,1
MT307570,FD-003,residential,2025-11-07,domestic-low,11.8,True
MT302291,FD-013,residential,14/08/2023,domestic-standard,,TRUE
MT308525,FD-037,residential,2021-09-21,social,36.9,no
MT308355,FD-013,public,26/11/2023,domestic-standard,,True
MT308169,FD-027,residential,2019-07-07,domestic-standard,111.0 kWh,no
MT302495,FD-022,commercial,17/10/2024,commercial,,False
MT305248,FD-034,residential,2025-10-08,industrial,,0
MT302531,FD-020,commercial,23/01/2025,social,,False
MT307923,FD-010,industrial,2023-07-29,domestic-standard,59.1 kWh,False
MT308555,FD-008,residential,2020-08-17,domestic-standard,69.0 kWh,0
MT305123,FD-010,residential,08/03/2022,social,13.0 kWh,TRUE
MT302324,FD-005,public,2020-11-01,industrial,205.0,yes
MT308041,FD-036,public,2020-12-15,domestic-low,92.6 kWh,False
MT302547,FD-012,residential,2021-07-27,commercial,136.6,1
MT310588,FD-027,commercial,2024-10-21,domestic-standard,31.8 kWh,TRUE
MT306381,FD-028,public,2022-01-09,industrial,285.2 kWh,yes
MT302503,FD-029,residential,2021-09-05,domestic-low,,False
MT303728,FD-022,residential,2021-04-24,domestic-low,144.8,False
MT305682,FD-004,residential,02/05/2023,industrial,147.7,True
MT306502,FD-028,commercial,2019-03-28,industrial,54.6,yes
MT300775,FD-016,public,2025-11-05,commercial,246.5 kWh,FALSE
MT301474,FD-016,commercial,2021-01-19,domestic-standard,129.7,FALSE
MT306428,FD-027,commercial,2025-05-08,social,,FALSE
MT309152,FD-002,residential,2022-09-19,industrial,,yes
MT301063,FD-008,residential,2021-10-05,domestic-low,197.2,False
MT304344,FD-029,industrial,2020-04-28,social,42.2,0
MT302024,FD-016,residential,2022-10-25,domestic-standard,,False
MT305987,FD-004,commercial,2025-11-26,domestic-standard,271.1,0
MT307589,FD-037,public,2023-04-06,industrial,,1
MT306025,FD-037,commercial,2023-10-25,domestic-low,84.3,True
MT300992,FD-030,public,2022-07-10,domestic-low,,no
MT305578,FD-012,residential,2025-04-12,domestic-standard,204.6 kWh,FALSE
MT300175,FD-022,commercial,2020-11-20,domestic-low,90.7 kWh,0
MT309073,FD-022,industrial,31/07/2020,domestic-standard,,0
MT303234,FD-033,residential,2026-02-15,domestic-low,42.5 kWh,False
MT307631,FD-025,commercial,2020-08-22,domestic-low,,no
MT309515,FD-020,commercial,2020-01-23,domestic-standard,145.7,1
MT302732,FD-033,public,2019-07-12,domestic-low,173.5 kWh,False
MT300352,FD-012,residential,2020-02-16,domestic-standard,184.0 kWh,FALSE
MT302391,FD-032,residential,2023-01-02,commercial,64.7 kWh,False
MT305111,FD-031,commercial,2024-05-12,social,17.8,FALSE
MT304000,FD-013,industrial,2023-01-21,social,210.2 kWh,yes
MT305160,FD-006,residential,2023-07-30,commercial,,0
MT302228,FD-026,residential,2021-06-06,social,108.0,0
MT303871,FD-011,public,2025-04-27,industrial,27.2 kWh,no
MT300932,FD-037,residential,2026-01-03,industrial,,True
MT305698,FD-031,industrial,29/07/2021,commercial,,no
MT306939,FD-009,public,13/10/2019,domestic-low,150.7,1
MT300437,FD-020,industrial,2024-07-05,domestic-standard,117.9,False
MT309174,FD-005,commercial,2020-05-16,social,26.7 kWh,TRUE
MT310754,FD-035,public,2025-08-14,commercial,121.3 kWh,False
MT309088,FD-037,industrial,2021-04-19,commercial,,FALSE
MT305357,FD-017,public,2023-07-19,domestic-low,128.0,FALSE
MT306924,FD-030,residential,2026-05-17,industrial,160.8 kWh,FALSE
MT302582,FD-036,residential,2019-06-24,domestic-standard,108.4 kWh,TRUE
MT308630,FD-001,residential,2025-09-16,social,149.5 kWh,False
MT304172,FD-019,residential,2020-12-22,domestic-standard,45.1,True
MT301039,FD-033,industrial,2024-01-21,domestic-low,119.7 kWh,yes
MT308195,FD-029,industrial,2026-02-23,domestic-low,23.9,True
MT308634,FD-010,commercial,2022-09-01,domestic-low,91.0,TRUE
MT308042,FD-025,residential,2023-01-11,domestic-standard,54.9 kWh,no
MT305820,FD-006,commercial,2023-01-07,social,139.7 kWh,1
MT305034,FD-030,public,2023-06-13,domestic-standard,,FALSE
MT303761,FD-025,commercial,2021-08-15,social,,False
MT303115,FD-013,residential,20/10/2024,domestic-standard,36.2 kWh,TRUE
MT306849,FD-010,residential,26/09/2021,commercial,62.1 kWh,True
MT307078,FD-016,residential,2021-07-08,domestic-low,,False
MT302523,FD-008,public,2025-09-04,domestic-standard,117.0,TRUE
MT308874,FD-016,residential,2020-05-05,social,28.2 kWh,1
MT308577,FD-014,industrial,12/12/2020,domestic-low,9.5,True
MT300284,FD-007,commercial,2021-06-01,industrial,93.8 kWh,1
MT308038,FD-001,public,2024-04-26,social,,FALSE
MT305763,FD-009,residential,2019-11-17,social,173.4 kWh,0
MT303607,FD-021,industrial,2021-11-05,domestic-standard,249.9 kWh,True
MT301529,FD-023,residential,2022-02-02,domestic-standard,16.7 kWh,False
MT304473,FD-006,residential,2019-01-27,industrial,100.6 kWh,yes
MT308810,FD-004,residential,2019-12-27,commercial,,True
MT300394,FD-037,industrial,2023-08-31,domestic-low,150.0,no
MT304237,FD-003,commercial,2021-08-13,domestic-low,57.9,yes
MT301157,FD-015,commercial,2020-01-30,commercial,70.0 kWh,True
MT305513,FD-021,commercial,2022-06-04,domestic-low,,TRUE
MT308163,FD-002,residential,2022-10-23,industrial,,0
MT310810,FD-035,residential,2023-12-25,social,157.6,False
MT304714,FD-026,public,2022-02-22,social,100.6 kWh,True
MT309559,FD-021,residential,2022-10-25,domestic-standard,90.6 kWh,True
MT304554,FD-009,residential,2025-09-05,domestic-standard,35.1,1
MT305000,FD-019,residential,2024-08-09,domestic-low,168.8,no
MT301988,FD-035,commercial,2019-10-09,domestic-low,58.1,False
MT301720,FD-025,residential,2019-03-16,social,146.2 kWh,True
MT304645,FD-014,residential,2026-02-12,domestic-low,,no
MT302632,FD-019,commercial,2022-09-03,domestic-low,65.6 kWh,FALSE
MT308123,FD-005,commercial,2023-01-28,social,,TRUE
MT304275,FD-021,residential,2023-09-05,industrial,53.5 kWh,no
MT304001,FD-031,residential,2022-09-02,domestic-low,144.3,False
MT306305,FD-016,residential,2024-08-04,industrial,112.8,0
MT307422,FD-023,industrial,2021-01-14,domestic-standard,180.6,FALSE
MT301113,FD-034,residential,2023-08-25,domestic-standard,237.1 kWh,0
MT308461,FD-029,public,2026-03-24,industrial,26.5,TRUE
MT302270,FD-013,residential,2022-03-06,commercial,,False
MT309744,FD-026,public,2023-12-18,domestic-standard,,TRUE
MT302346,FD-026,industrial,2022-02-19,domestic-standard,148.1,1
MT307321,FD-032,commercial,2024-08-21,social,,yes
MT308158,FD-023,residential,2023-07-14,industrial,182.1,yes
MT310494,FD-023,industrial,2025-02-06,domestic-low,161.4,FALSE
MT303419,FD-030,residential,2025-09-11,domestic-standard,303.6 kWh,TRUE
MT301607,FD-031,industrial,2022-07-12,industrial,122.0 kWh,0
MT307130,FD-022,public,2020-10-29,domestic-low,,0
MT308929,FD-029,public,2019-07-23,domestic-low,37.3 kWh,False
MT303668,FD-028,residential,2021-01-27,industrial,,TRUE
MT305013,FD-025,residential,2022-11-28,commercial,,no
MT305672,FD-033,industrial,26/12/2021,domestic-standard,26.6,0
MT310708,FD-026,residential,2024-02-10,domestic-low,236.5 kWh,FALSE
MT307770,FD-029,residential,2020-09-25,domestic-low,64.2,True
MT302191,FD-030,commercial,2022-04-06,social,118.0 kWh,FALSE
MT300839,FD-017,residential,2020-06-16,social,213.2 kWh,0
MT301930,FD-013,commercial,2019-03-01,domestic-low,43.5,0
MT306772,FD-009,industrial,07/03/2025,industrial,,yes
MT303967,FD-027,residential,2021-06-08,commercial,77.9,False
MT310466,FD-016,residential,2023-11-05,commercial,142.1 kWh,TRUE
MT301373,FD-029,industrial,2024-12-22,industrial,148.8 kWh,TRUE
MT302621,FD-030,industrial,09/06/2024,commercial,12.9 kWh,False
MT309832,FD-016,residential,2023-10-08,commercial,71.1 kWh,1
MT301517,FD-026,residential,2025-11-01,commercial,62.6,FALSE
MT309155,FD-014,residential,2021-12-03,domestic-standard,129.1,yes
MT302859,FD-020,industrial,2020-08-08,social,104.9 kWh,no
MT303368,FD-025,public,2025-10-08,domestic-low,,1
MT307090,FD-029,residential,2025-10-26,domestic-low,98.1,0
MT306377,FD-011,residential,2020-01-30,commercial,32.9,yes
MT308869,FD-021,public,2023-06-30,domestic-low,,yes
MT302999,FD-025,residential,2023-07-26,domestic-standard,,TRUE
MT300374,FD-002,industrial,2026-03-26,domestic-low,261.0,False
MT307230,FD-012,residential,2024-10-30,domestic-standard,131.6,0
MT310416,FD-007,commercial,2024-01-28,commercial,,0
MT302458,FD-010,commercial,01/10/2022,domestic-low,275.9,FALSE
MT310221,FD-017,residential,2021-10-17,industrial,64.8,0
MT308778,FD-015,industrial,2022-04-15,domestic-low,84.1 kWh,TRUE
MT302462,FD-033,residential,2020-10-13,domestic-standard,150.8 kWh,no
MT305058,FD-010,public,2019-04-30,commercial,44.0,yes
MT304522,FD-019,public,2023-03-31,domestic-low,,True
MT306171,FD-023,residential,2025-07-08,social,65.9 kWh,0
MT307023,FD-034,industrial,2025-11-06,domestic-low,62.5,no
MT304920,FD-015,residential,2022-10-16,domestic-low,132.6,no
MT307654,FD-037,residential,2022-07-04,domestic-low,191.7,0
MT304066,FD-001,industrial,2022-08-08,social,57.6,TRUE
MT307601,FD-036,residential,2024-09-23,industrial,,1
MT300042,FD-021,industrial,23/01/2019,social,123.2 kWh,FALSE
MT303993,FD-021,commercial,2023-07-05,domestic-standard,104.8 kWh,True
MT303347,FD-001,public,2019-12-04,domestic-low,,0
MT306958,FD-035,public,2025-08-28,domestic-low,17.2 kWh,TRUE
MT303254,FD-007,public,2020-04-28,domestic-low,120.2 kWh,no
MT303144,FD-037,public,2023-08-21,commercial,188.1,1
MT305634,FD-022,commercial,2021-02-17,domestic-low,203.2 kWh,0
MT301472,FD-032,public,2020-12-22,commercial,162.4,True
MT301790,FD-017,residential,2021-10-31,commercial,,1
MT309153,FD-003,industrial,2019-06-23,domestic-standard,,True
MT303299,FD-019,industrial,2019-12-22,social,61.2,1
MT309926,FD-026,industrial,24/03/2021,industrial,,no
MT308667,FD-024,public,2025-08-23,domestic-low,111.0,TRUE
MT308909,FD-036,public,2023-03-24,social,71.3,no
MT302851,FD-026,residential,2023-06-09,domestic-low,,0
MT304849,FD-029,public,05/02/2025,domestic-standard,74.2,0
MT300358,FD-034,public,2019-04-29,industrial,16.7 kWh,1
MT310417,FD-016,commercial,2019-04-01,industrial,143.7,False
MT309176,FD-006,commercial,28/10/2019,commercial,100.5 kWh,yes
MT304916,FD-033,residential,2026-04-15,domestic-low,83.9 kWh,0
MT307868,FD-014,public,2024-06-19,domestic-low,,0
MT306906,FD-007,commercial,2024-12-19,domestic-standard,204.2,1
MT307044,FD-027,residential,2023-10-14,domestic-low,247.8 kWh,0
MT300864,FD-029,residential,2024-09-05,domestic-low,,yes
MT300750,FD-036,commercial,2022-10-22,domestic-low,94.7 kWh,FALSE
MT307126,FD-031,commercial,2019-07-05,domestic-standard,54.0 kWh,1
MT305536,FD-034,residential,2021-11-25,domestic-standard,,1
MT309302,FD-035,industrial,2019-09-27,domestic-low,,False
MT305524,FD-008,residential,2022-09-02,industrial,122.5 kWh,FALSE
MT304403,FD-009,public,2023-06-22,social,111.7 kWh,TRUE
MT303939,FD-031,residential,2026-04-06,commercial,155.3 kWh,False
MT309380,FD-006,residential,2024-07-30,domestic-standard,61.9,0
MT309384,FD-021,residential,2024-01-07,social,117.6,no
MT310893,FD-019,industrial,2019-06-05,domestic-standard,,FALSE
MT310976,FD-012,industrial,2020-09-07,domestic-low,164.1,no
MT310921,FD-002,residential,2021-03-12,domestic-low,60.3 kWh,1
MT307435,FD-003,residential,2020-09-16,domestic-low,,FALSE
MT302906,FD-014,residential,2022-05-22,domestic-standard,119.6 kWh,True
MT300313,FD-015,public,2020-05-14,commercial,210.4,TRUE
MT306317,FD-031,industrial,17/04/2023,social,75.4,TRUE
MT306617,FD-008,residential,2023-10-16,domestic-low,,TRUE
MT308381,FD-031,residential,2023-10-21,social,198.2 kWh,no
MT304183,FD-017,residential,2021-10-30,social,64.5 kWh,False
MT306809,FD-004,industrial,21/09/2020,domestic-low,16.4,1
MT301554,FD-020,commercial,2025-08-09,domestic-low,45.7 kWh,FALSE
MT308131,FD-022,residential,2024-12-26,domestic-standard,31.8,yes
MT305648,FD-034,public,2020-12-01,commercial,79.6,0
MT304555,FD-002,residential,2022-05-16,industrial,,0
MT309432,FD-014,residential,2024-09-19,industrial,55.6 kWh,0
MT309759,FD-013,commercial,2025-12-19,domestic-low,51.9,1
MT307954,FD-027,residential,2019-02-19,industrial,,TRUE
MT305818,FD-011,residential,2020-02-08,domestic-standard,,yes
MT303128,FD-006,industrial,2022-10-26,domestic-low,,no
MT306482,FD-019,industrial,2020-10-27,commercial,,True
MT305644,FD-014,industrial,2020-03-22,social,129.7 kWh,yes
MT307683,FD-019,residential,2019-05-21,domestic-low,,True
MT308442,FD-014,industrial,2020-08-02,domestic-low,,yes
MT307102,FD-026,public,2024-11-25,commercial,124.8 kWh,TRUE
MT302010,FD-032,public,2024-10-09,domestic-low,145.2,0
MT301080,FD-009,public,2019-09-01,commercial,82.0,0
MT303220,FD-017,residential,2019-04-23,domestic-standard,115.8,True
MT306021,FD-016,residential,2019-05-09,commercial,9.0,no
MT304356,FD-009,residential,2024-08-26,social,,True
MT303847,FD-018,residential,2024-05-21,industrial,,TRUE
MT303940,FD-013,commercial,2024-10-29,commercial,214.8,no
MT303727,FD-013,residential,2023-10-27,commercial,246.6 kWh,TRUE
MT301501,FD-011,public,2023-09-21,domestic-low,,False
MT303718,FD-010,commercial,2020-03-03,commercial,,True
MT302951,FD-011,industrial,18/07/2021,social,,no
MT309750,FD-004,residential,2025-07-04,industrial,,False
MT302916,FD-027,residential,2022-06-23,domestic-standard,205.7 kWh,TRUE
MT300490,FD-027,residential,2024-04-11,commercial,28.4,yes
MT310867,FD-006,public,2020-08-02,domestic-low,176.5,FALSE
MT306450,FD-026,residential,2020-02-01,social,,True
MT309686,FD-033,residential,06/07/2022,domestic-standard,,1
MT306921,FD-030,public,2020-11-07,commercial,55.5,yes
MT302493,FD-014,residential,2023-06-22,domestic-standard,139.6 kWh,1
MT306984,FD-020,commercial,2019-12-28,social,83.3 kWh,no
MT301216,FD-030,residential,2021-02-21,domestic-standard,138.2 kWh,FALSE
MT303255,FD-011,industrial,2019-10-22,domestic-standard,130.5,0
MT300504,FD-022,commercial,06/02/2026,industrial,71.3 kWh,1
MT300984,FD-006,residential,2022-12-03,commercial,126.2 kWh,no
MT304809,FD-022,residential,2025-09-25,domestic-low,,no
MT309434,FD-022,residential,2020-05-21,domestic-low,98.8,yes
MT308382,FD-037,commercial,10/04/2024,industrial,,True
MT306742,FD-005,industrial,2025-08-08,industrial,141.3 kWh,FALSE
MT300637,FD-019,residential,01/03/2021,domestic-low,20.8 kWh,False
MT302103,FD-027,residential,2019-12-23,domestic-low,160.8,True
MT305201,FD-029,residential,12/02/2021,commercial,79.7 kWh,TRUE
MT300273,FD-026,public,16/12/2023,industrial,,TRUE
MT304909,FD-028,industrial,27/06/2025,domestic-standard,,True
MT308750,FD-003,residential,2020-12-27,domestic-low,,0
MT304530,FD-036,commercial,2022-04-14,commercial,182.0,True
MT301009,FD-036,commercial,2024-03-31,domestic-low,,FALSE
MT306387,FD-019,residential,22/04/2021,domestic-low,35.3 kWh,no
MT301801,FD-002,industrial,2020-09-21,domestic-low,197.4,True
MT306526,FD-029,residential,2020-04-12,commercial,122.0,0
MT308151,FD-003,residential,2020-02-07,social,147.5 kWh,True
MT301688,FD-029,industrial,2019-08-22,domestic-low,149.3 kWh,1
MT307764,FD-035,commercial,2020-02-21,domestic-standard,287.7 kWh,TRUE
MT306143,FD-004,public,2021-11-06,domestic-standard,79.7,FALSE
MT306080,FD-015,industrial,2022-08-31,commercial,195.4,0
MT301312,FD-013,public,2021-03-28,commercial,,False
MT302615,FD-015,residential,2023-05-06,industrial,,True
MT300302,FD-005,commercial,2020-12-21,domestic-low,109.2,yes
MT305804,FD-009,public,2021-05-21,domestic-standard,,False
MT309070,FD-004,residential,2022-10-09,domestic-low,23.9 kWh,True
MT309749,FD-006,residential,2025-09-21,domestic-low,212.6,TRUE
MT305511,FD-001,residential,2023-02-19,domestic-standard,150.3 kWh,no
MT309407,FD-003,residential,2024-06-24,social,,FALSE
MT305548,FD-027,residential,2020-10-05,industrial,54.0,TRUE
MT304689,FD-009,commercial,2026-05-02,commercial,185.7 kWh,0
MT309342,FD-019,residential,2023-12-12,social,171.6 kWh,True
MT306770,FD-026,commercial,2023-07-19,social,70.1 kWh,1
MT309513,FD-010,industrial,05/07/2023,industrial,,0
MT303514,FD-010,commercial,2025-09-05,domestic-standard,14.4 kWh,yes
MT300879,FD-032,commercial,2024-10-19,domestic-standard,157.1,yes
MT302791,FD-012,public,2023-12-19,social,59.9 kWh,0
MT310463,FD-032,industrial,2025-03-15,domestic-standard,158.6 kWh,True
MT307477,FD-037,commercial,2025-02-07,domestic-standard,46.5,1
MT306673,FD-036,public,2022-02-17,domestic-low,,0
MT302052,FD-003,industrial,2026-03-06,social,,FALSE
MT305416,FD-014,residential,2024-05-11,domestic-low,12.0 kWh,no
MT305608,FD-022,residential,2025-01-30,commercial,,FALSE
MT308059,FD-019,residential,2019-08-02,industrial,,True
MT306094,FD-025,residential,26/04/2022,industrial,,FALSE
MT302423,FD-008,residential,2025-05-08,industrial,,0
MT302917,FD-031,public,2024-05-03,commercial,,True
MT306409,FD-030,residential,2025-06-28,industrial,,no
MT309936,FD-034,residential,2022-09-19,industrial,20.3 kWh,0
MT308282,FD-024,commercial,2020-04-15,commercial,71.2 kWh,False
MT307232,FD-034,residential,2024-12-30,domestic-standard,152.2,yes
MT303100,FD-010,residential,2020-02-08,domestic-low,136.5,no
MT301242,FD-007,residential,2026-02-09,industrial,205.2,1
MT300107,FD-020,commercial,2020-07-09,domestic-low,66.3 kWh,TRUE
MT309669,FD-033,residential,2020-03-11,social,,TRUE
MT300044,FD-034,public,2020-05-30,domestic-low,,0
MT306631,FD-024,residential,2019-02-21,domestic-low,14.0,True
MT301462,FD-022,industrial,2020-05-02,commercial,,True
MT303288,FD-001,residential,2025-07-14,domestic-standard,48.4,0
MT303252,FD-008,commercial,2020-06-04,commercial,,1
MT307911,FD-035,industrial,2020-01-13,commercial,,False
MT308904,FD-030,residential,2019-02-08,social,124.7,False
MT306774,FD-033,residential,2023-07-06,commercial,164.9 kWh,FALSE
MT305581,FD-025,residential,2021-12-06,domestic-low,88.3 kWh,False
MT305824,FD-034,commercial,2020-04-20,domestic-low,,yes
MT303519,FD-032,residential,2023-06-22,industrial,137.6 kWh,1
MT301225,FD-035,residential,2022-01-09,domestic-low,15.8,yes
MT306577,FD-005,residential,21/09/2019,domestic-low,109.5,1
MT302536,FD-026,commercial,07/05/2024,industrial,8.2 kWh,no
MT310607,FD-011,public,18/03/2019,industrial,183.5 kWh,yes
MT303465,FD-005,residential,2023-01-10,commercial,40.6,False
MT300960,FD-022,residential,2021-03-03,domestic-low,74.8 kWh,yes
MT304790,FD-008,public,20/12/2020,domestic-standard,153.9 kWh,1
MT305202,FD-013,commercial,2019-07-31,commercial,,True
MT305506,FD-033,public,2025-03-03,domestic-low,,True
MT308349,FD-008,residential,26/04/2019,domestic-low,178.2 kWh,False
MT304619,FD-034,commercial,2019-10-22,social,,0
MT304264,FD-008,residential,2024-10-18,social,43.2,0
MT310188,FD-032,residential,2021-08-16,commercial,200.0 kWh,1
MT309841,FD-013,residential,2024-10-18,domestic-low,106.1 kWh,False
MT310612,FD-029,residential,2022-01-12,domestic-standard,161.7,False
MT306287,FD-020,residential,2022-05-13,social,198.4,TRUE
MT309262,FD-032,commercial,2025-01-10,domestic-standard,14.3,1
MT307580,FD-016,residential,2022-06-11,domestic-low,,yes
MT307424,FD-029,industrial,2021-04-27,domestic-low,81.8,False
MT308741,FD-001,residential,2020-02-19,commercial,,False
MT306124,FD-033,commercial,2026-05-17,domestic-low,136.1,False
MT300325,FD-009,residential,2023-05-02,commercial,64.9,0
MT302608,FD-018,residential,2021-10-24,domestic-standard,,True
MT310818,FD-012,commercial,2021-04-28,social,118.6 kWh,False
MT302067,FD-005,industrial,2023-11-23,industrial,67.7,False
MT303442,FD-028,commercial,2023-03-29,industrial,,False
MT306400,FD-008,residential,2023-09-23,social,65.0,0
MT305152,FD-035,commercial,2025-06-01,domestic-low,201.9 kWh,0
MT308283,FD-032,residential,2023-08-29,domestic-low,38.5 kWh,1
MT307155,FD-032,industrial,2021-02-04,industrial,27.6,no
MT300661,FD-032,residential,2025-11-02,commercial,,TRUE
MT300600,FD-026,commercial,2020-07-25,domestic-low,,yes
MT300982,FD-015,public,2023-06-05,social,223.2,yes
MT303671,FD-022,residential,2019-06-13,social,,1
MT303400,FD-007,residential,2022-02-28,domestic-low,,TRUE
MT303534,FD-027,public,16/09/2021,industrial,,1
MT310689,FD-008,industrial,2025-04-29,social,,yes
MT310499,FD-013,industrial,2020-05-30,domestic-low,89.1,1
MT306239,FD-020,public,2023-01-29,domestic-low,218.8 kWh,False
MT306057,FD-027,industrial,2019-05-30,commercial,195.4,0
MT305869,FD-001,public,2025-02-24,domestic-low,129.5 kWh,TRUE
MT310866,FD-020,residential,2023-07-28,domestic-low,,True
MT302964,FD-020,industrial,2021-06-24,commercial,180.4 kWh,TRUE
MT302140,FD-029,commercial,2024-07-28,domestic-low,24.2 kWh,TRUE
MT306279,FD-019,residential,03/05/2026,domestic-low,,no
MT307341,FD-002,residential,2020-04-21,domestic-low,,yes
MT309888,FD-016,public,2024-03-23,domestic-low,43.0,True
MT300806,FD-001,public,2023-01-25,domestic-standard,207.9,True
MT304482,FD-021,public,2022-04-09,domestic-low,68.1 kWh,no
MT308329,FD-022,residential,2024-10-24,commercial,11.0 kWh,FALSE
MT308220,FD-009,industrial,2019-01-23,commercial,,yes
MT304042,FD-028,residential,2025-07-07,domestic-low,,1
MT300444,FD-020,commercial,26/10/2025,domestic-low,,False
MT300482,FD-036,commercial,2025-04-23,commercial,180.2,TRUE
MT306438,FD-036,public,2021-01-28,social,104.3,True
MT301763,FD-013,public,2021-02-22,industrial,,no
MT301422,FD-032,commercial,2020-10-04,domestic-low,,True
MT306879,FD-024,residential,20/12/2025,social,,False
MT309239,FD-028,residential,2024-11-26,industrial,120.6 kWh,1
MT301241,FD-020,public,2021-12-23,domestic-low,,FALSE
MT306714,FD-031,residential,2019-11-14,industrial,,True
MT308066,FD-034,residential,12/11/2019,domestic-standard,66.9 kWh,1
MT307446,FD-016,residential,2021-04-11,social,192.9,TRUE
MT302665,FD-011,commercial,2024-10-02,domestic-low,23.7,1
MT307518,FD-024,residential,2019-12-22,domestic-low,175.2,0
MT304601,FD-016,commercial,2024-02-07,industrial,79.8 kWh,FALSE
MT302218,FD-027,public,2020-03-19,domestic-standard,164.0 kWh,1
MT305270,FD-002,residential,2020-09-04,industrial,53.1,1
MT303435,FD-018,commercial,2020-11-14,commercial,13.3 kWh,FALSE
MT301743,FD-025,residential,2025-05-22,commercial,73.5,True
MT304994,FD-009,residential,2019-05-27,commercial,,False
MT306568,FD-003,residential,2023-01-07,industrial,17.5,TRUE
MT304600,FD-003,residential,2025-09-10,commercial,29.2,FALSE
MT305354,FD-028,residential,12/01/2024,domestic-low,,1
MT301471,FD-013,residential,2021-03-08,domestic-low,,True
MT304894,FD-021,commercial,2020-08-22,domestic-standard,226.9,1
MT305082,FD-035,industrial,2024-04-08,domestic-low,146.7 kWh,True
MT300612,FD-009,industrial,2022-07-02,domestic-low,151.7,no
MT305042,FD-008,residential,2025-05-19,commercial,26.2 kWh,no
MT306235,FD-001,commercial,2020-03-26,domestic-low,137.8,True
MT300270,FD-019,commercial,2019-06-04,commercial,105.1 kWh,0
MT303382,FD-027,commercial,2021-10-16,industrial,,True
MT306234,FD-027,public,2019-03-30,commercial,,no
MT310001,FD-026,commercial,2023-06-27,domestic-standard,,no
MT302970,FD-028,residential,2022-06-04,domestic-low,242.7 kWh,TRUE
MT308269,FD-009,public,2020-03-25,commercial,106.2,yes
MT307946,FD-029,public,2024-12-22,social,113.7,yes
MT305527,FD-023,industrial,2023-07-10,domestic-low,56.4 kWh,0
MT310995,FD-027,residential,2020-01-09,industrial,147.3,no
MT300807,FD-033,residential,2020-07-18,domestic-low,152.0,False
MT303538,FD-009,residential,2025-04-09,domestic-standard,55.3 kWh,True
MT304755,FD-020,industrial,2019-05-03,domestic-low,195.0 kWh,yes
MT306829,FD-011,public,2022-09-12,domestic-low,110.2 kWh,False
MT309831,FD-027,public,2022-09-13,social,,0
MT308328,FD-014,residential,2025-10-22,domestic-low,19.6 kWh,True
MT305889,FD-037,residential,2024-09-19,industrial,115.0 kWh,1
MT302691,FD-004,residential,2021-03-05,social,31.2,1
MT303518,FD-029,residential,2025-01-30,domestic-low,,0
MT309672,FD-031,residential,2023-03-20,social,130.4,1
MT307505,FD-027,residential,2019-01-14,domestic-low,,False
MT304526,FD-004,industrial,2019-07-06,social,,no
MT309054,FD-007,residential,2023-07-06,domestic-standard,,TRUE
MT304086,FD-004,residential,2020-11-30,domestic-low,75.5,True
MT303525,FD-013,residential,2024-03-11,social,123.7 kWh,False
MT305515,FD-022,residential,2025-08-29,industrial,23.4,no
MT305119,FD-003,industrial,2020-06-26,industrial,22.0 kWh,False
MT300192,FD-021,industrial,2025-10-20,commercial,,0
MT301295,FD-009,residential,2023-03-04,domestic-low,101.4 kWh,True
MT310611,FD-033,commercial,2020-08-12,domestic-standard,61.7 kWh,True
MT305808,FD-028,commercial,13/12/2022,domestic-standard,189.2 kWh,yes
MT302361,FD-015,public,2019-06-07,domestic-low,146.1 kWh,True
MT304992,FD-024,residential,2020-06-20,commercial,56.0 kWh,1
MT303034,FD-008,residential,2023-07-01,industrial,22.4 kWh,FALSE
MT307180,FD-034,public,2020-03-09,domestic-low,30.5,True
MT309078,FD-031,residential,15/01/2019,industrial,26.4,FALSE
MT307893,FD-002,public,2022-03-17,domestic-standard,108.2,False
MT300427,FD-029,residential,2019-04-26,domestic-low,112.9 kWh,no
MT307035,FD-033,industrial,2023-02-08,industrial,48.5 kWh,True
MT305902,FD-007,industrial,2019-07-12,domestic-low,,False
MT300356,FD-025,residential,2024-06-19,domestic-low,20.5 kWh,1
MT310391,FD-036,industrial,2020-11-21,industrial,66.0 kWh,FALSE
MT301582,FD-037,commercial,2024-03-25,domestic-low,,1
MT308252,FD-002,residential,2021-08-25,domestic-low,270.9,yes
MT306131,FD-035,commercial,2021-01-14,social,23.3 kWh,True
MT302221,FD-021,commercial,2023-12-05,social,26.3 kWh,True
MT309009,FD-023,commercial,2019-01-22,social,33.4 kWh,yes
MT303455,FD-010,public,2021-08-17,commercial,125.5 kWh,no
MT304551,FD-035,residential,2021-01-12,commercial,88.0 kWh,no
MT300632,FD-033,residential,2020-12-31,domestic-standard,,no
MT308098,FD-028,industrial,2024-04-22,domestic-standard,123.4,FALSE
MT303810,FD-011,residential,2026-01-29,domestic-low,57.2 kWh,True
MT309535,FD-029,residential,2023-07-29,industrial,32.6 kWh,FALSE
MT310352,FD-037,commercial,2021-03-31,industrial,62.7 kWh,0
MT308540,FD-026,public,12/07/2022,domestic-standard,160.6 kWh,no
MT302798,FD-014,residential,2022-02-18,domestic-low,243.2 kWh,yes
MT307063,FD-037,residential,11/07/2023,commercial,78.7,no
MT308916,FD-026,residential,2026-02-03,social,31.4 kWh,FALSE
MT303454,FD-018,public,2023-06-14,commercial,,0
MT308900,FD-016,public,2026-02-10,domestic-low,121.7,True
MT304283,FD-024,commercial,2026-01-02,commercial,199.1,0
MT304733,FD-016,residential,2024-06-20,domestic-low,,True
MT309639,FD-023,residential,2026-03-12,domestic-low,28.3,yes
MT302996,FD-013,commercial,25/02/2019,domestic-standard,,TRUE
MT310440,FD-020,residential,06/06/2025,commercial,49.0 kWh,1
MT302285,FD-014,residential,2024-07-12,social,169.3 kWh,yes
MT300601,FD-008,commercial,13/03/2024,industrial,27.5 kWh,FALSE
MT309343,FD-015,commercial,2021-01-25,industrial,85.9,False
MT306738,FD-006,public,2023-06-01,domestic-low,94.0 kWh,yes
MT308835,FD-014,residential,2024-03-09,domestic-low,151.0,0
MT310098,FD-005,residential,2022-12-01,domestic-standard,,no
MT306812,FD-030,commercial,2021-05-16,domestic-low,80.9 kWh,yes
MT302768,FD-002,commercial,2023-12-16,social,165.4,True
MT300095,FD-037,residential,2022-10-14,social,67.9,FALSE
MT301631,FD-010,industrial,14/11/2020,domestic-low,49.3 kWh,1
MT308640,FD-036,commercial,2025-08-06,domestic-low,14.6 kWh,TRUE
MT303379,FD-015,industrial,2022-09-20,domestic-low,,TRUE
MT309550,FD-015,residential,2023-01-09,industrial,170.5 kWh,yes
MT310420,FD-008,public,2025-06-08,domestic-low,,TRUE
MT309471,FD-016,residential,2019-08-17,domestic-low,,False
MT306622,FD-033,industrial,2022-06-12,domestic-standard,,no
MT308159,FD-003,residential,2019-03-17,social,,0
MT303414,FD-011,residential,2019-11-12,domestic-low,,False
MT305483,FD-019,residential,2021-05-24,social,,0
MT300150,FD-018,public,2020-01-28,domestic-low,,yes
MT308400,FD-014,industrial,2025-12-30,domestic-low,,0
MT309476,FD-028,industrial,2019-06-12,domestic-standard,138.2 kWh,0
MT306900,FD-014,public,2023-01-11,domestic-standard,31.7 kWh,0
MT309964,FD-034,commercial,2022-08-04,domestic-low,205.4,yes
MT304548,FD-008,industrial,2024-10-24,commercial,,1
MT302554,FD-017,residential,2022-12-26,social,179.7 kWh,0
MT300831,FD-011,public,2026-03-27,domestic-low,121.2 kWh,no
MT305079,FD-028,residential,2025-11-26,social,222.8 kWh,TRUE
MT301982,FD-015,commercial,2025-09-13,industrial,52.1,TRUE
MT310217,FD-015,residential,2023-12-08,commercial,48.0,TRUE
MT305273,FD-009,public,24/11/2022,domestic-low,,False
MT300147,FD-006,industrial,2023-08-22,domestic-low,29.0,0
MT308701,FD-030,industrial,2021-04-25,domestic-low,,True
MT301049,FD-007,residential,2023-11-19,commercial,69.2 kWh,True
MT300032,FD-023,industrial,2022-02-02,domestic-low,109.7,yes
MT305892,FD-017,commercial,2024-12-31,domestic-low,159.0,True
MT307148,FD-026,industrial,2023-12-13,domestic-low,81.0,yes
MT303322,FD-004,public,2019-01-28,domestic-low,232.2,yes
MT304541,FD-033,public,2024-09-29,social,,0
MT304717,FD-011,industrial,2019-06-05,domestic-low,152.0,1
MT301194,FD-036,industrial,2025-07-16,domestic-low,156.1 kWh,True
MT302287,FD-027,industrial,2020-07-12,industrial,42.3,FALSE
MT309381,FD-037,industrial,2023-02-05,social,63.2,TRUE
MT304156,FD-009,residential,2022-03-30,commercial,231.1 kWh,FALSE
MT306695,FD-008,residential,2025-08-05,commercial,,0
MT305659,FD-005,residential,2023-12-22,industrial,108.3,True
MT307021,FD-032,residential,2020-04-16,domestic-low,38.8 kWh,1
MT302445,FD-019,residential,2022-06-14,domestic-low,,no
MT302241,FD-002,residential,2020-08-15,social,,False
MT301917,FD-009,public,2025-04-14,domestic-standard,,0
MT300223,FD-002,industrial,2023-11-21,social,79.2,0
MT306371,FD-009,residential,2024-09-22,domestic-standard,28.5 kWh,FALSE
MT310215,FD-023,industrial,2021-08-28,commercial,104.1 kWh,1
MT307815,FD-021,public,2023-12-08,domestic-low,236.1 kWh,False
MT307785,FD-026,industrial,2022-03-04,industrial,12.7,0
MT305047,FD-005,residential,2023-08-23,commercial,,1
MT307845,FD-035,residential,05/09/2022,domestic-low,93.6 kWh,1
MT305487,FD-019,residential,2019-04-04,commercial,42.0,True
MT309985,FD-026,public,2025-02-10,domestic-low,,False
MT302340,FD-013,public,2025-10-31,domestic-low,,0
MT310601,FD-017,commercial,2021-12-31,social,,False
MT308532,FD-014,commercial,2022-11-18,industrial,,TRUE
MT308928,FD-006,public,2026-03-08,domestic-low,125.1,yes
MT308569,FD-011,residential,2025-03-18,domestic-low,,FALSE
MT303563,FD-024,commercial,2025-01-12,commercial,9.8 kWh,yes
MT300803,FD-022,residential,2022-04-11,social,265.3 kWh,yes
MT300248,FD-013,residential,2022-07-28,domestic-low,201.9 kWh,FALSE
MT310541,FD-022,industrial,21/06/2023,social,,yes
MT302596,FD-036,industrial,2025-06-25,social,,0
MT307275,FD-014,residential,2025-03-04,domestic-standard,,1
MT304708,FD-036,residential,2025-02-21,domestic-low,126.8,TRUE
MT307486,FD-026,commercial,2022-01-07,commercial,154.3 kWh,yes
MT303054,FD-008,residential,2024-12-29,industrial,84.5,True
MT301347,FD-028,residential,2024-05-12,domestic-standard,108.9,1
MT308902,FD-037,residential,2026-03-07,domestic-low,203.8,TRUE
MT302983,FD-024,residential,2026-05-03,domestic-standard,140.9 kWh,TRUE
MT303405,FD-019,public,2020-03-30,domestic-low,,no
MT308723,FD-014,commercial,09/02/2020,industrial,149.9,False
MT307159,FD-032,commercial,2019-08-21,domestic-standard,161.6 kWh,yes
MT308641,FD-019,residential,2023-11-19,industrial,53.9,no
MT301891,FD-032,residential,2019-03-24,industrial,26.5,1
MT303783,FD-010,public,2022-01-17,domestic-standard,28.5 kWh,False
MT306089,FD-029,residential,2024-02-07,domestic-low,92.1,no
MT303644,FD-004,residential,2022-12-19,domestic-standard,,yes
MT309998,FD-014,industrial,2021-10-02,social,74.2 kWh,True
MT309818,FD-026,residential,2024-07-12,domestic-standard,,True
MT307260,FD-020,residential,2023-10-21,domestic-low,,no
MT300055,FD-005,commercial,2022-03-30,industrial,120.8,1
MT308340,FD-013,residential,14/05/2020,industrial,,TRUE
MT308099,FD-011,commercial,2024-08-13,domestic-low,36.9 kWh,False
MT308225,FD-032,residential,2020-07-03,domestic-low,,FALSE
MT309819,FD-026,public,2019-10-24,social,246.8,True
MT303211,FD-029,residential,2021-02-16,industrial,151.8,0
MT305848,FD-028,industrial,2019-08-29,domestic-low,197.5 kWh,1
MT306531,FD-008,public,2020-06-12,domestic-low,,True
MT300828,FD-034,residential,2019-11-19,social,120.8 kWh,FALSE
MT307758,FD-008,residential,2022-07-19,domestic-low,,TRUE
MT303219,FD-029,residential,2025-02-02,domestic-low,160.6,TRUE
MT305026,FD-011,commercial,2022-03-06,domestic-low,76.0,no
MT303717,FD-015,public,2022-01-29,social,,False
MT310872,FD-008,residential,2024-12-05,industrial,113.1,False
MT308389,FD-018,residential,2025-09-06,commercial,29.8,0
MT300792,FD-033,commercial,2022-07-01,social,209.2,TRUE
MT307922,FD-033,residential,2023-04-18,domestic-standard,137.9 kWh,TRUE
MT300343,FD-020,commercial,2023-10-02,commercial,39.8 kWh,True
MT300944,FD-024,industrial,06/08/2024,domestic-standard,33.0,TRUE
MT307485,FD-001,commercial,15/09/2022,domestic-low,,0
MT305139,FD-035,residential,2024-05-17,domestic-standard,34.0,TRUE
MT302943,FD-031,residential,18/03/2025,domestic-low,,FALSE
MT303764,FD-002,commercial,2024-06-04,domestic-low,,yes
MT303713,FD-028,residential,2023-10-26,commercial,128.0 kWh,yes
MT302064,FD-037,residential,2026-01-01,social,,yes
MT305116,FD-010,industrial,2022-08-14,industrial,81.3 kWh,True
MT300711,FD-029,residential,2020-03-16,domestic-standard,,FALSE
MT301077,FD-002,public,2019-04-03,social,,FALSE
MT306834,FD-036,commercial,2022-03-28,domestic-standard,62.4,1
MT301250,FD-008,residential,2025-09-11,commercial,180.6 kWh,no
MT302880,FD-025,residential,2020-05-15,industrial,126.3,False
MT309219,FD-009,residential,2024-04-23,domestic-low,165.1,True
MT301994,FD-016,residential,2022-09-19,domestic-low,45.3,no
MT304284,FD-013,residential,2021-03-22,industrial,161.7,FALSE
MT303984,FD-007,residential,2024-08-23,domestic-standard,81.8,yes
MT308633,FD-009,industrial,2023-12-30,social,108.3 kWh,False
MT310997,FD-008,commercial,2021-01-20,domestic-low,37.9 kWh,True
MT302369,FD-014,residential,2020-07-15,social,75.3 kWh,yes
MT307811,FD-025,residential,2021-09-01,commercial,,no
MT305196,FD-002,commercial,2019-08-22,social,,no
MT304738,FD-023,commercial,2022-07-28,domestic-standard,,TRUE
MT307678,FD-024,commercial,2019-05-01,domestic-standard,45.5,True
MT302529,FD-018,industrial,2021-06-12,domestic-low,140.0 kWh,FALSE
MT307691,FD-013,industrial,2019-07-18,domestic-low,97.2,False
MT303015,FD-009,residential,2025-08-13,commercial,38.0,no
MT302735,FD-005,residential,2019-06-23,domestic-standard,84.4 kWh,FALSE
MT307228,FD-023,residential,2020-07-17,industrial,178.2,True
MT300808,FD-021,commercial,2026-05-18,domestic-standard,129.0 kWh,0
MT304063,FD-022,public,2025-01-02,domestic-low,91.6 kWh,FALSE
MT310015,FD-026,industrial,2022-07-28,social,,yes
MT308218,FD-024,industrial,2024-07-27,social,,yes
MT305962,FD-013,residential,2023-01-03,social,61.6,False
MT300707,FD-002,residential,2021-10-16,domestic-low,,FALSE
MT303844,FD-002,residential,2025-12-27,domestic-standard,97.8,FALSE
MT302077,FD-026,residential,2021-08-07,social,,yes
MT306561,FD-037,public,2020-04-27,domestic-low,,TRUE
MT300617,FD-022,residential,2021-06-21,domestic-low,,TRUE
MT307965,FD-003,residential,2020-03-22,industrial,81.2 kWh,no
MT307277,FD-010,public,2020-09-27,industrial,142.7 kWh,1
MT304355,FD-004,industrial,06/09/2021,domestic-low,,FALSE
MT304793,FD-008,residential,2020-01-19,domestic-low,108.4 kWh,no
MT305963,FD-026,public,2020-01-11,domestic-low,43.6,FALSE
MT304707,FD-006,public,2024-07-04,commercial,,False
MT304006,FD-004,residential,2024-04-19,commercial,23.8,1
MT308574,FD-026,industrial,2022-02-18,social,,1
MT302696,FD-021,residential,2023-07-27,social,41.4,yes
MT300881,FD-028,commercial,26/05/2022,industrial,229.5 kWh,yes
MT308322,FD-030,industrial,2025-10-30,commercial,130.3,1
MT308624,FD-013,public,03/03/2019,social,90.6,yes
MT306459,FD-021,residential,2019-07-24,domestic-low,100.9,yes
MT304542,FD-037,residential,2021-03-11,domestic-low,116.7 kWh,yes
MT309769,FD-013,residential,2023-12-22,social,68.8 kWh,0
MT307592,FD-023,commercial,2023-02-05,commercial,223.1 kWh,1
MT303010,FD-022,industrial,2019-12-16,domestic-low,,FALSE
MT302265,FD-016,residential,2024-11-18,social,65.7 kWh,FALSE
MT302939,FD-023,public,2022-07-28,industrial,173.5,yes
MT309223,FD-003,public,2020-05-26,domestic-low,106.3,False
MT300660,FD-026,public,2021-07-26,domestic-standard,,False
MT305935,FD-013,residential,2020-07-02,industrial,,no
MT300647,FD-001,residential,2023-02-13,domestic-standard,,True
MT303972,FD-014,public,2024-07-31,domestic-low,102.4 kWh,yes
MT301277,FD-002,residential,2025-11-23,industrial,136.1 kWh,TRUE
MT301724,FD-026,residential,2024-03-27,social,,yes
MT310996,FD-017,commercial,2021-07-04,industrial,53.6 kWh,1
MT308965,FD-026,residential,27/05/2025,domestic-low,,yes
MT303826,FD-005,residential,26/12/2022,domestic-low,,TRUE
MT306346,FD-014,residential,2025-06-11,domestic-low,133.8 kWh,yes
MT309488,FD-030,industrial,02/10/2024,domestic-standard,14.1 kWh,FALSE
MT306123,FD-015,residential,2024-01-20,industrial,45.9,yes
MT308045,FD-016,public,2021-11-13,domestic-low,166.7 kWh,no
MT305088,FD-023,residential,2021-04-16,commercial,,0
MT303603,FD-034,public,2023-11-11,domestic-low,141.0,True
MT310671,FD-032,residential,2022-01-28,domestic-standard,160.0 kWh,TRUE
MT303824,FD-027,residential,2021-10-29,domestic-low,,True
MT310512,FD-024,public,2021-12-18,commercial,61.8 kWh,TRUE
MT303663,FD-014,commercial,2022-01-06,domestic-low,36.6 kWh,0
MT308281,FD-029,public,22/06/2021,domestic-standard,59.6,0
MT310152,FD-016,residential,2025-05-13,commercial,55.1,yes
MT300511,FD-018,commercial,2026-02-26,commercial,166.5 kWh,0
MT309572,FD-025,industrial,2024-09-16,domestic-standard,,no
MT300122,FD-029,residential,03/11/2025,commercial,,yes
MT300254,FD-035,residential,2019-08-14,domestic-standard,122.5,no
MT300524,FD-001,commercial,2022-02-14,commercial,112.1,no
MT302203,FD-031,commercial,2019-07-09,domestic-low,,no
MT305165,FD-004,residential,2023-01-01,domestic-low,,FALSE
MT301371,FD-025,commercial,2023-04-19,commercial,138.2,TRUE
MT302516,FD-034,public,2025-12-09,social,,yes
MT310128,FD-001,residential,2021-08-10,social,83.2 kWh,yes
MT302901,FD-030,residential,2021-04-23,domestic-low,170.8 kWh,1
MT301802,FD-002,residential,2022-01-12,domestic-standard,,0
MT300696,FD-015,residential,2024-11-01,industrial,203.5 kWh,True
MT303277,FD-006,commercial,2021-12-13,domestic-low,,1
MT302800,FD-027,residential,2022-07-16,industrial,,FALSE
MT302879,FD-014,public,2022-01-17,domestic-low,119.6 kWh,no
MT303894,FD-026,industrial,2022-11-15,domestic-low,146.5,True
MT308310,FD-021,residential,2022-04-25,industrial,118.8,no
MT310877,FD-011,industrial,2024-07-21,domestic-low,92.8 kWh,False
MT307138,FD-010,residential,2019-08-09,domestic-low,35.9 kWh,True
MT300009,FD-003,residential,2023-07-15,industrial,,1
MT309877,FD-021,residential,2025-05-24,domestic-standard,,0
MT310120,FD-008,public,2020-05-06,domestic-low,135.5 kWh,0
MT307739,FD-018,industrial,2025-10-30,social,113.4 kWh,1
MT310359,FD-026,residential,2025-11-21,domestic-low,46.1,1
MT305704,FD-033,residential,2024-04-27,domestic-low,184.4,no
MT310983,FD-026,commercial,16/06/2025,domestic-low,,TRUE
MT307797,FD-006,public,2019-09-12,commercial,,no
MT301110,FD-007,commercial,2023-11-11,domestic-standard,,False
MT309495,FD-025,residential,2019-06-04,domestic-low,,0
MT305837,FD-006,industrial,2026-03-15,commercial,160.0,False
MT305947,FD-010,residential,2021-11-22,domestic-low,132.0,0
MT306218,FD-004,industrial,2021-10-17,domestic-standard,,True
MT307200,FD-012,residential,2022-12-12,domestic-low,107.3 kWh,no
MT305381,FD-018,commercial,2020-05-28,domestic-low,10.0,0
MT301871,FD-006,commercial,2024-04-24,industrial,157.7 kWh,False
MT301026,FD-007,industrial,2025-11-14,domestic-low,,0
MT308365,FD-010,residential,2025-01-22,industrial,211.0,1
MT302257,FD-035,public,2024-01-12,social,,1
MT307977,FD-009,residential,21/12/2025,domestic-low,186.8,FALSE
MT304177,FD-005,residential,2022-05-17,domestic-standard,,no
MT300924,FD-033,residential,2025-09-17,social,80.1 kWh,TRUE
MT305272,FD-009,residential,2019-08-24,domestic-low,,TRUE
MT308779,FD-024,industrial,2026-04-06,social,81.5,yes
MT302987,FD-022,residential,08/02/2021,industrial,112.4,TRUE
MT304987,FD-003,industrial,2022-11-08,domestic-standard,,0
MT302544,FD-005,public,2025-12-08,commercial,113.3 kWh,True
MT303840,FD-025,residential,2022-03-06,domestic-low,,no
MT300865,FD-026,residential,2024-10-07,industrial,10.1,no
MT308037,FD-006,public,2025-01-29,domestic-standard,121.7,yes
MT303781,FD-011,residential,2019-05-25,commercial,145.4,TRUE
MT302522,FD-028,industrial,2020-05-13,domestic-low,210.6,0
MT303945,FD-010,industrial,2023-07-05,domestic-low,119.1,1
MT301555,FD-023,residential,2022-11-24,domestic-low,54.1 kWh,0
MT302564,FD-004,residential,2025-12-17,commercial,206.7,TRUE
MT300265,FD-034,industrial,2020-07-24,domestic-low,140.5 kWh,no
MT304890,FD-010,residential,18/03/2026,domestic-low,45.3,FALSE
MT301829,FD-001,commercial,2024-11-14,domestic-low,,False
MT307742,FD-014,industrial,09/09/2022,social,,FALSE
MT303741,FD-009,public,26/07/2022,social,148.2 kWh,0
MT305298,FD-026,public,2024-10-18,social,200.0,0
MT305829,FD-008,public,2026-05-01,social,149.0 kWh,1
MT304423,FD-005,commercial,2019-10-26,social,229.6,FALSE
MT306093,FD-036,industrial,2020-05-27,domestic-low,,1
MT307718,FD-009,residential,2019-09-14,domestic-standard,124.6 kWh,TRUE
MT308357,FD-021,residential,2019-09-18,social,40.7,no
MT310571,FD-011,public,2024-12-26,domestic-low,,TRUE
MT304904,FD-013,industrial,2021-12-24,social,109.6,no
MT309595,FD-015,public,2023-09-25,domestic-low,90.1 kWh,0
MT303274,FD-028,residential,2021-09-17,domestic-low,,True
MT309965,FD-013,industrial,2020-04-21,commercial,15.4 kWh,1
MT305530,FD-025,commercial,2024-06-25,domestic-standard,69.3 kWh,True
MT301497,FD-017,residential,2022-06-14,industrial,153.8,True
MT303033,FD-003,residential,2023-02-11,domestic-low,,yes
MT310394,FD-025,public,2021-10-15,domestic-low,89.9,FALSE
MT304293,FD-016,commercial,2025-03-31,domestic-low,217.3,TRUE
MT300824,FD-014,commercial,2019-03-26,domestic-low,34.5 kWh,False
MT302577,FD-029,public,2020-03-01,domestic-low,,FALSE
MT301235,FD-031,public,2023-11-25,domestic-low,204.8 kWh,TRUE
MT306090,FD-034,residential,2019-12-03,commercial,239.6 kWh,TRUE
MT306076,FD-026,public,2025-03-10,social,55.6,no
MT308235,FD-035,industrial,2019-03-07,social,178.8,TRUE
MT305067,FD-020,public,2019-06-07,domestic-standard,116.6,FALSE
MT306162,FD-036,residential,2024-03-27,domestic-standard,58.9 kWh,FALSE
MT303410,FD-006,residential,2019-12-25,social,132.8 kWh,no
MT303753,FD-030,industrial,2025-11-06,social,27.6,0
MT308306,FD-032,residential,09/12/2019,domestic-low,181.0,0
MT310991,FD-034,industrial,2020-10-01,social,64.9 kWh,False
MT309310,FD-019,industrial,2021-07-06,domestic-low,140.9,yes
MT304080,FD-017,residential,2021-01-10,industrial,19.5,1
MT307870,FD-015,industrial,2019-04-08,domestic-standard,,True
MT307163,FD-023,commercial,14/12/2023,commercial,135.2,1
MT302736,FD-035,residential,2022-12-12,domestic-low,41.9 kWh,0
MT305994,FD-023,commercial,2024-07-08,social,,no
MT304999,FD-018,residential,2023-08-12,social,,False
MT304212,FD-022,industrial,2024-09-22,commercial,95.6,0
MT300956,FD-027,residential,2020-06-23,commercial,187.4 kWh,True
MT308724,FD-002,residential,2021-07-11,domestic-low,,TRUE
MT304040,FD-025,residential,2024-07-14,domestic-low,233.1,1
MT300155,FD-028,public,2021-08-18,industrial,169.8 kWh,no
MT301780,FD-006,residential,2023-06-22,social,41.8,no
MT306207,FD-030,residential,2020-04-13,domestic-standard,,FALSE
MT306569,FD-013,residential,11/09/2023,commercial,,0
MT307843,FD-019,residential,2024-05-05,social,28.5,1
MT308411,FD-010,commercial,2023-06-27,commercial,63.2,FALSE
MT308494,FD-036,residential,2023-05-29,social,,TRUE
MT307430,FD-034,residential,2020-12-01,commercial,186.3 kWh,no
MT307918,FD-001,residential,2025-02-13,domestic-low,106.5 kWh,no
MT300874,FD-027,commercial,2023-12-07,commercial,60.0 kWh,yes
MT300630,FD-006,residential,16/07/2020,commercial,,False
MT307008,FD-011,residential,2020-12-10,social,326.1 kWh,1
MT301120,FD-019,residential,24/03/2026,domestic-low,,yes
MT306286,FD-001,public,2025-01-23,industrial,64.2,True
MT303042,FD-027,residential,2023-06-05,domestic-low,189.8 kWh,True
MT302913,FD-022,residential,2023-04-10,domestic-standard,122.1 kWh,True
MT306216,FD-006,public,2024-02-22,social,,1
MT303409,FD-013,residential,2019-10-28,domestic-low,,no
MT300989,FD-030,residential,2020-04-30,commercial,59.2,TRUE
MT301615,FD-023,residential,2024-05-10,commercial,149.7,0
MT307959,FD-034,residential,2023-12-24,commercial,228.5 kWh,TRUE
MT304923,FD-037,commercial,08/11/2024,commercial,80.2 kWh,1
MT308691,FD-003,residential,2025-04-05,domestic-low,,True
MT302333,FD-014,residential,2019-04-01,commercial,,1
MT301694,FD-001,public,2024-10-20,domestic-low,40.8 kWh,0
MT305748,FD-015,residential,2020-03-23,domestic-low,,TRUE
MT308714,FD-036,commercial,2020-09-10,commercial,76.7,FALSE
MT307501,FD-026,public,2024-01-22,social,70.3,no
MT300771,FD-019,commercial,24/04/2022,commercial,10.5,TRUE
MT305368,FD-019,public,2021-04-23,industrial,,False
MT303621,FD-014,residential,2020-02-07,commercial,,FALSE
MT309371,FD-004,residential,2025-09-23,commercial,66.2,0
MT304868,FD-033,residential,2021-11-16,domestic-low,89.9 kWh,False
MT305949,FD-035,public,2019-11-10,domestic-low,65.6,FALSE
MT310604,FD-032,residential,2024-01-28,domestic-low,121.8,True
MT307307,FD-024,industrial,2024-07-31,domestic-standard,132.2 kWh,False
MT305888,FD-004,public,2022-11-23,industrial,,no
MT304684,FD-027,residential,2020-03-13,social,75.9 kWh,no
MT304699,FD-018,commercial,2024-02-01,domestic-standard,104.4 kWh,False
MT303069,FD-035,industrial,2020-05-14,domestic-standard,,no
MT301637,FD-001,residential,2021-08-14,domestic-low,,False
MT303154,FD-029,commercial,2023-07-29,domestic-low,296.1,FALSE
MT308718,FD-002,public,2025-11-18,domestic-standard,78.4,False
MT301853,FD-004,commercial,2022-02-14,industrial,137.1,TRUE
MT307284,FD-008,residential,2025-08-21,domestic-low,161.2,TRUE
MT307473,FD-018,commercial,2024-03-23,commercial,164.8 kWh,0
MT308397,FD-013,industrial,2023-01-08,domestic-low,59.2,no
MT303748,FD-025,commercial,2025-03-06,domestic-low,,True
MT309203,FD-009,public,05/04/2021,industrial,193.2 kWh,0
MT307201,FD-028,public,12/03/2023,commercial,,yes
MT307953,FD-037,commercial,2021-08-23,industrial,30.7,FALSE
MT301934,FD-002,residential,2025-07-11,commercial,104.1,0
MT301874,FD-030,commercial,2025-10-20,industrial,26.9 kWh,TRUE
MT300931,FD-013,residential,2022-10-26,domestic-low,52.7 kWh,True
MT306284,FD-004,industrial,2020-11-03,domestic-low,,no
MT300123,FD-017,commercial,2020-12-16,domestic-low,86.0 kWh,False
MT307086,FD-015,residential,2025-04-07,domestic-low,47.0,TRUE
MT304044,FD-011,commercial,2020-05-28,domestic-low,,TRUE
MT309973,FD-028,residential,2022-05-25,commercial,105.6 kWh,no
MT301329,FD-037,residential,2019-01-31,domestic-low,,1
MT308671,FD-024,residential,2021-01-21,commercial,159.6,FALSE
MT310664,FD-020,residential,2025-09-16,domestic-low,192.9 kWh,True
MT305709,FD-011,commercial,2026-02-21,domestic-low,110.6,True
MT303903,FD-010,public,2021-02-07,industrial,,FALSE
MT301041,FD-019,residential,2022-12-06,domestic-low,,yes
MT309421,FD-032,public,2023-11-09,domestic-low,,0
MT303542,FD-019,residential,17/12/2021,domestic-standard,,0
MT310131,FD-031,residential,2026-03-26,commercial,62.7,True
MT305482,FD-002,industrial,2025-01-29,domestic-low,204.8,False
MT301907,FD-008,residential,2022-10-21,commercial,,yes
MT304930,FD-002,commercial,2019-10-31,social,195.3 kWh,TRUE
MT301916,FD-032,residential,2024-07-09,domestic-low,,False
MT303765,FD-002,public,2025-09-10,industrial,183.4,1
MT300004,FD-006,public,2023-01-24,social,18.5,0
MT306564,FD-035,residential,2022-12-02,industrial,8.2,0
MT305815,FD-037,commercial,2019-12-18,commercial,87.4 kWh,FALSE
MT309590,FD-032,commercial,2025-11-03,domestic-low,148.2 kWh,TRUE
MT306856,FD-030,residential,2022-01-10,domestic-low,,yes
MT304444,FD-017,industrial,03/12/2024,domestic-standard,,TRUE
MT309473,FD-020,residential,2020-04-28,industrial,212.7,1
MT306213,FD-030,residential,2019-07-17,social,,0
MT306042,FD-006,public,2019-07-01,domestic-low,,1
MT304215,FD-009,industrial,2022-07-26,domestic-standard,102.7 kWh,1
MT303303,FD-030,residential,2020-11-15,domestic-low,43.5 kWh,False
MT306345,FD-020,public,14/05/2022,social,145.3 kWh,no
MT310969,FD-011,public,2025-11-02,industrial,42.1,False
MT307459,FD-036,residential,23/07/2022,social,190.0 kWh,False
MT304615,FD-026,industrial,2026-05-01,industrial,57.9 kWh,1
MT305391,FD-018,residential,2024-01-28,domestic-standard,10.5,True
MT309111,FD-009,public,30/01/2020,domestic-low,,1
MT310597,FD-012,public,2020-01-12,domestic-standard,,TRUE
MT301360,FD-031,public,2020-05-01,commercial,,False
MT306529,FD-015,public,2026-05-04,social,119.5 kWh,yes
MT301936,FD-020,residential,2024-02-13,domestic-low,185.4 kWh,1
MT307152,FD-003,commercial,2020-06-27,domestic-standard,,1
MT303901,FD-009,public,2024-10-15,domestic-low,,0
MT309802,FD-027,commercial,2025-03-05,commercial,42.1,yes
MT309915,FD-012,residential,2024-03-12,domestic-standard,,TRUE
MT300921,FD-002,commercial,2021-04-17,commercial,127.2,TRUE
MT306641,FD-023,industrial,05/06/2022,commercial,123.4 kWh,1
MT304062,FD-013,residential,2019-01-30,domestic-low,,0
MT305060,FD-037,commercial,2019-05-26,domestic-low,94.3 kWh,yes
MT302160,FD-009,industrial,2024-11-24,domestic-standard,108.1,False
MT306748,FD-021,industrial,2023-12-02,social,60.1,FALSE
MT310227,FD-031,industrial,2020-04-04,domestic-low,69.6,TRUE
MT305881,FD-007,commercial,2025-06-21,domestic-low,176.7 kWh,no
MT301118,FD-009,public,2025-03-30,social,10.6 kWh,False
MT302213,FD-033,commercial,2021-07-23,domestic-low,26.7,0
MT300189,FD-027,industrial,2019-07-22,domestic-low,76.6,1
MT308846,FD-015,public,2025-10-13,social,,yes
MT308405,FD-029,residential,2021-01-01,commercial,,True
MT303061,FD-005,commercial,2025-11-16,domestic-low,,1
MT308402,FD-032,commercial,15/10/2025,domestic-standard,43.5,yes
MT308966,FD-024,residential,2024-08-11,social,160.4 kWh,0
MT303858,FD-017,industrial,2019-07-06,social,100.5,no
MT310068,FD-004,public,2025-05-19,domestic-low,104.3 kWh,True
MT304089,FD-012,industrial,2025-07-04,domestic-low,,TRUE
MT304092,FD-015,residential,2022-10-03,industrial,,FALSE
MT305540,FD-023,commercial,14/10/2025,industrial,,False
MT308881,FD-026,industrial,2022-09-18,domestic-low,138.2 kWh,TRUE
MT303926,FD-015,public,2025-04-03,social,27.1 kWh,TRUE
MT302438,FD-018,public,2022-07-19,domestic-low,24.1 kWh,TRUE
MT309392,FD-034,commercial,2019-05-20,industrial,,yes
MT301821,FD-002,public,11/11/2023,domestic-standard,193.1,yes
MT300052,FD-017,public,2025-09-27,domestic-low,33.9 kWh,TRUE
MT301673,FD-033,industrial,2022-11-12,domestic-low,265.8 kWh,FALSE
MT305345,FD-016,residential,2026-03-09,domestic-standard,136.4,1
MT300557,FD-030,residential,2026-03-10,domestic-low,55.2 kWh,FALSE
MT302644,FD-003,public,2021-07-17,industrial,,TRUE
MT309145,FD-030,industrial,2026-05-21,domestic-low,,0
MT305328,FD-013,residential,2025-09-20,commercial,,True
MT302378,FD-021,residential,2021-10-08,industrial,151.3 kWh,yes
MT304559,FD-023,commercial,24/12/2023,social,138.9,yes
MT305157,FD-018,industrial,2021-09-20,social,42.7,True
MT300162,FD-037,commercial,2026-02-12,industrial,,no
MT303225,FD-024,residential,2019-01-10,domestic-low,,True
MT307224,FD-011,public,2021-01-30,domestic-standard,,TRUE
MT308246,FD-013,residential,2025-04-22,commercial,,no
MT308145,FD-036,public,2019-08-18,social,,0
MT306347,FD-017,residential,2019-06-19,commercial,,True
MT310111,FD-019,public,2021-10-02,domestic-low,127.3 kWh,yes
MT305770,FD-010,residential,01/09/2025,social,180.5 kWh,yes
MT300835,FD-031,residential,2019-01-11,domestic-low,112.7 kWh,False
MT306682,FD-027,residential,2026-04-01,domestic-low,38.8 kWh,1
MT308659,FD-034,public,2022-01-28,domestic-low,168.7 kWh,False
MT305842,FD-010,public,2019-02-25,domestic-low,90.9,1
MT307432,FD-002,public,2024-11-27,industrial,45.8,FALSE
MT310889,FD-029,public,2019-06-15,domestic-low,213.0,1
MT306858,FD-018,commercial,2025-04-19,domestic-low,69.5 kWh,1
MT310505,FD-017,commercial,2021-12-10,commercial,167.3 kWh,False
MT307859,FD-030,residential,2025-08-06,domestic-low,223.5 kWh,yes
MT304976,FD-013,public,31/10/2023,social,40.8,1
MT304412,FD-025,commercial,2022-04-16,commercial,274.8,1
MT307568,FD-031,industrial,2020-07-11,social,77.5,FALSE
MT310839,FD-003,commercial,2024-08-13,domestic-low,155.4 kWh,False
MT300893,FD-021,residential,2025-09-09,domestic-standard,173.7 kWh,FALSE
MT304937,FD-015,public,2024-07-29,commercial,23.7,no
MT310651,FD-004,residential,2021-02-23,domestic-low,151.4 kWh,TRUE
MT302249,FD-015,commercial,2020-11-24,domestic-low,38.3 kWh,1
MT300334,FD-003,industrial,2025-05-08,domestic-low,128.4,False
MT301824,FD-020,public,2023-01-17,commercial,93.1 kWh,True
MT310807,FD-021,residential,2023-06-02,domestic-low,95.7 kWh,0
MT301515,FD-005,residential,01/08/2024,social,,TRUE
MT302238,FD-036,public,2023-07-18,domestic-standard,113.1,1
MT300646,FD-003,public,20/05/2026,domestic-low,216.5,1
MT310637,FD-002,industrial,13/03/2020,domestic-low,134.1,False
MT308757,FD-010,commercial,2021-06-10,domestic-low,98.7 kWh,0
MT307261,FD-013,industrial,2021-02-12,domestic-standard,71.8,TRUE
MT308451,FD-033,residential,2022-03-22,industrial,170.1,1
MT308726,FD-004,residential,2021-10-17,industrial,,no
MT307524,FD-032,residential,2021-04-27,industrial,125.2 kWh,False
MT308186,FD-005,residential,28/10/2022,industrial,,0
MT308143,FD-013,residential,2024-11-14,domestic-low,,0
MT301185,FD-003,residential,07/11/2020,commercial,,TRUE
MT303863,FD-019,public,2023-02-24,commercial,63.5,TRUE
MT303606,FD-027,residential,2026-01-07,domestic-low,,FALSE
MT310727,FD-016,public,2024-01-16,commercial,,yes
MT301855,FD-008,residential,2022-08-16,commercial,19.2,no
MT302380,FD-016,public,06/11/2021,social,,yes
MT310197,FD-016,industrial,2026-04-27,domestic-low,51.6,0
MT307609,FD-022,residential,2024-09-18,commercial,22.9,no
MT300727,FD-022,residential,2025-07-23,domestic-low,134.1 kWh,TRUE
MT307807,FD-029,industrial,2023-06-16,domestic-low,184.8 kWh,True
MT302224,FD-036,public,2019-07-18,domestic-low,112.8 kWh,False
MT309765,FD-019,public,2020-10-07,industrial,86.4,TRUE
MT304922,FD-029,residential,2025-10-16,commercial,158.7 kWh,0
MT308549,FD-016,public,2024-12-20,commercial,48.6,FALSE
MT303066,FD-032,public,2026-01-05,domestic-low,225.2,1
MT307636,FD-011,public,2019-05-31,domestic-low,68.5,1
MT310773,FD-029,residential,24/04/2024,industrial,,False
MT310409,FD-037,commercial,26/06/2025,industrial,10.0,False
MT304875,FD-005,residential,2019-12-26,domestic-standard,70.0 kWh,True
MT309534,FD-008,public,2022-09-21,domestic-standard,139.9 kWh,0
MT305332,FD-014,industrial,2022-08-09,domestic-low,241.9 kWh,0
MT308032,FD-027,residential,2019-09-15,commercial,,no
MT303361,FD-034,residential,2023-07-20,domestic-low,,TRUE
MT307891,FD-009,industrial,2019-08-01,domestic-low,,1
MT310144,FD-008,residential,2024-07-17,domestic-low,138.0,False
MT308049,FD-010,industrial,2021-06-27,domestic-standard,63.5 kWh,0
MT306722,FD-028,residential,2025-07-24,commercial,43.7 kWh,no
MT308259,FD-009,industrial,2019-10-27,domestic-low,113.8,FALSE
MT308063,FD-016,residential,2020-11-23,social,108.3 kWh,1
MT301031,FD-009,industrial,13/05/2021,social,22.3 kWh,True
MT308895,FD-022,residential,2026-02-05,industrial,89.5 kWh,TRUE
MT309349,FD-001,residential,2019-06-25,domestic-standard,,False
MT300622,FD-009,residential,2024-02-21,social,,False
MT305234,FD-029,industrial,2022-09-14,commercial,,False
MT305144,FD-026,commercial,2025-01-21,industrial,116.9 kWh,0
MT307204,FD-037,residential,2023-12-09,commercial,,no
MT301910,FD-029,residential,2024-08-30,social,164.3,1
MT303444,FD-033,industrial,2019-12-04,domestic-standard,57.5,False
MT309337,FD-020,residential,2020-03-30,industrial,87.7,TRUE
MT306763,FD-012,commercial,2021-01-02,domestic-standard,,False
MT303554,FD-030,residential,2021-12-17,domestic-low,,FALSE
MT310344,FD-017,residential,2024-08-08,commercial,135.2 kWh,False
MT309558,FD-031,public,2022-09-09,commercial,,1
MT308568,FD-012,public,2021-06-30,commercial,74.9,True
MT302105,FD-033,residential,2021-01-17,domestic-standard,33.7 kWh,yes
MT300040,FD-015,industrial,2022-03-25,commercial,40.3,FALSE
MT307789,FD-020,residential,2020-02-14,social,106.6 kWh,0
MT305352,FD-012,residential,2022-08-03,domestic-low,16.6,True
MT310888,FD-010,residential,2023-04-05,social,,FALSE
MT303540,FD-003,commercial,2019-11-21,commercial,,TRUE
MT305071,FD-022,industrial,11/11/2022,social,58.9 kWh,True
MT303161,FD-028,residential,30/05/2021,industrial,148.6 kWh,TRUE
MT305759,FD-032,public,2020-07-19,domestic-low,,yes
MT308446,FD-019,residential,2019-07-31,domestic-standard,87.5 kWh,no
MT303367,FD-022,residential,2021-11-01,social,91.4 kWh,1
MT307417,FD-036,public,19/08/2020,social,29.6,TRUE
MT301129,FD-034,residential,2021-09-28,domestic-low,,yes
MT303307,FD-005,public,2020-12-03,domestic-low,24.4,no
MT301626,FD-008,public,2020-11-27,domestic-standard,36.7 kWh,0
MT306801,FD-032,public,2024-09-24,commercial,118.0 kWh,True
MT302097,FD-030,residential,2026-01-20,domestic-low,218.4,1
MT302335,FD-026,public,2020-06-05,domestic-standard,129.7 kWh,True
MT306717,FD-006,residential,2019-10-08,commercial,225.6 kWh,FALSE
MT300770,FD-011,residential,2020-11-12,domestic-low,69.2,FALSE
MT301181,FD-015,residential,2026-01-14,commercial,,TRUE
MT302079,FD-028,industrial,2023-11-17,industrial,46.6 kWh,True
MT301880,FD-019,residential,2020-05-03,social,36.6 kWh,False
MT302763,FD-034,residential,2024-06-26,industrial,14.7,yes
MT303910,FD-007,residential,2020-01-30,domestic-standard,23.4,1
MT300528,FD-014,residential,2021-01-10,industrial,82.6,no
MT306461,FD-012,residential,2022-03-23,domestic-low,,0
MT306155,FD-031,public,2019-11-21,domestic-low,,yes
MT301668,FD-022,industrial,2023-03-04,commercial,171.7,FALSE
MT306224,FD-037,residential,2019-05-19,social,,no
MT306238,FD-005,commercial,2025-08-06,commercial,168.5 kWh,TRUE
MT304679,FD-031,commercial,2019-03-27,domestic-low,194.3,TRUE
MT302959,FD-031,residential,23/03/2022,industrial,,no
MT301629,FD-036,industrial,08/10/2020,domestic-low,86.1 kWh,1
MT301245,FD-028,residential,2025-11-19,domestic-low,27.1,no
MT301335,FD-013,commercial,2021-10-05,domestic-low,134.4,yes
MT302895,FD-030,residential,2020-04-28,social,,1
MT301294,FD-014,commercial,2025-11-04,domestic-low,,1
MT303403,FD-004,residential,2019-01-12,domestic-low,150.9 kWh,yes
MT310212,FD-006,industrial,2024-05-29,domestic-standard,79.9 kWh,yes
MT305181,FD-021,commercial,2019-08-29,domestic-low,101.2 kWh,1
MT302821,FD-035,residential,2024-08-05,industrial,,no
MT310662,FD-006,commercial,2019-03-15,domestic-low,,TRUE
MT308853,FD-007,public,2025-10-20,domestic-standard,66.4 kWh,no
MT304488,FD-004,residential,2025-04-06,domestic-low,,False
MT306151,FD-030,residential,2023-01-05,domestic-standard,,no
MT302992,FD-031,industrial,2020-02-06,domestic-low,128.0 kWh,False
MT306206,FD-031,residential,2020-12-24,domestic-low,24.8 kWh,True
MT307445,FD-033,residential,2025-02-23,social,81.4,0
MT310095,FD-018,residential,2026-04-21,industrial,,True
MT304419,FD-032,commercial,2022-01-28,domestic-low,158.0,no
MT304519,FD-013,public,2021-09-26,industrial,201.6 kWh,1
MT302565,FD-006,residential,2022-09-27,domestic-low,91.7,1
MT304546,FD-032,public,2025-02-23,industrial,64.2,TRUE
MT303812,FD-017,residential,2022-09-24,commercial,257.6 kWh,TRUE
MT301911,FD-020,public,2023-08-14,domestic-low,,True
MT305447,FD-008,residential,2022-09-02,domestic-standard,,TRUE
MT305167,FD-007,commercial,2022-02-14,industrial,,no
MT300902,FD-030,residential,16/05/2020,domestic-standard,97.7,no
MT301403,FD-007,public,2023-08-11,industrial,,FALSE
MT309549,FD-014,industrial,2026-04-14,industrial,,FALSE
MT306986,FD-037,commercial,2024-05-28,domestic-low,,yes
MT304859,FD-035,commercial,2023-05-13,domestic-low,,yes
MT307387,FD-010,residential,2021-08-28,industrial,51.1,False
MT303560,FD-037,residential,2025-03-27,domestic-low,195.7,FALSE
MT308102,FD-035,residential,2020-09-10,domestic-low,118.3,True
MT307586,FD-020,public,2020-09-22,domestic-low,,no
MT302806,FD-010,residential,06/06/2022,commercial,,1
MT300732,FD-031,public,2024-12-19,domestic-low,88.4,no
MT301799,FD-008,residential,2025-01-09,industrial,65.0,TRUE
MT309568,FD-001,commercial,2025-01-03,social,129.1 kWh,TRUE
MT301608,FD-010,industrial,2025-11-13,commercial,,0
MT300212,FD-007,commercial,2024-08-09,domestic-low,123.9 kWh,FALSE
MT303778,FD-006,residential,2021-09-11,domestic-low,36.4,True
MT309847,FD-032,residential,2023-04-17,domestic-standard,119.8 kWh,yes
MT304265,FD-011,residential,2024-12-01,domestic-standard,,0
MT307546,FD-026,industrial,2024-03-24,industrial,62.4 kWh,False
MT310057,FD-017,public,2021-08-25,social,,yes
MT307306,FD-011,residential,2020-06-09,domestic-low,88.4,FALSE
MT302430,FD-032,commercial,2021-05-03,domestic-standard,86.7,no
MT307222,FD-001,commercial,16/01/2022,industrial,64.5 kWh,FALSE
MT307191,FD-037,residential,2023-07-05,commercial,163.0,FALSE
MT306633,FD-016,residential,2025-05-21,commercial,,FALSE
MT304896,FD-004,residential,2022-08-21,domestic-standard,29.2,1
MT302421,FD-022,commercial,2020-01-11,commercial,76.7 kWh,FALSE
MT300953,FD-034,residential,2024-12-28,commercial,36.2,no
MT301689,FD-026,residential,2022-06-30,commercial,,no
MT301937,FD-023,industrial,2022-05-12,domestic-low,,0
MT305036,FD-012,residential,2023-04-04,domestic-low,249.2 kWh,0
MT310855,FD-022,commercial,2026-01-23,commercial,13.7 kWh,FALSE
MT301584,FD-006,commercial,2023-05-17,industrial,50.1,FALSE
MT300132,FD-022,residential,2025-11-16,domestic-low,32.7,0
MT301914,FD-020,residential,2026-05-16,industrial,,False
MT307386,FD-018,residential,2023-08-22,commercial,,True
MT304735,FD-015,residential,2023-09-09,domestic-low,123.3,no
MT304605,FD-035,commercial,2022-02-04,social,,False
MT302884,FD-018,residential,2022-06-28,commercial,109.5 kWh,False
MT310705,FD-007,residential,2024-01-21,commercial,65.6 kWh,no
MT301498,FD-002,public,2026-05-06,domestic-standard,,False
MT305281,FD-012,residential,2023-02-16,domestic-standard,91.3 kWh,FALSE
MT309840,FD-008,industrial,2023-06-30,domestic-low,227.8 kWh,yes
MT303777,FD-032,public,2022-11-07,industrial,187.4 kWh,0
MT303819,FD-015,residential,2020-01-26,commercial,,False
MT306756,FD-005,public,2020-07-31,industrial,100.2,FALSE
MT303524,FD-004,industrial,2023-12-07,domestic-standard,,FALSE
MT306535,FD-009,residential,2024-06-10,domestic-standard,,TRUE
MT300556,FD-006,industrial,2019-08-15,domestic-low,,1
MT309068,FD-034,commercial,2019-12-08,domestic-low,,FALSE
MT306150,FD-029,commercial,2021-05-25,social,56.6 kWh,yes
MT305197,FD-022,public,2020-03-08,industrial,10.3 kWh,True
MT310404,FD-017,public,2022-12-18,industrial,117.9 kWh,0
MT302107,FD-021,residential,2019-04-01,domestic-low,56.2,FALSE
MT304593,FD-027,public,2022-04-15,industrial,42.0 kWh,0
MT307746,FD-007,commercial,2025-12-10,social,,FALSE
MT303112,FD-036,residential,2019-10-25,domestic-low,,True
MT308562,FD-001,industrial,2021-01-08,domestic-low,110.8 kWh,TRUE
MT300665,FD-034,residential,2020-02-16,domestic-low,102.9 kWh,1
MT310972,FD-016,residential,2020-11-04,industrial,8.3,yes
MT308285,FD-010,residential,2020-07-03,domestic-standard,51.1 kWh,0
MT306922,FD-014,residential,2019-04-25,domestic-low,180.2,yes
MT310424,FD-022,commercial,2020-12-31,social,221.6 kWh,TRUE
MT302211,FD-001,public,2023-05-23,industrial,90.3 kWh,FALSE
MT302234,FD-009,public,2024-03-10,industrial,14.3,yes
MT300899,FD-035,residential,2024-03-25,social,73.4,no
MT303013,FD-011,residential,2026-02-09,social,184.7,1
MT307302,FD-026,residential,2024-01-10,domestic-low,144.8 kWh,FALSE
MT307488,FD-013,industrial,2021-06-05,domestic-low,268.2,TRUE
MT304093,FD-003,residential,2020-04-13,industrial,,yes
MT306465,FD-024,residential,01/08/2022,commercial,239.4 kWh,no
MT310384,FD-010,residential,2023-02-08,domestic-standard,,yes
MT300347,FD-027,commercial,2021-06-27,domestic-standard,112.6 kWh,1
MT305251,FD-026,commercial,2021-08-24,social,26.1,yes
MT304664,FD-037,residential,2023-03-05,social,,yes
MT309191,FD-030,industrial,2023-01-30,domestic-low,126.7 kWh,False
MT300364,FD-006,residential,2020-05-12,domestic-low,239.3 kWh,FALSE
MT304487,FD-009,commercial,2020-11-10,commercial,157.4,TRUE
MT306079,FD-030,public,2020-07-31,domestic-low,20.4,TRUE
MT302188,FD-008,residential,2023-09-23,industrial,84.6 kWh,0
MT307591,FD-035,public,29/01/2020,social,69.8,no
MT306530,FD-022,public,2023-01-15,commercial,36.6,True
MT302062,FD-022,residential,2025-08-29,domestic-standard,154.3,yes
MT304730,FD-016,residential,2023-02-04,commercial,184.6,0
MT304038,FD-012,commercial,2025-10-03,commercial,115.2 kWh,True
MT300644,FD-029,industrial,2021-12-09,commercial,,1
MT310846,FD-013,residential,2021-08-20,social,,1
MT305836,FD-012,residential,2025-05-24,industrial,18.7 kWh,yes
MT301634,FD-015,residential,2020-07-19,commercial,,FALSE
MT307167,FD-035,residential,2022-02-14,commercial,13.3 kWh,True
MT306205,FD-002,residential,2024-07-20,commercial,,1
MT303007,FD-024,residential,2022-06-17,domestic-standard,141.4 kWh,TRUE
MT302863,FD-014,residential,24/11/2025,domestic-low,193.7,TRUE
MT308358,FD-034,residential,2021-11-10,domestic-standard,142.0 kWh,no
MT302307,FD-036,industrial,2024-08-14,commercial,,yes
MT305011,FD-022,residential,2026-01-30,social,,0
MT300538,FD-002,industrial,2024-02-14,social,49.2,yes
MT304741,FD-003,residential,2019-02-17,domestic-standard,,False
MT301349,FD-007,public,2025-09-03,domestic-low,112.2 kWh,TRUE
MT308836,FD-029,industrial,2022-10-14,domestic-standard,,1
MT302089,FD-009,residential,2023-04-08,commercial,,1
MT306013,FD-018,residential,2025-01-17,domestic-low,,True
MT310065,FD-003,industrial,17/07/2022,domestic-low,12.2,False
MT302674,FD-016,residential,30/11/2020,social,143.9 kWh,False
MT300116,FD-001,industrial,24/04/2023,commercial,45.3,1
MT305093,FD-003,residential,2022-06-12,social,73.6 kWh,TRUE
MT308394,FD-013,residential,2025-05-16,industrial,137.9 kWh,no
MT302096,FD-036,public,2022-05-14,social,,yes
MT302926,FD-031,residential,05/01/2020,social,133.7,1
MT306878,FD-014,commercial,2025-09-11,domestic-low,,True
MT303250,FD-009,industrial,2022-08-18,domestic-low,176.6,1
MT303789,FD-020,residential,2024-08-24,domestic-standard,,True
MT308157,FD-032,industrial,2021-11-18,domestic-low,,yes
MT309097,FD-009,residential,2021-07-31,domestic-low,,False
MT305978,FD-013,commercial,2020-08-10,industrial,,1
MT310957,FD-005,industrial,2019-10-15,domestic-low,163.3 kWh,yes
MT309632,FD-020,residential,2024-04-04,domestic-standard,53.8 kWh,True
MT308695,FD-024,industrial,2019-10-01,domestic-low,,TRUE
MT304266,FD-016,commercial,2019-10-30,commercial,63.2 kWh,FALSE
MT306874,FD-018,residential,2021-06-11,domestic-standard,142.8 kWh,FALSE
MT300799,FD-032,public,2019-12-23,industrial,72.1,FALSE
MT305768,FD-023,residential,2025-05-01,domestic-low,178.6,yes
MT308414,FD-014,residential,2024-03-19,commercial,39.8 kWh,0
MT301651,FD-021,public,2021-10-24,commercial,60.8,no
MT309875,FD-002,residential,2019-11-09,social,76.7 kWh,1
MT307903,FD-029,industrial,2020-01-15,social,,True
MT307726,FD-013,residential,2025-05-17,domestic-low,30.2,True
MT305939,FD-001,residential,2021-09-02,social,188.6 kWh,True
MT301152,FD-025,commercial,2021-01-13,social,169.1 kWh,1
MT304963,FD-031,residential,2021-09-16,industrial,,True
MT307547,FD-008,residential,2024-05-10,domestic-standard,,1
MT304612,FD-006,commercial,2020-07-26,domestic-low,124.3,FALSE
MT301494,FD-002,public,2020-01-24,social,175.9,no
MT309414,FD-017,residential,2019-05-21,social,52.2 kWh,True
MT302293,FD-017,residential,31/08/2019,domestic-standard,112.8,yes
MT307219,FD-007,commercial,24/08/2021,domestic-standard,,0
MT301296,FD-002,residential,2022-07-16,commercial,123.1,yes
MT309585,FD-017,residential,31/05/2019,domestic-low,,no
MT309034,FD-028,residential,2020-12-02,domestic-standard,,TRUE
MT309415,FD-023,residential,2025-12-03,domestic-low,160.9,1
MT302005,FD-009,residential,15/04/2022,domestic-standard,126.3,TRUE
MT308693,FD-033,commercial,2020-02-06,social,87.0,TRUE
MT307852,FD-014,residential,2021-06-05,domestic-low,,0
MT301831,FD-005,industrial,2023-02-21,domestic-low,13.9 kWh,False
MT304512,FD-003,industrial,2023-07-14,social,26.1,False
MT302429,FD-012,industrial,2026-03-05,domestic-standard,258.0,True
MT304550,FD-021,residential,2020-08-03,industrial,225.0 kWh,no
MT308721,FD-026,residential,2019-06-19,domestic-standard,108.0 kWh,0
MT304838,FD-025,public,2020-10-11,industrial,,0
MT303272,FD-008,public,2023-10-29,domestic-standard,,True
MT308107,FD-010,public,2022-05-18,industrial,,FALSE
MT308458,FD-033,residential,2020-01-11,social,,False
MT310638,FD-017,industrial,2020-06-17,commercial,,no
MT302091,FD-027,industrial,2025-10-12,industrial,,0
MT310967,FD-029,residential,2022-06-26,domestic-low,46.9 kWh,FALSE
MT309723,FD-010,commercial,2024-11-25,commercial,109.7 kWh,FALSE
MT303097,FD-022,public,2021-09-18,commercial,146.8 kWh,no
MT304768,FD-036,industrial,2023-10-09,industrial,86.7,0
MT301893,FD-021,residential,2024-01-30,domestic-low,,TRUE
MT303156,FD-024,commercial,2019-08-08,industrial,182.2,no
MT301643,FD-019,residential,2021-12-07,domestic-standard,,True
MT302466,FD-030,public,2020-03-09,commercial,115.2,FALSE
MT305087,FD-010,public,2021-05-10,commercial,,FALSE
MT302655,FD-029,industrial,2022-08-23,domestic-standard,57.2,True
MT306587,FD-034,residential,2025-09-10,domestic-low,58.3,TRUE
MT309808,FD-036,residential,2021-09-24,commercial,33.9,0
MT310600,FD-012,commercial,2026-05-06,domestic-low,150.8,0
MT308636,FD-028,residential,2023-11-20,domestic-standard,157.3 kWh,True
MT304799,FD-021,residential,2021-03-16,industrial,27.0 kWh,True
MT307867,FD-035,commercial,2025-05-18,industrial,42.4,True
MT309619,FD-022,residential,2022-06-03,industrial,,TRUE
MT303325,FD-015,public,2025-08-12,social,89.0,TRUE
MT309714,FD-017,public,2022-10-03,domestic-low,25.2,True
MT304918,FD-026,residential,2019-08-28,industrial,109.5 kWh,0
MT309329,FD-003,commercial,2023-02-27,industrial,,0
MT305125,FD-031,public,2023-01-28,commercial,88.8,yes
MT300002,FD-033,residential,2023-04-27,domestic-standard,76.7,False
MT306524,FD-004,public,2020-11-11,domestic-standard,8.4,TRUE
MT302481,FD-004,commercial,2021-02-25,industrial,14.0 kWh,FALSE
MT308058,FD-027,residential,2025-11-19,social,,TRUE
MT304173,FD-024,public,2023-10-25,domestic-low,,0
MT308212,FD-029,residential,2023-09-26,social,159.1,FALSE
MT309862,FD-004,residential,19/01/2025,domestic-low,96.8,no
MT302595,FD-034,commercial,2022-12-24,industrial,,True
MT310985,FD-007,residential,2024-11-19,social,,TRUE
MT305330,FD-025,industrial,2023-09-04,domestic-low,,TRUE
MT303896,FD-037,residential,2019-04-09,social,140.5 kWh,0
MT304052,FD-004,residential,2025-03-24,social,170.2 kWh,0
MT307245,FD-036,public,2022-11-23,domestic-low,142.7,1
MT305909,FD-005,residential,2020-03-13,social,12.8 kWh,1
MT305423,FD-035,residential,2022-03-03,domestic-standard,,0
MT304389,FD-003,residential,2025-03-17,domestic-low,142.7 kWh,1
MT300470,FD-035,residential,2023-05-31,social,,FALSE
MT305297,FD-012,industrial,2020-03-16,domestic-low,59.2,0
MT305898,FD-018,residential,2025-07-02,commercial,86.7 kWh,TRUE
MT305498,FD-034,commercial,2023-09-02,commercial,143.8 kWh,no
MT300006,FD-011,industrial,2019-10-24,industrial,235.5 kWh,no
MT305803,FD-010,public,2023-09-22,domestic-low,,False
MT310599,FD-026,industrial,2026-03-29,social,155.6,1
MT301453,FD-007,commercial,2022-07-14,domestic-standard,55.6,yes
MT302705,FD-013,residential,2021-05-11,domestic-low,88.6 kWh,1
MT308732,FD-029,public,2020-04-16,social,115.9,True
MT301899,FD-017,commercial,2019-04-04,domestic-standard,55.8,1
MT305428,FD-001,residential,2023-02-09,industrial,121.7,FALSE
MT307492,FD-006,commercial,2021-09-18,domestic-low,122.2,1
MT301557,FD-010,residential,2023-03-15,industrial,,False
MT305028,FD-018,residential,2024-08-22,domestic-low,,TRUE
MT304529,FD-034,residential,2026-03-09,industrial,,no
MT307336,FD-037,residential,2023-08-28,domestic-low,,1
MT306515,FD-011,industrial,2019-05-11,commercial,60.4 kWh,0
MT308390,FD-032,residential,2019-04-13,domestic-low,127.6 kWh,no
MT302479,FD-028,commercial,2023-10-25,commercial,73.5 kWh,yes
MT308516,FD-029,residential,2021-04-09,domestic-low,206.1,0
MT303908,FD-015,commercial,2026-05-17,domestic-low,24.7 kWh,yes
MT310630,FD-034,residential,2026-04-22,domestic-low,,FALSE
MT303722,FD-019,commercial,2024-11-30,domestic-low,58.5,True
MT309165,FD-022,residential,2024-05-31,domestic-low,,1
MT310405,FD-027,residential,2022-06-11,domestic-low,97.7,True
MT305386,FD-008,commercial,2025-03-04,domestic-low,222.2 kWh,1
MT303627,FD-030,industrial,2023-06-27,domestic-low,,False
MT309854,FD-001,public,2024-12-29,industrial,156.7,yes
MT307522,FD-013,residential,2026-01-29,social,,True
MT300337,FD-021,residential,2021-04-23,industrial,187.9,no
MT307962,FD-005,residential,2021-05-16,commercial,200.5 kWh,1
MT310836,FD-010,residential,2020-05-18,domestic-standard,106.2 kWh,1
MT301021,FD-026,residential,2026-01-09,industrial,57.7 kWh,0
MT305059,FD-017,industrial,2021-12-23,industrial,,FALSE
MT307019,FD-019,public,2025-03-18,domestic-low,,no
MT304161,FD-032,residential,2020-04-12,industrial,,1
MT307337,FD-034,industrial,2020-02-13,social,149.1,True
MT304986,FD-012,residential,2019-05-30,domestic-low,33.1 kWh,no
MT301518,FD-015,public,2021-03-02,social,141.4 kWh,FALSE
MT304107,FD-026,commercial,2020-09-20,social,,FALSE
MT307183,FD-031,commercial,2021-11-05,domestic-standard,,1
MT305149,FD-027,industrial,2020-08-30,social,49.2 kWh,FALSE
MT303188,FD-025,residential,2019-01-19,social,56.5 kWh,False
MT301933,FD-035,residential,2022-02-09,industrial,188.3,True
MT305137,FD-030,residential,28/02/2020,domestic-standard,140.6,yes
MT302540,FD-035,commercial,13/06/2021,domestic-low,70.4,1
MT307366,FD-018,residential,2024-10-10,social,37.3,FALSE
MT304160,FD-021,residential,2021-09-10,domestic-low,,no
MT309083,FD-028,industrial,2023-03-09,domestic-standard,86.8,FALSE
MT310460,FD-036,residential,2025-04-28,commercial,164.3 kWh,False
MT305760,FD-028,industrial,2021-03-25,domestic-low,219.1 kWh,FALSE
MT308663,FD-012,residential,10/08/2021,domestic-low,144.6,False
MT301387,FD-029,residential,2019-02-14,commercial,35.9,FALSE
MT308069,FD-020,public,2026-05-09,social,,1
MT307110,FD-002,public,2019-08-31,industrial,109.1 kWh,1
MT304718,FD-017,residential,2023-03-09,industrial,136.9,1
MT307900,FD-029,residential,2021-08-10,domestic-low,,FALSE
MT309252,FD-012,residential,2019-05-16,commercial,,FALSE
MT308230,FD-023,residential,2019-12-05,domestic-low,,FALSE
MT307115,FD-007,residential,2026-02-14,industrial,37.8 kWh,FALSE
MT301261,FD-015,industrial,17/06/2024,domestic-low,91.7 kWh,TRUE
MT308034,FD-007,residential,2021-08-08,domestic-standard,157.2 kWh,yes
MT307334,FD-007,commercial,2026-05-14,industrial,21.6 kWh,no
MT302397,FD-023,residential,2022-05-05,social,,1
MT302957,FD-011,residential,2020-12-03,social,101.6,no
MT302477,FD-029,commercial,11/09/2020,industrial,14.2,False
MT310830,FD-010,industrial,2025-01-15,industrial,202.4 kWh,FALSE
MT305684,FD-032,industrial,2021-07-08,commercial,,True
MT304604,FD-032,residential,2019-09-25,social,,True
MT307955,FD-002,industrial,2020-02-20,domestic-standard,34.0,True
MT301135,FD-023,industrial,16/02/2026,industrial,11.3,False
MT305503,FD-002,residential,2021-02-27,social,180.2,FALSE
MT304035,FD-034,public,2024-02-23,domestic-low,156.2,FALSE
MT311000,FD-025,residential,2022-10-16,domestic-low,,no
MT310570,FD-028,residential,17/03/2019,domestic-standard,,0
MT310156,FD-025,residential,2019-07-16,domestic-standard,25.4 kWh,False
MT308686,FD-021,industrial,2024-04-23,commercial,211.4 kWh,FALSE
MT305164,FD-006,residential,31/03/2020,social,25.1,True
MT308511,FD-016,commercial,2021-10-06,commercial,82.7,FALSE
MT309225,FD-030,industrial,2020-07-19,domestic-low,92.7 kWh,0
MT306292,FD-033,commercial,2019-07-24,commercial,176.1 kWh,False
MT301578,FD-006,residential,2024-03-08,domestic-low,146.3 kWh,False
MT301249,FD-006,residential,2020-06-21,industrial,22.0,0
MT308181,FD-030,residential,2019-10-03,domestic-low,16.6 kWh,True
MT306639,FD-002,public,2025-03-19,domestic-standard,87.2 kWh,yes
MT301932,FD-016,industrial,24/04/2025,domestic-standard,168.4,yes
MT303047,FD-021,industrial,2025-08-27,domestic-low,142.9,TRUE
MT310290,FD-012,residential,14/12/2023,industrial,,FALSE
MT301183,FD-008,residential,2021-08-24,industrial,,0
MT304943,FD-010,commercial,2021-05-14,domestic-low,,FALSE
MT300816,FD-002,public,2024-07-18,domestic-low,93.3 kWh,yes
MT309736,FD-013,public,2022-07-25,industrial,,True
MT305372,FD-013,residential,2025-02-26,social,105.0,yes
MT302022,FD-025,industrial,2019-10-05,domestic-low,98.1 kWh,TRUE
MT304239,FD-017,industrial,2023-02-28,industrial,55.6,no
MT301683,FD-005,public,2022-05-31,domestic-low,,1
MT304646,FD-023,residential,2024-02-01,domestic-standard,148.7,True
MT308798,FD-037,public,2022-10-13,industrial,69.2 kWh,1
MT309605,FD-013,industrial,2023-01-02,domestic-low,,0
MT304030,FD-013,industrial,2022-01-11,domestic-low,,False
MT303181,FD-023,commercial,2023-10-06,commercial,69.4,False
MT307368,FD-003,public,2023-02-08,domestic-low,,TRUE
MT303165,FD-023,commercial,2021-03-30,social,124.2 kWh,FALSE
MT309298,FD-030,residential,2021-01-11,commercial,,no
MT300341,FD-034,industrial,2025-06-17,industrial,,TRUE
MT308962,FD-010,residential,2020-05-31,industrial,108.5 kWh,0
MT305830,FD-034,commercial,2021-08-05,domestic-low,46.0 kWh,0
MT309117,FD-006,commercial,2023-01-30,domestic-low,40.5,True
MT308698,FD-027,industrial,2019-10-02,domestic-low,,True
MT309649,FD-027,public,2021-10-17,domestic-low,43.6 kWh,0
MT306972,FD-024,residential,2025-02-14,commercial,174.8,FALSE
MT305778,FD-001,residential,15/01/2023,industrial,,True
MT305572,FD-026,public,06/07/2024,domestic-standard,28.1,0
MT303715,FD-013,public,2025-01-21,domestic-standard,46.9 kWh,False
MT304665,FD-001,commercial,2020-01-10,domestic-low,,no
MT305739,FD-008,public,2022-11-24,domestic-low,42.2 kWh,no
MT310778,FD-027,residential,2025-04-17,domestic-low,12.1 kWh,False
MT305674,FD-001,residential,2022-04-30,domestic-low,51.0 kWh,TRUE
MT303051,FD-019,residential,2021-11-09,domestic-low,,no
MT303578,FD-032,residential,2026-04-28,domestic-standard,136.4 kWh,yes
MT306432,FD-005,residential,2024-08-23,domestic-standard,,True
MT304853,FD-029,public,2019-09-06,social,,TRUE
MT309506,FD-025,residential,2021-08-01,domestic-low,,1
MT309700,FD-012,industrial,2023-02-24,social,,FALSE
MT309339,FD-037,residential,2020-10-27,commercial,43.5,TRUE
MT308104,FD-015,commercial,2021-09-10,social,,1
MT303292,FD-008,residential,2020-11-22,industrial,215.0 kWh,False
MT300428,FD-025,residential,2025-10-29,domestic-low,,no
MT308567,FD-022,public,2020-08-02,commercial,,yes
MT302500,FD-018,residential,2025-01-09,domestic-low,,0
MT300626,FD-004,residential,2023-10-10,industrial,89.9 kWh,0
MT301833,FD-023,public,2024-07-25,domestic-standard,176.4 kWh,FALSE
MT304492,FD-036,public,2024-06-18,domestic-low,105.0,0
MT304399,FD-001,industrial,2020-04-18,social,,yes
MT303140,FD-033,residential,2021-07-12,social,,0
MT307392,FD-024,public,2024-02-02,domestic-standard,201.2 kWh,False
MT308378,FD-012,residential,19/04/2024,domestic-standard,63.8 kWh,TRUE
MT309541,FD-005,residential,2023-02-12,domestic-low,177.0,0
MT305649,FD-035,commercial,2019-09-27,domestic-standard,,False
MT302743,FD-020,residential,2024-07-24,social,127.9 kWh,yes
MT302446,FD-012,residential,2020-02-01,domestic-low,149.2 kWh,True
MT310322,FD-003,industrial,2024-04-02,commercial,,no
MT300621,FD-007,residential,18/07/2021,industrial,257.6 kWh,False
MT307554,FD-022,commercial,2020-09-14,domestic-standard,75.9 kWh,yes
MT305550,FD-032,residential,16/09/2019,domestic-low,29.3 kWh,TRUE
MT301022,FD-021,commercial,2023-01-06,domestic-low,196.2,yes
MT300299,FD-010,public,2023-12-14,domestic-standard,11.3 kWh,no
MT301275,FD-023,commercial,2022-10-26,domestic-standard,98.1,TRUE
MT303680,FD-032,residential,2019-07-06,domestic-low,86.4,no
MT304670,FD-024,industrial,2021-05-08,industrial,,False
MT307573,FD-003,residential,2022-05-30,industrial,14.7 kWh,False
MT309277,FD-033,industrial,2021-02-20,social,161.9 kWh,True
MT309499,FD-027,commercial,2025-05-19,commercial,68.3,no
MT303357,FD-025,residential,2025-09-06,social,125.8,0
MT308459,FD-019,residential,2021-08-18,industrial,56.0,0
MT302566,FD-028,residential,2025-12-22,industrial,139.8,0
MT310044,FD-032,industrial,10/07/2021,domestic-low,224.6 kWh,TRUE
MT305802,FD-001,commercial,2025-05-01,domestic-low,,1
MT308720,FD-023,residential,2021-04-05,domestic-low,16.5 kWh,no
MT300335,FD-013,residential,2023-12-22,domestic-standard,177.4 kWh,FALSE
MT304028,FD-032,commercial,2023-12-29,commercial,153.1 kWh,False
MT301666,FD-033,public,2019-07-20,industrial,,1
MT301520,FD-011,residential,2023-01-10,industrial,27.2 kWh,True
MT306366,FD-005,industrial,2025-05-14,domestic-standard,103.3,yes
MT305419,FD-037,residential,2019-07-26,domestic-low,,yes
MT303190,FD-023,residential,2024-07-28,domestic-low,155.1 kWh,0
MT302789,FD-027,commercial,2022-07-05,industrial,135.5 kWh,0
MT310472,FD-027,residential,2020-08-05,industrial,,0
MT303127,FD-009,commercial,2024-11-25,social,228.0 kWh,TRUE
MT300402,FD-031,residential,2023-01-04,domestic-low,147.0,FALSE
MT305226,FD-037,public,2022-05-28,industrial,,0
MT306048,FD-036,industrial,2022-12-28,social,,no
MT306462,FD-033,industrial,2020-03-06,domestic-low,151.2 kWh,0
MT310858,FD-033,commercial,2026-04-29,social,90.5,False
MT308646,FD-035,residential,2025-12-25,domestic-low,,0
MT300190,FD-036,residential,2025-01-16,domestic-low,,False
MT303372,FD-021,commercial,2020-11-11,domestic-low,178.4,FALSE
MT308581,FD-005,public,2019-08-23,social,107.5,TRUE
MT306386,FD-020,industrial,2026-04-13,domestic-low,148.9 kWh,1
MT303267,FD-036,residential,2023-05-07,commercial,,yes
MT304294,FD-015,residential,2023-08-04,domestic-low,,yes
MT309020,FD-008,industrial,2022-06-18,commercial,,1
MT305161,FD-012,residential,2025-08-30,social,234.0 kWh,TRUE
MT305318,FD-005,residential,2024-04-15,social,265.2,TRUE
MT306208,FD-006,public,2026-04-19,industrial,,FALSE
MT304204,FD-018,residential,2024-06-06,industrial,122.6,True
MT305246,FD-003,residential,2023-04-28,industrial,32.7,TRUE
MT304516,FD-010,industrial,2019-10-15,domestic-low,85.4 kWh,FALSE
MT310326,FD-024,residential,2024-02-05,domestic-low,,True
MT303275,FD-006,residential,2021-01-14,domestic-standard,,0
MT307383,FD-029,industrial,2022-12-23,commercial,143.5,True
MT306103,FD-015,residential,2019-09-14,domestic-low,236.0 kWh,False
MT306788,FD-035,residential,30/03/2026,commercial,,no
MT303631,FD-010,commercial,2024-04-16,industrial,15.2,yes
MT307575,FD-002,residential,2019-04-07,commercial,170.8,1
MT303756,FD-020,industrial,2021-05-05,domestic-low,25.8 kWh,yes
MT310266,FD-007,public,2022-06-05,domestic-standard,15.1,TRUE
MT303604,FD-025,commercial,13/12/2023,social,,1
MT306275,FD-008,commercial,2023-09-15,social,,0
MT310126,FD-027,residential,2022-02-05,commercial,69.4 kWh,yes
MT310298,FD-007,residential,2021-01-09,social,,FALSE
MT302713,FD-036,industrial,2021-01-15,social,62.4 kWh,TRUE
MT304188,FD-009,industrial,2020-11-13,domestic-low,,1
MT300948,FD-006,residential,2023-03-30,social,70.6,yes
MT310271,FD-020,residential,2026-05-03,commercial,,False
MT303356,FD-008,commercial,2020-05-12,domestic-standard,182.8 kWh,1
MT303011,FD-031,industrial,2023-05-30,social,146.7 kWh,TRUE
MT301663,FD-008,public,01/07/2020,social,61.0 kWh,True
MT302076,FD-026,commercial,2019-12-16,industrial,72.0,yes
MT308794,FD-013,public,2025-10-11,domestic-standard,16.6 kWh,TRUE
MT305353,FD-007,residential,2022-01-24,domestic-standard,77.0 kWh,FALSE
MT304862,FD-013,industrial,07/11/2023,domestic-low,182.0,1
MT309436,FD-035,residential,2021-07-09,social,40.8,False
MT300036,FD-003,residential,08/04/2021,domestic-low,34.5 kWh,False
MT309952,FD-017,residential,2021-12-29,domestic-low,92.9,yes
MT310228,FD-033,commercial,2024-08-13,social,76.5,1
MT301940,FD-014,public,2019-10-13,domestic-low,28.0 kWh,True
MT309121,FD-011,residential,2024-06-09,domestic-low,,True
MT306037,FD-008,residential,2021-09-12,industrial,100.1 kWh,1
MT308735,FD-018,residential,2019-09-30,domestic-low,53.5,no
MT310815,FD-037,residential,2023-03-08,commercial,112.8 kWh,no
MT300812,FD-020,industrial,2023-10-27,industrial,215.6,False
MT303659,FD-001,residential,2025-07-06,social,90.2,True
MT305199,FD-006,residential,2020-11-26,industrial,64.1 kWh,False
MT307249,FD-033,residential,2020-06-04,commercial,174.9,0
MT306133,FD-021,commercial,2020-07-01,industrial,182.7 kWh,1
MT308922,FD-022,residential,2020-11-30,social,39.0,0
MT303143,FD-010,residential,2022-06-26,commercial,56.1 kWh,True
MT306636,FD-026,residential,2023-10-02,domestic-low,151.2 kWh,False
MT302290,FD-004,industrial,2025-11-11,domestic-low,102.6,yes
MT306818,FD-007,residential,2023-06-06,industrial,221.2 kWh,no
MT303134,FD-028,commercial,2020-12-25,commercial,100.1 kWh,FALSE
MT310975,FD-009,public,2021-12-25,domestic-standard,,yes
MT309353,FD-028,residential,2023-05-13,commercial,,1
MT304991,FD-013,commercial,2020-12-10,commercial,95.8 kWh,0
MT304525,FD-029,residential,2022-06-09,domestic-low,218.0 kWh,TRUE
MT310430,FD-012,residential,2021-08-31,domestic-low,,False
MT305376,FD-017,industrial,2020-04-25,domestic-standard,209.5,FALSE
MT301726,FD-017,residential,2023-12-31,social,,yes
MT305210,FD-015,public,2022-06-11,social,,FALSE
MT307221,FD-027,commercial,2024-05-06,domestic-standard,,yes
MT305599,FD-003,public,2023-02-09,industrial,101.5 kWh,FALSE
MT308190,FD-023,residential,2026-03-03,industrial,152.1 kWh,no
MT310751,FD-018,residential,2021-09-19,domestic-standard,77.3 kWh,no
MT310809,FD-033,industrial,2025-03-04,domestic-standard,96.8 kWh,TRUE
MT305780,FD-037,residential,2023-08-08,commercial,80.2 kWh,no
MT300569,FD-008,industrial,2020-04-26,social,148.3 kWh,TRUE
MT300585,FD-012,residential,2021-02-16,domestic-low,107.1 kWh,True
MT300322,FD-024,commercial,2021-06-26,industrial,,True
MT310661,FD-020,industrial,30/10/2020,industrial,135.5,no
MT307723,FD-015,residential,2026-03-26,domestic-low,14.5,FALSE
MT305896,FD-031,residential,2020-06-01,domestic-low,,False
MT302357,FD-021,residential,2020-03-02,social,,yes
MT301699,FD-006,industrial,16/12/2025,domestic-low,,yes
MT303813,FD-030,commercial,2026-01-30,domestic-low,88.1 kWh,no
MT308020,FD-025,residential,2025-06-30,commercial,114.9 kWh,0
MT308837,FD-004,residential,2024-05-17,commercial,,yes
MT300177,FD-035,residential,2022-11-27,commercial,67.3 kWh,1
MT310180,FD-017,residential,2023-07-22,domestic-standard,94.5 kWh,yes
MT304785,FD-005,commercial,26/09/2019,domestic-low,50.7 kWh,TRUE
MT301008,FD-005,residential,2022-04-19,social,102.0 kWh,False
MT305468,FD-026,industrial,2021-12-29,domestic-low,,1
MT306778,FD-020,industrial,2019-10-27,domestic-standard,,no
MT300090,FD-009,residential,2020-03-19,domestic-standard,78.7,1
MT300604,FD-018,residential,2025-10-03,commercial,85.2 kWh,1
MT303904,FD-011,industrial,2023-09-09,social,,no
MT303791,FD-027,residential,2023-03-09,industrial,,True
MT310273,FD-012,industrial,2024-05-19,social,123.7 kWh,True
MT307778,FD-030,residential,2026-01-01,industrial,27.1 kWh,True
MT303060,FD-004,commercial,2020-07-10,commercial,61.5 kWh,no
MT309226,FD-012,public,2022-11-29,domestic-standard,214.3 kWh,FALSE
MT304075,FD-017,residential,2026-04-14,commercial,55.1,FALSE
MT306448,FD-024,commercial,2022-11-09,commercial,27.3 kWh,1
MT310746,FD-017,residential,2024-08-18,domestic-standard,,FALSE
MT301083,FD-034,residential,2024-09-14,domestic-low,207.9 kWh,TRUE
MT305886,FD-031,industrial,2023-06-25,social,129.9,1
MT303094,FD-024,residential,12/01/2019,domestic-standard,210.0 kWh,yes
MT302590,FD-021,commercial,2020-09-24,industrial,22.9,1
MT300527,FD-035,residential,2023-12-18,domestic-low,,0
MT304101,FD-034,industrial,2025-04-22,industrial,,1
MT304269,FD-007,public,28/01/2026,social,74.2,yes
MT305744,FD-033,commercial,2019-11-24,social,193.9 kWh,TRUE
MT304805,FD-022,public,2024-06-25,social,144.8 kWh,yes
MT308699,FD-008,residential,2022-09-02,industrial,,no
MT302127,FD-032,residential,2024-10-09,domestic-standard,49.2 kWh,TRUE
MT308501,FD-025,industrial,2025-04-22,industrial,144.5,no
MT305557,FD-031,public,2019-08-22,domestic-low,156.6 kWh,FALSE
MT310041,FD-015,residential,2019-12-24,domestic-low,40.6 kWh,yes
MT300368,FD-003,commercial,22/05/2024,social,,False
MT306290,FD-003,residential,2024-12-09,commercial,,FALSE
MT302631,FD-018,commercial,2025-06-16,social,34.6,TRUE
MT302657,FD-017,commercial,2023-06-11,domestic-low,,True
MT304241,FD-015,residential,2020-08-29,domestic-standard,,no
MT302289,FD-008,commercial,2022-11-20,social,96.1 kWh,1
MT310557,FD-028,residential,01/01/2022,industrial,,True
MT305722,FD-029,commercial,2021-05-10,domestic-low,,FALSE
MT308858,FD-005,industrial,2023-09-03,commercial,,0
MT310244,FD-013,residential,2024-01-29,commercial,,yes
MT307847,FD-030,residential,2020-07-14,domestic-low,233.4 kWh,True
MT306618,FD-034,residential,2024-03-10,domestic-low,129.5 kWh,1
MT302684,FD-013,residential,2026-03-24,industrial,188.8,no
MT302950,FD-004,public,2025-12-19,domestic-low,31.3 kWh,1
MT310863,FD-035,commercial,2022-11-05,industrial,230.8 kWh,yes
MT302349,FD-020,commercial,2026-01-24,domestic-low,80.9,0
MT308496,FD-012,residential,2019-10-17,domestic-low,188.8 kWh,True
MT309621,FD-015,residential,2024-01-23,industrial,102.9 kWh,0
MT304635,FD-023,commercial,2022-02-21,domestic-standard,12.7,TRUE
MT308056,FD-030,commercial,2022-10-04,domestic-standard,11.6,FALSE
MT300882,FD-023,industrial,15/01/2020,domestic-standard,,no
MT309897,FD-028,public,2021-02-22,domestic-standard,172.4 kWh,False
MT310145,FD-011,industrial,2023-07-06,industrial,87.1 kWh,no
MT304019,FD-001,residential,2024-01-12,industrial,128.4 kWh,0
MT308217,FD-031,public,2025-05-31,domestic-low,32.6,True
MT310170,FD-005,public,2020-12-24,industrial,,1
MT300645,FD-015,industrial,2026-02-13,industrial,183.5,0
MT307296,FD-024,industrial,2023-08-13,social,165.1,TRUE
MT310324,FD-034,residential,2025-01-22,social,45.7 kWh,FALSE
MT302936,FD-031,residential,2021-05-07,industrial,,False
MT307576,FD-004,residential,2021-06-22,domestic-low,,TRUE
MT309911,FD-031,residential,2022-04-16,domestic-low,,False
MT307941,FD-001,residential,2023-11-24,domestic-standard,112.7,0
MT309137,FD-010,industrial,2023-07-04,industrial,,yes
MT301757,FD-001,residential,2020-01-10,domestic-low,95.5 kWh,True
MT309229,FD-012,residential,17/03/2019,commercial,77.1,True
MT303058,FD-024,residential,2021-05-15,domestic-standard,46.2,False
MT304306,FD-031,residential,01/02/2023,domestic-low,116.6 kWh,1
MT304254,FD-013,residential,2019-12-27,commercial,85.9 kWh,True
MT300654,FD-023,residential,2020-03-20,industrial,180.5 kWh,FALSE
MT305915,FD-027,public,2020-08-17,domestic-low,,FALSE
MT301394,FD-024,residential,2022-04-09,industrial,83.1 kWh,FALSE
MT305249,FD-024,public,2021-07-28,commercial,,1
MT300323,FD-025,public,2023-12-16,domestic-low,108.9 kWh,True
MT303625,FD-001,residential,2024-06-26,domestic-low,79.2 kWh,0
MT305690,FD-027,residential,2020-06-25,domestic-low,109.4,TRUE
MT307264,FD-032,industrial,2024-04-01,commercial,112.1,1
MT307884,FD-007,residential,2024-12-29,domestic-low,78.5 kWh,yes
MT306931,FD-017,residential,2025-01-10,social,,False
MT304895,FD-011,residential,2025-11-17,domestic-low,,FALSE
MT303672,FD-007,commercial,2024-04-20,industrial,52.5,1
MT309110,FD-001,residential,2025-03-13,commercial,109.8 kWh,False
MT300841,FD-023,commercial,2025-07-26,domestic-low,41.9,1
MT309843,FD-024,industrial,11/08/2023,domestic-low,,TRUE
MT301461,FD-034,public,2020-05-08,domestic-low,20.9,TRUE
MT304425,FD-024,public,2020-10-11,domestic-standard,,True
MT306064,FD-023,residential,2021-09-29,domestic-standard,,True
MT303622,FD-035,residential,23/06/2025,commercial,,TRUE
MT307520,FD-003,commercial,21/09/2022,domestic-standard,25.5,False
MT308601,FD-011,commercial,2023-01-10,industrial,179.8 kWh,1
MT309730,FD-010,residential,2023-12-12,domestic-standard,,no
MT302490,FD-013,industrial,2020-05-15,domestic-low,,True
MT303345,FD-031,residential,2023-06-29,commercial,,no
MT308872,FD-026,residential,2024-06-27,social,159.0 kWh,FALSE
MT306707,FD-012,public,30/10/2019,industrial,165.4 kWh,TRUE
MT305666,FD-001,residential,2024-04-30,social,115.9,0
MT300627,FD-025,residential,23/09/2022,social,,TRUE
MT302341,FD-027,public,2020-10-07,commercial,174.1 kWh,1
MT309923,FD-017,industrial,2023-10-16,domestic-low,225.7,no
MT300634,FD-016,residential,2024-10-28,domestic-low,110.0,False
MT302688,FD-011,residential,2021-10-29,domestic-low,,TRUE
MT303566,FD-006,residential,2022-11-27,domestic-low,,0
MT300186,FD-034,residential,2024-04-22,commercial,70.6 kWh,yes
MT304998,FD-005,residential,2022-02-07,commercial,36.2 kWh,1
MT301549,FD-022,public,2019-11-09,industrial,136.9,False
MT304651,FD-008,commercial,2024-07-05,domestic-low,119.5 kWh,1
MT301776,FD-025,commercial,2025-05-06,industrial,,1
MT303567,FD-030,public,2022-07-29,commercial,,yes
MT308911,FD-013,commercial,2020-10-11,commercial,70.0 kWh,TRUE
MT305851,FD-005,residential,2023-12-08,social,199.3 kWh,1
MT303396,FD-018,industrial,2022-07-22,commercial,79.0 kWh,yes
MT303806,FD-035,residential,16/05/2020,domestic-low,119.0,False
MT308021,FD-009,commercial,2020-10-08,domestic-low,52.1,1
MT310239,FD-019,public,2022-04-27,commercial,130.5 kWh,0
MT307172,FD-020,public,2022-09-29,domestic-standard,73.6 kWh,False
MT308852,FD-032,commercial,2020-10-04,domestic-standard,98.0 kWh,TRUE
MT302760,FD-019,commercial,2022-02-20,social,63.1,0
MT309665,FD-010,residential,2025-01-16,domestic-low,,TRUE
MT308247,FD-004,residential,17/12/2024,social,,0
MT301444,FD-004,residential,2020-09-09,commercial,109.0 kWh,TRUE
MT304513,FD-037,residential,2023-03-09,domestic-low,79.0,False
MT302915,FD-018,commercial,2025-11-25,domestic-standard,131.2,yes
MT302056,FD-020,residential,2021-03-20,industrial,17.7,FALSE
MT309866,FD-013,residential,2025-01-05,industrial,77.9,0
MT309452,FD-012,residential,16/03/2021,social,,True
MT305212,FD-017,residential,2024-05-20,domestic-low,,0
MT304476,FD-007,residential,2023-08-11,industrial,104.8 kWh,1
MT305105,FD-035,residential,2022-10-16,social,,no
MT307583,FD-037,commercial,2024-02-04,domestic-standard,74.4,False
MT305367,FD-033,public,2023-07-28,industrial,108.7,TRUE
MT305943,FD-026,industrial,2024-04-23,domestic-low,122.1,False
MT301395,FD-032,industrial,22/12/2025,domestic-low,132.1,FALSE
MT303750,FD-032,residential,07/08/2020,commercial,,yes
MT307768,FD-011,residential,2021-11-08,commercial,,TRUE
MT301362,FD-006,public,2021-06-06,domestic-low,155.9,FALSE
MT300385,FD-009,industrial,31/05/2025,industrial,13.2,True
MT304968,FD-031,residential,2024-07-29,social,122.5,True
MT300408,FD-014,public,14/10/2021,domestic-low,104.0,no
MT302009,FD-009,residential,2023-06-28,social,76.8 kWh,no
MT309150,FD-029,commercial,2022-09-27,commercial,118.7,True
MT305010,FD-002,public,16/08/2025,industrial,42.1 kWh,yes
MT307577,FD-001,residential,2020-04-30,commercial,211.8,0
MT306228,FD-013,public,2020-07-28,commercial,87.4,False
MT306423,FD-028,residential,01/03/2026,industrial,,False
MT306298,FD-016,industrial,2019-01-02,domestic-standard,53.6 kWh,FALSE
MT307282,FD-024,industrial,2022-08-23,domestic-low,,1
MT309689,FD-013,commercial,2025-07-12,social,121.6,0
MT302294,FD-036,residential,2025-10-08,domestic-low,27.4 kWh,0
MT307934,FD-018,residential,2021-07-10,domestic-low,,no
MT302952,FD-027,public,2020-12-08,commercial,,0
MT310900,FD-030,residential,2021-04-30,commercial,278.7,TRUE
MT308162,FD-002,residential,2022-12-21,commercial,73.6 kWh,TRUE
MT304111,FD-009,residential,2023-03-08,domestic-standard,29.6,True
MT303387,FD-016,commercial,2020-08-01,industrial,37.2,False
MT302023,FD-013,residential,2023-06-15,domestic-low,197.9,False
MT306407,FD-015,commercial,20/07/2019,domestic-low,43.7 kWh,1
MT305860,FD-028,commercial,2025-10-21,domestic-low,,False
MT306606,FD-003,commercial,2020-07-14,domestic-low,,False
MT303130,FD-009,commercial,2024-02-16,social,116.3,True
MT304189,FD-004,residential,2019-07-20,industrial,112.6 kWh,FALSE
MT308617,FD-011,residential,2020-01-18,industrial,34.7,TRUE
MT303338,FD-003,commercial,2020-09-15,domestic-low,24.4 kWh,TRUE
MT308931,FD-005,public,2022-03-11,social,,False
MT304359,FD-021,public,2023-03-26,domestic-low,37.5 kWh,yes
MT301650,FD-002,commercial,2021-11-13,industrial,104.2,yes
MT307487,FD-025,commercial,2022-12-12,domestic-low,,no
MT303510,FD-018,residential,2024-08-17,industrial,,1
MT300586,FD-035,industrial,2019-08-09,domestic-low,,TRUE
MT306668,FD-028,public,2023-11-13,commercial,46.6,yes
MT305290,FD-027,public,2021-06-01,industrial,106.8,FALSE
MT308569,FD-011,residential,2025-03-18,commercial,,FALSE
MT308783,FD-015,industrial,2019-11-25,domestic-low,,1
MT310939,FD-002,industrial,2019-07-19,domestic-standard,,TRUE
MT302128,FD-022,residential,2025-07-12,domestic-low,51.5 kWh,False
MT302321,FD-019,industrial,2023-09-23,domestic-low,35.7,yes
MT309574,FD-023,public,2022-11-16,commercial,,no
MT305541,FD-023,industrial,2020-07-18,domestic-low,,no
MT308178,FD-013,residential,2020-05-31,domestic-standard,,FALSE
MT308906,FD-036,commercial,2025-08-11,social,,no
MT302045,FD-024,commercial,16/07/2023,domestic-low,21.2 kWh,no
MT300239,FD-036,residential,2022-11-27,industrial,24.3 kWh,True
MT309938,FD-011,industrial,2020-06-22,domestic-low,219.9 kWh,False
MT303149,FD-027,residential,2024-10-05,domestic-low,164.8,FALSE
MT309713,FD-027,commercial,2022-05-16,domestic-low,,False
MT300215,FD-003,residential,2024-12-19,domestic-low,190.7,no
MT310873,FD-013,residential,2026-01-01,domestic-low,196.0,0
MT305475,FD-014,industrial,26/12/2024,commercial,,0
MT310412,FD-036,commercial,2025-06-12,social,128.4,FALSE
MT303742,FD-020,industrial,2021-09-17,domestic-low,135.1,TRUE
MT309546,FD-026,residential,2025-03-07,domestic-standard,,no
MT302527,FD-011,residential,2020-01-04,domestic-low,,True
MT310642,FD-027,residential,2021-01-21,domestic-low,177.1,1
MT301575,FD-028,residential,2022-10-17,commercial,,TRUE
MT305882,FD-002,commercial,2021-04-19,domestic-standard,,no
MT302869,FD-011,commercial,2021-04-08,commercial,148.6,FALSE
MT303650,FD-001,residential,2021-08-12,industrial,68.7,TRUE
MT304855,FD-028,industrial,2025-02-11,industrial,225.1 kWh,True
MT310182,FD-030,residential,2026-03-05,commercial,,yes
MT303773,FD-021,residential,2021-02-13,domestic-low,237.6 kWh,TRUE
MT309408,FD-007,residential,19/12/2019,commercial,104.2,0
MT302122,FD-024,commercial,2020-01-25,commercial,112.3 kWh,no
MT301199,FD-024,commercial,2022-08-27,social,156.9 kWh,False
MT304206,FD-003,industrial,2023-03-18,industrial,,yes
MT300465,FD-002,residential,2025-04-28,domestic-standard,154.0,yes
MT301589,FD-013,residential,2019-06-24,domestic-low,49.3 kWh,FALSE
MT309844,FD-001,commercial,2024-11-07,industrial,,1
MT309969,FD-030,residential,2021-01-03,social,79.5,1
MT306129,FD-010,public,2024-05-08,commercial,,yes
MT301367,FD-004,industrial,2019-10-20,social,,FALSE
MT310713,FD-022,public,2025-04-18,domestic-standard,,1
MT303600,FD-022,residential,2019-02-23,domestic-low,,FALSE
MT305151,FD-032,residential,2025-06-26,social,84.7,True
MT307597,FD-001,residential,2019-01-07,social,,False
MT301262,FD-034,industrial,30/12/2022,domestic-low,103.6,no
MT305852,FD-032,commercial,2023-12-03,domestic-standard,36.5 kWh,TRUE
MT308010,FD-017,industrial,2020-03-29,industrial,38.0,FALSE
MT304421,FD-013,residential,2022-08-19,domestic-low,75.4 kWh,0
MT306260,FD-018,residential,2021-09-19,industrial,,False
MT306179,FD-034,industrial,2021-06-20,domestic-low,204.1,0
MT305369,FD-014,commercial,2025-08-18,social,156.6 kWh,yes
MT306876,FD-028,residential,2019-04-26,domestic-standard,20.5 kWh,False
MT301784,FD-010,residential,2024-04-19,commercial,123.2 kWh,False
MT310852,FD-032,residential,24/09/2021,industrial,,1
MT304857,FD-035,residential,2025-08-23,social,173.3 kWh,0
MT304913,FD-011,residential,2024-07-31,social,,no
MT307594,FD-025,industrial,2020-05-11,industrial,,TRUE
MT307187,FD-035,residential,2022-03-15,domestic-standard,31.8,FALSE
MT305470,FD-005,commercial,2021-03-02,domestic-low,,True
MT301434,FD-031,residential,18/12/2022,commercial,,False
MT308499,FD-027,public,20/09/2021,domestic-low,,FALSE
MT310107,FD-014,commercial,2020-07-12,industrial,164.5 kWh,1
MT308077,FD-009,residential,2026-04-05,social,,True
MT304789,FD-034,industrial,2022-10-02,domestic-standard,11.2,FALSE
MT307157,FD-036,commercial,2021-12-11,social,163.1,False
MT307935,FD-025,commercial,2023-04-02,industrial,,no
MT304722,FD-020,residential,2019-06-14,industrial,108.9,TRUE
MT310498,FD-025,residential,2020-11-28,social,,0
MT310508,FD-017,residential,2019-04-02,domestic-low,37.1 kWh,TRUE
MT304199,FD-011,industrial,2026-02-04,domestic-standard,189.3 kWh,False
MT304925,FD-026,industrial,2022-10-22,domestic-low,148.5 kWh,0
MT309691,FD-002,industrial,2023-09-14,social,,0
MT305517,FD-011,residential,2024-02-03,domestic-low,55.6,no
MT301565,FD-029,public,23/11/2021,domestic-standard,105.8 kWh,FALSE
MT301281,FD-005,residential,17/12/2024,domestic-low,,yes
MT300229,FD-036,residential,07/05/2023,industrial,34.7,False
MT308522,FD-013,industrial,2022-02-15,industrial,61.3 kWh,0
MT305544,FD-029,public,2019-06-19,domestic-low,202.4 kWh,FALSE
MT308508,FD-009,residential,2023-11-04,domestic-low,154.2 kWh,0
MT306452,FD-001,residential,2019-02-01,domestic-standard,,FALSE
MT310691,FD-005,residential,14/09/2023,social,,False
MT307549,FD-009,residential,2019-07-31,social,77.6 kWh,FALSE
MT301863,FD-023,commercial,2025-01-18,social,,True
MT303319,FD-032,commercial,2019-08-24,industrial,,True
MT303343,FD-028,industrial,2026-02-12,industrial,147.5,False
MT308514,FD-004,residential,2025-09-22,domestic-low,11.6,0
MT309045,FD-006,residential,2019-08-13,domestic-low,95.1 kWh,no
MT301424,FD-036,residential,2024-11-13,social,114.3,yes
MT310869,FD-004,residential,2025-10-23,domestic-low,80.7,no
MT305222,FD-031,residential,2023-12-23,domestic-standard,,no
MT310355,FD-013,residential,2019-09-08,domestic-standard,29.6 kWh,False
MT303497,FD-020,residential,2019-03-24,commercial,,FALSE
MT302611,FD-029,residential,2019-06-09,domestic-low,12.6 kWh,no
MT305479,FD-003,public,2021-06-30,domestic-low,12.8,False
MT302359,FD-031,residential,2021-01-03,domestic-low,140.2 kWh,no
MT308773,FD-004,residential,2020-01-17,commercial,257.9,True
MT301352,FD-035,residential,2022-01-25,domestic-low,214.7 kWh,True
MT303976,FD-004,public,2020-11-18,domestic-standard,150.9 kWh,False
MT304658,FD-007,public,14/04/2020,domestic-low,9.4 kWh,True
MT308025,FD-014,public,14/10/2023,domestic-standard,,False
MT302672,FD-004,commercial,2019-04-13,domestic-low,65.7 kWh,FALSE
MT307389,FD-005,residential,2024-10-11,domestic-low,114.3 kWh,1
MT302902,FD-004,residential,2024-09-25,domestic-standard,164.3,no
MT306649,FD-036,industrial,2020-05-21,domestic-low,40.9 kWh,1
MT306470,FD-013,residential,2024-04-03,domestic-low,159.8,TRUE
MT302609,FD-012,residential,2025-05-16,commercial,182.6 kWh,yes
MT305206,FD-026,residential,2020-06-10,domestic-low,110.6 kWh,False
MT310223,FD-017,residential,16/11/2019,domestic-low,,False
MT310039,FD-024,residential,2020-02-11,domestic-low,,True
MT302379,FD-033,residential,2023-11-16,domestic-low,103.4 kWh,FALSE
MT303223,FD-016,residential,2020-03-30,domestic-low,95.4,TRUE
MT305185,FD-029,residential,2025-09-13,industrial,12.0,yes
MT301506,FD-012,commercial,2024-07-20,industrial,94.9,FALSE
MT308727,FD-010,commercial,2022-09-03,commercial,,yes
MT307647,FD-032,commercial,2023-06-19,domestic-low,38.6,0
MT306304,FD-012,residential,23/08/2020,social,131.1,0
MT309833,FD-020,public,2024-12-13,commercial,,True
MT308286,FD-034,public,2024-09-01,domestic-low,73.3 kWh,no
MT308294,FD-028,residential,2021-11-07,social,205.0 kWh,False
MT301599,FD-008,public,27/03/2023,industrial,111.6 kWh,0
MT310631,FD-005,residential,10/05/2021,domestic-standard,13.5,yes
MT304445,FD-023,residential,2022-11-03,domestic-low,183.7 kWh,TRUE
MT309850,FD-009,commercial,2021-05-01,commercial,52.1,True
MT304507,FD-012,residential,2020-04-13,domestic-low,,TRUE
MT303448,FD-003,residential,2021-08-17,domestic-low,,yes
MT304732,FD-035,public,08/09/2023,domestic-standard,11.1 kWh,False
MT307961,FD-006,public,24/12/2022,industrial,177.3 kWh,FALSE
MT308561,FD-028,commercial,2019-07-13,domestic-low,38.4 kWh,no
MT305653,FD-005,residential,2022-01-14,domestic-low,,0
MT302472,FD-017,residential,09/09/2021,domestic-low,,TRUE
MT305784,FD-028,residential,2026-01-18,commercial,,False
MT303129,FD-001,public,2020-05-05,industrial,53.9,0
MT303674,FD-014,residential,2021-05-26,social,203.2 kWh,FALSE
MT308222,FD-007,public,2023-12-02,domestic-low,,TRUE
MT301662,FD-025,public,2026-05-20,domestic-low,214.5 kWh,True
MT304123,FD-035,public,2019-02-04,social,59.8,yes
MT304960,FD-012,residential,2025-11-24,domestic-low,100.6,1
MT309547,FD-004,residential,2023-07-22,social,,1
MT304390,FD-024,residential,2025-01-25,industrial,,no
MT301104,FD-022,commercial,21/12/2023,domestic-low,102.9 kWh,TRUE
MT308192,FD-016,industrial,2021-04-09,domestic-low,191.6,yes
MT301438,FD-014,industrial,2021-02-13,domestic-low,12.3 kWh,FALSE
MT310313,FD-035,industrial,2023-11-11,commercial,186.0,1
MT302746,FD-003,residential,2019-10-05,domestic-standard,,no
MT309273,FD-005,commercial,2024-07-17,industrial,106.8,False
MT304772,FD-033,residential,2019-10-19,domestic-low,,False
MT304773,FD-003,commercial,19/06/2021,social,86.8 kWh,no
MT302208,FD-035,residential,2022-04-25,industrial,,0
MT300154,FD-022,industrial,2021-08-18,industrial,,yes
MT303423,FD-002,public,2024-09-15,commercial,61.2 kWh,True
MT301305,FD-026,commercial,2022-08-11,industrial,62.7 kWh,TRUE
MT307012,FD-032,commercial,2026-02-13,domestic-low,220.5,False
MT304414,FD-003,residential,2025-12-21,domestic-low,68.4,TRUE
MT306808,FD-025,commercial,2023-10-17,domestic-low,15.9 kWh,yes
MT306799,FD-017,public,2025-10-10,domestic-low,152.9,yes
MT300505,FD-004,industrial,2019-06-17,domestic-standard,102.7 kWh,False
MT303111,FD-024,industrial,2021-08-03,industrial,119.7 kWh,1
MT300984,FD-006,residential,2022-12-03,industrial,126.2 kWh,no
MT301388,FD-022,public,2025-12-29,industrial,,yes
MT305817,FD-011,residential,2021-12-17,industrial,64.8 kWh,TRUE
MT300498,FD-021,residential,2021-11-11,domestic-low,94.5,0
MT309178,FD-007,industrial,2023-08-03,domestic-low,73.2,yes
MT310101,FD-029,residential,2024-06-22,industrial,40.0 kWh,FALSE
MT300568,FD-035,commercial,2021-04-12,commercial,147.0,0
MT307262,FD-028,residential,2019-02-21,industrial,99.8 kWh,True
MT302521,FD-015,commercial,2023-07-08,commercial,77.5,True
MT301496,FD-031,public,2020-09-02,domestic-low,,FALSE
MT302049,FD-022,residential,2023-03-27,commercial,,False
MT310565,FD-026,industrial,2021-01-16,industrial,74.6,True
MT308684,FD-022,residential,2021-11-11,social,221.9 kWh,FALSE
MT301092,FD-037,residential,21/07/2024,commercial,153.5,True
MT308597,FD-034,commercial,2019-06-04,industrial,132.4,yes
MT306821,FD-004,commercial,2022-06-21,domestic-standard,,False
MT306257,FD-014,commercial,18/02/2026,domestic-low,,0
MT305512,FD-020,commercial,2020-08-11,domestic-standard,12.3 kWh,FALSE
MT300204,FD-037,industrial,2019-05-06,domestic-low,,False
MT309912,FD-033,commercial,2019-12-01,commercial,38.6,True
MT310835,FD-031,residential,2024-09-27,commercial,8.6 kWh,True
MT303931,FD-022,public,2019-08-27,industrial,258.1,0
MT304029,FD-033,residential,2024-11-07,domestic-low,,FALSE
MT308823,FD-015,industrial,2022-06-23,industrial,76.9,TRUE
MT301357,FD-022,residential,2019-03-07,domestic-low,,True
MT309338,FD-022,industrial,2020-07-17,domestic-standard,,False
MT305204,FD-014,residential,2024-12-05,industrial,29.0,0
MT301532,FD-022,residential,07/03/2026,domestic-standard,175.7,True
MT303178,FD-011,public,2025-09-17,domestic-low,194.6,TRUE
MT304450,FD-004,commercial,2022-12-04,industrial,196.8,True
MT309542,FD-011,residential,2025-11-19,industrial,118.2,FALSE
MT305813,FD-006,public,2022-07-22,social,39.9,True
MT304454,FD-015,commercial,2024-03-09,social,64.7,True
MT300709,FD-032,commercial,2022-01-20,domestic-low,72.7 kWh,True
MT303240,FD-025,residential,2025-03-25,industrial,46.1,yes
MT305194,FD-031,residential,2024-03-26,domestic-low,69.4 kWh,no
MT304319,FD-036,public,2023-03-15,social,123.0,0
MT306126,FD-032,residential,2020-05-01,domestic-low,59.5,1
MT309167,FD-025,commercial,2025-05-05,domestic-low,132.1,TRUE
MT302526,FD-023,residential,2024-04-15,commercial,28.6,FALSE
MT300579,FD-032,commercial,2025-05-03,social,135.3 kWh,yes
MT306180,FD-012,commercial,2025-10-25,industrial,30.1 kWh,1
MT309977,FD-028,commercial,2020-12-11,commercial,,FALSE
MT309227,FD-005,industrial,2025-07-02,industrial,,no
MT307563,FD-021,commercial,2022-11-16,domestic-low,,no
MT306282,FD-011,residential,2025-11-22,domestic-low,143.5,True
MT306902,FD-036,public,07/11/2021,domestic-standard,202.9 kWh,yes
MT310979,FD-025,commercial,2023-07-31,domestic-low,70.5,1
MT303114,FD-033,residential,2021-02-03,industrial,,0
MT303185,FD-008,public,2023-04-20,commercial,73.0,no
MT305018,FD-023,residential,2025-01-14,social,,TRUE
MT305193,FD-018,commercial,2023-08-31,domestic-low,155.4 kWh,no
MT310236,FD-032,public,2019-11-02,social,85.1,yes
MT300466,FD-033,residential,2022-08-04,domestic-standard,50.2 kWh,FALSE
MT300203,FD-022,residential,2026-04-10,industrial,80.2 kWh,no
MT306259,FD-009,public,2023-01-02,commercial,,yes
MT304463,FD-003,industrial,2021-12-29,domestic-low,145.4 kWh,yes
MT310455,FD-033,residential,2024-12-30,commercial,168.1,0
MT310447,FD-026,commercial,2023-08-26,social,15.2,TRUE
MT302100,FD-008,residential,2023-06-16,industrial,,no
MT306548,FD-008,industrial,2023-05-16,industrial,,FALSE
MT307257,FD-027,public,2024-02-14,domestic-low,,TRUE
MT305587,FD-032,residential,29/08/2022,social,,FALSE
MT306828,FD-007,public,02/07/2019,domestic-standard,,0
MT300950,FD-030,residential,2020-03-10,social,,0
MT305554,FD-020,residential,2023-01-08,domestic-standard,35.9 kWh,TRUE
MT309937,FD-032,industrial,2020-10-27,domestic-low,186.3 kWh,FALSE
MT306369,FD-015,industrial,2021-03-29,domestic-low,,True
MT308443,FD-035,residential,2021-10-25,social,13.6,no
MT308728,FD-028,residential,2022-09-01,domestic-low,94.3 kWh,TRUE
MT301645,FD-009,commercial,2024-09-24,domestic-low,192.0 kWh,FALSE
MT304211,FD-037,commercial,2020-09-13,domestic-low,,False
MT301931,FD-002,residential,2019-05-27,domestic-low,58.0 kWh,0
MT308115,FD-036,residential,27/07/2025,domestic-low,241.3 kWh,0
MT305133,FD-009,residential,26/04/2024,industrial,,False
MT308375,FD-025,residential,2021-03-01,domestic-standard,,TRUE
MT309882,FD-012,residential,22/11/2019,domestic-low,,TRUE
MT303063,FD-014,residential,2020-10-13,domestic-low,,0
MT305814,FD-001,residential,2020-01-16,commercial,106.3 kWh,FALSE
MT300159,FD-006,commercial,27/02/2019,domestic-standard,,False
MT300582,FD-030,residential,2020-12-31,commercial,83.1 kWh,False
MT304105,FD-032,residential,2023-10-03,domestic-low,39.7 kWh,0
MT307834,FD-014,industrial,2022-05-28,social,,False
MT304099,FD-005,public,2024-11-12,commercial,55.4,yes
MT304282,FD-008,industrial,2025-05-30,industrial,125.3 kWh,True
MT310070,FD-016,public,2021-08-02,domestic-low,,False
MT305269,FD-006,industrial,2023-07-07,commercial,,False
MT304500,FD-022,industrial,2024-03-28,domestic-low,143.4,TRUE
MT307943,FD-024,residential,2025-10-28,domestic-low,15.5,no
MT310616,FD-005,public,2021-07-11,domestic-low,,True
MT306773,FD-002,residential,2020-08-28,social,178.6,True
MT307106,FD-013,residential,2023-03-27,commercial,20.8 kWh,0
MT303979,FD-015,industrial,2026-01-29,domestic-standard,36.7,1
MT307638,FD-019,residential,2024-05-31,commercial,116.7 kWh,TRUE
MT308933,FD-036,residential,2025-10-02,domestic-standard,60.6,1
MT304043,FD-001,residential,2022-11-12,domestic-low,66.1 kWh,no
MT303422,FD-018,residential,2024-08-20,social,56.7,True
MT304934,FD-027,commercial,2025-02-07,domestic-standard,,yes
MT306703,FD-003,residential,2025-04-10,industrial,95.2,True
MT307675,FD-027,residential,2020-10-28,domestic-standard,133.3 kWh,0
MT300217,FD-037,residential,2019-10-09,domestic-low,127.9 kWh,yes
MT308377,FD-025,industrial,2019-10-03,social,,yes
MT303559,FD-027,residential,2024-06-08,domestic-standard,187.6 kWh,FALSE
MT308315,FD-014,public,2025-02-13,commercial,163.8 kWh,TRUE
MT302794,FD-028,residential,2021-12-27,industrial,,True
MT306153,FD-004,residential,2023-07-06,industrial,11.3,1
MT304230,FD-034,residential,2019-08-21,domestic-low,105.7,1
MT307861,FD-012,industrial,2020-02-15,domestic-low,109.2,FALSE
MT306078,FD-009,residential,05/04/2019,domestic-low,123.3,FALSE
MT310104,FD-012,residential,17/06/2020,industrial,177.4 kWh,yes
MT310954,FD-034,commercial,2026-03-08,domestic-standard,,yes
MT303740,FD-014,residential,2019-08-04,social,,TRUE
MT300134,FD-029,residential,2020-05-11,domestic-low,,True
MT310439,FD-015,residential,2021-03-13,social,66.5 kWh,yes
MT310028,FD-018,public,2023-09-18,domestic-standard,66.4 kWh,yes
MT305418,FD-004,industrial,2021-11-20,social,17.9 kWh,1
MT308420,FD-005,public,2019-10-21,domestic-low,45.2,yes
MT308019,FD-020,residential,2020-05-12,domestic-low,,yes
MT307456,FD-029,public,2024-11-28,domestic-standard,,False
MT310063,FD-012,residential,2025-06-30,domestic-low,32.7,1
MT308729,FD-020,residential,2024-01-17,industrial,88.5 kWh,0
MT308821,FD-028,residential,14/07/2019,commercial,112.7 kWh,TRUE
MT305705,FD-027,industrial,2022-08-18,industrial,93.7 kWh,FALSE
MT309370,FD-008,industrial,2022-03-07,domestic-low,48.1,True
MT300997,FD-002,commercial,2019-05-02,domestic-low,176.1,no
MT300451,FD-029,residential,2023-08-31,domestic-low,90.3,yes
MT302805,FD-010,public,2019-02-06,social,60.2,FALSE
MT305574,FD-019,public,2024-10-04,social,,True
MT309580,FD-022,residential,2019-07-20,social,,1
MT304098,FD-018,public,2025-01-23,commercial,177.1 kWh,False
MT306436,FD-011,residential,17/03/2021,domestic-standard,,False
MT304936,FD-005,commercial,2025-07-26,commercial,106.7 kWh,TRUE
MT301109,FD-017,residential,2019-11-21,industrial,,1
MT302303,FD-024,commercial,05/05/2021,domestic-low,,1
MT303285,FD-023,residential,2022-01-09,commercial,,FALSE
MT308570,FD-013,commercial,2024-05-23,commercial,46.5,False
MT304569,FD-033,public,2025-06-28,domestic-low,176.6 kWh,no
MT302489,FD-035,residential,2024-11-11,domestic-standard,,0
MT307405,FD-021,residential,2019-07-20,commercial,36.3 kWh,FALSE
MT304126,FD-033,residential,2026-05-21,domestic-low,,0
MT304475,FD-031,residential,2023-01-13,domestic-low,134.9 kWh,TRUE
MT301623,FD-016,residential,2024-04-15,domestic-low,32.5 kWh,1
MT300478,FD-031,residential,2025-05-19,commercial,82.4,True
MT301692,FD-022,residential,2025-11-29,commercial,78.9 kWh,FALSE
MT306798,FD-003,commercial,2020-05-27,domestic-low,,yes
MT309728,FD-024,industrial,2023-02-22,industrial,,True
MT300926,FD-016,industrial,2023-09-18,commercial,197.2 kWh,FALSE
MT305327,FD-029,residential,2019-08-31,domestic-low,,yes
MT307020,FD-018,public,2020-09-07,domestic-low,223.8,no
MT301306,FD-037,public,2021-02-11,domestic-low,204.8,FALSE
MT304727,FD-013,residential,2021-03-18,social,,1
MT303724,FD-021,commercial,2020-09-01,domestic-low,,True
MT302465,FD-019,commercial,2024-08-11,commercial,,False
MT309351,FD-002,public,2024-12-22,domestic-standard,,False
MT309257,FD-027,industrial,19/06/2025,domestic-low,,1
MT307689,FD-035,industrial,2019-02-28,industrial,50.2,yes
MT303215,FD-002,residential,2022-09-04,commercial,83.0,True
MT309950,FD-002,public,2024-12-26,domestic-standard,118.2 kWh,no
MT302163,FD-016,residential,2024-06-26,domestic-standard,18.0 kWh,no
MT302363,FD-006,residential,10/11/2023,domestic-low,19.9,TRUE
MT305973,FD-029,residential,2019-07-31,social,136.3 kWh,0
MT301187,FD-010,residential,22/11/2020,social,61.1 kWh,yes
MT301313,FD-019,residential,2025-01-28,domestic-low,41.5 kWh,FALSE
MT309406,FD-020,residential,2019-12-18,social,151.8,yes
MT300306,FD-010,residential,2025-10-21,social,147.5,1
MT307082,FD-033,residential,2024-08-18,domestic-low,,False
MT304248,FD-012,residential,2022-02-27,domestic-low,60.0,no
MT300414,FD-024,industrial,2020-10-05,domestic-low,9.4,1
MT305771,FD-023,public,2020-07-19,social,92.3 kWh,0
MT308006,FD-005,public,2022-08-21,domestic-low,,yes
MT303547,FD-015,commercial,23/12/2024,commercial,52.9 kWh,True
MT301054,FD-022,public,2020-01-31,domestic-standard,118.7,1
MT309255,FD-037,industrial,2023-09-23,commercial,58.4,1
MT308870,FD-033,industrial,2024-01-20,industrial,119.0,yes
MT305934,FD-022,residential,2025-03-01,domestic-standard,,no
MT306056,FD-028,residential,2023-02-16,commercial,15.6 kWh,1
MT300410,FD-014,industrial,2021-01-23,domestic-low,,0
MT307185,FD-005,industrial,2022-07-11,social,48.7 kWh,yes
MT305086,FD-031,commercial,2023-10-12,domestic-low,195.9 kWh,0
MT301196,FD-024,residential,2025-02-13,commercial,106.6,True
MT303701,FD-026,commercial,2019-09-06,industrial,63.0,no
MT304408,FD-030,residential,2021-04-14,domestic-low,124.2 kWh,yes
MT307821,FD-027,residential,2020-06-07,social,155.1 kWh,False
MT303395,FD-013,industrial,2019-08-11,industrial,186.4,1
MT308725,FD-035,residential,2022-10-26,domestic-low,71.7,1
MT306761,FD-008,residential,2019-08-18,domestic-low,31.0,0
MT304090,FD-031,public,2021-09-20,domestic-standard,32.3,True
MT303887,FD-008,residential,2020-01-28,social,35.5 kWh,yes
MT301412,FD-005,residential,2024-01-20,domestic-low,81.5,0
MT302966,FD-036,residential,2019-03-16,social,,0
MT306045,FD-036,residential,2023-09-04,industrial,58.2 kWh,TRUE
MT305375,FD-005,industrial,2021-05-04,domestic-standard,128.0,1
MT309085,FD-011,industrial,2023-05-24,domestic-low,161.8,FALSE
MT307701,FD-011,industrial,2021-10-02,commercial,,TRUE
MT305876,FD-037,residential,2019-03-13,industrial,,False
MT304353,FD-024,residential,2025-01-13,domestic-standard,161.4 kWh,True
MT306797,FD-036,residential,05/07/2024,domestic-low,,True
MT303411,FD-016,industrial,2025-11-27,domestic-standard,36.7 kWh,0
MT305741,FD-036,residential,2021-06-14,industrial,172.0,TRUE
MT304562,FD-004,public,2025-06-19,social,,True
MT310936,FD-005,commercial,2022-08-03,commercial,67.7,no
MT300515,FD-022,residential,2019-07-30,domestic-low,145.7,0
MT300062,FD-011,commercial,2022-08-18,industrial,96.8 kWh,1
MT305950,FD-003,commercial,2023-05-26,domestic-standard,,False
MT304579,FD-014,residential,2021-03-11,domestic-low,117.1 kWh,False
MT300373,FD-012,public,2019-11-26,domestic-low,140.1,FALSE
MT308592,FD-023,residential,2019-08-08,domestic-low,30.3 kWh,1
MT300793,FD-021,residential,31/10/2023,domestic-low,108.9 kWh,FALSE
MT308134,FD-004,industrial,2019-10-04,domestic-standard,,no
MT301702,FD-034,commercial,2025-07-08,social,162.5,False
MT300319,FD-013,residential,2023-06-05,domestic-low,224.2 kWh,TRUE
MT309411,FD-002,public,19/04/2023,commercial,80.1,TRUE
MT308857,FD-022,public,2021-02-17,domestic-low,22.3,TRUE
MT302864,FD-020,public,2025-08-01,domestic-low,,0
MT302954,FD-011,residential,2025-02-27,domestic-standard,,0
MT300183,FD-030,commercial,2024-09-13,commercial,,True
MT303025,FD-032,residential,2019-11-05,commercial,81.6,1
MT301681,FD-015,residential,2020-03-17,social,,0
MT310097,FD-022,residential,2026-04-15,domestic-low,25.2 kWh,TRUE
MT303119,FD-022,residential,2022-01-01,social,160.2,yes
MT310718,FD-019,residential,2026-02-23,domestic-standard,208.1,yes
MT303120,FD-009,public,2025-03-16,social,,0
MT309865,FD-005,residential,2025-03-13,social,99.6,no
MT301097,FD-010,commercial,2021-09-14,industrial,53.6 kWh,0
MT302661,FD-006,residential,2024-02-08,domestic-low,95.4,0
MT303366,FD-030,residential,2019-01-18,industrial,29.2 kWh,yes
MT309047,FD-016,residential,2024-03-19,domestic-standard,,TRUE
MT302841,FD-030,residential,2020-10-22,industrial,,False
MT307411,FD-009,residential,2019-08-10,domestic-standard,59.4,1
MT300738,FD-012,public,2022-02-01,industrial,28.9 kWh,FALSE
MT300056,FD-033,residential,2020-08-29,industrial,97.1,yes
MT306954,FD-030,residential,2025-01-09,social,176.0 kWh,TRUE
MT300193,FD-009,residential,2022-07-31,domestic-low,153.7,TRUE
MT310860,FD-012,public,2024-12-16,domestic-low,22.2,no
MT306669,FD-002,commercial,2021-12-24,social,137.5,True
MT302637,FD-012,industrial,12/11/2019,domestic-low,,True
MT305743,FD-019,public,2024-10-21,commercial,126.0 kWh,FALSE
MT307716,FD-008,residential,2022-07-31,domestic-low,,FALSE
MT308311,FD-011,residential,2022-05-10,domestic-standard,138.6,yes
MT302620,FD-003,industrial,2022-08-27,commercial,30.4,False
MT303907,FD-009,residential,2023-10-29,domestic-standard,185.2 kWh,False
MT302129,FD-004,residential,2023-02-09,social,126.7,yes
MT307985,FD-005,commercial,2024-01-06,industrial,,TRUE
MT300724,FD-015,residential,2022-06-11,commercial,117.7,yes
MT308996,FD-030,residential,2026-05-08,domestic-low,,FALSE
MT305271,FD-023,commercial,16/03/2023,social,106.2,FALSE
MT303394,FD-002,residential,17/10/2020,industrial,160.3,yes
MT306619,FD-016,residential,2025-12-13,commercial,197.1 kWh,yes
MT302375,FD-033,residential,18/08/2024,domestic-low,128.6 kWh,no
MT310328,FD-003,industrial,2022-01-21,domestic-low,112.2 kWh,True
MT301161,FD-013,residential,2026-02-27,domestic-low,,yes
MT305338,FD-022,public,2021-07-22,social,263.7,0
MT301170,FD-017,residential,12/06/2024,domestic-standard,122.7,0
MT302177,FD-032,residential,2019-12-01,social,160.4 kWh,0
MT304808,FD-003,residential,03/08/2025,social,23.0 kWh,False
MT305182,FD-034,public,2020-08-28,social,,TRUE
MT303326,FD-032,residential,2023-11-19,social,,no
MT304731,FD-003,public,2025-12-30,domestic-standard,,FALSE
MT310692,FD-030,public,2020-07-23,domestic-low,,FALSE
MT307975,FD-012,residential,2021-10-16,domestic-low,58.8 kWh,FALSE
MT302351,FD-025,residential,2022-09-09,domestic-low,,False
MT300169,FD-026,industrial,2026-04-14,domestic-low,167.5,no
MT300731,FD-004,residential,2020-07-08,domestic-standard,,True
MT310568,FD-027,residential,2023-12-01,industrial,,yes
MT310125,FD-033,public,2023-07-12,domestic-low,,0
MT302985,FD-015,industrial,2019-09-08,social,65.6,TRUE
MT303251,FD-004,industrial,2023-01-31,domestic-standard,,no
MT310660,FD-022,residential,2023-01-24,domestic-standard,91.1,1
MT309485,FD-006,commercial,2025-10-04,social,92.7,0
MT308491,FD-004,residential,2024-04-03,domestic-standard,95.8,0
MT301767,FD-034,commercial,2022-01-15,social,147.3,FALSE
MT303857,FD-005,residential,2021-07-02,industrial,,False
MT309350,FD-023,residential,20/04/2020,domestic-low,52.5 kWh,TRUE
MT308973,FD-016,public,28/09/2019,commercial,200.4 kWh,True
MT307553,FD-006,industrial,2025-10-19,social,,no
MT304387,FD-036,commercial,2026-03-04,social,,0
MT308086,FD-020,residential,2025-11-05,domestic-low,123.1,yes
MT307728,FD-013,commercial,2022-02-15,social,162.5,True
MT308749,FD-018,residential,2025-04-24,commercial,113.2,no
MT301458,FD-037,residential,2025-04-05,domestic-low,134.8,no
MT302320,FD-019,public,2019-12-16,domestic-low,,1
MT301963,FD-020,commercial,2026-05-08,domestic-low,76.1 kWh,yes
MT300309,FD-014,industrial,29/10/2021,domestic-low,,0
MT302856,FD-001,public,2020-08-09,social,90.6 kWh,FALSE
MT307548,FD-005,industrial,2020-12-02,domestic-low,39.2 kWh,FALSE
MT304018,FD-020,residential,2020-11-09,industrial,190.5 kWh,True
MT307885,FD-035,commercial,2025-05-24,domestic-low,,no
MT306532,FD-019,industrial,2026-05-05,industrial,88.4 kWh,no
MT301524,FD-027,industrial,2022-12-07,domestic-standard,118.2 kWh,no
MT307984,FD-003,industrial,2019-04-27,commercial,34.2 kWh,yes
MT300776,FD-035,residential,2020-04-02,commercial,,FALSE
MT301879,FD-028,residential,2022-04-14,social,48.4 kWh,1
MT301996,FD-028,residential,2022-11-27,social,197.4,FALSE
MT309018,FD-024,residential,2020-06-17,social,,True
MT301789,FD-034,residential,2020-10-11,domestic-low,29.6 kWh,no
MT309975,FD-020,residential,2022-12-05,industrial,,False
MT307147,FD-017,public,2022-03-16,social,53.5 kWh,True
MT307256,FD-004,residential,2021-04-17,commercial,129.1,0
MT305349,FD-035,industrial,2021-06-18,domestic-standard,,True
MT309391,FD-021,residential,2022-03-21,domestic-standard,44.0,True
MT304715,FD-015,commercial,04/11/2024,commercial,,TRUE
MT303963,FD-035,commercial,12/03/2025,industrial,161.9 kWh,1
MT308450,FD-023,residential,27/06/2020,social,28.1,yes
MT307513,FD-028,industrial,2025-02-15,commercial,133.7,1
MT307737,FD-011,residential,2021-07-29,domestic-low,123.8,1
MT303594,FD-024,residential,2020-04-10,domestic-low,137.8,FALSE
MT309377,FD-028,residential,2020-01-04,industrial,124.1 kWh,TRUE
MT306911,FD-012,residential,2023-10-08,domestic-low,66.9,1
MT306048,FD-036,industrial,2022-12-28,industrial,,no
MT300502,FD-035,residential,2022-02-10,domestic-standard,86.8 kWh,1
MT307649,FD-009,industrial,2020-01-23,domestic-low,179.3 kWh,False
MT304158,FD-011,residential,2024-11-07,domestic-standard,69.4,TRUE
MT302169,FD-035,public,2022-10-31,domestic-low,153.7 kWh,1
MT303198,FD-037,public,2025-05-03,domestic-low,81.4,yes
MT309347,FD-037,residential,2021-02-12,commercial,72.3 kWh,yes
MT309011,FD-006,residential,2022-12-18,domestic-low,49.7,0
MT300680,FD-019,commercial,2020-09-03,domestic-low,44.6,yes
MT308612,FD-023,residential,2024-08-25,industrial,,TRUE
MT302847,FD-005,residential,2024-03-22,domestic-low,,False
MT303265,FD-033,industrial,2019-07-17,domestic-low,,yes
MT309516,FD-028,residential,2025-10-15,social,266.0,True
MT305006,FD-035,industrial,2021-03-20,domestic-standard,241.0,TRUE
MT304823,FD-020,residential,2019-06-30,domestic-low,190.1,no
MT301761,FD-002,public,2020-09-12,commercial,131.5 kWh,TRUE
MT304108,FD-028,residential,2023-10-15,industrial,131.7,no
MT302247,FD-034,commercial,2023-05-17,social,,True
MT300102,FD-005,public,2019-08-19,domestic-low,,False
MT303344,FD-033,public,2023-11-04,domestic-standard,,TRUE
MT309825,FD-005,public,2023-01-28,commercial,124.7,0
MT307639,FD-010,residential,2020-03-08,domestic-low,108.4 kWh,False
MT310030,FD-002,residential,2021-03-29,commercial,238.3 kWh,0
MT309015,FD-013,commercial,2021-03-05,social,121.3 kWh,True
MT308826,FD-029,industrial,2022-04-16,social,153.4,yes
MT300378,FD-012,residential,2021-10-18,domestic-low,56.7,yes
MT308274,FD-019,commercial,2025-12-09,commercial,92.3,True
MT300172,FD-016,residential,2025-12-20,domestic-low,,FALSE
MT303944,FD-001,residential,2025-05-21,commercial,,yes
MT305845,FD-022,residential,2023-12-03,social,49.3,no
MT305959,FD-019,residential,22/07/2019,domestic-standard,116.1 kWh,TRUE
MT310926,FD-023,commercial,2023-06-08,commercial,100.4,FALSE
MT307625,FD-001,industrial,2022-08-16,social,175.6 kWh,1
MT307276,FD-009,residential,20/10/2021,social,54.8 kWh,FALSE
MT302130,FD-001,industrial,2026-03-23,industrial,,1
MT301215,FD-035,residential,2020-12-20,social,115.8 kWh,yes
MT304055,FD-018,residential,2019-09-15,domestic-low,108.1,True
MT304557,FD-006,public,18/12/2020,social,186.8,False
MT305320,FD-025,industrial,2025-09-12,domestic-low,,False
MT302984,FD-002,commercial,2019-04-12,domestic-standard,107.5 kWh,1
MT305558,FD-003,public,2023-07-06,commercial,115.0 kWh,no
MT304174,FD-005,commercial,2020-08-15,commercial,,no
MT307292,FD-017,public,2024-08-02,commercial,101.4,True
MT310737,FD-033,residential,2020-09-28,social,,1
MT305594,FD-007,public,2020-03-15,domestic-standard,,True
MT309552,FD-029,public,2023-01-06,domestic-standard,,no
MT304219,FD-013,public,2025-10-10,domestic-standard,28.0 kWh,True
MT306597,FD-025,commercial,2024-03-09,domestic-standard,121.6,False
MT308125,FD-025,commercial,2021-11-24,industrial,35.5 kWh,FALSE
MT303623,FD-006,residential,2020-01-20,industrial,,TRUE
MT301011,FD-022,residential,2022-02-26,domestic-standard,245.0,TRUE
MT304308,FD-034,commercial,2024-09-01,domestic-low,53.1,False
MT308427,FD-012,public,2020-05-20,domestic-low,54.6,no
MT310515,FD-004,commercial,2020-03-27,domestic-low,,1
MT303906,FD-016,public,2020-02-15,domestic-low,89.6 kWh,FALSE
MT308024,FD-031,public,2019-11-24,commercial,,1
MT306551,FD-036,residential,2019-11-18,domestic-standard,,yes
MT303875,FD-036,public,01/09/2022,domestic-low,,TRUE
MT302167,FD-013,commercial,2022-02-16,social,,TRUE
MT305094,FD-030,industrial,2024-02-06,domestic-low,102.6 kWh,False
MT303268,FD-025,residential,2024-09-08,commercial,53.3,False
MT309519,FD-007,commercial,12/06/2021,commercial,,no
MT303526,FD-008,residential,2021-06-23,commercial,91.3 kWh,no
MT305730,FD-013,industrial,2020-01-30,domestic-low,58.1 kWh,1
MT308177,FD-016,residential,2022-12-12,social,,yes
MT306914,FD-008,industrial,2026-03-08,social,,no
MT304803,FD-002,residential,2023-01-18,social,147.4,0
MT300749,FD-009,public,2024-06-11,domestic-standard,42.4,no
MT304700,FD-032,residential,04/01/2023,social,136.6 kWh,False
MT307250,FD-034,commercial,2025-09-05,domestic-standard,90.1 kWh,False
MT310367,FD-025,industrial,2026-01-17,domestic-low,79.7 kWh,1
MT305362,FD-037,commercial,2022-10-23,domestic-standard,12.1 kWh,FALSE
MT302070,FD-017,commercial,2019-01-01,commercial,145.0,yes
MT302393,FD-006,public,21/11/2022,domestic-standard,158.7,False
MT303811,FD-022,public,2023-02-23,domestic-low,105.1 kWh,TRUE
MT304702,FD-014,public,2025-07-09,social,64.4 kWh,TRUE
MT303041,FD-032,residential,2021-12-25,social,103.7 kWh,False
MT303348,FD-001,residential,2022-07-15,domestic-low,,True
MT306022,FD-030,commercial,2021-11-16,domestic-standard,,0
MT305509,FD-006,residential,2022-06-03,social,,TRUE
MT302553,FD-020,residential,2023-09-16,domestic-standard,,FALSE
MT303231,FD-011,residential,2021-08-30,commercial,,TRUE
MT303513,FD-034,residential,2022-07-25,industrial,53.9 kWh,1
MT300304,FD-011,residential,2025-04-18,domestic-standard,88.6 kWh,no
MT305681,FD-003,residential,2024-07-23,domestic-standard,,FALSE
MT303613,FD-006,residential,2021-03-29,industrial,20.5 kWh,FALSE
MT309486,FD-023,residential,2020-02-20,domestic-low,,no
MT301811,FD-027,public,2021-09-16,domestic-low,151.0,yes
MT309136,FD-004,residential,2023-01-09,domestic-standard,,True
MT303390,FD-020,commercial,2020-08-16,commercial,86.7,0
MT302360,FD-029,residential,2021-06-22,social,237.8,1
MT303995,FD-026,public,2022-08-24,commercial,230.7,0
MT307376,FD-006,industrial,2022-07-28,social,,no
MT307791,FD-016,industrial,2019-08-13,social,55.9 kWh,1
MT302095,FD-024,residential,2019-05-15,commercial,147.5 kWh,TRUE
MT309181,FD-021,industrial,2019-07-26,domestic-low,,yes
MT308883,FD-024,residential,2019-08-01,domestic-standard,49.4,no
MT308803,FD-018,commercial,2020-02-08,social,228.5 kWh,1
MT308033,FD-036,industrial,2021-05-05,commercial,,False
MT305422,FD-020,residential,2019-12-28,industrial,136.8,yes
MT300285,FD-001,commercial,2022-01-18,domestic-low,,TRUE
MT307995,FD-018,public,2020-11-18,social,136.2,yes
MT303315,FD-005,residential,28/11/2023,industrial,,1
MT305414,FD-007,industrial,2020-10-13,social,147.6 kWh,FALSE
MT309217,FD-004,industrial,2021-11-04,commercial,,1
MT304721,FD-002,industrial,2023-07-28,industrial,71.9 kWh,True
MT309785,FD-017,residential,2025-12-31,domestic-low,,FALSE
MT309170,FD-005,industrial,2022-11-21,social,,1
MT309812,FD-028,public,2025-03-24,commercial,,True
MT300161,FD-014,residential,2019-10-06,industrial,96.5 kWh,False
MT300811,FD-004,industrial,2022-11-04,commercial,,False
MT309823,FD-020,industrial,2026-02-11,domestic-standard,236.0,False
MT300822,FD-027,residential,2024-04-06,domestic-low,,TRUE
MT305224,FD-023,industrial,2024-07-25,domestic-low,154.7 kWh,FALSE
MT308293,FD-012,residential,2019-01-19,domestic-low,,0
MT304401,FD-007,residential,2020-07-19,commercial,102.4,0
MT309397,FD-008,residential,2022-10-08,domestic-standard,,0
MT309715,FD-020,residential,2022-09-20,social,,True
MT302692,FD-034,residential,2024-08-07,domestic-low,91.9,yes
MT307912,FD-028,residential,2023-12-06,domestic-standard,14.9,TRUE
MT301523,FD-020,residential,2022-06-19,domestic-low,91.7,1
MT302897,FD-025,residential,2020-04-12,domestic-low,26.2 kWh,1
MT304613,FD-004,industrial,2021-02-08,domestic-low,,1
MT310632,FD-020,industrial,2024-08-01,industrial,,True
MT310350,FD-005,residential,2022-07-30,commercial,,1
MT300964,FD-036,public,2020-03-23,social,,False
MT306375,FD-009,commercial,2025-07-03,domestic-low,69.7,yes
MT302810,FD-026,industrial,2020-07-16,domestic-low,84.4 kWh,True
MT304164,FD-005,industrial,03/10/2020,commercial,41.8,1
MT309099,FD-016,industrial,2021-06-06,industrial,101.9 kWh,no
MT305916,FD-019,industrial,2019-09-06,domestic-low,,no
MT302044,FD-025,industrial,2024-07-05,domestic-standard,15.5 kWh,True
MT304494,FD-001,industrial,2019-09-18,social,85.1 kWh,True
MT300399,FD-037,public,2024-12-17,domestic-low,66.5 kWh,no
MT307146,FD-019,commercial,2021-09-13,social,127.7,True
MT301102,FD-006,residential,2019-11-28,domestic-low,,FALSE
MT303089,FD-026,commercial,2023-04-03,domestic-standard,97.9,no
MT308531,FD-028,commercial,2019-08-08,commercial,181.8,False
MT301550,FD-034,residential,2021-02-12,domestic-low,,yes
MT301171,FD-007,commercial,2022-04-06,domestic-low,86.4 kWh,0
MT304334,FD-029,residential,2019-08-19,domestic-standard,153.5,1
MT307299,FD-011,public,2024-07-22,domestic-standard,150.9 kWh,yes
MT300481,FD-015,public,2020-07-04,domestic-low,29.8,True
MT308784,FD-033,commercial,2024-07-07,commercial,189.0,no
MT301602,FD-008,residential,2021-06-26,commercial,185.2 kWh,1
MT300468,FD-018,public,2023-05-02,social,,FALSE
MT307966,FD-037,public,2023-12-29,commercial,,True
MT303001,FD-033,industrial,2019-06-06,commercial,90.7,no
MT305396,FD-014,residential,2021-07-31,domestic-low,159.8,yes
MT302178,FD-023,commercial,2026-03-05,industrial,,yes
MT303021,FD-037,industrial,2021-07-15,domestic-low,,TRUE
MT306189,FD-011,industrial,2022-02-25,social,47.7,True
MT307997,FD-028,residential,29/05/2020,domestic-low,,FALSE
MT302258,FD-005,residential,26/02/2025,domestic-low,,True
MT309555,FD-033,commercial,2019-09-12,commercial,164.3,0
MT309791,FD-025,industrial,2019-10-18,industrial,,True
MT308918,FD-005,industrial,2023-10-05,domestic-low,200.3,0
MT306860,FD-006,commercial,2024-09-25,commercial,183.8 kWh,0
MT303796,FD-016,commercial,2022-07-05,domestic-low,109.3,1
MT307851,FD-029,commercial,2019-03-18,social,,False
MT303596,FD-032,commercial,2019-10-18,domestic-low,176.4,yes
MT304154,FD-013,residential,2024-10-27,commercial,69.0,1
MT302087,FD-024,commercial,2022-08-04,domestic-low,52.7 kWh,no
MT309570,FD-033,residential,2025-07-05,social,,False
MT301023,FD-028,residential,2020-06-03,industrial,,1
MT304811,FD-035,industrial,2020-06-20,commercial,,True
MT306936,FD-019,industrial,2026-01-24,domestic-low,,FALSE
MT301226,FD-006,commercial,04/07/2024,social,,no
MT301506,FD-012,commercial,2024-07-20,domestic-low,94.9,FALSE
MT302597,FD-031,industrial,05/03/2021,domestic-low,,1
MT301300,FD-003,residential,2026-03-08,domestic-standard,215.0,FALSE
MT300975,FD-012,industrial,2024-03-07,domestic-low,114.1 kWh,yes
MT306114,FD-005,residential,2023-10-14,industrial,43.8 kWh,1
MT308905,FD-019,industrial,2022-01-04,social,102.5,1
MT305053,FD-032,residential,23/01/2019,industrial,,yes
MT303687,FD-021,residential,2024-03-17,social,,0
MT301333,FD-009,public,09/11/2022,domestic-low,83.6,TRUE
MT304479,FD-002,commercial,2021-08-02,commercial,79.4 kWh,False
MT302610,FD-030,industrial,04/08/2019,social,74.0 kWh,TRUE
MT308992,FD-021,industrial,2022-11-18,industrial,83.3,no
MT300983,FD-037,public,2020-01-02,social,84.1,1
MT305843,FD-010,industrial,2024-07-29,domestic-low,109.6,FALSE
MT305725,FD-021,commercial,2021-10-20,industrial,39.3,yes
MT308524,FD-006,residential,2021-08-17,social,157.7 kWh,0
MT310723,FD-008,residential,2024-10-31,industrial,97.4 kWh,1
MT306594,FD-023,public,2019-04-15,domestic-standard,,yes
MT304817,FD-017,residential,2022-04-11,domestic-low,,no
MT310856,FD-001,public,2025-12-10,domestic-standard,158.3 kWh,no
MT309859,FD-026,public,11/01/2020,domestic-standard,,no
MT308880,FD-005,residential,2022-05-12,domestic-low,,False
MT303992,FD-022,residential,2023-12-19,commercial,70.5 kWh,TRUE
MT310550,FD-026,residential,2024-12-04,social,26.4,False
MT309846,FD-013,commercial,2022-12-27,domestic-low,167.8,yes
MT308407,FD-021,public,2025-06-14,domestic-low,,0
MT309827,FD-002,residential,2021-10-29,domestic-low,94.0 kWh,0
MT303179,FD-007,residential,2021-07-12,domestic-low,27.8,TRUE
MT306833,FD-009,industrial,2024-01-02,domestic-standard,18.0,0
MT303582,FD-032,residential,2026-01-01,domestic-standard,37.2 kWh,FALSE
MT303888,FD-013,residential,10/05/2023,commercial,195.3,0
MT301952,FD-022,industrial,2021-12-15,industrial,252.9,yes
MT304820,FD-026,industrial,17/02/2025,domestic-low,192.2,FALSE
MT310851,FD-006,residential,2020-10-20,social,146.6 kWh,0
MT302399,FD-018,industrial,2021-10-13,domestic-standard,,True
MT308952,FD-023,public,25/03/2025,social,,False
MT304594,FD-031,industrial,2019-03-15,domestic-low,12.3 kWh,False
MT309096,FD-008,residential,2024-11-21,social,22.3 kWh,no
MT303877,FD-016,commercial,16/05/2021,domestic-standard,141.3 kWh,1
MT310791,FD-028,residential,2022-06-08,social,38.8 kWh,yes
MT304296,FD-036,industrial,2025-03-19,industrial,61.1 kWh,False
MT304134,FD-001,residential,2023-03-10,social,111.3 kWh,TRUE
MT302666,FD-023,residential,2021-03-05,commercial,85.5 kWh,False
MT310758,FD-011,commercial,2019-07-11,domestic-low,136.5,yes
MT304584,FD-031,residential,2024-08-23,domestic-low,141.6 kWh,no
MT308715,FD-014,residential,2021-06-01,domestic-standard,142.4,yes
MT308471,FD-013,industrial,2019-07-22,commercial,173.2 kWh,FALSE
MT306095,FD-025,commercial,2021-06-10,domestic-low,266.7,no
MT305261,FD-005,residential,2021-10-06,domestic-low,99.5,TRUE
MT301336,FD-037,residential,2023-08-02,social,43.3 kWh,False
MT304758,FD-017,commercial,2024-01-15,domestic-low,,TRUE
MT310663,FD-011,industrial,2021-09-29,industrial,119.5 kWh,FALSE
MT305800,FD-006,residential,2019-01-01,domestic-low,51.4,TRUE
MT305365,FD-026,residential,2025-04-05,domestic-standard,138.0 kWh,True
MT310572,FD-019,commercial,01/11/2021,domestic-low,151.4 kWh,True
MT310961,FD-031,residential,2021-09-16,domestic-standard,94.2 kWh,FALSE
MT307048,FD-023,industrial,2022-05-20,social,46.1,1
MT300679,FD-012,commercial,2024-08-14,industrial,,yes
MT301309,FD-027,residential,2024-11-24,domestic-standard,,TRUE
MT305319,FD-005,residential,2022-04-02,domestic-low,177.5,1
MT308661,FD-027,industrial,2023-11-08,domestic-low,108.0,yes
MT305733,FD-019,commercial,03/04/2023,domestic-standard,173.8,True
MT310345,FD-009,public,2020-05-21,industrial,30.0,True
MT304830,FD-019,industrial,2024-05-18,social,,yes
MT307693,FD-006,industrial,2020-05-29,domestic-low,250.0 kWh,TRUE
MT303733,FD-025,public,2022-10-03,domestic-standard,,FALSE
MT307584,FD-035,industrial,2019-05-19,domestic-standard,65.1 kWh,1
MT305184,FD-016,residential,2024-07-08,domestic-low,149.5,False
MT309922,FD-001,residential,2024-02-14,industrial,73.8,TRUE
MT310592,FD-009,residential,2022-01-27,domestic-low,125.4 kWh,True
MT310075,FD-011,public,2019-02-07,domestic-standard,51.3,yes
MT306273,FD-005,industrial,2019-06-05,social,73.7 kWh,0
MT308012,FD-034,residential,2022-10-04,domestic-low,,TRUE
MT304950,FD-029,residential,2021-07-19,domestic-low,,yes
MT310035,FD-036,commercial,2021-11-10,domestic-low,128.0,TRUE
MT305613,FD-036,public,2023-12-28,domestic-standard,139.2,False
MT300664,FD-009,residential,30/08/2023,domestic-standard,101.1,1
MT300522,FD-014,public,2023-05-25,industrial,110.2,False
MT303433,FD-017,residential,2021-05-04,domestic-low,67.3 kWh,FALSE
MT308602,FD-027,residential,2024-12-15,industrial,99.3 kWh,FALSE
MT303439,FD-034,residential,01/06/2021,domestic-low,174.0 kWh,1
MT310845,FD-016,residential,2025-04-22,social,,1
MT308703,FD-025,public,2020-10-30,commercial,51.2 kWh,False
MT308318,FD-023,commercial,2020-04-23,social,42.6 kWh,1
MT305326,FD-024,residential,21/11/2019,domestic-low,,TRUE
MT305496,FD-025,residential,2025-12-22,social,82.5 kWh,FALSE
MT300682,FD-014,residential,2019-09-29,commercial,,True
MT303498,FD-004,industrial,2020-12-26,social,115.7,yes
MT300836,FD-021,residential,2019-10-14,domestic-low,,0
MT301469,FD-033,commercial,2022-11-27,commercial,112.6 kWh,yes
MT306654,FD-025,residential,2021-12-06,domestic-standard,11.0,yes
MT306002,FD-021,residential,28/03/2025,domestic-low,135.5 kWh,TRUE
MT304088,FD-009,commercial,2022-12-21,domestic-standard,,0
MT304921,FD-023,public,2022-09-11,domestic-low,,False
MT301621,FD-029,industrial,2024-11-03,social,119.4,1
MT303666,FD-035,commercial,2019-08-12,domestic-standard,208.8 kWh,TRUE
MT307120,FD-003,commercial,2020-12-10,commercial,147.2 kWh,0
MT302021,FD-008,commercial,2023-06-26,domestic-low,192.7,yes
MT302548,FD-025,commercial,2021-06-04,commercial,,0
MT300464,FD-034,residential,2020-12-30,domestic-low,,no
MT310176,FD-030,residential,2020-07-02,commercial,144.2,1
MT308161,FD-009,industrial,2026-05-24,commercial,10.2 kWh,FALSE
MT307045,FD-013,residential,2024-07-27,domestic-low,188.5,True
MT300530,FD-014,commercial,2019-03-16,domestic-standard,139.4 kWh,FALSE
MT309086,FD-024,residential,2024-07-31,social,220.4 kWh,yes
MT303248,FD-011,residential,2023-03-18,commercial,23.3,True
MT309900,FD-004,industrial,2024-06-16,domestic-low,,FALSE
MT300220,FD-030,residential,28/05/2020,domestic-low,,True
MT308354,FD-003,public,2020-01-28,domestic-standard,91.6 kWh,0
MT302026,FD-023,residential,2022-11-22,social,,True
MT305832,FD-010,public,2022-11-06,social,114.6 kWh,no
MT304906,FD-030,residential,28/10/2020,industrial,170.4,True
MT301765,FD-037,commercial,2020-06-24,industrial,153.0,0
MT305433,FD-015,residential,2023-10-06,commercial,,no
MT307622,FD-034,commercial,2023-10-30,domestic-standard,,yes
MT309399,FD-014,industrial,2022-03-25,domestic-standard,,True
MT308227,FD-011,industrial,2026-03-05,domestic-low,,True
MT303598,FD-036,residential,2025-02-05,commercial,68.9,FALSE
MT304787,FD-025,residential,2026-03-28,domestic-standard,88.0,no
MT310285,FD-010,public,2023-09-11,domestic-low,81.8,TRUE
MT305670,FD-015,commercial,2020-05-08,social,220.8 kWh,1
MT305878,FD-032,industrial,2024-11-03,domestic-standard,25.6,0
MT308013,FD-010,residential,11/07/2025,industrial,91.7 kWh,False
MT302927,FD-028,residential,2019-01-11,social,142.2,TRUE
MT304259,FD-034,commercial,2026-04-11,industrial,79.2 kWh,yes
MT301032,FD-027,public,2025-12-12,domestic-low,,0
MT300599,FD-009,residential,2025-07-29,industrial,101.2 kWh,False
MT303133,FD-026,residential,2020-06-20,industrial,,1
MT301407,FD-005,residential,13/03/2020,industrial,,0
MT305976,FD-026,public,2021-12-10,domestic-standard,,yes
MT304543,FD-030,commercial,2024-12-04,domestic-low,165.7,1
MT304979,FD-004,commercial,2020-07-04,social,55.7,True
MT304988,FD-034,industrial,2026-03-31,commercial,10.4 kWh,yes
MT307314,FD-010,industrial,2024-10-22,social,174.0,FALSE
MT304591,FD-016,commercial,02/02/2020,commercial,141.1,False
MT307958,FD-025,commercial,2020-12-23,domestic-standard,146.9,yes
MT304806,FD-013,public,2019-08-07,industrial,48.5,yes
MT307956,FD-025,residential,2020-10-16,industrial,16.9 kWh,False
MT304371,FD-017,residential,01/05/2022,social,17.2 kWh,yes
MT301065,FD-020,industrial,2023-01-20,domestic-low,26.1 kWh,1
MT300259,FD-037,commercial,2023-04-15,social,152.2 kWh,False
MT304743,FD-037,residential,2022-02-04,commercial,,True
MT307426,FD-020,residential,2023-02-25,commercial,26.7 kWh,False
MT301094,FD-027,residential,2024-10-10,commercial,,True
MT308046,FD-001,residential,2019-04-28,domestic-standard,60.8,yes
MT301483,FD-016,residential,2022-07-03,commercial,113.1,False
MT301136,FD-007,residential,2023-01-28,social,,TRUE
MT303716,FD-004,residential,2025-10-13,domestic-standard,,False
MT304299,FD-019,public,2026-01-12,domestic-low,,FALSE
MT300914,FD-022,public,2019-05-20,domestic-low,166.9,TRUE
MT305657,FD-008,commercial,2020-08-18,domestic-low,149.5,False
MT310578,FD-031,residential,2020-07-27,domestic-low,98.0,FALSE
MT305317,FD-017,commercial,2020-03-30,social,,True
MT301597,FD-030,commercial,2022-06-29,domestic-low,106.9,False
MT306059,FD-036,public,2024-08-11,industrial,,False
MT303699,FD-017,commercial,2019-02-18,domestic-low,193.6 kWh,TRUE
MT306848,FD-017,industrial,03/05/2026,domestic-low,,1
MT300915,FD-008,residential,2024-05-09,commercial,,True
MT300688,FD-001,commercial,2020-09-19,domestic-low,38.7 kWh,0
MT303978,FD-001,residential,2021-11-13,domestic-low,151.3 kWh,TRUE
MT310770,FD-034,public,2025-07-17,commercial,23.7,no
MT305406,FD-016,residential,2022-11-10,domestic-low,137.6,yes
MT303745,FD-032,residential,2020-06-07,domestic-standard,,yes
MT304844,FD-019,commercial,07/05/2022,social,157.2,FALSE
MT305629,FD-022,industrial,2023-02-07,industrial,67.1,FALSE
MT307069,FD-006,public,2024-03-22,commercial,14.2,1
MT303364,FD-014,industrial,2025-01-25,domestic-standard,46.5 kWh,1
MT303573,FD-029,residential,2020-02-02,industrial,,TRUE
MT301361,FD-016,residential,18/07/2023,commercial,172.0,yes
MT310240,FD-035,residential,2024-02-18,domestic-low,,0
MT301375,FD-010,industrial,2022-06-03,commercial,126.6 kWh,yes
MT308360,FD-021,residential,2019-07-23,social,69.1 kWh,TRUE
MT301731,FD-034,residential,2023-09-27,commercial,,False
MT302890,FD-024,residential,2025-05-11,industrial,35.2 kWh,0
MT303878,FD-019,residential,16/12/2020,domestic-low,13.8 kWh,True
MT310968,FD-035,residential,2022-10-12,domestic-low,162.9,False
MT310639,FD-010,residential,2024-03-03,social,,1
MT306885,FD-012,commercial,2020-07-14,domestic-low,,TRUE
MT309412,FD-027,residential,2024-04-27,domestic-low,,no
MT304695,FD-003,residential,2019-07-22,domestic-low,,True
MT303864,FD-022,commercial,2023-11-20,industrial,29.7,True
MT309075,FD-006,commercial,2019-12-31,domestic-low,108.4,yes
MT310445,FD-027,residential,15/05/2026,domestic-low,,True
MT310827,FD-021,residential,2026-04-30,domestic-standard,132.0 kWh,True
MT301858,FD-001,industrial,2021-03-18,social,162.1,1
MT300429,FD-009,residential,2024-06-21,domestic-standard,120.2 kWh,False
MT302025,FD-030,industrial,2023-08-06,domestic-low,145.1,1
MT302875,FD-025,public,2020-02-21,domestic-low,39.5,1
MT308425,FD-010,residential,2020-11-03,social,,0
MT304657,FD-031,residential,13/05/2021,domestic-standard,236.8,True
MT309545,FD-015,residential,2020-04-17,industrial,94.7 kWh,1
MT308802,FD-006,commercial,2021-05-12,domestic-standard,14.5 kWh,1
MT304713,FD-016,residential,2021-08-01,industrial,50.0 kWh,TRUE
MT310419,FD-016,public,2020-01-22,commercial,78.2 kWh,FALSE
MT308790,FD-017,residential,2023-02-19,domestic-standard,52.9 kWh,1
MT304647,FD-028,residential,2024-07-09,social,,True
MT307915,FD-011,residential,2019-12-19,social,149.5,TRUE
MT304581,FD-028,industrial,2026-02-10,industrial,70.7,1
MT302155,FD-006,commercial,2023-10-17,commercial,,yes
MT309635,FD-015,commercial,2025-01-03,industrial,82.7,yes
MT302473,FD-028,industrial,2021-03-30,commercial,175.3,yes
MT303155,FD-001,residential,2019-03-13,social,132.1 kWh,1
MT307729,FD-037,residential,2019-01-24,commercial,,1
MT300205,FD-015,residential,2023-09-25,social,,FALSE
MT306995,FD-028,residential,2025-07-23,domestic-low,11.4,yes
MT308095,FD-006,residential,02/09/2021,commercial,86.3 kWh,no
MT302413,FD-015,industrial,2023-04-03,social,,yes
MT307339,FD-013,industrial,2019-12-25,commercial,,TRUE
MT310084,FD-017,residential,2026-02-25,domestic-low,,FALSE
MT302885,FD-006,residential,2019-09-06,industrial,,no
MT303535,FD-023,residential,2020-12-01,domestic-low,,1
MT305777,FD-004,commercial,2026-04-14,domestic-standard,,1
MT307755,FD-026,commercial,2021-04-12,commercial,182.7 kWh,TRUE
MT305296,FD-022,residential,2021-08-20,social,139.6,no
MT308137,FD-028,residential,2020-09-09,domestic-low,,TRUE
MT306119,FD-006,public,2020-03-28,commercial,39.2,0
MT310046,FD-016,commercial,2020-12-23,domestic-low,,TRUE
MT303933,FD-010,commercial,2026-02-07,commercial,144.9,no
MT300073,FD-023,residential,2020-08-19,domestic-low,,True
MT310127,FD-010,public,22/07/2024,domestic-low,52.7,0
MT308804,FD-027,commercial,2025-04-24,domestic-standard,121.6 kWh,yes
MT310927,FD-028,public,2024-01-06,domestic-low,20.5 kWh,no
MT305518,FD-001,residential,2019-10-01,industrial,,no
MT303090,FD-023,public,2024-02-18,industrial,77.9,False
MT309895,FD-034,residential,2020-06-16,domestic-standard,55.3 kWh,False
MT305333,FD-029,residential,2019-07-15,social,206.4,False
MT303281,FD-020,public,2020-05-08,commercial,105.5 kWh,no
MT310805,FD-015,residential,2022-08-24,domestic-low,70.6,False
MT310076,FD-016,public,2025-10-11,industrial,,yes
MT309982,FD-019,commercial,2019-02-26,industrial,69.7 kWh,no
MT300014,FD-023,commercial,2019-09-07,domestic-low,119.1,True
MT302376,FD-007,commercial,2025-08-10,social,36.8,FALSE
MT304151,FD-013,commercial,2025-03-26,commercial,70.8,no
MT300499,FD-031,residential,2026-05-24,domestic-standard,223.3 kWh,FALSE
MT310842,FD-028,industrial,2020-12-14,commercial,167.0,TRUE
MT300422,FD-027,residential,2025-06-01,industrial,92.6,1
MT310147,FD-014,public,2025-06-14,domestic-low,,yes
MT304637,FD-027,commercial,2020-08-06,domestic-low,86.7 kWh,0
MT301325,FD-012,residential,2019-08-21,commercial,,yes
MT305163,FD-008,residential,2024-11-28,domestic-low,157.5 kWh,FALSE
MT303924,FD-009,industrial,2021-09-22,domestic-low,,0
MT300699,FD-003,residential,2021-12-06,domestic-low,262.5,yes
MT308758,FD-019,residential,2020-09-06,domestic-low,,True
MT307168,FD-017,residential,2020-05-18,social,74.0 kWh,False
MT304302,FD-002,residential,2019-05-16,commercial,,False
MT302197,FD-019,public,2023-05-18,social,191.9,True
MT305099,FD-034,residential,2022-02-25,social,41.6,1
MT309118,FD-017,residential,2020-12-19,industrial,,0
MT305673,FD-023,residential,2020-01-06,social,102.3 kWh,0
MT303049,FD-005,residential,04/03/2022,domestic-low,,TRUE
MT308204,FD-030,residential,2022-07-15,social,25.9,yes
MT300961,FD-023,public,2019-10-06,social,197.9,0
MT306308,FD-025,residential,2021-11-12,industrial,87.3 kWh,1
MT302434,FD-011,residential,2019-03-15,social,25.7,no
MT305825,FD-027,residential,2020-04-22,domestic-standard,189.0,TRUE
MT306314,FD-017,residential,2019-02-15,industrial,39.0,True
MT303194,FD-022,commercial,2023-04-25,industrial,176.4 kWh,True
MT310709,FD-023,commercial,2025-10-19,domestic-standard,,yes
MT309696,FD-016,residential,2022-07-03,domestic-standard,,0
MT301598,FD-017,industrial,2025-03-29,industrial,,True
MT305260,FD-004,industrial,2026-05-11,commercial,167.4 kWh,yes
MT302322,FD-003,residential,07/05/2020,social,84.5 kWh,yes
MT305186,FD-029,residential,2020-03-02,industrial,13.7 kWh,True
MT310382,FD-020,industrial,2026-03-08,commercial,23.7,yes
MT302928,FD-009,residential,2023-03-03,domestic-standard,,yes
MT306223,FD-023,commercial,2025-07-20,domestic-low,147.0 kWh,yes
MT308348,FD-021,residential,2019-08-06,domestic-low,,True
MT306660,FD-034,industrial,21/10/2023,social,29.4,yes
MT303492,FD-026,commercial,2019-12-05,domestic-standard,,FALSE
MT301785,FD-004,residential,2025-02-01,domestic-low,81.1 kWh,yes
MT308370,FD-001,commercial,2019-12-01,domestic-standard,128.2 kWh,yes
MT309703,FD-016,industrial,2023-08-20,domestic-low,82.8 kWh,FALSE
MT307825,FD-021,public,2022-08-03,domestic-standard,181.4 kWh,yes
MT310129,FD-027,residential,2019-03-09,domestic-low,,True
MT302355,FD-017,public,2025-12-11,industrial,,TRUE
MT301192,FD-002,commercial,2021-02-03,social,,TRUE
MT308812,FD-029,industrial,2021-04-11,commercial,,True
MT305676,FD-003,residential,2022-04-26,commercial,111.1 kWh,0
MT303955,FD-031,industrial,2023-08-25,domestic-low,169.1 kWh,yes
MT309608,FD-003,industrial,2024-07-12,industrial,67.5 kWh,FALSE
MT300813,FD-015,industrial,2021-01-24,domestic-standard,91.5 kWh,0
MT308879,FD-022,residential,2022-11-15,domestic-low,241.9,False
MT300200,FD-026,residential,2021-01-08,industrial,52.7 kWh,FALSE
MT310888,FD-010,residential,2023-04-05,domestic-low,,FALSE
MT304585,FD-011,industrial,2025-08-17,industrial,208.8,no
MT306127,FD-020,public,2025-04-15,industrial,32.4,no
MT304210,FD-021,residential,2020-12-02,industrial,66.6 kWh,True
MT310357,FD-037,residential,2022-06-03,domestic-low,75.8 kWh,no
MT307134,FD-034,residential,2026-05-04,industrial,,True
MT307841,FD-012,residential,2019-03-25,social,,0
MT302470,FD-010,commercial,2021-10-19,commercial,21.5 kWh,False
MT300871,FD-003,commercial,2022-02-04,social,36.3 kWh,1
MT302239,FD-014,industrial,2025-07-12,commercial,167.8 kWh,TRUE
MT307606,FD-025,residential,2019-10-11,industrial,224.1,TRUE
MT301852,FD-026,residential,2019-04-16,domestic-low,,1
MT308796,FD-033,residential,2024-11-18,commercial,170.0,0
MT309157,FD-034,residential,2024-04-28,domestic-low,208.8,FALSE
MT302623,FD-008,industrial,2019-04-03,social,,False
MT307931,FD-030,commercial,2026-04-29,commercial,119.7,False
MT308055,FD-009,public,2025-02-22,domestic-low,167.8 kWh,no
MT303346,FD-019,commercial,06/01/2025,domestic-low,,True
MT308893,FD-005,residential,2021-10-11,commercial,188.5,0
MT307033,FD-019,residential,2023-10-12,domestic-low,11.2 kWh,False
MT304149,FD-025,residential,2019-04-21,domestic-low,72.6 kWh,0
MT306046,FD-028,public,09/03/2022,social,,FALSE
MT301064,FD-031,public,09/01/2026,commercial,91.0 kWh,FALSE
MT302894,FD-003,commercial,2024-01-12,domestic-low,12.3,0
MT301969,FD-013,public,2023-09-14,industrial,,yes
MT303568,FD-004,residential,2024-08-26,commercial,122.4,0
MT300301,FD-004,residential,2020-07-30,domestic-low,86.3 kWh,yes
MT310748,FD-018,commercial,2020-05-23,domestic-standard,209.9 kWh,0
MT300339,FD-006,residential,2023-11-13,domestic-low,174.7 kWh,yes
MT308122,FD-009,commercial,2019-05-29,domestic-low,,TRUE
MT300136,FD-037,residential,2024-10-20,commercial,,False
MT300017,FD-003,residential,2021-06-03,domestic-low,146.3,FALSE
MT304578,FD-012,industrial,2021-10-25,social,153.8,FALSE
MT301288,FD-010,residential,2019-06-12,domestic-low,,False
MT307677,FD-001,industrial,2026-05-05,domestic-standard,49.2,TRUE
MT303739,FD-010,public,2020-11-11,commercial,34.1 kWh,1
MT301792,FD-034,industrial,2026-05-19,domestic-standard,,1
MT307377,FD-030,residential,2025-02-22,industrial,25.6,True
MT304392,FD-024,commercial,2025-08-20,industrial,,TRUE
MT302742,FD-016,residential,03/11/2023,social,166.4,0
MT306777,FD-026,residential,22/03/2025,industrial,76.8 kWh,no
MT306200,FD-006,industrial,2024-04-02,commercial,204.7 kWh,TRUE
MT308680,FD-010,industrial,2024-01-11,domestic-low,,True
MT310801,FD-012,public,2020-12-18,commercial,147.9 kWh,no
MT303927,FD-014,public,2019-11-01,domestic-low,46.6 kWh,1
MT307874,FD-005,industrial,2024-01-29,industrial,79.7 kWh,FALSE
MT307948,FD-001,commercial,2019-12-31,social,,True
MT308578,FD-027,commercial,2025-01-31,domestic-standard,228.6,yes
MT310840,FD-025,commercial,2023-01-25,domestic-low,,0
MT304924,FD-031,residential,27/04/2020,domestic-low,138.3 kWh,yes
MT305528,FD-032,residential,04/05/2021,domestic-low,162.4 kWh,0
MT302447,FD-009,residential,2022-02-04,domestic-standard,122.9 kWh,FALSE
MT302594,FD-037,public,2022-12-03,domestic-standard,51.3 kWh,False
MT310567,FD-032,commercial,2020-04-20,industrial,,0
MT308548,FD-035,commercial,2025-10-10,social,33.0,FALSE
MT309891,FD-001,residential,2019-01-08,domestic-standard,102.4 kWh,0
MT306576,FD-036,residential,2023-08-20,domestic-low,144.6,FALSE
MT303489,FD-032,public,2021-04-28,commercial,24.3 kWh,0
MT302604,FD-020,commercial,2025-01-13,domestic-standard,74.1 kWh,0
MT306865,FD-037,industrial,2020-02-16,commercial,40.5,1
MT302973,FD-023,commercial,2024-04-09,domestic-low,222.4,False
MT308157,FD-032,industrial,2021-11-18,commercial,,yes
MT300305,FD-009,commercial,2022-04-13,industrial,,no
MT308073,FD-004,residential,2022-07-20,domestic-standard,73.2 kWh,0
MT303553,FD-030,industrial,2025-08-27,domestic-low,,yes
MT309815,FD-028,residential,2022-11-05,domestic-low,52.2 kWh,no
MT305908,FD-024,industrial,26/08/2025,domestic-standard,,False
MT306679,FD-024,residential,2023-05-12,industrial,,yes
MT303163,FD-003,industrial,02/05/2025,industrial,237.6,TRUE
MT307514,FD-004,residential,2024-05-24,domestic-standard,,0
MT300143,FD-034,industrial,2026-03-27,domestic-standard,131.5 kWh,0
MT306716,FD-035,public,2023-03-09,domestic-low,,yes
MT304451,FD-036,public,2023-01-14,domestic-standard,60.3 kWh,1
MT301410,FD-032,industrial,2024-06-30,industrial,,True
MT302015,FD-031,commercial,2022-06-21,domestic-low,98.4 kWh,False
MT306792,FD-007,commercial,2022-05-08,social,,False
MT310225,FD-024,public,11/10/2025,domestic-standard,136.8 kWh,yes
MT310422,FD-023,residential,2020-03-06,domestic-low,25.5 kWh,True
MT304087,FD-009,commercial,2019-04-30,social,100.5,False
MT310647,FD-033,public,2025-03-17,industrial,,TRUE
MT304972,FD-031,residential,09/05/2026,commercial,81.8,FALSE
MT310696,FD-037,industrial,25/02/2026,domestic-low,103.4 kWh,1
MT300883,FD-036,residential,21/03/2023,domestic-low,,yes
MT307144,FD-011,residential,2025-01-09,industrial,,TRUE
MT301298,FD-016,industrial,2020-01-12,domestic-low,,TRUE
MT304059,FD-036,residential,2022-10-28,domestic-low,,no
MT309366,FD-023,commercial,2022-01-27,domestic-standard,55.0 kWh,TRUE
MT303335,FD-013,commercial,2023-07-17,domestic-standard,,FALSE
MT305519,FD-037,residential,2021-12-25,domestic-low,58.6,no
MT306291,FD-026,industrial,2022-05-09,industrial,,no
MT301860,FD-029,residential,2023-10-19,commercial,41.9,0
MT306077,FD-028,commercial,2021-06-20,domestic-low,147.2 kWh,False
MT303665,FD-024,public,2021-10-15,social,74.8,yes
MT310302,FD-016,residential,2023-02-27,domestic-low,8.8 kWh,TRUE
MT303095,FD-016,residential,2020-02-06,domestic-low,148.8 kWh,1
MT304140,FD-005,commercial,2021-10-27,domestic-low,,False
MT304687,FD-021,public,2019-08-20,domestic-low,82.5 kWh,True
MT302302,FD-005,industrial,2025-07-05,domestic-standard,106.3,no
MT304226,FD-002,industrial,2019-12-01,domestic-standard,,1
MT301758,FD-024,residential,2021-06-22,industrial,194.5 kWh,yes
MT309620,FD-004,residential,2025-12-23,domestic-standard,97.7 kWh,0
MT306252,FD-027,commercial,2024-08-03,industrial,,True
MT306634,FD-011,residential,2021-01-17,domestic-standard,,1
MT300702,FD-035,industrial,2020-07-05,industrial,36.6,1
MT300976,FD-024,residential,2019-10-05,domestic-low,117.8 kWh,TRUE
MT301165,FD-023,residential,2020-10-07,industrial,,no
MT301290,FD-020,residential,2025-07-11,industrial,77.7,1
MT301603,FD-036,public,2025-01-03,commercial,,False
MT307329,FD-001,residential,19/02/2022,industrial,,yes
MT304191,FD-031,residential,17/04/2019,commercial,73.7 kWh,FALSE
MT302799,FD-036,public,2021-03-15,commercial,47.9 kWh,1
MT310826,FD-009,industrial,2020-08-16,domestic-low,199.6 kWh,yes
MT300380,FD-024,public,19/06/2025,domestic-low,122.5,FALSE
MT300149,FD-017,public,2022-12-26,commercial,111.9 kWh,True
MT310132,FD-032,residential,2021-10-20,domestic-low,39.2,no
MT300768,FD-011,industrial,22/02/2020,social,,0
MT304734,FD-028,residential,2021-09-28,commercial,112.3,False
MT300048,FD-012,commercial,2025-11-30,domestic-standard,104.9 kWh,yes
MT308550,FD-001,residential,2025-07-03,domestic-low,,FALSE
MT300969,FD-021,industrial,2020-02-17,domestic-low,90.4,yes
MT305242,FD-036,commercial,2020-06-03,industrial,74.8,TRUE
MT303309,FD-005,residential,2020-03-10,domestic-low,,TRUE
MT301588,FD-030,industrial,2020-08-10,commercial,294.1 kWh,0
MT303638,FD-017,public,2020-03-21,industrial,119.0 kWh,TRUE
MT306754,FD-029,industrial,2023-11-24,domestic-low,181.9,False
MT304833,FD-017,residential,2024-09-14,domestic-low,70.8,0
MT301433,FD-003,industrial,2023-02-06,domestic-low,124.7,False
MT306138,FD-025,residential,2024-10-24,commercial,,0
MT308622,FD-001,residential,2023-11-15,domestic-standard,161.2,1
MT306974,FD-029,industrial,2021-02-27,domestic-standard,80.4,0
MT304490,FD-006,residential,2022-11-15,industrial,77.0 kWh,TRUE
MT300440,FD-020,residential,2019-10-10,domestic-low,21.0 kWh,no
MT309319,FD-034,industrial,2026-01-02,domestic-standard,,FALSE
MT303476,FD-027,public,2021-04-20,domestic-low,,TRUE
MT306414,FD-032,residential,2024-06-27,domestic-low,211.7 kWh,TRUE
MT310569,FD-010,residential,2020-07-04,domestic-low,,True
MT308103,FD-023,residential,2019-06-11,domestic-low,,1
MT309093,FD-022,residential,2019-08-28,industrial,109.8,1
MT306340,FD-037,commercial,2020-09-11,industrial,69.9 kWh,TRUE
MT301604,FD-010,residential,2021-07-12,domestic-standard,148.0 kWh,FALSE
MT307215,FD-030,residential,2021-06-11,commercial,90.1,FALSE
MT306966,FD-030,residential,2026-04-18,commercial,264.3,1
MT302101,FD-007,residential,2024-11-26,domestic-low,13.0 kWh,True
MT302601,FD-013,residential,2022-03-23,social,43.1 kWh,False
MT301318,FD-030,residential,2026-03-27,social,117.7 kWh,True
MT309972,FD-021,commercial,2025-03-17,domestic-standard,,TRUE
MT306507,FD-034,residential,10/06/2023,domestic-standard,11.9,TRUE
MT302668,FD-029,public,2022-02-27,industrial,222.2 kWh,no
MT300366,FD-037,residential,2022-11-12,domestic-standard,73.9,False
MT301029,FD-033,commercial,2024-09-12,domestic-low,,True
MT300912,FD-031,public,2026-01-21,social,141.3 kWh,True
MT302893,FD-021,residential,2023-06-30,domestic-low,177.5 kWh,no
MT307135,FD-018,residential,2021-09-12,domestic-standard,,0
MT303074,FD-017,residential,29/12/2019,industrial,,True
MT300868,FD-013,residential,2020-07-02,domestic-low,72.6,TRUE
MT306422,FD-026,residential,2021-03-26,domestic-low,16.5 kWh,False
MT308141,FD-015,residential,2022-10-26,industrial,12.2,yes
MT306392,FD-004,residential,2021-10-25,commercial,,TRUE
MT301908,FD-035,residential,2022-06-20,industrial,,True
MT309027,FD-005,residential,2022-07-23,domestic-standard,,0
MT303605,FD-017,residential,2021-05-07,commercial,,TRUE
MT307040,FD-017,residential,27/01/2022,domestic-low,113.9,TRUE
MT306480,FD-010,residential,18/10/2024,commercial,108.4 kWh,no
MT305849,FD-005,residential,2024-10-05,domestic-low,167.4 kWh,0
MT301966,FD-007,residential,2020-01-20,domestic-standard,66.9 kWh,yes
MT310783,FD-006,industrial,23/02/2025,social,,TRUE
MT310853,FD-005,industrial,2019-10-28,social,,False
MT305568,FD-018,residential,2021-12-07,domestic-low,,TRUE
MT309855,FD-027,residential,21/03/2025,domestic-low,128.5,True
MT303785,FD-036,residential,2025-05-30,domestic-low,139.6 kWh,False
MT301632,FD-033,public,2020-07-11,social,132.6,TRUE
MT310332,FD-020,residential,2022-03-25,domestic-standard,,0
MT308209,FD-009,public,2024-01-15,domestic-standard,177.9 kWh,0
MT310210,FD-020,industrial,2023-04-13,domestic-standard,21.5 kWh,0
MT306074,FD-023,industrial,2020-09-28,domestic-low,,False
MT309296,FD-031,public,2021-09-27,social,113.9 kWh,1
MT302770,FD-007,industrial,2022-01-21,commercial,115.2,TRUE
MT305807,FD-010,residential,2020-10-18,social,,True
MT307088,FD-037,residential,2020-10-05,social,200.9 kWh,True
MT301393,FD-036,public,2024-02-23,domestic-low,68.5 kWh,1
MT300949,FD-021,industrial,27/06/2024,commercial,94.4,1
MT303117,FD-021,residential,2022-09-22,industrial,70.8,True
MT302546,FD-004,commercial,2024-11-03,domestic-standard,27.8,no
MT307434,FD-029,residential,2021-12-30,commercial,44.5,False
MT309051,FD-011,public,2023-09-15,domestic-low,12.2,False
MT305877,FD-032,industrial,2021-12-27,social,,False
MT304856,FD-034,commercial,2019-05-19,domestic-low,,FALSE
MT301504,FD-029,public,2026-02-26,domestic-low,58.1,no
MT307865,FD-015,industrial,2021-01-21,domestic-low,,yes
MT309332,FD-034,public,2022-11-18,domestic-low,10.6 kWh,FALSE
MT304775,FD-024,residential,19/12/2019,industrial,106.9 kWh,False
MT302068,FD-023,public,2024-05-05,domestic-standard,119.9,FALSE
MT308011,FD-005,commercial,2019-09-30,industrial,,1
MT302204,FD-003,public,2024-07-20,domestic-low,38.1 kWh,yes
MT306904,FD-019,public,07/12/2021,commercial,,yes
MT307454,FD-013,residential,2025-12-26,industrial,133.6,False
MT308807,FD-020,commercial,2025-01-23,domestic-low,,True
MT305005,FD-009,residential,2026-01-05,domestic-low,107.3,False
MT302724,FD-013,residential,2025-12-09,domestic-low,31.4 kWh,1
MT304084,FD-008,residential,2022-05-13,commercial,34.2 kWh,True
MT305040,FD-033,commercial,2022-11-03,commercial,,yes
MT300583,FD-032,residential,2023-12-08,domestic-standard,,1
MT308851,FD-009,residential,2025-12-28,industrial,,False
MT306566,FD-015,residential,11/04/2020,social,,yes
MT309479,FD-019,commercial,2020-03-21,industrial,77.9,1
MT309804,FD-001,commercial,2025-03-06,domestic-standard,42.9,FALSE
MT306085,FD-006,public,2023-03-02,commercial,17.6 kWh,0
MT301314,FD-032,residential,10/04/2023,domestic-low,78.0,yes
MT300567,FD-005,residential,2025-01-11,social,,TRUE
MT310047,FD-017,commercial,2019-07-10,commercial,110.7,True
MT303805,FD-015,commercial,2022-01-01,domestic-low,40.0 kWh,1
MT304236,FD-022,residential,2022-05-26,domestic-low,57.8 kWh,False
MT307499,FD-035,industrial,2022-04-27,domestic-low,,True
MT309609,FD-023,residential,2023-03-30,commercial,119.9,TRUE
MT309853,FD-022,public,2025-11-03,domestic-low,,False
MT305380,FD-037,residential,2022-02-23,domestic-low,,FALSE
MT310274,FD-001,residential,2019-11-17,social,242.1,1
MT301558,FD-019,residential,2025-02-02,commercial,140.6 kWh,TRUE
MT301232,FD-009,industrial,2021-11-18,social,50.0,no
MT305691,FD-005,residential,16/04/2020,industrial,32.1,0
MT310781,FD-025,public,2025-01-15,domestic-low,95.7,1
MT307658,FD-019,industrial,2023-02-02,commercial,,TRUE
MT304394,FD-020,residential,2023-12-10,industrial,171.4 kWh,FALSE
MT308912,FD-004,residential,2023-09-23,commercial,102.7,no
MT303381,FD-018,residential,2019-09-29,domestic-low,41.6 kWh,1
MT305025,FD-001,industrial,2025-06-09,domestic-low,266.1,True
MT308529,FD-008,industrial,2020-03-31,industrial,,no
MT300820,FD-011,public,2025-09-19,commercial,107.6,yes
MT308083,FD-024,commercial,2025-05-26,domestic-low,116.0 kWh,FALSE
MT301635,FD-025,residential,2019-11-23,industrial,110.1,FALSE
MT300923,FD-032,residential,2020-02-04,domestic-low,108.5 kWh,False
MT303160,FD-031,residential,2020-01-06,domestic-standard,,1
MT305131,FD-021,public,2025-11-18,social,157.2 kWh,no
MT310989,FD-015,residential,2025-02-11,commercial,163.2,0
MT304852,FD-001,industrial,2026-01-20,domestic-low,157.6 kWh,0
MT302989,FD-014,public,2020-01-27,domestic-standard,96.8 kWh,0
MT309264,FD-012,public,2025-11-11,commercial,256.9 kWh,1
MT306418,FD-029,residential,2021-01-02,social,,no
MT306116,FD-011,residential,2019-03-22,domestic-low,,True
MT300196,FD-010,industrial,2026-03-05,industrial,148.2 kWh,False
MT307239,FD-013,public,2020-12-20,commercial,82.6,FALSE
MT303964,FD-032,public,2020-10-17,domestic-low,,no
MT309440,FD-029,commercial,2023-04-07,domestic-standard,45.2 kWh,TRUE
MT301998,FD-002,industrial,2026-04-04,social,127.2,FALSE
MT307449,FD-007,industrial,2024-06-12,commercial,,True
MT300672,FD-010,residential,2025-09-10,domestic-standard,192.0 kWh,no
MT305667,FD-003,commercial,2022-05-29,domestic-standard,28.4,False
MT307369,FD-010,residential,20/10/2023,industrial,46.4,0
MT309144,FD-018,commercial,2020-10-15,industrial,,True
MT301283,FD-016,residential,2019-01-14,commercial,10.3 kWh,FALSE
MT301030,FD-003,residential,2020-02-18,commercial,,no
MT308437,FD-031,commercial,2025-11-22,domestic-low,22.3,yes
MT300643,FD-020,industrial,2022-01-13,domestic-low,14.7 kWh,0
MT301708,FD-002,industrial,08/09/2022,domestic-standard,,yes
MT307938,FD-037,residential,2023-12-14,industrial,164.8,1
MT305171,FD-009,residential,2020-12-20,domestic-standard,20.7,True
MT305486,FD-021,residential,2022-03-04,commercial,224.1,True
MT304252,FD-034,commercial,2021-03-16,domestic-low,40.7 kWh,FALSE
MT304807,FD-031,industrial,2021-06-26,domestic-low,,0
MT306510,FD-004,commercial,2026-05-17,commercial,110.0,yes
MT301786,FD-012,residential,2026-02-20,domestic-low,25.1,yes
MT303552,FD-020,residential,22/12/2023,domestic-low,212.3,1
MT305252,FD-017,industrial,2026-03-23,commercial,191.0,True
MT308275,FD-026,residential,2020-03-19,domestic-low,,1
MT304428,FD-021,residential,2019-03-31,domestic-low,224.5,1
MT309033,FD-016,residential,2024-11-23,domestic-low,172.1,True
MT303438,FD-027,public,2021-10-23,domestic-low,,1
MT304981,FD-032,residential,2022-12-29,social,231.0,TRUE
MT302377,FD-017,public,2024-07-14,social,158.6 kWh,True
MT302222,FD-037,industrial,2023-10-23,domestic-low,,1
MT303351,FD-003,commercial,2019-07-30,social,,FALSE
MT301865,FD-002,residential,2022-09-15,domestic-standard,66.7 kWh,no
MT309281,FD-022,residential,2020-08-17,social,,TRUE
MT307192,FD-034,residential,2023-02-12,industrial,,no
MT302412,FD-017,commercial,2024-01-19,domestic-standard,95.1 kWh,no
MT303166,FD-036,industrial,2022-05-08,domestic-standard,76.9,True
MT301366,FD-030,industrial,05/12/2021,domestic-low,177.8 kWh,0
MT310067,FD-008,industrial,2019-06-03,domestic-standard,,FALSE
MT310542,FD-022,residential,2023-07-25,domestic-low,22.4,True
MT307310,FD-030,commercial,2020-05-25,domestic-low,150.4 kWh,yes
MT310951,FD-021,residential,2020-05-10,commercial,,FALSE
MT302907,FD-012,residential,2021-02-22,domestic-standard,64.8 kWh,False
MT306494,FD-011,residential,2025-06-12,social,,False
MT310891,FD-027,commercial,2021-09-08,social,108.4 kWh,TRUE
MT302282,FD-028,residential,2020-09-25,domestic-low,132.5,1
MT306358,FD-001,residential,2024-06-12,social,57.4 kWh,False
MT300156,FD-019,residential,2019-12-24,domestic-low,48.9,0
MT304391,FD-011,commercial,2024-02-14,commercial,145.5 kWh,0
MT301408,FD-005,residential,2021-04-07,domestic-low,188.0 kWh,yes
MT304170,FD-032,industrial,2023-09-26,domestic-low,,no
MT309636,FD-012,commercial,2026-05-06,domestic-standard,149.5 kWh,1
MT300066,FD-002,residential,2025-07-25,social,,FALSE
MT304357,FD-033,residential,2022-03-08,domestic-low,,yes
MT302102,FD-030,industrial,2024-05-31,industrial,61.2,False
MT303786,FD-028,industrial,03/03/2026,industrial,,FALSE
MT307077,FD-008,residential,2019-10-21,domestic-low,51.8,no
MT303868,FD-033,residential,2026-05-16,industrial,77.1,1
MT307186,FD-031,industrial,2023-12-30,domestic-low,,FALSE
MT305538,FD-025,residential,2022-10-07,domestic-standard,50.8 kWh,TRUE
MT310252,FD-030,industrial,2024-07-29,commercial,71.6 kWh,yes
MT308983,FD-006,industrial,2023-12-04,commercial,119.3 kWh,TRUE
MT303333,FD-008,commercial,2024-01-25,commercial,,False
MT307863,FD-021,residential,19/02/2024,domestic-low,,1
MT304763,FD-009,industrial,2019-08-09,domestic-low,204.6 kWh,no
MT309359,FD-008,commercial,2022-01-14,industrial,176.7 kWh,1
MT304369,FD-031,residential,2020-12-08,domestic-low,,yes
MT308288,FD-013,commercial,2026-04-20,domestic-standard,,yes
MT302818,FD-037,public,2022-08-12,domestic-low,52.3 kWh,FALSE
MT302172,FD-029,public,2023-04-10,social,,yes
MT304037,FD-004,residential,2026-05-02,domestic-low,47.5 kWh,False
MT305404,FD-037,public,2023-04-04,domestic-low,262.4 kWh,False
MT302757,FD-031,residential,2022-01-07,domestic-standard,139.7 kWh,1
MT310554,FD-032,public,2025-01-04,industrial,160.1 kWh,1
MT307646,FD-006,public,2020-02-11,domestic-low,,1
MT303749,FD-031,residential,2022-05-11,industrial,165.2 kWh,0
MT306256,FD-014,industrial,2019-02-21,domestic-standard,,1
MT310438,FD-035,residential,2026-03-17,social,,TRUE
MT308364,FD-027,residential,2023-01-29,domestic-low,105.0 kWh,TRUE
MT300521,FD-001,commercial,2025-11-13,industrial,151.7 kWh,False
MT301180,FD-024,industrial,2020-10-07,domestic-standard,144.6,1
MT302469,FD-005,residential,2021-11-27,domestic-low,133.8,0
MT309837,FD-012,industrial,2025-10-10,social,190.7,0
MT309935,FD-017,industrial,2026-03-29,domestic-low,262.3 kWh,yes
MT308589,FD-010,commercial,2023-04-29,social,51.7 kWh,True
MT308314,FD-005,residential,2024-12-09,industrial,144.4,0
MT303841,FD-001,industrial,2019-08-14,social,38.7 kWh,0
MT308939,FD-017,commercial,2020-09-16,domestic-low,167.9,True
MT304929,FD-015,residential,2024-07-16,domestic-low,180.2,TRUE
MT303616,FD-010,residential,2019-03-28,domestic-low,,TRUE
MT304888,FD-024,residential,2023-01-03,domestic-standard,226.7 kWh,no
MT302796,FD-003,residential,2021-04-24,commercial,71.8,FALSE
MT310914,FD-016,residential,2023-01-13,industrial,122.6 kWh,1
MT302043,FD-025,industrial,2020-11-24,domestic-low,95.5 kWh,False
MT302563,FD-003,residential,2022-10-03,industrial,,1
MT308346,FD-016,commercial,2022-09-23,social,13.0,True
MT301130,FD-004,public,30/12/2022,domestic-low,53.6,yes
MT307682,FD-037,residential,2024-10-28,industrial,,True
MT304155,FD-031,residential,2024-10-23,domestic-low,47.8 kWh,TRUE
MT305641,FD-023,residential,2019-12-31,social,134.0 kWh,0
MT305341,FD-015,public,2024-12-08,industrial,,False
MT310621,FD-009,residential,2019-10-10,domestic-low,102.8,True
MT310369,FD-025,commercial,2019-08-05,social,,True
MT302747,FD-037,commercial,2026-04-21,industrial,188.7,0
MT306187,FD-026,residential,2023-12-16,domestic-low,,True
MT300903,FD-035,industrial,2019-02-27,industrial,67.1 kWh,1
MT306083,FD-032,residential,2024-02-28,commercial,14.9,yes
MT309528,FD-004,public,2025-08-04,commercial,79.4 kWh,False
MT300695,FD-020,residential,2021-09-09,domestic-low,,1
MT305688,FD-016,residential,2024-03-24,domestic-low,,False
MT301703,FD-008,residential,2023-03-18,industrial,44.2 kWh,TRUE
MT303478,FD-033,public,2023-12-21,domestic-standard,216.9 kWh,False
MT308053,FD-003,commercial,2022-07-27,domestic-standard,41.9,FALSE
MT309369,FD-006,commercial,2021-06-24,social,203.6,1
MT301576,FD-032,industrial,2026-04-30,domestic-standard,34.5 kWh,1
MT301198,FD-004,residential,17/10/2022,social,38.7 kWh,1
MT310890,FD-024,residential,2025-10-15,domestic-standard,45.3 kWh,no
MT301221,FD-009,residential,2021-09-11,social,118.2 kWh,FALSE
MT305573,FD-022,industrial,2022-06-04,domestic-low,59.9,False
MT306332,FD-012,residential,2020-08-18,social,92.6,0
MT305542,FD-035,commercial,2023-10-31,industrial,,no
MT310777,FD-009,public,2020-12-24,domestic-standard,23.5 kWh,1
MT304431,FD-014,residential,2023-05-20,domestic-low,,True
MT307706,FD-020,residential,2022-06-23,domestic-low,40.3,FALSE
MT301566,FD-018,residential,2023-07-29,domestic-low,,yes
MT308682,FD-035,residential,2021-02-12,domestic-low,,0
MT306681,FD-007,commercial,2022-03-06,domestic-low,187.4,True
MT310819,FD-008,commercial,2021-09-04,industrial,100.6,1
MT309114,FD-031,residential,2023-09-16,domestic-low,,no
MT303246,FD-023,residential,23/10/2024,industrial,,yes
MT309386,FD-027,commercial,2022-01-31,domestic-standard,20.3,False
MT302504,FD-024,residential,2023-02-17,commercial,,FALSE
MT300074,FD-008,commercial,2023-03-02,commercial,,True
MT303504,FD-031,industrial,28/08/2022,industrial,192.7 kWh,no
MT303027,FD-022,commercial,2019-03-30,social,146.9 kWh,FALSE
MT308950,FD-037,commercial,2023-11-27,industrial,,yes
MT308932,FD-022,residential,2020-12-31,domestic-low,,yes
MT301076,FD-025,industrial,2024-01-19,commercial,,True
MT309940,FD-028,residential,2023-01-27,industrial,,TRUE
MT310333,FD-025,industrial,16/03/2021,industrial,263.7 kWh,True
MT305073,FD-012,industrial,2024-08-29,industrial,51.8,FALSE
MT306893,FD-024,residential,2021-05-18,domestic-standard,83.4,TRUE
MT300946,FD-003,public,2024-01-23,domestic-standard,,False
MT310765,FD-035,residential,2021-08-23,domestic-standard,106.7 kWh,TRUE
MT306101,FD-006,public,2024-11-21,domestic-low,61.2,1
MT306382,FD-009,residential,30/08/2021,domestic-low,51.1 kWh,yes
MT302559,FD-027,commercial,03/05/2022,commercial,14.4 kWh,TRUE
MT300918,FD-034,industrial,2025-03-06,social,42.0 kWh,TRUE
MT308580,FD-025,residential,2025-08-09,social,73.0,TRUE
MT303362,FD-024,industrial,2025-08-24,commercial,,False
MT307743,FD-033,public,2024-07-23,industrial,,TRUE
MT304441,FD-020,residential,2026-02-26,domestic-low,72.6,0
MT302648,FD-014,public,2021-04-01,social,266.3 kWh,1
MT304882,FD-030,residential,2025-12-16,social,,TRUE
MT302934,FD-009,residential,06/10/2022,social,131.2 kWh,FALSE
MT308564,FD-034,public,2020-10-01,domestic-low,25.8,True
MT301209,FD-001,residential,2020-10-08,industrial,,yes
MT301591,FD-007,residential,2019-03-06,domestic-low,115.1,1
MT310021,FD-011,residential,2019-12-31,industrial,115.8,FALSE
MT310337,FD-028,residential,19/04/2022,industrial,154.2 kWh,0
MT310143,FD-026,public,2022-10-20,domestic-low,182.5,True
MT305364,FD-017,industrial,2020-11-09,commercial,82.5,True
MT303168,FD-009,residential,2026-01-31,social,115.1,0
MT301713,FD-029,public,2025-04-02,industrial,,0
MT300045,FD-036,public,2024-07-15,industrial,56.2 kWh,no
MT307461,FD-027,industrial,2020-10-14,domestic-low,107.4,1
MT302409,FD-036,residential,16/11/2025,industrial,31.2 kWh,False
MT305874,FD-016,industrial,2024-10-18,industrial,,FALSE
MT304442,FD-005,residential,2024-02-06,domestic-standard,,0
MT300773,FD-021,public,2025-06-25,domestic-low,46.4,TRUE
MT309430,FD-011,residential,2020-12-28,commercial,13.9,1
MT302977,FD-030,commercial,2024-10-16,social,,TRUE
MT306687,FD-015,commercial,12/11/2019,industrial,51.6 kWh,TRUE
MT306116,FD-011,residential,2019-03-22,commercial,,True
MT303937,FD-014,residential,2021-10-07,domestic-standard,61.8,True
MT308840,FD-010,commercial,2024-01-27,industrial,16.4 kWh,yes
MT300566,FD-009,residential,2024-01-25,domestic-low,122.9,1
MT310069,FD-002,residential,2026-04-02,industrial,95.8,TRUE
MT304545,FD-022,residential,2024-01-11,commercial,,yes
MT305650,FD-035,industrial,2024-06-29,industrial,,yes
MT307630,FD-006,industrial,2021-04-25,domestic-standard,,TRUE
MT310699,FD-034,residential,2021-03-24,domestic-standard,117.2,1
MT303997,FD-004,public,2023-04-03,social,28.8 kWh,yes
MT302118,FD-035,residential,2021-01-07,domestic-standard,,TRUE
MT301986,FD-037,commercial,2023-01-28,domestic-standard,31.8,yes
MT306578,FD-009,public,2019-06-05,commercial,47.7 kWh,False
MT308993,FD-021,industrial,2019-09-08,domestic-low,,False
MT307760,FD-023,commercial,2024-10-29,commercial,83.1 kWh,True
MT307905,FD-032,commercial,23/05/2019,social,187.3 kWh,no
MT305996,FD-019,residential,2023-11-16,domestic-standard,147.0 kWh,no
MT306933,FD-005,residential,2019-12-02,domestic-low,,True
MT308787,FD-005,commercial,27/04/2025,domestic-low,225.6 kWh,no
MT309942,FD-036,residential,2021-01-27,industrial,112.7 kWh,1
MT301890,FD-030,residential,2020-12-01,industrial,52.4,FALSE
MT306961,FD-018,public,2022-06-30,commercial,38.7,1
MT306977,FD-023,public,31/03/2021,domestic-low,12.1 kWh,1
MT307174,FD-037,residential,2025-11-08,domestic-low,111.8 kWh,0
MT304119,FD-029,public,2022-09-19,domestic-low,,0
MT307041,FD-033,industrial,2024-03-26,industrial,29.0,FALSE
MT300043,FD-031,industrial,2020-11-01,industrial,56.6 kWh,1
MT300376,FD-031,commercial,20/01/2019,domestic-low,57.8 kWh,False
MT305180,FD-028,residential,2022-04-20,domestic-standard,193.8,FALSE
MT306901,FD-022,residential,2025-09-30,social,138.7 kWh,TRUE
MT302836,FD-016,industrial,2025-02-05,commercial,48.4,no
MT309953,FD-006,residential,2023-05-16,industrial,73.5,yes
MT306552,FD-013,industrial,2019-03-29,domestic-standard,87.9 kWh,True
MT308273,FD-010,industrial,2021-08-12,domestic-low,29.0,FALSE
MT302815,FD-016,residential,2020-03-14,domestic-low,98.2 kWh,1
MT301547,FD-027,commercial,2025-03-20,domestic-low,,False
MT310606,FD-010,residential,2020-04-24,industrial,86.2 kWh,FALSE
MT309997,FD-016,commercial,2019-11-24,domestic-standard,76.1 kWh,no
MT302718,FD-006,residential,2020-05-13,industrial,31.1 kWh,1
MT302505,FD-010,public,2019-11-08,commercial,11.4,1
MT304311,FD-012,industrial,2023-03-12,commercial,,no
MT307500,FD-009,residential,2019-09-19,social,,TRUE
MT308926,FD-029,residential,2022-07-18,domestic-low,57.2 kWh,1
MT307771,FD-013,public,2025-07-06,commercial,192.4,False
MT307326,FD-036,public,2020-01-01,domestic-low,100.6 kWh,0
MT303523,FD-011,residential,2024-05-22,domestic-low,75.3,TRUE
MT307973,FD-034,public,2020-12-19,domestic-standard,,True
MT305998,FD-017,residential,2022-03-09,domestic-low,157.8,0
MT302501,FD-020,residential,22/12/2019,industrial,137.1,False
MT306973,FD-024,commercial,06/02/2023,social,,0
MT305951,FD-034,commercial,2019-01-18,domestic-low,,no
MT310574,FD-021,commercial,2022-08-25,domestic-low,,yes
MT302189,FD-004,residential,2020-07-02,domestic-standard,68.2,TRUE
MT302435,FD-030,industrial,2020-03-14,domestic-low,116.8,TRUE
MT300762,FD-033,residential,2021-03-21,domestic-low,106.9,True
MT310825,FD-008,public,31/08/2025,domestic-standard,101.6 kWh,1
MT300109,FD-015,residential,2022-09-14,domestic-low,107.2 kWh,TRUE
MT303324,FD-002,residential,2024-07-30,domestic-standard,,no
MT301897,FD-017,residential,2020-06-13,industrial,,TRUE
MT308290,FD-007,residential,2021-11-21,domestic-low,,yes
MT309481,FD-036,residential,2020-12-09,industrial,90.2,FALSE
MT305700,FD-005,public,2019-12-17,domestic-low,37.8,1
MT310397,FD-026,residential,2025-05-07,domestic-low,123.8,False
MT304648,FD-024,residential,24/08/2019,social,,no
MT305893,FD-024,residential,2023-06-26,domestic-low,,0
MT301037,FD-011,industrial,2024-04-27,industrial,145.6 kWh,TRUE
MT310656,FD-014,residential,2024-07-06,social,,FALSE
MT308278,FD-033,residential,2021-06-13,domestic-standard,249.7,no
MT300858,FD-007,residential,2025-08-18,commercial,16.2,yes
MT301464,FD-034,commercial,2025-09-15,domestic-low,126.4 kWh,TRUE
MT303192,FD-013,residential,2019-09-27,commercial,,1
MT304544,FD-005,public,2024-09-12,domestic-low,,FALSE
MT303020,FD-011,residential,2023-08-02,social,138.7 kWh,True
MT309757,FD-020,public,2025-09-09,domestic-low,99.5 kWh,no
MT310043,FD-019,residential,2019-04-13,domestic-low,177.8,no
MT309990,FD-021,residential,2021-11-20,domestic-low,293.5 kWh,False
MT310392,FD-031,public,2023-06-05,commercial,68.7 kWh,True
MT304864,FD-030,commercial,2020-11-23,social,170.6 kWh,True
MT302342,FD-033,residential,2021-02-17,social,132.2 kWh,FALSE
MT305008,FD-024,residential,2022-06-29,industrial,134.9 kWh,TRUE
MT307628,FD-018,residential,19/08/2021,social,129.3,True
MT301062,FD-026,commercial,2024-09-02,commercial,86.1 kWh,0
MT301797,FD-024,residential,2023-09-14,social,,TRUE
MT310480,FD-002,industrial,10/03/2022,domestic-standard,,False
MT309059,FD-006,industrial,2021-11-16,commercial,92.5,yes
MT310857,FD-036,public,2020-09-25,industrial,98.6 kWh,False
MT307784,FD-020,public,2023-01-27,social,26.1 kWh,1
MT307686,FD-031,residential,2026-01-07,domestic-low,,FALSE
MT304761,FD-016,residential,2025-07-18,domestic-low,,False
MT301579,FD-003,industrial,2024-07-25,domestic-low,23.5,True
MT305514,FD-004,residential,16/09/2025,domestic-low,19.5 kWh,0
MT305614,FD-019,public,2019-10-03,domestic-low,244.0 kWh,yes
MT308135,FD-022,residential,2019-05-11,domestic-low,195.3 kWh,True
MT309401,FD-025,industrial,20/08/2025,domestic-standard,,False
MT307091,FD-003,industrial,2025-06-22,commercial,,0
MT310769,FD-012,residential,2025-03-10,domestic-low,79.8,no
MT306595,FD-004,residential,2024-06-22,commercial,82.9 kWh,0
MT307721,FD-031,commercial,2019-02-25,domestic-low,30.0,yes
MT308325,FD-015,residential,2019-09-09,domestic-standard,108.8,1
MT300534,FD-013,residential,2024-11-11,domestic-standard,34.2,FALSE
MT300998,FD-031,residential,2019-03-27,domestic-low,62.8,yes
MT307558,FD-012,residential,28/11/2023,domestic-low,,no
MT305481,FD-018,residential,2022-10-17,industrial,37.7,1
MT300714,FD-036,commercial,2024-03-09,domestic-standard,178.5,False
MT302862,FD-009,industrial,2022-10-08,industrial,184.2,True
MT301485,FD-021,commercial,2019-11-28,domestic-low,156.0,False
MT307822,FD-015,commercial,2024-02-10,domestic-standard,,1
MT304448,FD-009,residential,2022-01-28,domestic-low,86.6,True
MT300287,FD-032,industrial,2022-12-15,commercial,30.9 kWh,False
MT304376,FD-032,residential,2024-06-10,domestic-low,162.8,True
MT310684,FD-029,residential,2021-01-03,domestic-standard,128.7,no
MT309873,FD-016,public,2019-09-08,domestic-low,,False
MT309069,FD-036,public,2019-02-04,social,,True
MT304577,FD-010,public,2022-08-07,industrial,107.2,no
MT304489,FD-036,residential,2024-12-16,social,124.2 kWh,FALSE
MT305245,FD-008,public,2024-06-17,domestic-low,,True
MT310052,FD-027,residential,2019-11-20,domestic-low,,TRUE
MT305385,FD-025,residential,2023-06-05,industrial,,FALSE
MT308673,FD-011,public,2023-04-19,social,43.4,True
MT305880,FD-027,commercial,2023-11-12,commercial,,1
MT310640,FD-024,residential,2019-09-29,domestic-standard,,1
MT301594,FD-014,residential,2026-01-29,domestic-low,43.3 kWh,no
MT302709,FD-037,public,2021-11-22,domestic-standard,,0
MT306468,FD-025,public,05/05/2023,industrial,,1
MT300856,FD-014,residential,2024-03-25,commercial,21.5,False
MT305049,FD-004,public,24/09/2024,domestic-standard,,True
MT302200,FD-014,public,2025-12-29,social,,FALSE
MT300763,FD-026,commercial,2026-02-12,industrial,,0
MT304169,FD-036,commercial,2022-07-01,domestic-standard,72.7 kWh,False
MT303690,FD-022,residential,2022-05-27,domestic-low,93.4,False
MT310518,FD-027,residential,2025-10-04,domestic-low,35.6,yes
MT305054,FD-024,industrial,2025-10-25,domestic-low,200.1 kWh,False
MT306615,FD-037,residential,2025-12-31,commercial,,yes
MT304711,FD-014,commercial,2026-04-02,commercial,,yes
MT306692,FD-031,residential,2026-02-06,domestic-low,,0
MT303664,FD-012,residential,04/01/2019,domestic-standard,53.7 kWh,True
MT303071,FD-012,residential,2020-08-18,domestic-standard,203.3 kWh,yes
MT306694,FD-003,industrial,2025-06-28,domestic-standard,176.6 kWh,yes
MT307132,FD-035,public,2024-12-30,domestic-low,,1
MT306219,FD-013,public,2019-06-04,social,45.4 kWh,TRUE
MT307207,FD-029,industrial,2026-03-06,social,,False
MT305455,FD-033,residential,2020-09-28,domestic-low,,no
MT301356,FD-021,residential,2024-07-19,domestic-standard,,yes
MT303236,FD-018,residential,2020-01-30,domestic-standard,104.9 kWh,FALSE
MT304907,FD-025,commercial,2024-04-26,domestic-standard,117.5 kWh,True
MT302683,FD-016,residential,2023-10-21,domestic-low,50.8,yes
MT307835,FD-020,commercial,2025-08-01,commercial,,0
MT309628,FD-014,residential,19/06/2022,social,,TRUE
MT305750,FD-006,residential,2020-03-12,industrial,10.0,True
MT309629,FD-017,commercial,2021-06-01,domestic-low,82.0 kWh,False
MT306894,FD-037,residential,2022-02-16,commercial,36.4,FALSE
MT301737,FD-021,commercial,2021-04-13,industrial,83.8 kWh,True
MT308860,FD-037,public,2024-07-07,commercial,,True
MT304309,FD-014,public,2023-07-01,domestic-low,,no
MT300127,FD-034,public,2024-11-13,industrial,272.0 kWh,FALSE
MT305855,FD-019,residential,2021-10-28,commercial,142.2 kWh,no
MT303101,FD-026,commercial,2025-03-31,domestic-standard,231.9 kWh,TRUE
MT304990,FD-013,residential,2022-12-30,domestic-standard,27.1,False
MT310730,FD-017,residential,2019-08-23,commercial,55.4 kWh,True
MT302356,FD-031,commercial,2022-08-22,domestic-low,,FALSE
MT303424,FD-015,public,2024-07-28,domestic-standard,158.6,FALSE
MT302670,FD-022,residential,2026-05-10,commercial,267.1 kWh,True
MT305456,FD-029,commercial,2020-04-12,commercial,41.1,False
MT304691,FD-026,residential,25/12/2021,industrial,,False
MT304614,FD-030,industrial,2024-01-21,domestic-standard,99.6,False
MT301850,FD-035,public,2022-10-24,social,147.9 kWh,False
MT301526,FD-035,residential,2024-01-03,domestic-low,274.6 kWh,1
MT305720,FD-011,industrial,2021-11-17,domestic-low,158.6 kWh,0
MT309864,FD-037,residential,2023-07-20,domestic-low,14.9,1
MT308026,FD-001,residential,2023-02-25,domestic-standard,211.6 kWh,True
MT307907,FD-029,commercial,2025-04-23,industrial,,FALSE
MT305952,FD-004,residential,2025-09-16,domestic-low,,False
MT300039,FD-035,residential,2026-04-26,social,103.6 kWh,TRUE
MT306034,FD-007,commercial,2022-07-28,industrial,,False
MT305624,FD-005,industrial,2019-01-24,social,246.0 kWh,1
MT301987,FD-019,residential,2023-05-15,domestic-standard,,FALSE
MT308628,FD-002,public,2026-02-18,social,109.0,0
MT308110,FD-027,residential,2025-02-23,domestic-low,188.8,TRUE
MT307616,FD-019,residential,2025-03-08,social,,1
MT302630,FD-019,residential,2021-08-17,domestic-standard,,True
MT309745,FD-005,public,2020-08-27,domestic-standard,70.0 kWh,yes
MT301772,FD-022,public,2019-05-13,social,107.7 kWh,TRUE
MT310339,FD-002,residential,2021-05-28,industrial,51.0,no
MT310546,FD-022,residential,2019-10-30,commercial,214.4,1
MT310573,FD-024,residential,2020-04-12,domestic-standard,125.9 kWh,True
MT303788,FD-028,residential,2022-08-10,domestic-low,,yes
MT303352,FD-028,residential,2020-12-01,social,26.2 kWh,0
MT309417,FD-030,residential,2025-03-28,social,,FALSE
MT306066,FD-024,public,2022-11-02,social,,TRUE
MT306643,FD-035,residential,2025-07-08,domestic-low,,False
MT304736,FD-005,industrial,2023-03-13,domestic-standard,,1
MT310130,FD-033,commercial,2023-10-19,domestic-low,97.1,no
MT301901,FD-002,residential,2021-01-28,social,224.2,True
MT307092,FD-020,industrial,21/04/2020,industrial,88.2 kWh,1
MT305135,FD-027,public,2023-07-02,domestic-low,,TRUE
MT307731,FD-015,residential,2024-07-08,domestic-standard,,True
MT301647,FD-034,residential,2020-01-03,domestic-low,41.5 kWh,no
MT306490,FD-027,public,2020-11-21,social,35.2,no
MT304166,FD-034,industrial,20/04/2022,commercial,202.8,False
MT304008,FD-001,residential,2023-04-25,commercial,,yes
MT302114,FD-017,commercial,2025-06-04,domestic-low,40.2 kWh,1
MT310356,FD-002,public,21/05/2020,domestic-standard,98.9,no
MT301111,FD-023,public,2023-09-05,domestic-low,,True
MT309734,FD-023,residential,10/09/2025,industrial,36.6 kWh,1
MT300260,FD-011,commercial,2021-02-18,industrial,104.1,FALSE
MT304434,FD-025,residential,2022-09-02,domestic-low,134.1,0
MT303572,FD-001,residential,2024-11-08,domestic-low,154.9,1
MT301390,FD-014,residential,2019-10-22,domestic-standard,,False
MT306690,FD-026,public,2022-05-02,industrial,166.2 kWh,no
MT309283,FD-024,residential,2020-09-19,domestic-low,80.3 kWh,False
MT303360,FD-033,industrial,2024-02-09,domestic-low,137.1 kWh,True
MT300686,FD-012,residential,2020-09-02,social,107.4,0
MT308566,FD-008,residential,2020-08-30,domestic-low,145.8,no
MT302060,FD-033,commercial,2026-01-17,commercial,72.9,no
MT309661,FD-008,industrial,2019-03-11,domestic-low,164.2,yes
MT300609,FD-027,industrial,2025-02-04,industrial,105.4,0
MT301415,FD-034,residential,19/06/2021,social,147.3,FALSE
MT307517,FD-022,residential,2022-12-21,industrial,221.3 kWh,yes
MT309655,FD-011,public,2025-10-12,industrial,71.3,no
MT306625,FD-033,residential,2023-12-01,social,204.5 kWh,True
MT307344,FD-018,residential,2023-11-10,domestic-standard,68.7 kWh,TRUE
MT301287,FD-026,public,2025-06-06,industrial,71.0,FALSE
MT303471,FD-028,commercial,10/07/2022,domestic-standard,25.3 kWh,1
MT305791,FD-020,public,2019-06-11,social,88.5 kWh,FALSE
MT305029,FD-035,industrial,2021-06-04,commercial,43.7 kWh,True
MT305191,FD-019,residential,2022-04-20,industrial,195.7,TRUE
MT303187,FD-010,industrial,2023-11-04,domestic-low,,no
MT306197,FD-035,commercial,2022-11-28,industrial,158.8,TRUE
MT306030,FD-002,residential,2019-11-29,industrial,,True
MT300398,FD-001,commercial,2019-08-18,domestic-low,62.0,True
MT306475,FD-026,residential,2022-12-15,domestic-low,85.2,False
MT309756,FD-015,industrial,2019-07-25,domestic-low,,1
MT305964,FD-004,commercial,2020-11-09,domestic-low,33.5,True
MT303113,FD-002,public,11/10/2019,social,,no
MT310242,FD-031,commercial,2023-01-27,commercial,,1
MT305265,FD-034,commercial,2023-01-24,domestic-standard,12.6,FALSE
MT304383,FD-024,residential,2023-11-28,domestic-standard,113.1,1
MT306319,FD-010,public,2020-05-11,industrial,72.7,no
MT307727,FD-015,residential,2019-09-06,social,92.9 kWh,False
MT309279,FD-005,residential,2020-02-03,domestic-low,160.4 kWh,yes
MT308639,FD-020,residential,2025-07-25,domestic-standard,,True
MT306202,FD-033,residential,2024-07-21,commercial,34.5 kWh,TRUE
MT304118,FD-010,residential,2021-02-18,domestic-low,132.5 kWh,yes
MT308492,FD-034,residential,2023-06-12,industrial,,FALSE
MT308386,FD-032,commercial,2020-11-28,commercial,198.2 kWh,False
MT308406,FD-023,public,2025-02-15,domestic-low,96.5 kWh,False
MT302232,FD-031,industrial,08/07/2023,domestic-standard,158.2,TRUE
MT307348,FD-001,residential,2022-12-21,social,,0
MT303249,FD-026,public,2022-12-31,domestic-low,125.5 kWh,1
MT300713,FD-021,residential,2019-06-01,domestic-standard,120.8,0
MT302123,FD-032,residential,2020-11-10,social,,0
MT304436,FD-035,residential,30/05/2024,industrial,224.8,TRUE
MT307506,FD-006,residential,2022-11-07,social,175.4 kWh,0
MT306163,FD-011,residential,2021-04-15,social,,1
MT306225,FD-030,industrial,2025-07-06,social,44.0,no
MT309530,FD-011,residential,2021-10-20,domestic-standard,64.4,no
MT306628,FD-007,commercial,2021-03-04,domestic-standard,191.5 kWh,False
MT309138,FD-035,industrial,2025-10-19,domestic-low,21.7,yes
MT307111,FD-008,public,2019-05-12,domestic-standard,240.5,TRUE
MT308605,FD-036,industrial,2021-08-11,domestic-standard,62.5 kWh,FALSE
MT309610,FD-033,residential,2025-10-10,social,85.6,0
MT309261,FD-026,residential,2026-01-10,social,,0
MT304313,FD-035,residential,2020-07-06,domestic-low,76.5,False
MT302250,FD-013,residential,2019-12-07,commercial,64.1,True
MT305584,FD-033,residential,2024-05-02,domestic-low,87.9,yes
MT301622,FD-007,commercial,2025-02-22,commercial,85.1 kWh,True
MT310497,FD-012,residential,2024-11-20,domestic-standard,,0
MT306301,FD-017,public,2020-04-15,domestic-low,,TRUE
MT308490,FD-023,residential,2024-08-31,domestic-low,,False
MT309540,FD-036,residential,2022-11-05,commercial,84.0 kWh,False
MT309373,FD-007,residential,2022-11-10,industrial,68.8 kWh,False
MT309878,FD-030,residential,2025-11-07,commercial,,1
MT300501,FD-007,industrial,06/02/2019,domestic-low,109.6,True
MT308921,FD-012,commercial,2023-12-02,domestic-low,98.9 kWh,0
MT309497,FD-002,industrial,2026-03-26,domestic-low,,TRUE
MT303222,FD-016,residential,06/08/2021,social,134.4 kWh,yes
MT303392,FD-032,public,2025-07-17,domestic-standard,,no
MT302082,FD-034,residential,2026-01-16,social,34.2 kWh,1
MT302225,FD-028,residential,2022-07-05,industrial,167.0 kWh,FALSE
MT302780,FD-021,residential,2025-04-27,commercial,,no
MT306272,FD-037,industrial,2022-08-17,industrial,131.2,1
MT307335,FD-018,commercial,2026-02-04,industrial,129.3,FALSE
MT305577,FD-007,residential,2025-11-29,social,13.4,no
MT305639,FD-005,residential,2025-09-16,domestic-low,115.1 kWh,1
MT300623,FD-029,public,2021-08-21,domestic-low,112.8,TRUE
MT303404,FD-035,residential,2021-01-31,domestic-low,,True
MT309889,FD-030,industrial,2022-05-09,domestic-standard,219.6 kWh,yes
MT309993,FD-002,residential,2019-07-21,commercial,71.5 kWh,FALSE
MT301948,FD-025,commercial,2019-03-30,commercial,,FALSE
MT309662,FD-013,residential,2022-09-25,social,,0
MT300917,FD-019,residential,2023-08-25,domestic-low,156.9 kWh,0
MT308888,FD-018,public,24/06/2021,domestic-low,156.6,False
MT302048,FD-016,commercial,2021-05-24,social,,yes
MT308805,FD-035,public,2021-03-18,domestic-low,25.8 kWh,yes
MT310024,FD-013,residential,2021-04-10,domestic-low,117.8 kWh,1
MT307355,FD-028,residential,2020-08-31,commercial,46.7,0
MT309288,FD-026,residential,2026-03-17,industrial,,False
MT302215,FD-031,commercial,2023-01-29,domestic-low,41.0 kWh,TRUE
MT309295,FD-035,residential,2023-07-03,domestic-standard,71.0,FALSE
MT309423,FD-034,industrial,2025-09-07,domestic-standard,,no
MT301806,FD-018,residential,19/03/2019,domestic-low,,0
MT310226,FD-015,public,2025-05-19,domestic-standard,,TRUE
MT305992,FD-004,residential,2020-07-21,social,134.0,TRUE
MT301229,FD-022,commercial,2023-09-30,domestic-low,210.1 kWh,TRUE
MT307751,FD-013,residential,2024-05-27,industrial,162.8,FALSE
MT306964,FD-005,public,2020-12-29,commercial,39.0 kWh,1
MT302734,FD-037,residential,23/05/2019,industrial,156.8,yes
MT303949,FD-004,residential,2026-01-30,domestic-low,,no
MT308279,FD-013,residential,2020-09-22,domestic-standard,,no
MT306115,FD-022,residential,2024-02-04,domestic-standard,,FALSE
MT302795,FD-027,public,2023-04-03,industrial,203.1 kWh,False
MT307839,FD-003,residential,2022-08-15,domestic-standard,,False
MT307703,FD-011,public,2022-08-10,domestic-low,74.0,True
MT303099,FD-029,commercial,2022-01-17,domestic-low,,1
MT305227,FD-003,residential,2023-10-20,domestic-low,64.9 kWh,0
MT307217,FD-019,commercial,2025-02-14,domestic-low,,True
MT304499,FD-012,residential,2022-12-31,industrial,206.1 kWh,0
MT309331,FD-026,public,2024-01-30,social,,True
MT310089,FD-013,residential,2023-09-28,domestic-standard,,TRUE
MT303930,FD-007,residential,2025-05-20,commercial,78.5,True
MT300558,FD-028,industrial,2021-06-03,industrial,,True
MT305656,FD-027,commercial,2023-12-21,social,155.6 kWh,True
MT303823,FD-034,residential,2023-09-07,industrial,,TRUE
MT308206,FD-030,commercial,2020-11-02,domestic-low,104.5 kWh,no
MT308054,FD-037,industrial,2019-12-30,industrial,131.9 kWh,0
MT303167,FD-025,industrial,2021-03-03,domestic-low,155.1,no
MT305484,FD-003,commercial,2025-12-01,domestic-low,,yes
MT308606,FD-031,residential,2026-01-06,industrial,,TRUE
MT300880,FD-001,residential,2023-02-12,industrial,,0
MT301787,FD-021,residential,22/04/2023,commercial,69.8,no
MT309531,FD-035,public,2022-09-16,industrial,94.6,no
MT310552,FD-008,industrial,2024-06-07,commercial,,False
MT302403,FD-007,commercial,2025-05-21,domestic-low,178.4 kWh,no
MT305285,FD-003,public,2021-02-24,commercial,98.6,0
MT309303,FD-029,residential,2021-11-10,commercial,41.1,True
MT302471,FD-029,residential,01/08/2021,domestic-low,165.6,True
MT302474,FD-030,public,2022-05-14,social,186.6,FALSE
MT306962,FD-027,public,2025-07-20,social,8.6,yes
MT300064,FD-035,residential,2024-01-15,domestic-low,147.1,False
MT309811,FD-013,public,2022-01-11,domestic-standard,225.2 kWh,yes
MT302571,FD-036,residential,2020-02-16,commercial,75.5,no
MT300375,FD-037,industrial,2026-01-28,domestic-standard,,FALSE
MT300574,FD-001,commercial,2021-08-28,industrial,,True
MT305918,FD-008,commercial,15/12/2023,domestic-low,258.9 kWh,True
MT301976,FD-024,residential,2019-07-24,domestic-low,124.4,False
MT308534,FD-033,residential,2022-10-10,domestic-standard,8.5 kWh,False
MT306658,FD-033,commercial,06/12/2020,domestic-low,181.1 kWh,TRUE
MT308873,FD-035,public,2021-04-07,domestic-low,122.5 kWh,no
MT309418,FD-024,residential,2020-08-08,domestic-low,138.4,True
MT303426,FD-019,residential,2020-01-15,domestic-low,,False
MT304054,FD-017,public,2021-01-15,domestic-low,116.4 kWh,no
MT308156,FD-005,residential,2024-10-03,domestic-low,26.4 kWh,0
MT307001,FD-010,residential,2020-11-03,domestic-standard,,True
MT307272,FD-026,residential,2021-12-11,domestic-low,99.8 kWh,yes
MT305552,FD-019,public,2023-12-08,commercial,,0
MT308105,FD-027,industrial,2023-06-25,domestic-low,41.0 kWh,yes
MT305907,FD-017,residential,15/04/2026,domestic-low,44.0 kWh,yes
MT306994,FD-005,commercial,2023-10-24,domestic-low,,FALSE
MT302273,FD-007,residential,2020-01-26,domestic-low,148.6 kWh,no
MT305661,FD-002,residential,2019-07-24,industrial,,1
MT302532,FD-016,public,2020-11-02,industrial,184.9,1
MT309442,FD-018,commercial,2024-12-03,commercial,20.5 kWh,False
MT308595,FD-029,residential,2022-06-21,industrial,36.5 kWh,FALSE
MT309743,FD-011,residential,2021-03-03,domestic-standard,27.3 kWh,TRUE
MT302072,FD-009,public,2025-07-10,industrial,142.1,FALSE
MT310503,FD-022,public,2022-04-26,domestic-standard,132.3,no
MT306509,FD-027,residential,2020-03-27,domestic-low,,yes
MT310135,FD-029,commercial,2022-09-06,industrial,26.2 kWh,yes
MT300542,FD-034,residential,2022-11-14,domestic-standard,139.2 kWh,0
MT301416,FD-026,residential,2025-05-16,industrial,113.7 kWh,False
MT303845,FD-034,industrial,2020-06-17,domestic-low,194.6,TRUE
MT310186,FD-003,residential,2023-02-12,commercial,,TRUE
MT305989,FD-010,public,2023-04-29,domestic-low,,0
MT301211,FD-023,residential,2020-09-15,social,152.9 kWh,1
MT301661,FD-020,residential,2021-04-25,domestic-standard,21.0 kWh,FALSE
MT301013,FD-003,industrial,2026-05-14,commercial,66.4 kWh,TRUE
MT301672,FD-026,residential,2024-03-14,social,191.0,TRUE
MT304776,FD-023,residential,2021-11-03,social,,FALSE
MT308465,FD-019,residential,2022-04-20,industrial,144.4,FALSE
MT308598,FD-024,residential,2024-07-06,domestic-standard,121.6,True
MT308419,FD-012,residential,2021-09-01,domestic-low,53.6 kWh,True
MT306435,FD-007,commercial,2019-01-02,social,118.3 kWh,True
MT309207,FD-003,industrial,2022-04-19,commercial,167.9,FALSE
MT306508,FD-016,commercial,2021-11-02,domestic-low,89.7,FALSE
MT308108,FD-026,residential,2025-07-15,commercial,,FALSE
MT300084,FD-033,industrial,2025-08-12,social,,FALSE
MT305462,FD-014,residential,02/08/2019,domestic-standard,,FALSE
MT308106,FD-035,residential,2020-05-20,industrial,,TRUE
MT301648,FD-011,commercial,2024-11-04,domestic-low,,0
MT310481,FD-031,residential,2024-03-26,domestic-low,98.3 kWh,FALSE
MT304565,FD-006,residential,2021-10-18,domestic-low,107.3,0
MT303293,FD-018,industrial,2024-09-05,domestic-low,,False
MT307498,FD-008,industrial,2023-10-25,industrial,101.7 kWh,True
MT301419,FD-005,residential,15/02/2021,domestic-low,27.6,yes
MT301140,FD-025,residential,2022-07-30,domestic-low,80.5,yes
MT307836,FD-021,public,2019-07-04,industrial,,no
MT304016,FD-009,industrial,2019-01-16,domestic-standard,73.3 kWh,FALSE
MT309772,FD-015,residential,2025-12-01,social,83.3 kWh,False
MT304114,FD-011,industrial,04/10/2020,industrial,102.0,TRUE
MT306246,FD-035,industrial,2024-12-03,domestic-standard,,yes
MT308481,FD-033,public,2020-06-10,domestic-low,57.4,no
MT307251,FD-031,residential,2020-07-18,domestic-standard,240.8 kWh,TRUE
MT304964,FD-003,residential,2019-03-09,domestic-low,63.2 kWh,1
MT310032,FD-027,residential,2020-02-27,commercial,225.0 kWh,no
MT303966,FD-031,industrial,2020-09-18,domestic-low,,False
MT303072,FD-035,residential,2019-10-03,domestic-standard,,0
MT308180,FD-029,residential,2025-08-12,social,,False
MT308404,FD-030,residential,2020-09-28,industrial,137.1 kWh,0
MT301519,FD-009,residential,23/09/2020,domestic-low,71.4,no
MT301440,FD-034,industrial,2023-03-12,social,190.3,False
MT306249,FD-020,residential,2022-11-22,domestic-low,,TRUE
MT308094,FD-034,commercial,2024-03-17,domestic-low,105.5,no
MT310219,FD-014,residential,2025-03-31,industrial,,False
MT308533,FD-021,commercial,2020-07-06,social,111.4 kWh,True
MT302790,FD-035,commercial,2024-02-19,domestic-low,98.3 kWh,TRUE
MT302451,FD-016,residential,2021-12-09,industrial,43.5,False
MT300413,FD-001,residential,2024-04-11,domestic-low,,FALSE
MT306979,FD-013,residential,2023-01-09,domestic-low,37.1,FALSE
MT307967,FD-032,residential,2022-09-24,domestic-standard,151.1,yes
MT301278,FD-018,public,2025-05-01,domestic-low,128.0,FALSE
MT302444,FD-018,residential,2022-09-17,social,,FALSE
MT301428,FD-037,residential,26/05/2022,domestic-low,,True
MT308556,FD-034,public,2023-05-09,domestic-standard,,TRUE
MT304631,FD-031,residential,2025-12-28,commercial,,0
MT308152,FD-021,commercial,2022-09-07,domestic-low,,yes
MT303029,FD-015,residential,2024-06-10,commercial,81.7,TRUE
MT305747,FD-033,industrial,2023-11-08,domestic-standard,126.1 kWh,FALSE
MT310649,FD-008,commercial,2019-02-20,domestic-low,204.4 kWh,TRUE
MT310617,FD-032,industrial,2024-11-03,commercial,100.5 kWh,1
MT310703,FD-011,commercial,2024-10-22,commercial,56.8 kWh,True
MT301002,FD-027,industrial,2025-04-23,commercial,26.7 kWh,0
MT301200,FD-025,public,2026-05-03,domestic-low,177.2 kWh,True
MT300717,FD-025,residential,2020-11-22,domestic-low,47.6,yes
MT305347,FD-017,residential,2023-04-17,social,119.4 kWh,FALSE
MT310648,FD-023,public,2025-11-16,social,,FALSE
MT302838,FD-034,industrial,01/05/2019,domestic-low,,FALSE
MT309456,FD-023,residential,2026-05-15,commercial,168.6,0
MT304812,FD-002,industrial,2019-01-21,commercial,,0
MT307687,FD-007,public,2021-08-24,social,194.0 kWh,TRUE
MT300595,FD-037,industrial,2024-05-24,domestic-low,26.1,False
MT309916,FD-018,residential,2022-07-12,industrial,136.9 kWh,0
MT300847,FD-015,residential,2024-06-27,commercial,,TRUE
MT305695,FD-004,public,07/07/2021,domestic-low,53.3,no
MT310816,FD-032,industrial,2025-11-20,social,,0
MT308424,FD-032,residential,2024-12-24,domestic-low,,FALSE
MT307982,FD-011,residential,2021-09-23,domestic-low,,1
MT304371,FD-017,residential,01/05/2022,domestic-low,17.2 kWh,yes
MT301675,FD-034,residential,2021-11-04,commercial,195.7,yes
MT307255,FD-020,industrial,2023-01-20,domestic-low,156.3 kWh,True
MT305968,FD-015,commercial,2020-11-18,domestic-standard,,yes
MT310655,FD-027,residential,2021-03-21,domestic-low,,1
MT309372,FD-003,residential,2022-12-25,domestic-low,101.9,TRUE
MT309659,FD-002,residential,2024-01-01,domestic-low,,False
MT300236,FD-002,residential,2020-04-14,domestic-low,64.6,1
MT301376,FD-028,residential,2024-10-29,commercial,135.8,False
MT310033,FD-031,industrial,2022-11-29,domestic-low,,no
MT303763,FD-010,commercial,2023-01-24,industrial,,yes
MT301736,FD-018,residential,2021-08-15,commercial,,False
MT306811,FD-032,public,2024-01-01,domestic-low,92.5 kWh,yes
MT307730,FD-013,residential,2024-10-22,domestic-standard,,FALSE
MT308733,FD-004,residential,2023-10-05,commercial,,True
MT306222,FD-025,industrial,2022-04-11,social,,TRUE
MT301291,FD-015,residential,2025-11-12,domestic-low,113.6,1
MT305712,FD-023,public,2023-09-02,domestic-low,48.4,FALSE
MT310159,FD-029,residential,06/02/2021,industrial,76.4 kWh,FALSE
MT310963,FD-037,industrial,2025-07-10,commercial,84.8 kWh,1
MT304295,FD-030,industrial,2019-02-06,social,113.3 kWh,TRUE
MT306806,FD-033,residential,2019-01-13,industrial,,no
MT300980,FD-019,commercial,2022-12-07,domestic-standard,236.7 kWh,yes
MT309269,FD-007,industrial,2023-08-11,domestic-low,106.5 kWh,TRUE
MT310470,FD-025,public,29/04/2025,social,114.9 kWh,False
MT302592,FD-035,industrial,2021-12-16,domestic-low,,TRUE
MT304724,FD-019,residential,2025-02-13,domestic-low,220.3 kWh,0
MT307036,FD-012,residential,2024-04-30,social,138.6,TRUE
MT307279,FD-004,commercial,2019-07-30,domestic-low,32.9 kWh,FALSE
MT310685,FD-008,industrial,2019-06-23,domestic-standard,,TRUE
MT307030,FD-025,industrial,2024-01-24,domestic-standard,60.5 kWh,yes
MT307156,FD-018,commercial,2023-10-29,domestic-standard,41.1 kWh,1
MT302676,FD-024,commercial,2024-11-04,domestic-low,128.1,0
MT309706,FD-035,commercial,2026-04-04,social,12.2 kWh,yes
MT300448,FD-030,residential,2020-04-17,commercial,107.8 kWh,True
MT308705,FD-015,residential,28/06/2022,domestic-low,20.6 kWh,FALSE
MT300817,FD-022,industrial,2022-03-23,social,61.9 kWh,1
MT309290,FD-036,public,2020-06-30,domestic-low,162.9,no
MT303991,FD-010,industrial,2023-08-24,domestic-low,167.1 kWh,False
MT303986,FD-020,residential,09/04/2019,commercial,81.6 kWh,FALSE
MT307634,FD-034,residential,2023-03-17,commercial,,0
MT305147,FD-008,public,2021-07-27,domestic-low,,no
MT306786,FD-009,commercial,2026-04-11,domestic-low,,False
MT310624,FD-031,residential,2021-03-11,domestic-low,,FALSE
MT306323,FD-028,residential,2021-05-21,domestic-low,,True
MT308829,FD-018,residential,2026-05-22,commercial,56.5,TRUE
MT302454,FD-018,residential,2023-06-28,commercial,117.4,1
MT310292,FD-026,residential,2025-12-10,domestic-standard,73.4 kWh,1
MT306055,FD-035,residential,2020-08-01,commercial,115.2 kWh,1
MT303342,FD-037,residential,2022-04-23,domestic-low,201.4 kWh,1
MT306867,FD-010,residential,2019-01-19,domestic-low,47.8 kWh,1
MT310962,FD-014,commercial,2020-06-22,commercial,83.1,yes
MT300887,FD-004,residential,2023-12-28,domestic-standard,195.7 kWh,True
MT300723,FD-001,residential,2026-01-17,domestic-standard,217.2 kWh,yes
MT309966,FD-013,residential,2024-05-28,domestic-low,140.8 kWh,0
MT300606,FD-007,industrial,2019-09-12,domestic-low,18.1 kWh,False
MT301323,FD-037,residential,07/12/2022,industrial,,yes
MT308448,FD-025,industrial,17/05/2020,commercial,,0
MT302918,FD-021,commercial,2026-04-02,domestic-standard,123.5 kWh,FALSE
MT302855,FD-014,public,06/02/2025,industrial,196.2 kWh,False
MT307158,FD-009,residential,2024-01-19,domestic-low,163.8 kWh,0
MT300310,FD-005,industrial,2020-11-12,social,18.7 kWh,False
MT308797,FD-028,residential,2026-04-12,industrial,182.6 kWh,0
MT300972,FD-020,residential,2024-09-17,social,,yes
MT308504,FD-035,industrial,2023-05-14,commercial,117.5,0
MT300104,FD-004,residential,2021-05-09,commercial,77.8 kWh,False
MT303956,FD-002,public,2020-05-17,domestic-low,62.5 kWh,yes
MT306437,FD-022,commercial,2023-09-06,commercial,159.3,False
MT310071,FD-013,public,2020-08-22,industrial,,False
MT303652,FD-032,residential,19/03/2026,industrial,168.4,TRUE
MT308335,FD-025,commercial,08/09/2025,domestic-standard,152.0,TRUE
MT306843,FD-006,public,2024-06-09,industrial,75.3,FALSE
MT302449,FD-015,residential,2026-02-24,industrial,145.6 kWh,1
MT304908,FD-011,public,2024-08-17,domestic-standard,127.8 kWh,yes
MT300117,FD-034,industrial,2023-01-25,industrial,262.1 kWh,FALSE
MT308609,FD-021,residential,2024-04-15,industrial,122.0,no
MT303706,FD-003,residential,2021-10-03,social,,no
MT302866,FD-025,industrial,2021-10-01,domestic-standard,43.5,False
MT302930,FD-004,public,2022-11-13,domestic-standard,,1
MT307010,FD-032,residential,2022-09-11,industrial,80.9 kWh,yes
MT305694,FD-011,residential,2020-04-04,domestic-low,42.1 kWh,True
MT305623,FD-013,commercial,2020-05-02,commercial,22.8,0
MT310013,FD-033,industrial,2019-09-22,commercial,94.0 kWh,TRUE
MT309842,FD-004,residential,2019-05-29,social,134.2,no
MT310590,FD-006,public,2022-08-15,domestic-low,102.0,no
MT308709,FD-003,residential,2021-12-08,industrial,167.9 kWh,no
MT308690,FD-033,industrial,2019-12-22,social,187.1,no
MT310589,FD-001,residential,2024-09-26,domestic-low,,TRUE
MT300718,FD-018,industrial,2022-09-08,domestic-low,120.8 kWh,no
MT304683,FD-014,commercial,2025-04-07,social,26.6 kWh,TRUE
MT303885,FD-024,residential,2020-11-15,domestic-standard,128.4 kWh,0
MT301311,FD-009,residential,2019-08-18,industrial,,True
MT303300,FD-009,commercial,2024-03-01,domestic-standard,236.3,FALSE
MT300860,FD-029,residential,2024-11-28,domestic-low,69.2,1
MT307679,FD-027,industrial,2025-10-16,domestic-low,106.3,yes
MT302935,FD-010,commercial,2025-07-27,industrial,,False
MT309263,FD-024,public,2020-05-03,commercial,227.6,False
MT304216,FD-016,industrial,21/08/2025,commercial,,1
MT303420,FD-016,industrial,2023-10-24,industrial,,yes
MT310935,FD-026,commercial,2021-12-13,commercial,,True
MT307347,FD-036,commercial,2019-04-13,domestic-low,120.6 kWh,no
MT309113,FD-034,residential,2025-12-23,social,77.0 kWh,TRUE
MT309782,FD-007,residential,2019-10-22,domestic-low,45.2 kWh,False
MT300662,FD-004,residential,2025-01-27,industrial,,TRUE
MT306362,FD-034,commercial,2025-07-05,commercial,,1
MT303695,FD-029,commercial,2023-06-03,industrial,169.9 kWh,False
MT307084,FD-012,residential,07/08/2024,social,108.6,FALSE
MT308685,FD-009,industrial,2023-05-30,domestic-low,,FALSE
MT302568,FD-004,commercial,2024-04-04,industrial,,no
MT303200,FD-013,commercial,2024-10-20,industrial,,False
MT309031,FD-017,industrial,2019-08-08,domestic-standard,25.6,TRUE
MT305972,FD-002,industrial,2022-01-20,commercial,123.3,no
MT301036,FD-034,industrial,2022-11-15,commercial,70.3,yes
MT306096,FD-007,residential,05/02/2023,social,104.2,yes
MT304464,FD-013,public,2024-12-28,social,,True
MT305323,FD-010,commercial,22/04/2026,commercial,130.4,TRUE
MT307633,FD-008,residential,26/12/2023,industrial,184.5 kWh,FALSE
MT309057,FD-036,public,2025-03-03,industrial,93.3 kWh,yes
MT300112,FD-016,residential,2024-10-02,domestic-low,58.0,1
MT306665,FD-030,industrial,2022-08-04,domestic-standard,,TRUE
MT309962,FD-010,residential,2025-09-29,social,111.8,0
MT308694,FD-036,residential,2025-03-18,commercial,,1
MT308897,FD-018,residential,2020-10-01,social,51.1,False
MT310832,FD-005,commercial,2025-03-23,domestic-low,94.3,False
MT304802,FD-016,residential,15/01/2023,domestic-standard,75.8 kWh,0
MT310158,FD-027,industrial,2024-12-11,domestic-standard,,yes
MT310254,FD-005,industrial,2022-04-08,domestic-standard,23.5 kWh,yes
MT303139,FD-033,residential,2021-10-06,industrial,156.7 kWh,True
MT310794,FD-025,residential,06/01/2021,commercial,125.0,TRUE
MT302942,FD-016,industrial,2025-03-28,domestic-low,143.2 kWh,True
MT303942,FD-032,industrial,23/08/2019,domestic-standard,19.5,False
MT308047,FD-030,industrial,2022-07-29,commercial,27.1,True
MT310295,FD-035,residential,2024-06-26,domestic-low,187.9,yes
MT307328,FD-005,industrial,2024-10-12,domestic-low,,True
MT305717,FD-002,industrial,2023-11-21,domestic-standard,104.4,True
MT309435,FD-031,residential,05/02/2026,domestic-low,136.3 kWh,True
MT303290,FD-008,residential,2024-11-12,domestic-standard,25.0 kWh,TRUE
MT304800,FD-004,industrial,2019-12-05,domestic-low,108.6 kWh,True
MT306538,FD-020,industrial,2023-01-17,domestic-low,74.6 kWh,True
MT300345,FD-014,residential,2026-05-09,domestic-low,196.8,False
MT302235,FD-019,residential,2021-04-30,commercial,,1
MT308664,FD-017,residential,2023-07-21,domestic-standard,37.9 kWh,FALSE
MT303667,FD-019,public,2020-04-08,social,,1
MT302807,FD-021,public,2020-04-19,domestic-low,104.5,0
MT305890,FD-005,industrial,2023-06-09,domestic-low,15.4 kWh,False
MT307620,FD-019,residential,2022-09-08,domestic-low,,0
MT305993,FD-018,public,2022-01-24,social,72.1,FALSE
MT310986,FD-020,industrial,2025-08-01,industrial,,TRUE
MT306709,FD-028,residential,2024-01-09,commercial,,yes
MT301793,FD-025,residential,2025-12-06,domestic-low,,0
MT310717,FD-025,industrial,2019-05-25,social,194.3,yes
MT302460,FD-036,residential,2020-12-15,domestic-low,,False
MT300061,FD-035,residential,12/08/2023,domestic-standard,,FALSE
MT305445,FD-002,public,17/03/2021,domestic-standard,,TRUE
MT303427,FD-014,residential,2019-05-27,domestic-low,,no
MT303821,FD-002,residential,2022-08-02,domestic-low,136.5,True
MT307117,FD-013,public,2021-02-15,industrial,83.5,True
MT309049,FD-001,public,25/10/2019,social,,False
MT304133,FD-028,residential,2021-03-22,domestic-low,,no
MT302274,FD-023,commercial,2020-02-18,commercial,232.4 kWh,TRUE
MT304314,FD-023,industrial,2026-04-23,domestic-low,,no
MT303306,FD-027,public,2023-06-12,industrial,48.5 kWh,0
MT309461,FD-030,residential,2020-10-13,domestic-low,127.1 kWh,False
MT303843,FD-031,public,2021-04-12,domestic-low,,1
MT310314,FD-004,commercial,2019-03-19,domestic-low,32.6,FALSE
MT306267,FD-030,residential,2019-06-12,domestic-low,136.3,False
MT308764,FD-019,commercial,2019-03-23,industrial,,False
MT304409,FD-016,residential,2021-11-30,domestic-standard,,0
MT310831,FD-008,residential,2024-05-15,domestic-low,,True
MT301320,FD-031,residential,2022-06-12,industrial,137.8 kWh,yes
MT308184,FD-027,public,2021-11-23,social,95.3 kWh,TRUE
MT300876,FD-007,public,2022-06-30,domestic-low,90.0,yes
MT304517,FD-007,residential,2026-05-16,commercial,,no
MT306058,FD-037,industrial,2020-07-06,commercial,,yes
MT303012,FD-005,residential,2025-01-25,domestic-low,,1
MT307572,FD-037,residential,2024-12-18,commercial,101.7 kWh,FALSE
MT301788,FD-007,residential,15/02/2024,social,115.2,yes
MT302181,FD-002,commercial,16/07/2023,domestic-low,153.8 kWh,TRUE
MT303639,FD-017,commercial,2021-12-14,domestic-low,,0
MT309259,FD-033,industrial,2020-06-26,social,120.9 kWh,1
MT308535,FD-015,residential,2024-08-14,domestic-standard,74.4 kWh,False
MT302715,FD-002,residential,2019-12-13,commercial,,TRUE
MT304508,FD-032,public,2024-02-20,industrial,26.6,True
MT306940,FD-021,public,2024-08-17,social,12.1 kWh,no
MT308194,FD-011,public,2023-06-15,social,74.2 kWh,False
MT307071,FD-011,residential,2023-01-20,commercial,,False
MT303243,FD-004,commercial,2022-03-17,domestic-low,,0
MT308191,FD-002,public,2019-07-11,domestic-low,88.7 kWh,1
MT308304,FD-035,public,2024-08-12,domestic-low,126.3,True
MT310740,FD-027,residential,21/09/2021,social,78.8,TRUE
MT300971,FD-001,residential,2023-06-16,domestic-low,,no
MT306825,FD-016,residential,2021-03-13,domestic-low,,yes
MT303579,FD-027,residential,2024-02-29,industrial,136.8,no
MT304660,FD-020,public,2022-06-28,domestic-low,32.7,False
MT304886,FD-004,residential,2023-02-01,domestic-low,50.8,False
MT301562,FD-010,residential,2025-02-13,commercial,61.9,yes
MT304363,FD-007,residential,2022-02-16,domestic-low,208.2 kWh,False
MT308489,FD-008,public,2026-02-09,social,97.7 kWh,TRUE
MT300518,FD-026,public,2021-06-20,social,185.9 kWh,True
MT300093,FD-024,commercial,2025-03-14,domestic-low,87.8 kWh,FALSE
MT304096,FD-023,residential,2023-11-27,domestic-low,74.4,0
MT302345,FD-021,residential,2021-04-22,social,,yes
MT307391,FD-019,industrial,2023-05-14,domestic-standard,120.1,TRUE
MT304045,FD-024,commercial,2026-03-02,industrial,,FALSE
MT300298,FD-020,residential,2025-07-19,domestic-low,,False
MT308344,FD-005,industrial,2021-06-18,domestic-low,,0
MT305546,FD-022,industrial,2023-09-18,social,,no
MT300331,FD-018,public,2024-11-21,domestic-standard,182.8 kWh,True
MT303953,FD-010,commercial,2022-03-13,domestic-standard,195.6 kWh,False
MT303186,FD-028,public,2019-06-14,industrial,28.1 kWh,0
MT302965,FD-011,commercial,2019-11-14,commercial,69.0,False
MT302850,FD-002,commercial,2019-12-07,commercial,103.6 kWh,1
MT303429,FD-008,residential,2019-06-24,commercial,24.7,True
MT307415,FD-036,residential,2019-04-17,domestic-low,239.5,yes
MT308483,FD-034,residential,2026-03-26,domestic-standard,117.9 kWh,yes
MT307823,FD-019,public,2024-04-16,commercial,16.5,0
MT307437,FD-015,residential,2025-01-15,domestic-low,,0
MT310666,FD-031,residential,2019-10-19,industrial,215.1,1
MT310401,FD-020,commercial,2019-04-27,commercial,60.0 kWh,TRUE
MT310082,FD-025,residential,2025-07-02,domestic-standard,,no
MT301539,FD-032,industrial,2024-01-10,domestic-standard,80.5,yes
MT305335,FD-033,public,2021-05-13,domestic-low,,False
MT300047,FD-025,residential,2021-10-07,industrial,,True
MT306795,FD-010,residential,2026-04-19,social,67.2 kWh,no
MT300359,FD-035,residential,2021-02-09,domestic-low,108.2 kWh,yes
MT301045,FD-023,public,2019-12-19,domestic-low,17.6,no
MT306570,FD-025,industrial,2021-03-30,industrial,198.7,FALSE
MT304595,FD-009,public,2020-11-14,domestic-low,24.8,1
MT305293,FD-037,public,02/09/2022,domestic-low,,yes
MT301638,FD-013,commercial,13/03/2020,social,65.6,TRUE
MT309463,FD-006,commercial,28/10/2020,domestic-low,137.1,0
MT302733,FD-010,industrial,2024-06-25,commercial,127.5 kWh,False
MT300454,FD-023,residential,2026-02-25,commercial,124.4,no
MT307963,FD-017,commercial,2021-12-23,industrial,,no
MT305545,FD-037,residential,2023-09-20,domestic-low,,False
MT305415,FD-021,residential,2020-12-27,industrial,,FALSE
MT307615,FD-017,commercial,2024-05-07,domestic-standard,111.9,1
MT303110,FD-017,commercial,23/09/2022,social,12.8,0
MT310544,FD-002,industrial,2022-10-08,commercial,108.5 kWh,yes
MT301115,FD-019,commercial,2019-11-11,domestic-low,127.7,TRUE
MT307399,FD-014,industrial,2021-06-25,domestic-low,10.2 kWh,FALSE
MT308183,FD-001,public,2019-10-20,industrial,263.0,False
MT308202,FD-008,industrial,2023-10-30,domestic-low,,False
MT307643,FD-025,commercial,2023-11-05,domestic-standard,200.2,yes
MT308409,FD-018,public,2020-12-15,domestic-low,,True
MT306951,FD-018,industrial,2022-11-26,industrial,74.0 kWh,TRUE
MT300392,FD-007,residential,2019-02-26,domestic-low,131.2 kWh,TRUE
MT309773,FD-002,residential,2021-10-21,commercial,15.2,no
MT301500,FD-036,public,2023-10-17,social,11.4 kWh,False
MT310489,FD-008,residential,2022-06-28,domestic-low,132.5,TRUE
MT308838,FD-033,residential,2020-01-29,social,,FALSE
MT301693,FD-007,residential,2025-03-04,domestic-low,,yes
MT310701,FD-021,residential,2021-01-08,commercial,105.7,0
MT309641,FD-015,residential,2026-02-17,social,,no
MT302677,FD-021,residential,22/01/2020,domestic-low,287.7,True
MT302507,FD-033,commercial,2024-03-13,domestic-low,91.1 kWh,TRUE
MT310524,FD-007,commercial,2024-12-05,domestic-low,,0
MT309688,FD-036,residential,2023-08-31,domestic-standard,146.5 kWh,0
MT304139,FD-013,industrial,22/04/2020,social,56.1,0
MT301255,FD-020,public,2021-11-04,domestic-low,12.0 kWh,no
MT304208,FD-014,industrial,2025-02-09,domestic-low,164.6 kWh,yes
MT302386,FD-016,residential,2021-06-19,domestic-standard,118.0 kWh,no
MT300844,FD-002,residential,2022-07-09,domestic-standard,,False
MT304229,FD-032,residential,2021-09-23,industrial,,0
MT300054,FD-009,public,2019-11-22,industrial,,False
MT304351,FD-006,residential,2024-09-05,commercial,187.8 kWh,True
MT303545,FD-025,residential,07/11/2023,domestic-low,,FALSE
MT303890,FD-031,residential,2025-05-25,industrial,196.7 kWh,True
MT310483,FD-009,public,11/07/2020,domestic-low,170.4 kWh,no
MT304205,FD-002,industrial,2019-01-26,industrial,41.6 kWh,FALSE
MT306691,FD-026,residential,11/06/2019,industrial,128.3 kWh,TRUE
MT305795,FD-034,industrial,2024-12-20,commercial,41.1 kWh,yes
MT300140,FD-028,residential,2024-02-15,social,,False
MT302358,FD-034,residential,30/06/2019,commercial,30.8,FALSE
MT308970,FD-017,residential,2020-05-26,commercial,,TRUE
MT302693,FD-016,residential,2024-06-24,domestic-low,21.5,0
MT301328,FD-013,residential,2019-11-19,commercial,133.2 kWh,yes
MT303876,FD-010,commercial,2025-03-14,domestic-low,110.2 kWh,0
MT307908,FD-001,residential,2023-06-08,domestic-low,130.9 kWh,yes
MT308707,FD-026,industrial,2021-09-12,industrial,86.7,True
MT307220,FD-031,residential,2021-01-20,domestic-standard,102.7 kWh,FALSE
MT308251,FD-027,residential,2023-03-20,industrial,95.8,TRUE
MT306747,FD-029,residential,2021-03-24,domestic-standard,,True
MT303209,FD-024,industrial,2019-01-29,commercial,119.0,no
MT304426,FD-020,residential,2020-07-13,domestic-low,183.1,no
MT303790,FD-025,public,2019-02-05,domestic-low,112.3 kWh,yes
MT302629,FD-006,commercial,2023-06-11,domestic-low,,0
MT301044,FD-018,residential,2019-07-30,domestic-low,32.1,TRUE
MT310053,FD-021,industrial,2026-05-01,domestic-low,,1
MT305601,FD-026,industrial,2020-10-31,domestic-low,145.1 kWh,no
MT307619,FD-009,industrial,2021-07-09,domestic-low,24.5 kWh,FALSE
MT309959,FD-007,commercial,2019-11-19,social,,False
MT307809,FD-022,commercial,2021-06-12,domestic-low,64.8,False
MT306967,FD-013,residential,2025-10-25,domestic-low,79.7 kWh,True
MT310321,FD-012,commercial,2019-04-30,domestic-low,205.3 kWh,TRUE
MT306182,FD-023,commercial,2021-11-11,industrial,,FALSE
MT309884,FD-031,commercial,2024-11-01,domestic-low,,FALSE
MT310876,FD-026,public,2024-05-21,industrial,115.0 kWh,yes
MT305592,FD-030,public,2023-07-21,commercial,,FALSE
MT301709,FD-032,residential,2023-02-07,domestic-low,107.4,yes
MT308392,FD-006,public,2025-04-01,domestic-low,170.8,TRUE
MT306684,FD-037,residential,2019-03-15,commercial,24.4 kWh,TRUE
MT301652,FD-033,residential,2024-06-03,domestic-low,,True
MT305294,FD-032,residential,2019-01-16,industrial,48.2,TRUE
MT309690,FD-022,residential,2026-01-11,domestic-low,23.4,TRUE
MT302368,FD-026,residential,2023-11-14,domestic-standard,24.3 kWh,True
MT306329,FD-002,commercial,2021-03-16,domestic-low,,False
MT310482,FD-023,commercial,2025-12-28,social,69.0 kWh,True
MT306886,FD-032,residential,2022-07-12,domestic-low,234.6,1
MT302254,FD-004,commercial,2019-01-31,domestic-low,49.6 kWh,no
MT307632,FD-033,residential,2020-11-02,social,47.3,0
MT307914,FD-026,residential,2019-08-23,domestic-low,108.1 kWh,True
MT309949,FD-021,public,2020-07-28,domestic-standard,145.9,False
MT306907,FD-009,industrial,2020-12-03,commercial,114.5,0
MT301649,FD-034,residential,2022-06-03,industrial,,True
MT300068,FD-036,public,2022-09-16,domestic-standard,22.8,yes
MT306620,FD-030,residential,2021-06-02,domestic-standard,,FALSE
MT300766,FD-018,commercial,2020-07-08,industrial,47.8 kWh,no
MT307999,FD-020,residential,2019-07-07,industrial,,TRUE
MT309577,FD-029,residential,2024-02-10,domestic-standard,148.0 kWh,no
MT308018,FD-001,residential,2020-08-08,domestic-low,231.4,no
MT305910,FD-003,commercial,2024-12-12,domestic-low,71.7,1
MT307067,FD-030,commercial,2024-12-24,domestic-standard,10.0,False
MT303481,FD-023,public,2025-12-08,domestic-low,76.4 kWh,1
MT308978,FD-003,commercial,2023-09-04,commercial,21.8 kWh,True
MT308002,FD-023,residential,2020-08-26,domestic-standard,25.3,yes
MT309287,FD-021,residential,2024-08-24,social,,True
MT310885,FD-003,commercial,11/04/2019,industrial,110.1,0
MT302588,FD-003,commercial,10/01/2024,industrial,,TRUE
MT310623,FD-012,residential,2022-03-05,domestic-standard,,1
MT310108,FD-029,residential,2020-07-07,commercial,,False
MT310415,FD-011,public,2026-04-18,domestic-low,26.4 kWh,yes
MT307787,FD-001,residential,08/03/2021,commercial,132.9 kWh,yes
MT310654,FD-027,public,2023-09-24,industrial,116.0 kWh,yes
MT309830,FD-008,industrial,2025-08-24,domestic-low,172.3,1
MT301068,FD-001,residential,2022-04-10,commercial,138.6,yes
MT309457,FD-009,public,2024-06-01,domestic-standard,228.1,1
MT308967,FD-036,public,29/04/2020,social,197.6 kWh,TRUE
MT305616,FD-014,residential,2025-10-23,domestic-low,,no
MT305651,FD-037,public,2022-05-14,domestic-low,,1
MT310474,FD-029,commercial,2021-10-06,domestic-low,31.4,1
MT300111,FD-022,residential,2023-11-22,commercial,66.8 kWh,TRUE
MT300180,FD-018,public,26/07/2021,domestic-low,,FALSE
MT302402,FD-003,residential,2019-04-22,domestic-low,,yes
MT304510,FD-034,industrial,2019-02-19,industrial,,yes
MT306097,FD-021,public,26/12/2019,social,147.9 kWh,0
MT301587,FD-015,commercial,2020-09-26,social,,TRUE
MT305745,FD-033,residential,2025-01-25,domestic-low,,False
MT301728,FD-022,public,2020-05-19,commercial,55.2,no
MT302958,FD-020,residential,2019-03-25,domestic-low,,False
MT301873,FD-024,public,2024-07-22,industrial,8.1,1
MT304179,FD-026,industrial,2025-04-01,industrial,102.0 kWh,1
MT310566,FD-026,commercial,25/09/2025,domestic-standard,,False
MT300673,FD-016,residential,2025-04-17,social,54.6,True
MT302690,FD-035,industrial,2020-02-11,domestic-low,,True
MT300070,FD-036,commercial,2020-08-25,commercial,98.3,False
MT308240,FD-016,residential,2022-12-20,industrial,,1
MT306254,FD-005,residential,2022-03-05,domestic-low,16.7,0
MT304406,FD-032,residential,2025-05-28,domestic-low,133.8 kWh,no
MT305304,FD-030,residential,2021-12-18,domestic-standard,71.6 kWh,yes
MT303030,FD-014,commercial,2022-03-08,domestic-low,199.0 kWh,yes
MT305063,FD-032,residential,2022-05-12,domestic-low,157.7 kWh,1
MT310594,FD-006,residential,2022-08-17,industrial,,FALSE
MT305779,FD-001,residential,2024-10-29,industrial,95.9 kWh,no
MT310251,FD-002,industrial,2025-04-20,commercial,,True
MT306121,FD-004,public,2020-12-03,domestic-low,,no
MT300832,FD-008,commercial,2024-12-13,domestic-low,129.7 kWh,False
MT302967,FD-006,public,2019-03-17,domestic-low,,False
MT307216,FD-011,residential,2025-11-26,commercial,,TRUE
MT308193,FD-031,residential,2023-08-23,domestic-low,,yes
MT309135,FD-003,public,2023-04-13,commercial,182.4 kWh,yes
MT300145,FD-014,industrial,2023-10-26,social,,TRUE
MT305786,FD-028,residential,2024-10-21,domestic-standard,168.6 kWh,False
MT300148,FD-029,residential,2019-03-17,domestic-standard,159.2 kWh,0
MT305371,FD-033,residential,2020-11-28,social,59.6,True
MT306370,FD-037,residential,2024-02-15,domestic-low,127.6,1
MT309886,FD-029,commercial,2023-08-31,commercial,,TRUE
MT308791,FD-014,residential,2019-02-20,industrial,,0
MT304824,FD-031,residential,2021-07-23,commercial,73.6 kWh,yes
MT300629,FD-025,residential,2023-04-19,domestic-low,58.9 kWh,yes
MT300364,FD-006,residential,2020-05-12,social,239.3 kWh,FALSE
MT300476,FD-019,commercial,23/10/2022,domestic-low,164.8 kWh,yes
MT306949,FD-019,industrial,2019-05-30,domestic-standard,,yes
MT310294,FD-006,industrial,2019-12-21,social,,1
MT308847,FD-019,residential,2023-08-23,domestic-low,73.0,TRUE
MT307974,FD-001,commercial,2022-01-05,commercial,122.0,False
MT304417,FD-008,residential,23/06/2023,social,182.7,False
MT304644,FD-024,residential,2020-10-10,domestic-low,,no
MT303752,FD-020,commercial,27/11/2025,commercial,,yes
MT306343,FD-026,commercial,2022-12-03,commercial,,TRUE
MT308136,FD-016,residential,2019-12-30,domestic-low,,FALSE
MT303000,FD-035,public,2026-03-16,social,,TRUE
MT308093,FD-008,residential,2024-05-24,domestic-low,53.9,FALSE
MT306519,FD-003,residential,2024-12-13,domestic-low,,no
MT307211,FD-015,residential,2022-04-15,domestic-standard,55.1,TRUE
MT308277,FD-011,residential,2020-01-16,commercial,23.0,FALSE
MT300197,FD-011,public,2021-11-27,commercial,81.8 kWh,1
MT304622,FD-027,residential,2020-02-05,social,128.0 kWh,False
MT301351,FD-007,residential,2025-08-26,commercial,,False
MT310348,FD-024,residential,2025-06-02,industrial,,no
MT310907,FD-005,residential,2023-06-06,commercial,66.8,False
MT301038,FD-010,residential,22/06/2021,social,70.5,no
MT305537,FD-033,industrial,2024-02-02,social,,FALSE
MT309107,FD-005,residential,2024-12-02,domestic-standard,171.2 kWh,0
MT301610,FD-013,residential,2023-11-25,commercial,,False
MT304574,FD-027,residential,2019-10-08,domestic-standard,77.8,0
MT305070,FD-001,residential,2023-10-02,domestic-low,18.3 kWh,True
MT308116,FD-018,commercial,2021-04-18,social,118.0 kWh,False
MT306543,FD-018,commercial,17/04/2024,domestic-low,,False
MT309119,FD-006,residential,2022-07-23,domestic-standard,67.1,True
MT306693,FD-017,public,2022-08-30,domestic-low,,0
MT307883,FD-024,residential,2024-12-26,domestic-low,140.8 kWh,1
MT304130,FD-001,public,2023-09-16,social,61.9 kWh,1
MT310943,FD-037,commercial,2023-04-16,domestic-standard,,no
MT302312,FD-019,public,2020-06-12,domestic-low,,True
MT304885,FD-012,commercial,2025-02-07,domestic-low,39.1 kWh,1
MT307980,FD-023,residential,2025-05-13,domestic-low,52.5 kWh,yes
MT306215,FD-010,commercial,2019-12-04,commercial,232.5,TRUE
MT307669,FD-029,commercial,2023-01-25,domestic-low,120.3,0
MT307902,FD-006,residential,2021-10-24,domestic-low,37.4,0
MT302924,FD-024,public,23/06/2021,industrial,223.2,TRUE
MT307541,FD-029,residential,21/07/2019,commercial,114.7,yes
MT310090,FD-014,commercial,2022-06-08,commercial,,1
MT302654,FD-031,residential,2025-09-21,industrial,,False
MT308064,FD-032,residential,2020-11-08,social,,1
MT301929,FD-017,residential,2020-12-04,domestic-low,181.3 kWh,True
MT308683,FD-017,residential,2020-05-30,industrial,31.4,no
MT302783,FD-011,residential,2020-10-17,domestic-low,109.4,0
MT300693,FD-002,industrial,06/06/2022,industrial,166.4 kWh,1
MT307119,FD-001,residential,2024-03-19,domestic-low,116.4 kWh,yes
MT304710,FD-002,residential,2019-12-28,domestic-standard,137.8 kWh,1
MT303318,FD-023,industrial,2026-02-10,domestic-low,165.9 kWh,no
MT306765,FD-004,residential,2021-07-23,domestic-low,28.8 kWh,1
MT310346,FD-025,residential,2025-09-14,domestic-low,,yes
MT301906,FD-035,industrial,2022-04-21,commercial,105.9 kWh,yes
MT300840,FD-009,commercial,2019-03-21,domestic-standard,130.4,FALSE
MT307842,FD-018,residential,2024-03-26,domestic-low,155.7,True
MT306050,FD-010,public,2021-07-25,domestic-low,60.2 kWh,no
MT306989,FD-020,industrial,2019-09-12,domestic-low,215.5,FALSE
MT302033,FD-017,industrial,2020-11-16,commercial,124.0 kWh,0
MT305565,FD-010,commercial,2021-02-03,domestic-standard,66.4,yes
MT302417,FD-019,commercial,2020-03-06,commercial,,yes
MT305019,FD-027,residential,2021-01-10,social,149.8,TRUE
MT309903,FD-027,industrial,08/06/2025,domestic-standard,,no
MT300853,FD-025,industrial,2023-11-14,social,,no
MT303832,FD-023,residential,2020-05-24,industrial,,no
MT306464,FD-007,residential,2022-07-28,industrial,102.0 kWh,False
MT302027,FD-024,public,2019-01-20,domestic-low,291.8 kWh,True
MT300243,FD-023,public,13/06/2023,industrial,63.4 kWh,FALSE
MT307657,FD-006,commercial,2023-03-28,domestic-low,,False
MT302975,FD-037,industrial,2019-03-21,commercial,,yes
MT301857,FD-005,residential,2025-04-15,domestic-low,26.0,1
MT305109,FD-012,public,2020-11-05,industrial,72.8,no
MT304071,FD-032,residential,2026-02-07,social,,yes
MT307690,FD-005,residential,2026-04-09,domestic-low,,0
MT302141,FD-018,residential,2019-11-22,commercial,,0
MT304549,FD-035,residential,2026-05-20,industrial,170.1,no
MT302343,FD-036,residential,2025-05-19,domestic-low,77.6 kWh,yes
MT309166,FD-027,public,22/12/2024,domestic-low,105.9 kWh,1
MT308808,FD-024,residential,2025-12-24,industrial,106.2 kWh,0
MT309462,FD-028,residential,2022-08-06,social,27.8 kWh,0
MT310537,FD-003,residential,18/10/2020,industrial,173.0,1
MT305395,FD-016,residential,2024-02-21,domestic-low,142.5,TRUE
MT305906,FD-023,residential,08/11/2019,domestic-low,132.7,True
MT310687,FD-005,residential,2020-06-20,industrial,,False
MT300509,FD-011,industrial,2025-01-17,domestic-low,,TRUE
MT303676,FD-023,residential,2019-05-14,domestic-low,115.7,False
MT307013,FD-018,residential,2021-02-13,domestic-low,123.3 kWh,1
MT305961,FD-006,public,2019-05-24,domestic-low,17.7 kWh,0
MT309852,FD-026,commercial,2024-01-05,domestic-low,,False
MT304915,FD-020,residential,2024-11-19,domestic-standard,16.3 kWh,False
MT300791,FD-034,public,2021-01-28,industrial,,yes
MT309807,FD-034,residential,2022-12-09,domestic-standard,,True
MT306688,FD-010,residential,2021-03-29,domestic-low,16.8,True
MT302362,FD-027,residential,2021-05-20,domestic-low,48.3,0
MT306731,FD-013,residential,2025-11-06,domestic-low,9.1 kWh,yes
MT305432,FD-019,public,2019-03-09,commercial,25.1,TRUE
MT305259,FD-008,public,2024-06-30,commercial,28.7 kWh,no
MT304816,FD-013,residential,07/01/2026,industrial,,no
MT300483,FD-002,industrial,2020-02-22,domestic-low,152.6,TRUE
MT303520,FD-007,commercial,2019-03-29,domestic-low,,no
MT307333,FD-029,public,2022-04-22,commercial,62.6,True
MT303624,FD-037,commercial,20/08/2022,social,,no
MT301056,FD-022,residential,2025-07-06,domestic-standard,197.6,True
MT307929,FD-035,commercial,2021-10-11,industrial,,1
MT309650,FD-037,commercial,2020-05-20,domestic-standard,85.4 kWh,1
MT310506,FD-005,commercial,2019-05-16,industrial,,TRUE
MT309245,FD-026,public,2019-11-26,industrial,162.5,TRUE
MT303317,FD-005,residential,2020-12-01,commercial,,yes
MT305510,FD-025,commercial,2025-05-17,commercial,,0
MT302857,FD-027,industrial,2024-07-06,social,145.0 kWh,1
MT305562,FD-028,industrial,2020-12-10,industrial,96.6 kWh,True
MT310287,FD-014,residential,2020-03-28,industrial,,FALSE
MT303496,FD-002,residential,2021-11-06,domestic-standard,,yes
MT310645,FD-024,residential,2020-10-03,domestic-low,91.1,FALSE
MT306065,FD-009,commercial,2022-08-14,commercial,88.7 kWh,FALSE
MT301381,FD-008,residential,2025-04-03,social,149.3,no
MT301487,FD-019,residential,06/07/2025,domestic-low,326.5 kWh,no
MT300075,FD-033,residential,2022-01-13,social,115.4 kWh,TRUE
MT301859,FD-021,industrial,2021-06-20,commercial,162.4,False
MT303562,FD-017,industrial,2022-02-02,social,,no
MT306404,FD-006,residential,2026-04-04,social,68.3,yes
MT301207,FD-011,industrial,02/01/2024,commercial,75.6,False
MT308254,FD-004,residential,2026-02-28,commercial,127.0 kWh,1
MT307869,FD-010,public,2023-02-01,domestic-standard,174.1 kWh,True
MT305870,FD-012,residential,2023-06-15,domestic-standard,,TRUE
MT306659,FD-034,residential,2020-09-09,domestic-low,158.1 kWh,no
MT306372,FD-022,industrial,2026-02-20,domestic-low,199.0 kWh,0
MT304666,FD-014,public,2024-01-22,domestic-standard,,0
MT308396,FD-001,commercial,2025-03-23,industrial,43.7 kWh,no
MT304926,FD-020,public,2026-05-08,domestic-standard,157.1,yes
MT306755,FD-019,residential,2019-06-10,commercial,55.3,yes
MT303391,FD-024,residential,2019-11-05,domestic-low,,1
MT306420,FD-002,residential,2026-01-22,domestic-low,,True
MT306004,FD-001,residential,2025-08-25,industrial,47.4 kWh,FALSE
MT302781,FD-012,residential,2024-02-14,commercial,109.6 kWh,no
MT304272,FD-018,residential,2020-03-27,domestic-low,74.5 kWh,TRUE
MT306098,FD-026,residential,2023-06-05,commercial,177.3 kWh,True
MT304068,FD-029,public,2025-12-18,domestic-low,,FALSE
MT310006,FD-014,residential,2020-06-20,domestic-low,196.5,no
MT303003,FD-036,residential,2022-09-20,social,94.0,1
MT300531,FD-037,residential,06/03/2020,domestic-low,,False
MT305437,FD-002,residential,2024-10-05,social,,False
MT308754,FD-006,residential,2020-10-18,domestic-low,79.0,no
MT304225,FD-016,public,2023-10-19,domestic-low,146.9 kWh,True
MT307530,FD-012,public,2026-04-29,domestic-low,179.1,no
MT310678,FD-010,residential,2024-12-10,industrial,68.6 kWh,True
MT305727,FD-008,residential,2023-01-02,domestic-low,13.0,False
MT304100,FD-023,residential,09/01/2019,domestic-low,,1
MT308842,FD-005,public,20/01/2020,industrial,,True
MT305107,FD-023,public,2022-04-11,domestic-low,,yes
MT309767,FD-023,residential,07/04/2024,social,,FALSE
MT303737,FD-020,residential,27/01/2024,domestic-low,10.1,yes
MT308730,FD-028,residential,2022-08-07,domestic-low,136.7,TRUE
MT301605,FD-024,industrial,2019-11-15,domestic-low,,FALSE
MT306327,FD-019,residential,2024-09-13,domestic-low,168.8,False
MT306395,FD-028,public,2025-09-12,domestic-low,130.7,False
MT301125,FD-016,residential,2025-09-23,domestic-low,,yes
MT301915,FD-009,residential,2021-06-25,domestic-low,124.9 kWh,TRUE
MT300088,FD-034,residential,04/11/2020,domestic-low,,yes
MT305408,FD-036,public,2026-03-01,domestic-standard,,1
MT305124,FD-029,residential,2024-03-15,domestic-low,90.9,False
MT308334,FD-007,industrial,2020-02-03,domestic-low,46.3,1
MT302946,FD-007,residential,2020-09-20,industrial,120.0,yes
MT301451,FD-006,residential,2025-01-12,domestic-low,134.2 kWh,TRUE
MT305096,FD-010,public,2023-06-24,industrial,,False
MT304195,FD-029,industrial,2020-06-27,industrial,,1
MT302587,FD-036,industrial,2021-10-26,commercial,,TRUE
MT309048,FD-030,public,2026-03-03,commercial,,False
MT306868,FD-004,industrial,2020-10-21,industrial,,1
MT307898,FD-027,residential,2023-05-05,domestic-standard,,1
MT306484,FD-007,public,2024-06-07,domestic-low,40.2 kWh,TRUE
MT307906,FD-022,residential,2024-12-27,industrial,160.4 kWh,0
MT300015,FD-016,residential,2021-10-09,domestic-standard,,TRUE
MT304289,FD-025,industrial,2019-03-01,industrial,,True
MT308995,FD-023,residential,2022-10-17,industrial,124.2,1
MT304103,FD-002,residential,2019-04-04,commercial,151.2 kWh,False
MT305346,FD-033,industrial,2025-06-23,commercial,119.9,False
MT308257,FD-005,residential,2024-01-06,domestic-standard,154.5 kWh,no
MT309282,FD-014,residential,2021-03-24,commercial,138.6 kWh,False
MT302001,FD-016,residential,2023-02-10,domestic-low,104.3 kWh,no
MT302752,FD-015,industrial,30/03/2021,domestic-low,114.6,FALSE
MT309480,FD-013,industrial,2025-05-14,domestic-low,316.1,FALSE
MT308751,FD-012,public,2020-10-05,industrial,149.5 kWh,yes
MT308017,FD-014,commercial,2020-07-16,industrial,221.5,False
MT302392,FD-016,residential,2024-09-13,industrial,46.6,TRUE
MT305373,FD-035,industrial,12/04/2024,domestic-low,29.7,FALSE
MT307271,FD-003,commercial,2023-12-07,industrial,101.9 kWh,False
MT308722,FD-010,residential,2020-11-20,domestic-low,154.8,True
MT310446,FD-036,industrial,2020-12-03,domestic-standard,,yes
MT310994,FD-033,public,2024-01-14,domestic-standard,43.4 kWh,no
MT301849,FD-037,residential,2020-10-17,domestic-low,,TRUE
MT301521,FD-011,public,2020-09-17,industrial,89.8,no
MT305822,FD-005,commercial,2020-10-17,social,,1
MT302491,FD-017,industrial,2020-03-21,domestic-standard,166.6 kWh,FALSE
MT301481,FD-012,residential,2022-02-16,commercial,,True
MT304234,FD-035,commercial,2020-09-28,social,150.0 kWh,yes
MT300022,FD-001,residential,2019-12-08,industrial,,1
MT310789,FD-003,industrial,2026-04-17,domestic-low,,yes
MT306186,FD-026,residential,2024-04-06,domestic-low,44.9,no
MT301508,FD-012,residential,2019-11-21,social,90.4,FALSE
MT300834,FD-019,residential,2020-12-10,industrial,150.7,1
MT307481,FD-015,commercial,2019-11-02,domestic-low,50.8,True
MT307395,FD-011,residential,2023-10-06,social,,False
MT304623,FD-003,residential,2020-05-12,domestic-low,,no
MT307813,FD-030,residential,2022-10-22,domestic-standard,77.4,False
MT301646,FD-031,public,2022-03-11,commercial,,1
MT302456,FD-034,public,2020-10-28,industrial,,FALSE
MT301510,FD-007,commercial,2021-12-09,industrial,,False
MT307860,FD-017,public,2023-01-21,domestic-low,,False
MT305596,FD-021,residential,28/07/2020,industrial,242.6 kWh,FALSE
MT310234,FD-037,residential,2025-11-11,industrial,22.8 kWh,1
MT309544,FD-019,residential,2022-06-17,domestic-low,,no
MT304840,FD-037,residential,24/02/2023,domestic-standard,105.0,TRUE
MT310492,FD-027,residential,2025-01-08,domestic-standard,45.7,True
MT304528,FD-003,industrial,2024-09-06,social,,0
MT304564,FD-005,residential,2023-07-22,commercial,209.3 kWh,yes
MT301972,FD-030,commercial,27/02/2021,domestic-standard,,1
MT309074,FD-032,residential,2021-06-03,domestic-standard,117.2,0
MT303987,FD-002,residential,2025-06-21,domestic-standard,116.5 kWh,no
MT302649,FD-007,public,2022-01-08,domestic-low,227.5,0
MT308316,FD-035,public,2021-03-03,domestic-standard,122.9,no
MT301563,FD-015,commercial,2019-10-13,domestic-low,129.0 kWh,1
MT307562,FD-030,residential,2023-09-01,social,56.9,yes
MT303533,FD-026,industrial,2026-05-18,industrial,,1
MT303612,FD-012,residential,2026-03-27,commercial,,False
MT303801,FD-009,residential,2023-01-04,domestic-low,,no
MT302706,FD-008,industrial,08/10/2022,commercial,,0
MT302416,FD-009,residential,2019-07-04,commercial,15.6,1
MT306463,FD-027,industrial,2021-03-31,commercial,128.1,FALSE
MT303990,FD-004,residential,2025-08-18,domestic-standard,,FALSE
MT301826,FD-016,residential,2025-06-29,social,,0
MT304175,FD-032,industrial,2025-06-01,commercial,,FALSE
MT307676,FD-018,residential,2024-10-27,domestic-low,,False
MT302237,FD-032,industrial,2020-03-20,commercial,42.5 kWh,True
MT302937,FD-015,residential,2020-02-29,commercial,31.0,TRUE
MT307059,FD-037,commercial,2023-10-25,domestic-low,37.4,True
MT306736,FD-029,commercial,2021-05-12,social,73.6 kWh,0
MT302063,FD-031,industrial,2024-03-26,domestic-standard,257.1,0
MT310402,FD-033,residential,2021-07-16,domestic-standard,121.0,no
MT306540,FD-013,residential,2025-11-27,industrial,,False
MT306283,FD-034,public,2020-08-27,social,158.5,FALSE
MT310753,FD-011,industrial,2021-06-17,social,56.7,yes
MT309981,FD-002,commercial,2023-03-07,industrial,,no
MT303782,FD-029,residential,2021-03-31,domestic-low,124.9,yes
MT304453,FD-014,industrial,2020-08-04,domestic-low,,no
MT305030,FD-021,public,2023-07-31,commercial,104.7 kWh,FALSE
MT304506,FD-018,public,2023-02-25,commercial,36.0 kWh,False
MT300222,FD-004,residential,2020-12-25,domestic-low,120.1 kWh,False
MT300698,FD-007,industrial,2021-11-23,domestic-low,59.5,yes
MT301302,FD-032,commercial,2026-05-22,domestic-low,125.7 kWh,TRUE
MT303080,FD-008,residential,2024-03-11,commercial,123.3 kWh,1
MT302317,FD-001,residential,2020-07-06,domestic-low,26.2,True
MT308226,FD-020,residential,2024-05-17,domestic-low,103.6 kWh,False
MT310715,FD-004,commercial,2024-10-26,social,,TRUE
MT304196,FD-005,residential,2022-05-28,domestic-low,102.4,FALSE
MT300276,FD-036,residential,15/11/2023,domestic-low,,1
MT305933,FD-034,commercial,2022-11-23,domestic-low,103.9,True
MT309798,FD-013,residential,2024-06-27,social,60.1,0
MT302383,FD-016,industrial,2026-01-30,industrial,,0
MT300365,FD-021,residential,01/03/2021,domestic-low,260.4,yes
MT303016,FD-013,residential,2019-09-30,domestic-standard,196.1 kWh,0
MT310115,FD-035,public,2020-08-16,domestic-low,,0
MT308250,FD-004,residential,2025-02-04,industrial,,0
MT308176,FD-027,residential,2019-02-26,commercial,136.5,FALSE
MT300224,FD-014,public,2020-12-17,industrial,67.8 kWh,0
MT301965,FD-023,industrial,2024-02-17,industrial,,False
MT307937,FD-005,industrial,2020-12-05,commercial,141.3 kWh,1
MT305492,FD-013,industrial,2022-09-16,domestic-standard,146.4 kWh,FALSE
MT310433,FD-002,residential,2019-07-12,domestic-low,180.5 kWh,1
MT307812,FD-015,public,2022-11-03,domestic-low,137.2,True
MT302744,FD-028,public,07/02/2020,social,87.9,0
MT308473,FD-001,residential,2021-11-30,commercial,86.6 kWh,FALSE
MT310304,FD-021,residential,2022-11-19,domestic-low,,False
MT306794,FD-032,residential,2023-07-10,social,151.4,0
MT307544,FD-023,residential,2024-02-27,social,83.3,no
MT309197,FD-012,residential,2020-07-02,commercial,102.9 kWh,0
MT301228,FD-025,residential,2024-08-03,domestic-standard,53.8 kWh,0
MT307178,FD-024,public,2021-10-19,domestic-low,48.9,True
MT302840,FD-030,residential,2023-04-21,domestic-low,129.0,FALSE
MT301224,FD-031,residential,2019-08-15,industrial,145.6 kWh,False
MT306946,FD-033,residential,2022-11-07,industrial,34.7 kWh,no
MT301530,FD-036,residential,2026-01-08,industrial,275.7,TRUE
MT301923,FD-023,public,2020-12-07,domestic-low,,FALSE
MT308558,FD-034,residential,2021-02-18,domestic-low,,0
MT300994,FD-036,residential,2024-01-27,domestic-standard,,FALSE
MT306663,FD-031,residential,2019-07-26,social,,no
MT306744,FD-008,public,2021-05-06,domestic-low,118.2 kWh,no
MT302675,FD-030,commercial,2019-08-10,industrial,,True
MT308855,FD-034,industrial,2020-02-28,domestic-standard,249.0 kWh,True
MT307919,FD-008,residential,2022-09-30,domestic-standard,56.4 kWh,TRUE
MT307983,FD-037,public,2019-05-26,domestic-low,103.7 kWh,TRUE
MT309978,FD-019,industrial,2019-10-24,industrial,,yes
MT303467,FD-034,commercial,2026-01-30,domestic-low,60.1 kWh,TRUE
MT306667,FD-014,residential,2023-06-08,domestic-low,79.8 kWh,yes
MT308244,FD-032,public,2024-03-05,social,,0
MT306112,FD-023,residential,2020-07-21,domestic-standard,63.0,0
MT301507,FD-019,residential,2024-10-11,commercial,87.7 kWh,yes
MT307949,FD-023,industrial,2024-11-28,industrial,,TRUE
MT303649,FD-021,public,2025-12-28,social,199.4,FALSE
MT301385,FD-026,residential,2020-05-27,domestic-low,,0
MT309979,FD-026,residential,2020-10-22,domestic-low,23.7 kWh,False
MT304688,FD-029,residential,2019-04-16,domestic-standard,27.8,1
MT310729,FD-027,residential,2024-12-13,commercial,186.4,False
MT306855,FD-023,commercial,2021-10-06,domestic-low,,FALSE
MT305170,FD-012,residential,2019-10-12,commercial,121.3,no
MT308771,FD-005,residential,2022-04-10,domestic-standard,129.2,1
MT308613,FD-023,residential,2026-05-11,industrial,56.8 kWh,yes
MT309753,FD-015,industrial,2020-07-24,domestic-low,109.2,FALSE
MT308875,FD-011,residential,2019-08-06,social,,FALSE
MT302042,FD-010,residential,2019-04-15,domestic-standard,,0
MT308132,FD-026,residential,2025-11-13,social,,no
MT304756,FD-033,residential,06/08/2019,domestic-low,292.3 kWh,1
MT304365,FD-030,residential,16/12/2019,social,65.7 kWh,yes
MT303407,FD-015,residential,2024-05-10,commercial,,yes
MT309490,FD-001,residential,2025-12-07,commercial,29.2,FALSE
MT300211,FD-036,commercial,2021-08-16,industrial,,TRUE
MT301391,FD-012,commercial,2022-12-19,domestic-low,153.1 kWh,0
MT309072,FD-002,industrial,2023-10-18,domestic-low,81.9,False
MT300289,FD-029,industrial,2023-07-27,domestic-standard,,0
MT308299,FD-027,commercial,15/01/2022,commercial,150.1 kWh,False
MT307624,FD-017,public,2022-04-02,industrial,172.6 kWh,0
MT306926,FD-009,commercial,2024-09-26,social,,1
MT307776,FD-019,industrial,2021-03-16,domestic-low,89.3,TRUE
MT306175,FD-023,residential,2025-03-15,industrial,162.6 kWh,no
MT302110,FD-010,commercial,2024-12-11,domestic-standard,,0
MT307664,FD-004,residential,2026-05-16,commercial,,no
MT303028,FD-003,commercial,2024-04-12,social,,TRUE
MT309692,FD-031,industrial,2024-04-05,commercial,105.0 kWh,1
MT305403,FD-004,residential,2024-05-12,domestic-low,206.2 kWh,TRUE
MT300080,FD-020,industrial,2021-11-05,domestic-standard,115.3 kWh,1
MT307925,FD-015,residential,2022-06-30,commercial,,FALSE
MT310366,FD-005,residential,2020-01-11,domestic-low,,0
MT306263,FD-003,industrial,2021-12-19,domestic-standard,62.1,0
MT309539,FD-027,commercial,2023-04-14,social,114.1,FALSE
MT307744,FD-033,residential,2026-05-23,domestic-standard,103.1 kWh,yes
MT300021,FD-032,residential,2022-01-09,social,123.6,FALSE
MT309124,FD-016,residential,2023-08-23,industrial,,TRUE
MT305923,FD-016,industrial,2019-01-21,domestic-low,136.7 kWh,no
MT308972,FD-034,public,2022-04-07,industrial,149.9,yes
MT305097,FD-032,public,2020-08-01,social,166.3 kWh,no
MT301355,FD-018,residential,02/10/2021,domestic-low,,0
MT305988,FD-037,industrial,2025-06-07,domestic-low,,FALSE
MT300929,FD-019,residential,2021-01-08,industrial,,yes
MT303329,FD-036,industrial,2024-04-15,commercial,164.4 kWh,yes
MT304655,FD-012,public,2020-11-24,social,106.9 kWh,1
MT302476,FD-017,residential,2022-03-23,industrial,62.1 kWh,1
MT309014,FD-017,industrial,2024-02-23,domestic-standard,71.8,1
MT310915,FD-033,residential,2019-04-23,domestic-standard,,TRUE
MT303470,FD-005,public,2022-10-20,commercial,,TRUE
MT308748,FD-037,public,26/05/2022,domestic-low,137.3,FALSE
MT300797,FD-032,residential,2026-04-28,domestic-low,100.1,False
MT309598,FD-017,industrial,2020-03-01,industrial,,True
MT310793,FD-028,industrial,2023-12-30,domestic-standard,65.3,TRUE
MT308127,FD-012,industrial,2020-12-07,domestic-standard,252.7 kWh,False
MT310479,FD-015,residential,2023-12-20,social,87.5 kWh,1
MT300635,FD-014,commercial,2022-07-16,domestic-low,185.0 kWh,TRUE
MT304227,FD-003,residential,2023-03-11,industrial,174.4,TRUE
MT306248,FD-004,residential,2021-10-12,domestic-low,108.5 kWh,no
MT303332,FD-007,commercial,2020-03-18,domestic-standard,140.0 kWh,TRUE
MT307700,FD-034,public,2019-08-16,social,169.0,yes
MT309483,FD-019,public,03/10/2022,social,,FALSE
MT303443,FD-006,residential,2024-01-06,domestic-low,105.2,no
MT301239,FD-027,public,2022-02-21,industrial,,yes
MT303037,FD-020,public,2025-12-13,domestic-low,146.1 kWh,1
MT304778,FD-014,residential,2020-05-02,domestic-low,,TRUE
MT310896,FD-017,residential,2025-03-16,industrial,94.0,False
MT309188,FD-020,public,2025-08-25,domestic-low,19.4 kWh,False
MT308436,FD-021,residential,2021-08-27,commercial,171.0 kWh,True
MT302622,FD-003,public,2025-12-25,domestic-low,95.6 kWh,yes
MT309249,FD-006,residential,2024-05-03,domestic-low,,0
MT302497,FD-011,residential,2022-08-22,domestic-low,,False
MT304285,FD-025,residential,2025-04-19,domestic-low,177.3,0
MT308526,FD-032,residential,2019-10-13,domestic-low,96.8,0
MT304723,FD-018,residential,2020-11-04,domestic-standard,,True
MT301144,FD-035,residential,2022-09-05,domestic-standard,74.1,True
MT301961,FD-028,residential,2024-04-27,domestic-standard,,yes
MT306600,FD-013,residential,2023-04-03,commercial,142.0,TRUE
MT301807,FD-006,residential,2022-01-25,domestic-standard,69.1,no
MT306775,FD-028,commercial,2023-01-08,social,110.1 kWh,1
MT301918,FD-032,commercial,2021-11-30,industrial,,False
MT303106,FD-018,industrial,2021-06-14,industrial,235.0,False
MT307291,FD-011,residential,2024-01-30,domestic-standard,98.5,0
MT304031,FD-018,residential,2023-03-20,social,,no
MT307313,FD-019,industrial,2023-12-17,social,127.2,0
MT306686,FD-013,residential,2023-10-21,social,140.4,True
MT301499,FD-027,commercial,2024-10-20,domestic-standard,106.4,TRUE
MT303296,FD-003,commercial,2025-01-19,social,99.7 kWh,yes
MT310905,FD-015,commercial,2021-08-14,industrial,48.4,0
MT305954,FD-013,commercial,06/04/2023,domestic-standard,,FALSE
MT300852,FD-007,residential,2026-04-30,industrial,133.2 kWh,yes
MT310413,FD-009,industrial,01/12/2021,industrial,150.8 kWh,0
MT305467,FD-026,residential,2022-01-11,commercial,152.5 kWh,1
MT308298,FD-009,public,2025-02-21,domestic-low,,True
MT307515,FD-025,industrial,2019-10-13,domestic-standard,23.7 kWh,True
MT307225,FD-036,industrial,2019-01-11,industrial,93.6,1
MT301127,FD-013,residential,2022-06-23,domestic-low,132.5,0
MT307047,FD-020,residential,2023-04-13,domestic-low,,1
MT306555,FD-005,public,2019-08-31,commercial,,False
MT300303,FD-025,commercial,05/02/2026,industrial,155.9 kWh,no
MT310299,FD-022,industrial,2025-08-01,domestic-low,56.2,0
MT304358,FD-008,residential,2020-10-14,domestic-low,205.0 kWh,1
MT307917,FD-031,commercial,2022-02-19,domestic-low,,no
MT306630,FD-001,residential,2022-12-19,domestic-standard,190.2 kWh,True
MT305259,FD-008,public,2024-06-30,domestic-low,28.7 kWh,no
MT303503,FD-010,industrial,2024-04-12,social,96.6,TRUE
MT304652,FD-015,residential,2026-04-13,domestic-low,,TRUE
MT304159,FD-018,residential,2020-12-01,commercial,204.2 kWh,yes
MT302909,FD-021,commercial,2024-04-28,industrial,,no
MT307855,FD-033,residential,2025-03-31,commercial,,no
MT300363,FD-025,commercial,2020-12-15,domestic-standard,58.1,yes
MT305980,FD-035,residential,2024-07-23,social,87.5 kWh,1
MT309270,FD-016,residential,2022-10-11,industrial,8.6 kWh,yes
MT309443,FD-029,residential,2025-08-26,social,,FALSE
MT309469,FD-003,residential,2023-04-24,domestic-low,,FALSE
MT307145,FD-035,residential,2020-06-29,domestic-standard,136.3,1
MT305155,FD-005,industrial,2019-11-04,domestic-low,76.5 kWh,0
MT304677,FD-033,industrial,01/12/2024,industrial,,no
MT303675,FD-023,residential,2019-06-04,industrial,21.3,no
MT301417,FD-035,industrial,2023-06-02,domestic-standard,54.4,False
MT301271,FD-004,residential,2026-01-07,industrial,,False
MT303108,FD-013,public,2019-12-14,domestic-low,113.7,True
MT306846,FD-003,residential,2025-04-02,domestic-low,,True
MT309757,FD-020,public,2025-09-09,domestic-low,99.5 kWh,no
MT308432,FD-029,residential,2020-02-03,domestic-standard,,0
MT309089,FD-010,residential,2020-03-07,domestic-low,,no
MT303118,FD-019,residential,2024-08-07,social,239.5 kWh,True
MT301570,FD-016,residential,2023-07-01,domestic-low,162.4,TRUE
MT309356,FD-012,public,2021-12-18,commercial,18.5,yes
MT308029,FD-022,residential,2024-09-15,industrial,59.3 kWh,yes
MT302960,FD-020,residential,2019-04-12,domestic-standard,80.6,yes
MT301441,FD-027,residential,2025-09-12,commercial,32.4 kWh,yes
MT308696,FD-011,commercial,2025-02-10,domestic-low,140.3,yes
MT306488,FD-020,public,2025-12-30,domestic-low,35.4,True
MT305104,FD-006,residential,12/01/2026,domestic-low,123.8,0
MT304317,FD-017,commercial,2026-01-07,domestic-low,113.9 kWh,1
MT304460,FD-025,residential,2019-05-30,domestic-standard,209.9 kWh,False
MT310514,FD-025,public,2019-01-24,industrial,,False
MT302162,FD-004,public,2020-04-14,domestic-standard,64.3,True
MT305241,FD-037,residential,2022-03-10,domestic-low,110.6,TRUE
MT303287,FD-025,residential,2023-10-25,industrial,112.2,False
MT304003,FD-032,industrial,15/08/2020,domestic-standard,154.7 kWh,False
MT300735,FD-034,residential,2025-08-20,industrial,,TRUE
MT305324,FD-005,residential,2020-07-28,commercial,100.0,False
MT302509,FD-008,residential,2025-07-26,domestic-low,104.1 kWh,1
MT309427,FD-007,industrial,01/04/2024,domestic-low,,no
MT309787,FD-023,residential,2019-01-09,social,,TRUE
MT300855,FD-017,residential,2026-03-01,commercial,,FALSE
MT307523,FD-027,residential,2025-12-12,domestic-low,,False
MT302567,FD-030,industrial,2025-02-17,social,182.2 kWh,0
MT305458,FD-002,industrial,2019-08-02,domestic-low,93.9 kWh,FALSE
MT306827,FD-036,residential,2022-07-31,commercial,110.3 kWh,no
MT300987,FD-027,residential,24/10/2023,domestic-standard,127.2 kWh,FALSE
MT302350,FD-022,residential,16/09/2019,commercial,,1
MT301382,FD-030,residential,2020-01-07,commercial,,no
MT307057,FD-006,residential,31/03/2024,domestic-low,,True
MT300355,FD-009,residential,2024-08-22,domestic-low,,TRUE
MT304511,FD-013,residential,2023-10-28,commercial,23.0,FALSE
MT301460,FD-019,industrial,2025-03-22,industrial,18.2 kWh,no
MT300764,FD-007,residential,2025-06-20,industrial,,no
MT309441,FD-007,industrial,2021-02-09,industrial,,1
MT302774,FD-015,industrial,2019-03-31,industrial,85.9 kWh,FALSE
MT302968,FD-003,commercial,2019-01-24,social,50.1,yes
MT300351,FD-020,residential,2020-04-27,social,,True
MT300560,FD-029,industrial,2026-02-20,domestic-low,,yes
MT305775,FD-011,residential,2019-09-22,domestic-low,60.7 kWh,False
MT305244,FD-004,commercial,2019-10-22,domestic-standard,18.2,TRUE
MT308387,FD-001,residential,2019-04-12,domestic-standard,62.4,yes
MT309747,FD-014,residential,2024-12-28,industrial,,FALSE
MT310909,FD-022,industrial,2020-12-07,industrial,,1
MT301644,FD-005,residential,2022-06-14,industrial,32.1,True
MT300591,FD-026,commercial,2024-05-17,domestic-low,69.2,yes
MT300875,FD-036,residential,2023-08-12,industrial,,FALSE
MT310558,FD-016,residential,2026-01-26,domestic-low,20.3,yes
MT307828,FD-026,industrial,2021-06-30,domestic-standard,,1
MT309024,FD-006,residential,18/06/2020,social,12.3,0
MT304395,FD-016,residential,2025-11-19,domestic-standard,202.6 kWh,TRUE
MT303704,FD-025,commercial,2025-01-15,domestic-low,,yes
MT304697,FD-026,industrial,2023-09-28,domestic-low,54.7,yes
MT302190,FD-009,public,2023-08-06,industrial,20.0 kWh,0
MT308859,FD-029,residential,2021-06-11,industrial,38.1 kWh,True
MT303070,FD-002,public,2022-11-06,domestic-low,12.6,FALSE
MT304064,FD-017,residential,2021-03-31,commercial,128.9,no
MT304985,FD-019,industrial,2022-12-03,commercial,,False
MT305439,FD-035,industrial,19/03/2023,domestic-standard,73.5 kWh,yes
MT303590,FD-009,commercial,2020-05-27,industrial,,True
MT304069,FD-027,residential,2020-05-18,domestic-low,204.6,0
MT309869,FD-001,residential,2022-12-25,commercial,,FALSE
MT309073,FD-022,industrial,31/07/2020,industrial,,0
MT301272,FD-037,residential,10/02/2025,domestic-standard,74.9,yes
MT306413,FD-035,residential,01/10/2022,commercial,83.4 kWh,FALSE
MT302729,FD-002,industrial,2020-02-25,commercial,,1
MT302560,FD-023,public,2022-07-28,domestic-low,94.7,0
MT301817,FD-003,residential,2021-06-30,domestic-low,153.4 kWh,yes
MT300663,FD-034,commercial,27/04/2021,domestic-standard,,no
MT307420,FD-020,residential,2025-09-18,industrial,390.3,yes
MT309797,FD-037,commercial,2022-07-12,domestic-low,,1
MT303734,FD-020,public,2025-11-09,commercial,31.5 kWh,FALSE
MT309939,FD-026,residential,2019-11-18,industrial,,FALSE
MT307538,FD-034,residential,2023-10-06,industrial,,True
MT303078,FD-010,residential,2024-09-16,domestic-standard,30.1,no
MT303641,FD-013,residential,2021-06-05,domestic-low,70.5,no
MT310697,FD-013,residential,2022-10-03,domestic-standard,19.0 kWh,True
MT304420,FD-022,industrial,2025-04-09,domestic-low,,TRUE
MT307470,FD-026,residential,2021-07-17,domestic-standard,107.4,no
MT303126,FD-027,residential,2019-10-14,domestic-low,144.9 kWh,yes
MT300126,FD-021,commercial,2020-03-08,social,103.3 kWh,0
MT300115,FD-032,residential,2022-05-18,industrial,208.6,FALSE
MT310940,FD-001,residential,2021-11-10,social,33.6 kWh,False
MT310844,FD-004,public,2021-11-10,social,119.4 kWh,FALSE
MT305871,FD-019,residential,10/08/2020,commercial,,0
MT300945,FD-015,public,2021-11-01,domestic-low,17.9 kWh,1
MT301729,FD-030,residential,2019-06-29,domestic-low,,True
MT300271,FD-024,commercial,2022-03-18,social,191.8,0
MT306720,FD-006,industrial,06/07/2020,social,,TRUE
MT310204,FD-028,industrial,2022-09-16,domestic-low,141.0,no
MT306258,FD-021,public,20/05/2024,domestic-low,71.4,1
MT302296,FD-027,industrial,2019-11-25,commercial,15.7,0
MT307970,FD-020,residential,2025-08-16,domestic-standard,61.2,yes
MT307438,FD-009,residential,2024-04-14,domestic-low,63.9 kWh,0
MT307370,FD-031,industrial,2022-07-09,domestic-low,,FALSE
MT308241,FD-027,residential,2019-06-10,social,92.1 kWh,True
MT300878,FD-026,public,2019-11-28,domestic-low,,yes
MT309280,FD-015,commercial,2020-10-07,industrial,63.3,False
MT304457,FD-034,commercial,2022-10-20,commercial,164.5,no
MT305348,FD-028,residential,2025-01-11,domestic-low,162.6,yes
MT310154,FD-023,industrial,19/07/2024,domestic-standard,103.6,TRUE
MT301846,FD-002,industrial,2020-11-27,domestic-standard,77.4,no
MT302372,FD-017,residential,2024-06-28,commercial,115.8,yes
MT300491,FD-030,commercial,2024-11-18,social,,0
MT302311,FD-002,public,2021-02-27,social,67.5 kWh,no
MT310200,FD-012,industrial,2021-07-13,industrial,,False
MT306712,FD-019,public,15/05/2019,domestic-low,,no
MT310185,FD-032,commercial,2025-09-12,social,173.3,True
MT306851,FD-037,commercial,2025-05-15,domestic-standard,81.1 kWh,yes
MT310862,FD-014,residential,11/02/2022,commercial,58.6 kWh,no
MT309849,FD-030,commercial,2025-09-20,domestic-low,25.8,0
MT304250,FD-030,residential,2022-03-26,domestic-low,59.7 kWh,False
MT305098,FD-032,industrial,2020-10-27,domestic-low,,TRUE
MT301571,FD-030,commercial,2023-03-15,domestic-low,,no
MT309266,FD-016,industrial,2025-12-18,industrial,,True
MT300602,FD-006,public,2022-11-25,social,45.8 kWh,True
MT310676,FD-036,industrial,2019-09-06,social,173.6,True
MT309789,FD-012,public,2021-10-01,domestic-low,69.2,yes
MT303093,FD-034,public,2024-09-10,domestic-low,,no
MT309874,FD-015,residential,2023-03-28,domestic-low,,TRUE
MT302771,FD-008,commercial,2024-12-31,domestic-standard,98.4,0
MT304919,FD-021,commercial,31/08/2025,domestic-standard,178.6 kWh,False
MT305865,FD-021,residential,2025-01-01,social,101.5,no
MT301071,FD-027,residential,2022-10-16,industrial,,False
MT302812,FD-003,public,2020-12-11,social,,True
MT303720,FD-031,public,2026-04-10,commercial,,False
MT300790,FD-015,residential,2021-04-11,commercial,142.8,True
MT302084,FD-010,residential,2025-08-28,domestic-standard,74.8,FALSE
MT303214,FD-007,commercial,2023-02-07,industrial,128.2,1
MT300551,FD-031,industrial,28/04/2020,domestic-low,174.5 kWh,FALSE
MT306280,FD-021,industrial,2023-01-17,domestic-standard,,FALSE
MT306891,FD-027,commercial,2025-02-09,social,,True
MT308085,FD-019,public,08/10/2019,social,76.9,yes
MT301251,FD-002,public,2025-10-06,industrial,139.2,FALSE
MT305258,FD-009,residential,2024-03-08,domestic-standard,101.4 kWh,0
MT303393,FD-008,residential,2023-03-15,commercial,145.1,1
MT303996,FD-026,residential,2024-12-15,domestic-low,,TRUE
MT309017,FD-021,residential,2022-10-03,commercial,82.8,FALSE
MT307652,FD-001,commercial,2019-07-28,domestic-low,,TRUE
MT308487,FD-008,residential,2022-09-08,domestic-low,36.0,no
MT302995,FD-022,residential,2021-03-10,social,,True
MT301363,FD-011,public,2020-08-17,domestic-standard,48.4 kWh,True
MT302370,FD-032,residential,2023-12-19,commercial,119.6 kWh,1
MT303614,FD-005,industrial,2020-11-09,domestic-low,,True
MT307924,FD-006,public,2021-08-14,social,242.2,yes
MT300213,FD-013,public,2024-09-28,industrial,,0
MT309299,FD-029,residential,2025-04-18,commercial,,False
MT310743,FD-036,commercial,2022-12-17,industrial,75.6 kWh,no
MT309958,FD-036,commercial,2023-08-16,domestic-low,,yes
MT308742,FD-031,commercial,26/05/2019,domestic-low,,True
MT306521,FD-033,residential,2024-01-04,commercial,188.3 kWh,yes
MT300895,FD-011,residential,2019-12-19,domestic-low,,False
MT303415,FD-007,industrial,2021-11-08,industrial,113.1 kWh,no
MT310790,FD-020,residential,2026-02-16,domestic-standard,,1
MT310947,FD-026,residential,2019-02-05,social,,True
MT308485,FD-037,commercial,2023-06-22,commercial,,no
MT308172,FD-005,residential,2024-05-16,domestic-low,190.5,0
MT306321,FD-026,public,2025-12-10,domestic-low,88.1,False
MT304467,FD-026,residential,2020-08-14,industrial,,TRUE
MT302929,FD-033,public,2026-05-10,domestic-low,97.7 kWh,yes
MT310056,FD-011,public,2022-12-16,social,96.9,TRUE
MT300131,FD-006,residential,2019-06-17,commercial,,False
MT304561,FD-014,industrial,2021-09-08,commercial,25.5 kWh,no
MT306680,FD-015,commercial,2021-04-04,commercial,,0
MT303109,FD-018,industrial,2024-11-21,commercial,102.2,False
MT309274,FD-001,industrial,2024-11-28,domestic-standard,,no
MT302583,FD-033,residential,2021-04-19,commercial,88.5,1
MT300012,FD-001,residential,2020-09-07,industrial,,True
MT306981,FD-037,commercial,2024-08-14,social,92.6 kWh,True
MT302175,FD-032,residential,2023-10-04,industrial,55.1,0
MT303461,FD-028,residential,2025-12-30,social,136.6,TRUE
MT301231,FD-026,residential,2025-06-24,domestic-standard,,False
MT300659,FD-015,residential,2019-08-03,commercial,92.6 kWh,False
MT303865,FD-003,industrial,2025-08-02,domestic-low,,FALSE
MT302066,FD-037,commercial,2020-12-29,social,127.6,FALSE
MT309496,FD-037,residential,2024-08-12,social,141.0 kWh,FALSE
MT308031,FD-018,residential,2020-07-31,social,121.8,yes
MT302092,FD-022,residential,2024-07-20,domestic-low,148.7,True
MT304682,FD-035,residential,2019-09-01,commercial,57.5 kWh,False
MT308207,FD-017,commercial,2024-02-20,domestic-low,,yes
MT302115,FD-013,residential,2019-05-12,commercial,109.6,True
MT301319,FD-022,industrial,2025-03-10,social,142.8,FALSE
MT303359,FD-001,public,2024-03-02,domestic-low,138.3 kWh,no
MT305012,FD-025,residential,2019-08-11,social,,yes
MT306047,FD-003,public,2021-04-15,commercial,169.0 kWh,1
MT310865,FD-017,industrial,2019-04-18,domestic-low,,FALSE
MT310423,FD-017,public,2020-01-14,domestic-standard,70.7 kWh,FALSE
MT306780,FD-026,residential,2019-12-15,industrial,14.6 kWh,TRUE
MT306024,FD-014,residential,2020-07-01,domestic-low,91.5,no
MT310371,FD-037,residential,2021-07-23,commercial,59.4,no
MT306455,FD-015,residential,30/03/2020,domestic-standard,13.9,yes
MT302552,FD-004,public,2023-02-08,domestic-low,,TRUE
MT309491,FD-036,residential,2024-03-22,domestic-low,136.6 kWh,0
MT305901,FD-035,commercial,2021-06-29,domestic-low,280.1,1
MT305924,FD-031,residential,04/12/2021,domestic-standard,,TRUE
MT310277,FD-027,residential,2019-01-19,commercial,208.2 kWh,False
MT304466,FD-020,industrial,2024-02-17,industrial,83.4,False
MT305120,FD-016,residential,2021-02-22,domestic-low,,1
MT306913,FD-007,residential,2019-11-19,social,93.4,0
MT308849,FD-024,industrial,2019-07-18,domestic-low,,False
MT304348,FD-036,residential,2023-12-30,domestic-low,,FALSE
MT301993,FD-012,residential,29/03/2023,domestic-standard,,TRUE
MT306674,FD-003,public,2025-01-26,domestic-low,211.4 kWh,False
MT305046,FD-012,residential,2023-12-01,social,143.0,TRUE
MT304588,FD-016,public,2019-10-20,industrial,34.7 kWh,no
MT300290,FD-036,residential,2025-07-29,commercial,55.3 kWh,False
MT306852,FD-008,commercial,2024-07-02,domestic-low,97.0,True
MT301779,FD-029,residential,2024-05-09,industrial,33.3,FALSE
MT309727,FD-029,commercial,2021-03-04,social,171.3,FALSE
MT304609,FD-033,industrial,2021-12-26,domestic-standard,,FALSE
MT308884,FD-023,industrial,2021-12-08,commercial,87.3,yes
MT307765,FD-032,public,2021-12-28,industrial,,1
MT301867,FD-020,residential,2024-08-30,domestic-low,23.5 kWh,no
MT300379,FD-006,commercial,15/07/2021,domestic-low,115.0 kWh,TRUE
MT309147,FD-014,residential,2019-10-23,domestic-standard,,FALSE
MT301482,FD-031,industrial,2019-07-08,social,,yes
MT309668,FD-002,public,2024-07-23,domestic-standard,54.0 kWh,yes
MT308327,FD-028,residential,2020-01-28,domestic-standard,,1
MT308588,FD-001,residential,2025-07-07,commercial,23.9 kWh,TRUE
MT304842,FD-012,public,2021-08-03,domestic-low,95.6,FALSE
MT306441,FD-013,public,2020-10-11,domestic-standard,64.6 kWh,0
MT306495,FD-021,residential,2022-06-07,commercial,,False
MT301449,FD-022,public,2019-06-24,social,160.8,False
MT309168,FD-018,public,2021-12-25,domestic-low,,1
MT304958,FD-007,residential,2023-10-04,domestic-low,42.1 kWh,True
MT308648,FD-032,public,2020-07-24,industrial,85.4 kWh,0
MT308444,FD-037,residential,2024-03-09,commercial,132.4 kWh,no
MT306231,FD-010,industrial,31/03/2022,domestic-standard,,yes
MT308523,FD-035,industrial,12/04/2019,commercial,9.1,no
MT303575,FD-013,industrial,05/08/2023,social,136.0 kWh,0
MT310008,FD-037,residential,2023-07-15,domestic-standard,141.9,yes
MT310341,FD-024,commercial,2025-01-07,domestic-low,70.3 kWh,TRUE
MT301380,FD-032,residential,2022-01-03,domestic-low,86.5,TRUE
MT302439,FD-030,residential,2020-11-11,social,43.9 kWh,1
MT307382,FD-018,residential,2024-10-08,commercial,166.5,1
MT307671,FD-027,industrial,2025-06-02,domestic-low,,TRUE
MT304449,FD-037,residential,2024-09-14,domestic-standard,213.8,FALSE
MT305631,FD-027,commercial,2024-09-10,social,,FALSE
MT308650,FD-005,residential,2021-10-07,social,,no
MT302881,FD-022,public,2024-11-25,domestic-standard,143.6,0
MT303205,FD-030,industrial,2020-08-19,commercial,,yes
MT304416,FD-024,industrial,2025-07-19,social,39.9 kWh,False
MT303227,FD-023,commercial,2019-12-26,domestic-standard,,no
MT304703,FD-030,residential,2022-03-13,industrial,,TRUE
MT303555,FD-015,residential,2024-05-11,social,91.1,1
MT300733,FD-007,commercial,2019-07-04,industrial,8.6 kWh,no
MT303751,FD-034,industrial,2021-08-16,commercial,134.6 kWh,FALSE
MT302562,FD-034,industrial,2020-05-23,domestic-standard,178.0 kWh,0
MT309139,FD-027,residential,2025-05-20,social,,0
MT310150,FD-025,residential,08/12/2023,domestic-standard,148.3,1
MT309774,FD-034,industrial,2021-10-11,domestic-low,,False
MT303684,FD-012,residential,2023-01-10,domestic-standard,52.0 kWh,1
MT304320,FD-013,public,2023-09-08,domestic-standard,77.8,TRUE
MT300237,FD-027,public,2019-07-11,social,40.4,0
MT309286,FD-012,public,2021-01-01,domestic-standard,72.8 kWh,TRUE
MT306147,FD-032,residential,15/12/2021,domestic-low,29.7 kWh,yes
MT305975,FD-015,public,2024-01-29,social,,FALSE
MT302868,FD-034,residential,2019-04-14,domestic-standard,21.6,TRUE
MT307894,FD-016,industrial,2021-05-06,domestic-low,28.0 kWh,TRUE
MT305564,FD-017,industrial,2024-10-23,domestic-standard,244.4 kWh,TRUE
MT303640,FD-036,commercial,2023-12-20,domestic-standard,115.0,False
MT306299,FD-004,public,2026-04-28,domestic-low,,1
MT310286,FD-034,public,2020-09-30,commercial,126.6,TRUE
MT300258,FD-001,public,2024-02-27,commercial,21.4,TRUE
MT303759,FD-025,residential,2023-10-02,social,105.9 kWh,True
MT308539,FD-025,residential,2019-04-13,domestic-low,95.3,0
MT310680,FD-005,commercial,2022-09-01,domestic-low,55.1,False
MT305774,FD-011,residential,2022-08-18,commercial,,True
MT300561,FD-037,public,2021-10-18,domestic-low,135.1,yes
MT307704,FD-005,commercial,2023-04-07,domestic-low,176.2 kWh,1
MT304135,FD-009,commercial,2020-06-03,domestic-low,,TRUE
MT304147,FD-003,public,2026-04-24,social,82.8,False
MT300576,FD-031,residential,2020-07-08,industrial,,True
MT308865,FD-030,public,2025-07-03,industrial,,no
MT300353,FD-005,residential,2022-02-27,industrial,28.0,TRUE
MT305679,FD-018,industrial,2022-07-24,domestic-low,106.0,FALSE
MT305211,FD-009,commercial,2024-03-13,industrial,147.9 kWh,1
MT304281,FD-017,residential,2021-01-20,social,79.6 kWh,False
MT301870,FD-032,residential,2024-12-28,domestic-low,100.5 kWh,FALSE
MT301955,FD-021,commercial,2021-06-14,social,,yes
MT301340,FD-003,industrial,30/12/2025,domestic-standard,128.8 kWh,TRUE
MT301237,FD-025,public,2022-02-13,social,52.1,False
MT307840,FD-037,public,2020-05-12,social,,no
MT308882,FD-030,commercial,05/05/2019,domestic-low,,1
MT302998,FD-024,residential,2019-09-15,domestic-low,,1
MT302756,FD-002,residential,2025-04-13,social,,yes
MT306492,FD-009,public,2025-10-24,domestic-low,45.2,False
MT300867,FD-031,industrial,2024-12-29,social,,TRUE
MT310187,FD-001,public,2026-05-04,domestic-low,,no
MT307022,FD-021,industrial,2025-02-15,domestic-standard,,FALSE
MT301527,FD-010,public,2020-08-11,domestic-low,59.6,1
MT309548,FD-017,residential,2023-08-17,social,106.2,True
MT307761,FD-006,residential,2020-09-05,domestic-low,24.4,0
MT305280,FD-001,residential,09/05/2019,domestic-low,29.4 kWh,no
MT308261,FD-013,residential,09/09/2019,industrial,29.3,False
MT304083,FD-019,commercial,2023-01-18,domestic-low,52.2,no
MT306783,FD-010,residential,2020-10-21,social,,True
MT303850,FD-019,commercial,2021-11-01,domestic-low,72.1,False
MT307379,FD-031,industrial,2022-06-15,domestic-low,226.2,TRUE
MT301473,FD-037,commercial,2025-06-08,domestic-low,11.8,FALSE
MT304744,FD-014,public,2023-07-12,domestic-low,58.9 kWh,FALSE
MT304927,FD-037,residential,03/02/2019,social,,FALSE
MT310739,FD-037,industrial,2019-01-30,domestic-standard,212.8 kWh,no
MT303998,FD-011,industrial,2026-02-01,domestic-standard,,FALSE
MT306934,FD-030,residential,2020-08-18,commercial,10.5 kWh,0
MT309265,FD-014,industrial,2025-05-20,domestic-low,86.8 kWh,no
MT305693,FD-032,residential,2022-01-28,commercial,,0
MT300894,FD-026,commercial,2021-05-26,industrial,,False
MT309275,FD-003,industrial,2025-11-29,social,,0
MT309525,FD-022,residential,2024-09-21,domestic-low,105.3,1
MT301674,FD-029,residential,2019-03-17,domestic-standard,,True
MT310694,FD-003,industrial,2023-11-14,domestic-standard,,FALSE
MT307991,FD-022,industrial,2024-12-27,domestic-low,265.8,True
MT308474,FD-001,public,2019-09-09,social,82.0 kWh,True
MT310434,FD-036,residential,2020-07-31,commercial,27.5 kWh,TRUE
MT301346,FD-037,industrial,2023-04-06,commercial,67.4,False
MT307543,FD-027,residential,16/12/2019,industrial,,no
MT308677,FD-025,industrial,2021-06-13,domestic-standard,176.1 kWh,no
MT302132,FD-013,industrial,2023-05-09,domestic-standard,124.5,False
MT308373,FD-020,residential,2025-02-27,domestic-low,38.9 kWh,yes
MT310395,FD-018,residential,2019-02-25,domestic-standard,59.3,0
MT302772,FD-036,residential,2020-03-07,social,156.2,False
MT307773,FD-015,public,2024-07-07,commercial,70.3 kWh,TRUE
MT303301,FD-027,industrial,2024-03-23,domestic-low,24.3,FALSE
MT307504,FD-017,residential,2022-05-23,industrial,,no
MT307673,FD-006,public,2024-09-11,industrial,,False
MT310510,FD-004,public,28/01/2024,domestic-low,206.2,0
MT304370,FD-030,residential,2019-08-17,commercial,107.0 kWh,TRUE
MT310785,FD-004,industrial,2020-08-17,industrial,,1
MT300367,FD-017,public,2025-10-21,domestic-standard,110.2 kWh,1
MT301959,FD-026,public,2025-04-05,domestic-low,50.0 kWh,False
MT306383,FD-015,residential,2024-12-16,domestic-low,,0
MT306350,FD-001,residential,2020-01-19,social,,False
MT306762,FD-015,residential,2023-05-24,social,110.6,1
MT303212,FD-010,public,2025-05-12,domestic-low,115.9,1
MT305399,FD-001,commercial,2025-03-13,domestic-low,140.0 kWh,no
MT300628,FD-011,public,04/02/2019,industrial,239.9 kWh,0
MT307064,FD-020,residential,2022-03-31,social,263.3,no
MT309597,FD-007,residential,2023-11-11,industrial,,1
MT303932,FD-034,industrial,2025-07-17,domestic-low,98.0 kWh,False
MT308091,FD-034,residential,2022-06-11,domestic-low,24.5,0
MT307123,FD-029,residential,2023-10-08,industrial,,FALSE
MT306733,FD-002,commercial,2024-04-17,domestic-low,,TRUE
MT302801,FD-008,residential,2022-11-18,domestic-low,161.8 kWh,no
MT310627,FD-026,residential,2020-02-13,domestic-low,,0
MT302876,FD-029,commercial,2024-03-31,social,,no
MT304258,FD-021,residential,2020-01-31,domestic-low,81.6 kWh,no
MT306696,FD-030,public,2025-12-03,domestic-low,135.1 kWh,no
MT300547,FD-034,commercial,2022-10-20,social,175.3,0
MT305637,FD-008,residential,2023-05-12,domestic-standard,,1
MT301289,FD-013,public,2019-11-01,social,117.0,True
MT303349,FD-010,residential,2021-02-21,domestic-low,,0
MT308005,FD-020,residential,2020-05-26,domestic-standard,,0
MT304224,FD-019,public,2026-02-25,domestic-low,143.7 kWh,True
MT303428,FD-019,commercial,2025-07-18,social,,True
MT302626,FD-030,residential,2020-05-27,domestic-low,,FALSE
MT307516,FD-003,residential,2024-01-24,social,,False
MT302542,FD-023,commercial,2024-04-29,domestic-low,,True
MT306203,FD-028,public,10/06/2023,commercial,,False
MT303685,FD-029,residential,2019-12-08,social,195.8,FALSE
MT306916,FD-034,residential,2021-04-22,domestic-standard,,True
MT309883,FD-036,public,2021-03-09,social,17.4 kWh,yes
MT310378,FD-029,residential,2022-11-18,social,155.6,False
MT301819,FD-007,residential,2023-08-14,domestic-low,38.6,no
MT309104,FD-002,industrial,2021-04-13,domestic-low,187.7 kWh,TRUE
MT306859,FD-002,public,2025-01-14,social,50.8,FALSE
MT306601,FD-022,residential,2019-07-21,domestic-low,,True
MT308295,FD-015,industrial,2021-03-12,domestic-low,30.5,False
MT309403,FD-010,residential,2019-07-09,domestic-standard,16.5,1
MT304575,FD-007,residential,2026-04-01,industrial,,0
MT303075,FD-031,residential,2019-01-14,domestic-low,17.6,FALSE
MT304163,FD-011,residential,2023-03-01,domestic-low,60.7 kWh,True
MT304690,FD-016,commercial,2023-09-16,industrial,14.7 kWh,FALSE
MT301463,FD-029,industrial,2026-05-04,commercial,235.4 kWh,TRUE
MT303052,FD-005,industrial,19/08/2020,commercial,87.5 kWh,FALSE
MT305101,FD-036,residential,2024-01-28,domestic-standard,,FALSE
MT305153,FD-007,public,22/10/2021,commercial,75.0 kWh,no
MT310477,FD-034,residential,2023-10-27,domestic-standard,59.7,FALSE
MT303217,FD-028,public,2025-10-08,domestic-low,50.0 kWh,FALSE
MT309008,FD-035,industrial,05/02/2025,domestic-low,53.0,1
MT303755,FD-024,public,2021-05-28,social,,0
MT308827,FD-007,public,2025-06-30,domestic-low,116.4,True
MT301548,FD-023,industrial,2019-07-11,commercial,141.1 kWh,no
MT305622,FD-035,residential,2023-04-16,domestic-low,60.1 kWh,0
MT308610,FD-015,industrial,2024-04-24,domestic-low,131.1,no
MT303182,FD-017,residential,2025-08-04,domestic-standard,154.0,True
MT301276,FD-010,residential,2024-04-27,industrial,,TRUE
MT310702,FD-035,residential,2019-02-08,domestic-standard,28.3 kWh,True
MT310172,FD-032,industrial,23/03/2019,commercial,,FALSE
MT308476,FD-003,residential,2024-05-16,commercial,,True
MT305390,FD-004,residential,2020-10-10,domestic-standard,,1
MT302281,FD-032,residential,2024-11-10,social,124.2 kWh,0
MT307360,FD-033,commercial,2025-12-27,industrial,181.6 kWh,TRUE
MT309909,FD-027,residential,2022-09-18,domestic-standard,,FALSE
MT304104,FD-035,commercial,2019-08-01,domestic-standard,115.2,False
MT305388,FD-036,residential,2022-08-25,commercial,21.9 kWh,False
MT310270,FD-010,commercial,2022-11-11,domestic-low,144.4,True
MT303298,FD-027,industrial,2022-10-08,domestic-low,,1
MT308734,FD-032,commercial,2022-12-23,domestic-standard,,yes
MT309109,FD-034,commercial,2020-02-20,commercial,81.2,False
MT300742,FD-030,commercial,2023-04-26,domestic-standard,,0
MT302354,FD-008,residential,2026-02-04,domestic-low,12.3,0
MT306070,FD-026,public,2019-11-07,social,,0
MT304757,FD-023,residential,2024-08-18,domestic-standard,64.7 kWh,0
MT306650,FD-017,commercial,21/07/2025,industrial,275.2,True
MT300748,FD-021,industrial,2022-12-29,social,63.2 kWh,FALSE
MT304698,FD-014,residential,2025-11-27,social,,TRUE
MT308074,FD-021,public,2024-07-16,domestic-low,,TRUE
MT310317,FD-009,residential,2026-01-11,commercial,179.9 kWh,True
MT309567,FD-010,residential,2022-01-14,domestic-standard,94.0 kWh,FALSE
MT307056,FD-011,residential,2020-11-10,domestic-low,,no
MT310871,FD-019,residential,2026-05-05,domestic-low,14.3 kWh,FALSE
MT310539,FD-029,residential,2022-08-26,industrial,133.1,TRUE
MT310151,FD-031,residential,2025-11-26,domestic-low,212.2,FALSE
MT306401,FD-020,residential,2021-05-22,domestic-standard,115.2,0
MT310453,FD-025,residential,28/02/2022,domestic-low,42.2,False
MT300488,FD-022,industrial,2024-03-07,domestic-low,,yes
MT305523,FD-011,residential,2026-04-25,domestic-standard,135.2,no
MT305189,FD-009,commercial,2020-06-28,social,,0
MT303389,FD-020,commercial,2023-06-23,domestic-standard,93.4 kWh,TRUE
MT301341,FD-003,residential,2022-04-10,industrial,,no
MT309591,FD-025,residential,2020-02-13,social,107.2 kWh,no
MT306417,FD-010,public,2024-06-06,industrial,,0
MT301003,FD-004,residential,2025-09-01,commercial,,no
MT309222,FD-002,industrial,2022-05-18,domestic-low,76.2 kWh,TRUE
MT306905,FD-016,residential,2023-11-19,domestic-low,,TRUE
MT310762,FD-010,commercial,2024-03-18,commercial,24.2 kWh,1
MT307300,FD-029,commercial,2026-04-21,domestic-low,,0
MT307714,FD-026,residential,25/06/2019,domestic-low,137.1,no
MT300214,FD-004,public,2020-07-23,commercial,194.9 kWh,TRUE
MT308413,FD-033,residential,01/04/2020,domestic-low,52.4 kWh,1
MT301058,FD-024,residential,2020-09-17,social,48.8,yes
MT306311,FD-026,residential,2019-11-21,domestic-standard,,True
MT308351,FD-025,public,2019-09-06,domestic-standard,,False
MT303743,FD-030,commercial,04/11/2020,industrial,55.5 kWh,False
MT300267,FD-023,residential,2023-06-27,domestic-low,,yes
MT309685,FD-007,industrial,2019-05-29,commercial,94.2,yes
MT304110,FD-001,residential,2019-03-05,social,,0
MT307539,FD-012,commercial,2022-09-23,domestic-standard,143.8 kWh,FALSE
MT303673,FD-023,industrial,2024-02-21,domestic-low,48.6 kWh,no
MT300120,FD-036,residential,2021-04-26,domestic-standard,,0
MT310437,FD-024,residential,2025-09-05,commercial,,no
MT306512,FD-022,residential,2019-06-17,domestic-standard,,0
MT302057,FD-017,residential,2021-01-03,social,141.9,0
MT301535,FD-028,industrial,2021-07-08,domestic-low,,1
MT309060,FD-013,commercial,2020-04-27,domestic-low,,True
MT307098,FD-019,industrial,2020-06-28,domestic-low,95.1 kWh,no
MT304786,FD-025,residential,2025-05-11,domestic-low,209.4,no
MT310711,FD-034,commercial,2021-04-27,industrial,165.1,True
MT309312,FD-025,residential,2024-12-06,domestic-standard,,FALSE
MT307027,FD-033,commercial,2022-11-28,industrial,113.8 kWh,False
MT303278,FD-010,residential,2023-06-06,industrial,,False
MT307831,FD-002,industrial,2022-11-22,domestic-standard,,yes
MT308482,FD-025,residential,2025-07-03,commercial,,FALSE
MT305017,FD-005,commercial,2022-02-04,domestic-standard,66.2 kWh,yes
MT303271,FD-032,residential,2022-08-18,social,99.4,no
MT307783,FD-025,public,2024-07-26,domestic-standard,,1
MT307566,FD-014,residential,2021-12-12,domestic-low,,FALSE
MT305451,FD-012,residential,2021-10-19,commercial,133.5,no
MT300652,FD-001,industrial,2025-03-30,domestic-standard,,yes
MT300008,FD-020,residential,2024-02-15,social,206.3 kWh,TRUE
MT304342,FD-037,residential,2020-10-02,social,,0
MT300053,FD-034,residential,2019-02-02,social,176.4,no
MT300683,FD-014,public,2024-10-17,domestic-low,,True
MT301832,FD-022,residential,2021-10-30,industrial,174.9,no
MT300234,FD-007,residential,2026-03-04,domestic-low,,TRUE
MT306938,FD-001,industrial,2020-10-07,commercial,,FALSE
MT302436,FD-021,public,2019-01-28,social,,False
MT302316,FD-017,residential,2020-07-18,social,,False
MT304917,FD-022,residential,2022-09-11,domestic-low,109.1 kWh,FALSE
MT309971,FD-007,industrial,19/10/2021,social,106.1,0
MT302428,FD-020,residential,2025-01-10,domestic-low,104.7,1
MT303172,FD-001,residential,2021-01-18,domestic-low,,0
MT310471,FD-003,residential,2021-03-18,commercial,,no
MT308781,FD-027,public,2021-02-25,social,,True
MT302701,FD-030,residential,2019-04-20,domestic-low,42.2 kWh,FALSE
MT303505,FD-012,residential,2024-06-19,domestic-low,93.5,True
MT304818,FD-036,residential,2024-03-01,domestic-low,,1
MT303646,FD-022,commercial,2021-10-13,commercial,188.4,TRUE
MT303914,FD-010,commercial,2021-11-28,domestic-low,,0
MT306887,FD-001,residential,2023-02-13,commercial,,False
MT305913,FD-013,residential,2019-10-13,commercial,,0
MT310736,FD-019,commercial,2024-10-04,domestic-low,216.3 kWh,1
MT300539,FD-030,residential,2024-07-03,domestic-low,172.4,0
MT310829,FD-022,residential,2025-12-10,social,160.0 kWh,False
MT307793,FD-011,residential,2022-01-21,domestic-low,143.0 kWh,1
MT307308,FD-037,residential,2025-08-29,industrial,129.3 kWh,False
MT301941,FD-018,commercial,2020-12-29,domestic-low,232.8 kWh,no
MT304897,FD-030,commercial,2019-08-01,domestic-standard,,no
MT304804,FD-015,commercial,2025-04-23,commercial,,1
MT304145,FD-020,residential,2022-08-21,domestic-standard,92.8 kWh,False
MT303792,FD-016,commercial,21/11/2023,domestic-standard,25.4,FALSE
MT300202,FD-004,industrial,2020-03-22,commercial,,False
MT304606,FD-035,residential,2022-11-06,commercial,,FALSE
MT306145,FD-022,public,2021-11-25,domestic-low,123.6 kWh,0
MT305643,FD-014,public,2023-06-03,social,,yes
MT301980,FD-017,residential,2023-05-21,industrial,,False
MT309316,FD-001,residential,07/06/2021,domestic-low,109.1,1
MT301261,FD-015,industrial,17/06/2024,domestic-low,91.7 kWh,TRUE
MT301208,FD-017,public,2024-03-13,commercial,71.6,1
MT302038,FD-008,industrial,15/03/2022,domestic-low,,True
MT310977,FD-026,residential,2022-09-17,commercial,13.8 kWh,True
MT305721,FD-021,residential,2019-12-17,social,,FALSE
MT309211,FD-010,industrial,2022-06-30,domestic-low,66.6 kWh,1
MT302717,FD-024,public,2023-03-02,domestic-low,,no
MT306500,FD-011,industrial,2025-10-30,domestic-standard,,1
MT307303,FD-011,residential,2024-03-04,commercial,125.3 kWh,TRUE
MT302373,FD-018,public,2020-09-29,commercial,,no
MT304214,FD-012,residential,2024-03-18,domestic-standard,84.2 kWh,yes
MT310507,FD-023,residential,2025-07-14,domestic-low,70.5 kWh,0
MT306009,FD-031,commercial,2023-10-11,industrial,188.8,yes
MT301202,FD-035,commercial,2019-11-23,industrial,126.9,no
MT303779,FD-009,public,2019-08-03,commercial,76.5,no
MT304603,FD-018,industrial,2021-01-29,industrial,18.0,False
MT300326,FD-035,residential,2024-10-18,domestic-low,,1
MT310922,FD-028,residential,2023-02-08,social,123.0,no
MT301845,FD-033,public,2026-03-25,commercial,170.0 kWh,no
MT305583,FD-013,public,2026-02-11,commercial,,False
MT309582,FD-029,residential,2023-10-30,domestic-low,72.8,False
MT307864,FD-018,industrial,14/06/2025,industrial,126.7 kWh,yes
MT308359,FD-031,residential,2020-05-13,social,,False
MT301593,FD-001,industrial,2021-04-28,domestic-standard,104.9 kWh,no
MT307169,FD-015,residential,31/10/2021,industrial,112.4 kWh,no
MT300911,FD-020,residential,2025-02-10,social,85.2,False
MT310027,FD-002,industrial,2020-07-29,commercial,,yes
MT305553,FD-010,public,2021-01-22,industrial,142.2 kWh,no
MT302124,FD-027,public,2025-01-26,domestic-low,,1
MT300772,FD-026,residential,2024-09-15,industrial,,TRUE
MT309763,FD-030,residential,2021-07-13,domestic-low,,FALSE
MT302411,FD-033,residential,2026-03-11,commercial,,1
MT300687,FD-017,commercial,2022-09-02,domestic-low,94.4 kWh,yes
MT310450,FD-032,public,27/04/2020,social,68.5,no
MT306640,FD-024,commercial,2019-10-18,domestic-low,157.5,0
MT305174,FD-026,residential,2020-11-30,social,,False
MT307741,FD-022,public,2022-07-25,social,,TRUE
MT300432,FD-018,commercial,2021-05-29,commercial,,no
MT309600,FD-016,industrial,2019-11-06,domestic-low,,False
MT305645,FD-031,residential,2019-12-02,domestic-low,16.9 kWh,FALSE
MT303853,FD-015,industrial,2021-06-10,social,,1
MT307301,FD-024,residential,2023-09-20,domestic-low,176.6,no
MT308604,FD-008,industrial,2021-12-07,industrial,,no
MT300315,FD-037,public,20/04/2026,domestic-standard,,0
MT308871,FD-008,public,2021-07-10,industrial,,TRUE
MT303373,FD-028,residential,2023-06-27,domestic-low,99.0,TRUE
MT307318,FD-008,public,2024-11-12,social,,False
MT308593,FD-014,commercial,2022-07-01,industrial,107.8,yes
MT302858,FD-021,residential,21/07/2021,social,89.3,FALSE
MT303548,FD-001,industrial,2026-01-03,domestic-low,92.2 kWh,yes
MT307564,FD-033,commercial,2021-01-13,commercial,210.8,yes
MT309684,FD-033,residential,2026-03-17,domestic-standard,,FALSE
MT306149,FD-004,public,26/06/2021,commercial,145.2 kWh,FALSE
MT307629,FD-013,public,2026-04-15,industrial,,FALSE
MT310522,FD-021,residential,08/02/2024,social,,no
MT308947,FD-016,residential,2025-08-15,domestic-standard,90.3 kWh,no
MT303224,FD-028,commercial,2022-09-04,social,41.6,yes
MT309527,FD-003,residential,2025-07-24,domestic-low,109.1 kWh,1
MT302555,FD-036,residential,2021-07-31,domestic-standard,62.7 kWh,0
MT308662,FD-006,residential,2021-09-29,domestic-low,150.9 kWh,0
MT304330,FD-009,public,2020-06-28,domestic-low,182.9 kWh,0
MT308615,FD-022,commercial,2024-03-17,domestic-standard,,True
MT305895,FD-004,residential,2022-01-11,commercial,141.6,yes
MT307433,FD-003,residential,2025-02-04,domestic-low,94.7 kWh,no
MT310162,FD-009,residential,2023-11-24,domestic-standard,62.8,TRUE
MT305413,FD-006,public,2019-11-09,domestic-standard,164.9,0
MT307469,FD-036,public,2023-08-27,domestic-standard,78.1,no
MT308711,FD-009,residential,2019-08-03,social,103.6,yes
MT308584,FD-014,residential,2025-01-15,domestic-low,52.8,False
MT309433,FD-008,residential,2022-07-16,commercial,112.8,0
MT310380,FD-023,commercial,2024-12-04,commercial,,yes
MT301513,FD-004,residential,29/04/2020,domestic-low,123.2,True
MT301019,FD-028,residential,2020-01-21,domestic-low,136.2,yes
MT303651,FD-027,residential,2019-05-23,domestic-low,102.9,no
MT303867,FD-003,public,2020-06-05,domestic-low,,yes
MT309918,FD-007,commercial,2021-07-26,social,211.5,1
MT307613,FD-030,industrial,2025-11-04,commercial,123.3,FALSE
MT303565,FD-022,residential,2024-03-14,domestic-standard,164.2 kWh,yes
MT304993,FD-019,commercial,2025-05-12,domestic-low,,1
MT301108,FD-031,industrial,2023-10-15,domestic-low,,no
MT301334,FD-029,commercial,2019-09-11,domestic-low,162.1 kWh,1
MT302389,FD-037,residential,2022-10-03,domestic-low,,TRUE
MT309276,FD-006,public,2022-06-16,industrial,,True
MT307688,FD-006,industrial,2025-09-27,commercial,15.7,1
MT301840,FD-003,residential,2026-03-02,industrial,123.9,no
MT308009,FD-014,commercial,2020-09-30,domestic-low,,no
MT303447,FD-035,residential,2021-09-04,domestic-low,124.3 kWh,TRUE
MT302720,FD-035,commercial,2025-06-10,domestic-low,,0
MT301024,FD-008,residential,2021-12-27,social,100.3 kWh,yes
MT307895,FD-017,residential,2021-10-29,domestic-low,87.5 kWh,TRUE
MT305002,FD-025,residential,2019-01-05,domestic-low,,TRUE
MT301292,FD-001,commercial,2025-02-08,domestic-low,,False
MT306061,FD-014,industrial,2026-05-24,commercial,268.6,0
MT307104,FD-012,commercial,2023-12-05,industrial,37.1,False
MT300247,FD-024,residential,2025-10-31,domestic-low,28.9,0
MT301913,FD-031,commercial,2021-09-28,commercial,163.1,0
MT305522,FD-009,residential,2019-02-18,industrial,,no
MT307832,FD-005,residential,2025-11-11,domestic-low,210.5 kWh,True
MT308811,FD-029,public,2023-02-10,domestic-low,112.5,FALSE
MT308765,FD-036,commercial,2021-01-07,domestic-low,157.2 kWh,False
MT304533,FD-031,industrial,28/05/2021,industrial,45.0 kWh,yes
MT309424,FD-033,public,2023-07-27,commercial,214.8,False
MT302873,FD-027,residential,2024-07-28,domestic-low,38.4 kWh,TRUE
MT300613,FD-024,residential,2019-02-08,domestic-standard,109.9,False
MT304596,FD-024,industrial,2022-12-08,domestic-standard,,TRUE
MT300286,FD-020,industrial,2019-06-24,commercial,81.6,no
MT302912,FD-010,residential,2024-02-22,domestic-low,,TRUE
MT306928,FD-027,residential,2019-01-15,domestic-low,67.1,no
MT307365,FD-033,public,05/01/2021,domestic-standard,57.6,yes
MT310641,FD-024,public,2022-04-29,domestic-standard,102.1 kWh,0
MT300685,FD-011,residential,2019-10-16,domestic-low,,yes
MT300805,FD-017,residential,2024-08-12,industrial,103.0 kWh,0
MT302157,FD-025,residential,2026-02-04,domestic-low,188.2,yes
MT301613,FD-019,residential,2021-02-19,domestic-low,137.8 kWh,0
MT308987,FD-026,commercial,2024-03-25,domestic-low,67.1 kWh,False
MT302008,FD-037,residential,2021-09-16,social,,TRUE
MT308168,FD-019,residential,24/06/2020,domestic-low,,yes
MT306575,FD-022,commercial,2020-07-19,domestic-low,,TRUE
MT306029,FD-034,residential,2020-09-01,domestic-low,86.1,True
MT303469,FD-006,industrial,2020-01-04,domestic-low,189.6,FALSE
MT310549,FD-033,industrial,2019-09-01,domestic-low,,1
MT303017,FD-027,residential,2020-08-17,domestic-low,45.3 kWh,yes
MT305306,FD-001,residential,2023-10-11,domestic-low,97.9,False
MT301614,FD-017,public,2020-02-04,domestic-low,,False
MT303839,FD-013,residential,2020-07-30,industrial,66.8 kWh,False
MT306498,FD-018,industrial,2025-08-06,domestic-low,108.6,True
MT303760,FD-024,residential,2024-12-21,commercial,238.6 kWh,False
MT300981,FD-008,residential,2019-02-07,industrial,67.7,no
MT301764,FD-004,residential,2023-11-08,social,,yes
MT310898,FD-026,residential,2022-08-03,industrial,,0
MT301061,FD-010,public,2023-10-25,industrial,,0
MT301904,FD-025,industrial,2023-01-31,domestic-standard,97.1 kWh,no
MT310978,FD-035,residential,2021-12-03,industrial,95.1,False
MT301167,FD-018,residential,2020-09-02,domestic-low,,FALSE
MT308746,FD-007,industrial,2021-01-29,domestic-low,109.5 kWh,0
MT308799,FD-025,residential,2022-12-11,industrial,29.3,1
MT310764,FD-009,residential,2023-02-12,domestic-standard,,1
MT301882,FD-019,residential,2026-02-02,industrial,161.6 kWh,0
MT303493,FD-007,industrial,2026-03-13,domestic-standard,97.6 kWh,1
MT305436,FD-020,industrial,2026-02-12,industrial,103.3 kWh,True
MT301429,FD-017,industrial,2024-01-18,commercial,,True
MT300256,FD-020,commercial,2019-02-25,domestic-low,159.1,yes
MT310902,FD-021,industrial,2025-08-21,industrial,53.4,False
MT303397,FD-018,public,2025-05-11,domestic-standard,53.2,TRUE
MT304911,FD-026,commercial,2023-11-30,domestic-standard,255.7,1
MT310822,FD-033,residential,2026-04-18,commercial,28.2,no
MT305516,FD-033,residential,2020-07-03,domestic-low,177.3 kWh,True
MT309336,FD-012,residential,2021-09-17,social,219.3,no
MT305299,FD-020,residential,2023-11-09,commercial,65.8,yes
MT305677,FD-033,residential,2026-04-29,commercial,20.2,False
MT309142,FD-033,public,2024-12-28,industrial,,FALSE
MT307345,FD-005,industrial,2024-06-22,commercial,8.9 kWh,1
MT306130,FD-017,residential,2021-09-15,social,31.6,FALSE
MT301018,FD-008,residential,2021-09-04,industrial,95.4,True
MT302074,FD-001,residential,2019-11-23,social,27.1,TRUE
MT301679,FD-031,public,2021-11-17,domestic-low,,False
MT310931,FD-012,public,2021-11-16,domestic-low,187.6,True
MT304410,FD-029,residential,2023-11-23,domestic-low,79.8 kWh,no
MT302292,FD-023,public,17/05/2020,domestic-low,36.7,False
MT307775,FD-001,residential,2021-03-16,domestic-standard,176.3,False
MT304398,FD-014,residential,2025-05-04,commercial,90.5,TRUE
MT301141,FD-029,public,2024-03-13,domestic-low,221.2 kWh,True
MT300280,FD-025,residential,2023-12-16,industrial,30.0,FALSE
MT306144,FD-029,residential,12/10/2023,domestic-standard,102.5,1
MT308343,FD-030,public,2020-03-03,commercial,,False
MT303196,FD-017,public,2025-04-25,social,144.4,yes
MT308445,FD-032,residential,2025-07-10,domestic-low,86.4 kWh,1
MT300010,FD-014,residential,2022-08-19,commercial,39.5 kWh,True
MT307346,FD-011,public,2023-02-28,social,,no
MT300936,FD-021,residential,2021-02-18,industrial,,TRUE
MT307285,FD-031,industrial,2023-08-24,domestic-standard,,1
MT300138,FD-022,industrial,2021-12-23,commercial,,False
MT302502,FD-033,residential,2020-05-28,domestic-standard,29.2,0
MT300370,FD-006,residential,2022-11-05,domestic-standard,90.0,FALSE
MT300970,FD-011,industrial,2021-04-15,domestic-low,,FALSE
MT307749,FD-027,residential,2023-04-10,domestic-low,,0
MT307162,FD-036,industrial,2022-02-27,industrial,96.8,yes
MT304989,FD-015,residential,2024-09-02,domestic-standard,,TRUE
MT308256,FD-012,residential,2020-08-20,domestic-standard,57.8,0
MT310214,FD-026,public,2025-05-21,domestic-standard,89.3 kWh,no
MT304905,FD-020,residential,2025-04-27,social,200.9,no
MT307932,FD-005,residential,2026-02-06,domestic-standard,43.1,0
MT301951,FD-013,residential,2025-10-20,commercial,,FALSE
MT300668,FD-036,commercial,2019-07-08,commercial,213.7,0
MT302976,FD-016,public,2022-12-01,industrial,,True
MT308441,FD-022,residential,2019-08-25,domestic-low,,TRUE
MT305235,FD-010,public,2025-01-14,domestic-low,188.6,0
MT305561,FD-029,commercial,2021-11-07,industrial,228.2,True
MT303531,FD-009,residential,2021-09-06,commercial,168.5,FALSE
MT300463,FD-012,commercial,23/10/2024,domestic-standard,122.0 kWh,FALSE
MT304322,FD-017,residential,2023-08-25,domestic-low,276.8,yes
MT300176,FD-023,commercial,2025-08-27,commercial,,yes
MT305609,FD-004,public,2022-10-10,industrial,75.2,TRUE
MT305600,FD-022,residential,2020-08-07,domestic-low,,TRUE
MT305379,FD-029,industrial,2024-04-28,social,71.5 kWh,False
MT300909,FD-005,commercial,2025-12-09,domestic-low,,FALSE
MT305570,FD-029,commercial,2024-04-14,domestic-low,82.7 kWh,TRUE
MT305531,FD-009,residential,2023-12-16,industrial,,FALSE
MT310073,FD-025,public,2024-06-02,social,13.8,FALSE
MT307993,FD-010,residential,2019-07-31,domestic-low,,False
MT305589,FD-007,commercial,23/03/2019,domestic-low,27.0,yes
MT304834,FD-011,industrial,2026-03-21,industrial,67.6,no
MT303735,FD-036,public,2023-03-09,domestic-low,108.2 kWh,FALSE
MT302245,FD-029,commercial,2021-01-25,industrial,199.7,False
MT307068,FD-022,residential,2019-06-17,industrial,85.4,False
MT309228,FD-024,industrial,2020-08-06,commercial,,no
MT305359,FD-025,residential,2021-03-22,social,,yes
MT301331,FD-004,residential,2022-11-17,industrial,164.6 kWh,yes
MT310208,FD-017,industrial,2022-05-09,commercial,31.8,1
MT303445,FD-016,public,2025-07-22,domestic-standard,,TRUE
MT304435,FD-035,public,2023-07-23,social,64.3,yes
MT300328,FD-007,residential,2021-07-16,domestic-low,162.2 kWh,no
MT307602,FD-034,residential,2025-05-22,domestic-low,,True
MT302165,FD-011,industrial,2026-03-11,domestic-low,94.7 kWh,True
MT306506,FD-037,public,2025-01-28,domestic-standard,,TRUE
MT306113,FD-025,public,2026-02-16,commercial,97.3 kWh,no
MT304459,FD-019,residential,2025-04-02,industrial,,yes
MT304303,FD-024,residential,2020-04-25,commercial,41.2,True
MT300780,FD-026,residential,2025-01-11,social,95.5 kWh,FALSE
MT300608,FD-029,residential,2022-03-15,commercial,,True
MT301586,FD-021,industrial,2023-10-08,commercial,134.4,True
MT307419,FD-016,commercial,2022-09-12,domestic-low,136.0,True
MT308211,FD-022,residential,2022-12-21,domestic-low,,1
MT302299,FD-021,industrial,2020-07-07,domestic-standard,40.9 kWh,1
MT303305,FD-035,industrial,2025-08-10,social,,yes
MT309748,FD-006,commercial,2026-04-22,domestic-low,,FALSE
MT302214,FD-003,residential,2024-11-19,domestic-low,,False
MT304650,FD-027,residential,2022-04-17,industrial,172.6,1
MT309076,FD-003,public,2024-10-10,social,28.0 kWh,False
MT309974,FD-018,residential,07/10/2024,domestic-low,,True
