outage_id,feeder_id,start_ts,end_ts,duration_min,cause,crew_id,customers_affected
OG-001652,FD-024,2025-08-10 19:15:00,2025-08-10 20:59:00,104,lightning strike,CR-13,1270
OG-000355,FD-005,2024-06-05 19:45:00,2024-06-05 21:48:00,123,lightning strike,CR-07,3255
OG-002224,FD-020,31/03/2026 05:30,2026-03-31 07:49:00,139,storm damage,CR-14,2227
OG-001615,FD-036,2025-08-04 17:30:00,04/08/2025 20:19,169,storm damage,CR-18,2710
OG-000587,FD-010,2024-08-01 15:15:00,2024-08-01 16:51:00,96,storm damage,CR-03,61
OG-001511,FD-030,2025-07-10 14:15:00,2025-07-10 16:45:00,150,storm damage,CR-10,7841
OG-001222,FD-014,2025-04-14 12:15:00,2025-04-14 16:09:00,234,vegetation contact,,5116
OG-002047,FD-002,2025-11-25 12:15:00,2025-11-25 16:33:00,258,storm damage,CR-04,364
OG-002054,FD-033,04/12/2025 23:15,2025-12-05 01:41:00,146,pole collapse,CR-11,785
OG-000120,FD-021,2024-03-22 20:30:00,2024-03-22 22:21:00,111,pole collapse,CR-15,2169
OG-900288,FD-9288,12/04/2024 10:00,2025-03-20 13:00:00,180,unknown,CR-01,500
OG-001439,FD-032,1750504500,2025-06-21 13:00:00,105,pole collapse,CR-07,295
OG-000071,FD-036,2024-03-01 00:45:00,2024-03-01 07:28:00,403,storm damage,CR-17,1594
OG-000908,FD-033,2024-10-03 13:45:00,2024-10-03 15:30:00,105,overload,CR-04,1437
OG-000217,FD-009,26/04/2024 15:30,2024-04-26 18:29:00,179,lightning strike,CR-14,2954
OG-001724,FD-001,24/08/2025 02:30,2025-08-24 02:38:00,8,pole collapse,CR-18,4511
OG-002075,FD-015,2025-12-19 06:30:00,2025-12-19 08:35:00,125,transformer fault,CR-05,485
OG-002379,FD-017,2026-05-18 17:30:00,2026-05-18 19:50:00,140,vegetation contact,CR-04,2012
OG-001129,FD-036,06/03/2025 20:30,2025-03-07 00:29:00,239,vegetation contact,CR-01,1827
OG-002256,FD-033,09/04/2026 10:00,2026-04-09 12:10:00,130,transformer fault,CR-13,426
OG-001899,FD-001,2025-10-01 09:15:00,01/10/2025 10:00,45,storm damage,CR-06,992
OG-000197,FD-015,2024-04-18 08:00:00,2024-04-18 14:05:00,365,storm damage,CR-05,559
OG-000040,FD-017,2024-01-27 01:15:00,2024-01-27 02:10:00,55,planned maintenance,CR-15,1779
OG-002071,FD-021,2025-12-13 21:45:00,2025-12-13 23:51:00,126,lightning strike,CR-02,1621
OG-900333,FD-9333,2025-04-03 10:00:00,1744722000,180,unknown,CR-01,500
OG-000199,FD-023,2024-04-19 14:30:00,2024-04-19 16:43:00,133,pole collapse,CR-12,2205
OG-000637,FD-032,2024-08-11 15:30:00,2024-08-11 19:16:00,226,vegetation contact,CR-10,1754
OG-000917,FD-034,2024-10-05 16:30:00,2024-10-05 19:35:00,185,vegetation contact,CR-08,451
OG-001168,FD-034,23/03/2025 09:00,2025-03-23 09:08:00,8,planned maintenance,CR-04,293
OG-000707,FD-029,2024-08-24 13:15:00,2024-08-24 16:22:00,187,unknown,CR-12,1506
OG-002411,FD-021,2026-05-25 09:00:00,25/05/2026 12:39,219,storm damage,CR-14,2396
OG-001668,FD-022,2025-08-13 17:45:00,1755112920,97,pole collapse,CR-13,441
OG-001232,FD-029,2025-04-17 14:45:00,2025-04-17 18:07:00,202,lightning strike,CR-13,2442
OG-001477,FD-012,02/07/2025 02:00,2025-07-02 03:33:00,93,equipment failure,CR-05,257
OG-001617,FD-037,2025-08-04 01:00:00,2025-08-04 02:06:00,66,storm damage,CR-03,1552
OG-000326,FD-012,2024-05-28 21:15:00,1716934020,52,overload,CR-10,1374
OG-000370,FD-002,09/06/2024 13:00,1717946820,147,vegetation contact,CR-10,4170
OG-000398,FD-026,1718656200,2024-06-17 23:38:00,188,vegetation contact,CR-14,3131
OG-002276,FD-006,2026-04-15 10:00:00,2026-04-15 11:24:00,84,vegetation contact,CR-12,3952
OG-001712,FD-009,2025-08-22 16:30:00,2025-08-22 23:13:00,403,lightning strike,CR-06,2838
OG-001333,FD-028,2025-05-19 12:30:00,2025-05-19 14:56:00,146,vegetation contact,CR-04,5565
OG-002365,FD-027,1778555700,12/05/2026 05:05,110,planned maintenance,CR-13,950
OG-002129,FD-022,2026-02-16 11:00:00,2026-02-16 11:23:00,23,planned maintenance,CR-02,912
OG-000021,FD-015,2024-01-15 09:45:00,2024-01-15 13:02:00,197,planned maintenance,CR-05,969
OG-000439,FD-007,27/06/2024 12:30,2024-06-27 13:57:00,87,overload,CR-17,1146
OG-000409,FD-014,2024-06-20 09:30:00,2024-06-20 13:49:00,259,STORM DAMAGE,CR-17,3396
OG-000986,FD-021,1730073600,2024-10-28 03:51:00,231,storm damage,CR-12,169
OG-000605,FD-036,2024-08-05 23:00:00,2024-08-06 02:13:00,193,unknown,,3524
OG-001171,FD-023,2025-03-25 09:45:00,2025-03-25 13:09:00,204,equipment failure,CR-14,2156
OG-900313,FD-9313,2025-03-03 10:00:00,28/01/2025 13:00,180,unknown,CR-01,500
OG-000480,FD-004,2024-07-06 21:45:00,1720308000,95,planned maintenance,CR-08,2935
OG-001525,FD-034,2025-07-13 05:30:00,2025-07-13 08:21:00,171,lightning strike,CR-08,761
OG-002234,FD-027,2026-04-02 05:30:00,2026-04-02 08:08:00,158,planned maintenance,CR-08,1091
OG-001547,FD-002,2025-07-17 03:45:00,1752728880,83,cable theft,CR-11,3626
OG-000979,FD-007,2024-10-24 22:45:00,24/10/2024 23:22,37,lightning strike,CR-09,1573
OG-001678,FD-009,2025-08-15 00:00:00,2025-08-15 00:08:00,8,lightning strike,CR-11,1338
OG-001912,FD-012,05/10/2025 11:15,2025-10-05 13:32:00,137,lightning strike,CR-05,179
OG-000523,FD-029,2024-07-17 19:00:00,2024-07-17 21:28:00,148,transformer fault,CR-12,2454
OG-002504,FD-035,2026-06-20 13:00:00,2026-06-20 16:09:00,189,vegetation contact,CR-03,823
OG-000580,FD-036,2024-07-30 04:15:00,2024-07-30 06:19:00,124 min,equipment failure,CR-03,2002
OG-000399,FD-015,2024-06-18 22:30:00,2024-06-18 23:56:00,86,storm damage,CR-04,936
OG-001895,FD-029,2025-09-30 05:30:00,2025-09-30 08:59:00,209,pole collapse,,155
OG-000884,FD-002,2024-09-27 04:00:00,2024-09-27 08:37:00,277,lightning strike,CR-11,4103
OG-001007,FD-021,2024-11-10 13:15:00,1731248940,74,overload,CR-13,3090
OG-001602,FD-023,01/08/2025 13:30,2025-08-01 17:57:00,267,lightning strike,CR-02,1111
OG-000943,FD-035,2024-10-12 20:15:00,2024-10-13 00:01:00,226,storm damage,CR-16,1236
OG-001237,FD-034,19/04/2025 10:00,1745085480,478,pole collapse,CR-13,1302
OG-001729,FD-027,26/08/2025 01:00,2025-08-26 03:37:00,157,lightning strike,CR-11,1658
OG-000076,FD-016,03/03/2024 15:15,2024-03-03 16:57:00,102,planned maintenance,CR-06,2125
OG-000250,FD-031,2024-05-06 23:00:00,2024-05-07 02:30:00,210,pole collapse,CR-08,344
OG-002072,FD-011,2025-12-14 09:30:00,2025-12-14 10:42:00,72,cable theft,CR-05,1435
OG-001973,FD-034,2025-10-21 18:00:00,2025-10-21 21:33:00,213,lightning strike,CR-17,1044
OG-001425,FD-012,2025-06-15 03:00:00,2025-06-15 08:00:00,300,storm damage,CR-03,631
OG-000872,FD-015,25/09/2024 10:00,2024-09-25 14:08:00,248,vegetation contact,CR-16,431
OG-001374,FD-008,2025-05-31 06:00:00,2025-05-31 09:46:00,226,storm damage,CR-13,6101
OG-900334,FD-9334,2024-08-13 10:00:00,05/10/2025 13:00,180,unknown,CR-01,500
OG-002091,FD-030,2026-01-03 14:30:00,03/01/2026 14:38,8,unknown,CR-04,3209
OG-000242,FD-008,2024-05-04 23:30:00,05/05/2024 01:57,147,lightning strike,CR-09,3800
OG-000846,FD-001,1726845300,2024-09-20 16:45:00,90,planned maintenance,CR-01,2245
OG-001995,FD-027,27/10/2025 12:15,2025-10-27 17:37:00,322,lightning strike,CR-17,156
OG-001070,FD-002,2025-01-08 08:00:00,2025-01-08 08:22:00,22,planned maintenance,CR-11,29
OG-000609,FD-019,2024-08-05 08:15:00,05/08/2024 11:09,174,vegetation contact,CR-09,3076
OG-001191,FD-026,2025-04-02 03:00:00,2025-04-02 05:48:00,168,pole collapse,CR-16,2411
OG-000150,FD-011,02/04/2024 05:00,2024-04-02 09:50:00,290,lightning strike,CR-07,434
OG-900030,FD-930,2024-07-25 10:00:00,11/06/2025 13:00,180,unknown,CR-01,500
OG-002428,FD-003,2026-05-29 04:00:00,2026-05-29 05:24:00,84,pole collapse,CR-14,3344
OG-900211,FD-9211,1739354400,2025-07-26 13:00:00,180,unknown,CR-01,500
OG-002072,FD-011,2025-12-14 09:30:00,2025-12-14 10:42:00,72,cable theft,CR-05,1435
OG-002044,FD-005,2025-11-23 21:30:00,2025-11-24 01:21:00,231 min,vegetation contact,CR-17,3542
OG-002366,FD-027,13/05/2026 09:00,2026-05-13 12:20:00,200,lightning strike,CR-09,2526
OG-002531,FD-035,2026-06-28 14:30:00,28/06/2026 18:06,216,STORM DAMAGE,CR-18,1277
OG-001168,FD-034,23/03/2025 09:00,2025-03-23 09:08:00,8,planned maintenance,CR-04,293
OG-002135,FD-005,2026-02-19 03:00:00,2026-02-19 06:54:00,234,equipment failure,,3231
OG-001046,FD-014,2024-12-07 23:45:00,07/12/2024 23:53,8,unknown,CR-16,4671
OG-900312,FD-9312,2025-03-06 10:00:00,2025-07-04 13:00:00,180,unknown,CR-01,500
OG-001390,FD-005,2025-06-05 06:15:00,05/06/2025 11:08,293 min,pole collapse,CR-02,3172
OG-000789,FD-015,2024-09-08 21:15:00,2024-09-09 03:15:00,360,pole collapse,CR-02,903
OG-000702,FD-031,2024-08-23 10:15:00,2024-08-23 14:57:00,282,storm damage,CR-08,1024
OG-000992,FD-002,2024-10-30 09:45:00,1730284800,55,lightning strike,CR-04,5510
OG-000475,FD-023,2024-07-06 14:15:00,2024-07-06 16:13:00,118,storm damage,CR-01,1754
OG-000470,FD-022,2024-07-04 16:00:00,04/07/2024 17:37,97,vegetation contact,CR-02,867
OG-900253,FD-9253,1749722400,1750510800,180,unknown,CR-01,500
OG-000449,FD-026,2024-06-29 02:00:00,2024-06-29 04:06:00,126,transformer fault,CR-08,3255
OG-001042,FD-019,2024-11-30 00:30:00,2024-11-30 03:29:00,179,unknown,CR-09,3986
OG-001373,FD-032,2025-05-30 08:30:00,2025-05-30 09:54:00,84,pole collapse,CR-18,167
OG-900297,FD-9297,2025-01-11 10:00:00,2025-05-11 13:00:00,180,unknown,CR-01,500
OG-000921,FD-029,2024-10-05 21:15:00,2024-10-06 00:56:00,221,pole collapse,CR-02,1126
OG-000418,FD-006,2024-06-22 01:30:00,1719029760,166,lightning strike,CR-01,6368
OG-001420,FD-016,2025-06-14 18:45:00,2025-06-14 23:12:00,267,lightning strike,CR-06,1724
OG-000035,FD-021,2024-01-24 18:00:00,2024-01-24 19:18:00,78,transformer fault,CR-15,555
OG-900162,FD-9162,2024-10-16 10:00:00,2025-09-18 13:00:00,180,unknown,CR-01,500
OG-900160,FD-9160,2025-03-12 10:00:00,2025-11-12 13:00:00,180,unknown,CR-01,500
OG-002421,FD-016,27/05/2026 05:15,27/05/2026 08:45,210,storm damage,CR-06,707
OG-000225,FD-026,2024-04-29 01:30:00,2024-04-29 05:48:00,258,lightning strike,CR-10,657
OG-001382,FD-021,2025-06-02 07:30:00,2025-06-02 07:43:00,13,storm damage,CR-14,762
OG-002175,FD-033,07/03/2026 23:00,2026-03-08 02:36:00,216,cable theft,CR-12,883
OG-001274,FD-025,2025-05-03 22:00:00,2025-05-04 01:21:00,201,pole collapse,CR-16,1674
OG-001504,FD-011,2025-07-07 10:45:00,2025-07-07 15:56:00,311,vegetation contact,CR-01,6652
OG-000584,FD-016,2024-07-31 15:00:00,2024-07-31 19:51:00,291,equipment failure,CR-18,1760
OG-002267,FD-022,2026-04-12 04:30:00,2026-04-12 10:48:00,378,pole collapse,CR-01,667
OG-001156,FD-002,2025-03-18 08:45:00,2025-03-18 08:53:00,8,equipment failure,CR-05,1731
OG-000756,FD-016,2024-09-02 16:45:00,2024-09-02 20:24:00,219,POLE COLLAPSE,CR-08,2235
OG-000248,FD-034,2024-05-06 04:45:00,2024-05-06 07:43:00,178,vegetation contact,CR-17,1132
OG-001491,FD-017,2025-07-05 18:15:00,2025-07-05 19:32:00,77,pole collapse,CR-09,1217
OG-001844,FD-025,2025-09-19 14:30:00,2025-09-19 17:05:00,155,cable theft,CR-02,4462
OG-000703,FD-012,23/08/2024 18:00,2024-08-23 22:30:00,270,pole collapse,CR-18,875
OG-000514,FD-004,2024-07-14 19:00:00,2024-07-14 22:52:00,232,vegetation contact,CR-02,2451
OG-000292,FD-008,2024-05-18 02:00:00,2024-05-18 02:08:00,8,transformer fault,CR-13,3730
OG-001898,FD-035,2025-09-30 07:30:00,2025-09-30 08:59:00,89 min,equipment failure,CR-06,41
OG-000142,FD-004,1711768500,2024-03-30 05:19:00,124,planned maintenance,CR-11,1231
OG-002181,FD-024,2026-03-09 20:00:00,2026-03-10 00:54:00,294,pole collapse,CR-13,1915
OG-001521,FD-009,2025-07-12 12:00:00,2025-07-12 14:40:00,160,unknown,CR-01,1643
OG-000588,FD-036,2024-08-01 16:00:00,2024-08-01 20:19:00,259,lightning strike,CR-10,2616
OG-000918,FD-014,2024-10-05 04:30:00,2024-10-05 04:49:00,19,unknown,CR-11,5513
OG-001830,FD-012,2025-09-16 19:45:00,2025-09-16 22:52:00,187,lightning strike,CR-02,899
OG-002535,FD-007,2026-06-29 20:45:00,2026-06-30 01:24:00,279,storm damage,CR-09,696
OG-000893,FD-014,2024-09-29 15:00:00,2024-09-29 21:57:00,417,EQUIPMENT FAILURE,CR-02,2286
OG-000378,FD-027,2024-06-11 15:00:00,1718129460,191,vegetation contact,CR-02,636
OG-001321,FD-037,15/05/2025 09:45,2025-05-15 10:38:00,53,overload,CR-13,788
OG-000671,FD-022,2024-08-18 19:45:00,2024-08-18 22:42:00,177,pole collapse,CR-04,362
OG-900061,FD-961,2025-07-03 10:00:00,2025-10-05 13:00:00,180,unknown,CR-01,500
OG-002400,FD-033,2026-05-23 09:15:00,2026-05-23 12:44:00,209,planned maintenance,CR-04,1408
OG-000487,FD-029,2024-07-08 09:30:00,1720441140,169,pole collapse,CR-17,574
OG-001842,FD-025,2025-09-19 02:00:00,1758256920,162,equipment failure,CR-02,3206
OG-000865,FD-037,2024-09-23 22:00:00,2024-09-24 00:58:00,178,vegetation contact,CR-05,886
OG-002505,FD-024,2026-06-21 21:15:00,2026-06-22 02:04:00,289,VEGETATION CONTACT,CR-15,3357
OG-900347,FD-9347,2024-09-07 10:00:00,17/07/2025 13:00,180,unknown,CR-01,500
OG-002463,FD-008,09/06/2026 06:00,2026-06-09 09:31:00,211,vegetation contact,CR-16,5093
OG-001097,FD-021,2025-02-09 03:15:00,2025-02-09 03:23:00,8,transformer fault,CR-08,2394
OG-002030,FD-006,2025-11-13 18:15:00,2025-11-13 18:57:00,42,vegetation contact,CR-15,3840
OG-000603,FD-025,2024-08-04 12:15:00,2024-08-04 14:37:00,142,lightning strike,CR-18,4482
OG-001149,FD-008,2025-03-16 07:00:00,2025-03-16 11:09:00,249,storm damage,CR-16,837
OG-900157,FD-9157,2024-11-12 10:00:00,2025-04-03 13:00:00,180,unknown,CR-01,500
OG-002242,FD-025,2026-04-04 20:15:00,2026-04-04 22:32:00,137,equipment failure,CR-06,3437
OG-900062,FD-962,2024-11-19 10:00:00,2025-02-18 13:00:00,180,unknown,CR-01,500
OG-000187,FD-003,2024-04-16 08:30:00,2024-04-16 12:20:00,230,lightning strike,CR-17,6629
OG-002356,FD-022,2026-05-09 19:15:00,2026-05-09 19:58:00,43,unknown,CR-03,505
OG-000856,FD-014,2024-09-21 16:30:00,2024-09-21 16:38:00,8,transformer fault,CR-03,1775
OG-001293,FD-006,2025-05-08 01:00:00,08/05/2025 04:46,226,vegetation contact,CR-07,4645
OG-900138,FD-9138,2024-12-09 10:00:00,2025-05-21 13:00:00,180,unknown,CR-01,500
OG-001775,FD-003,2025-09-04 22:45:00,2025-09-04 22:53:00,8,planned maintenance,,6986
OG-001686,FD-031,2025-08-17 21:15:00,2025-08-18 00:02:00,167,overload,CR-17,1438
OG-002112,FD-036,2026-02-05 01:30:00,2026-02-05 08:14:00,404,storm damage,CR-13,234
OG-000700,FD-031,1724443200,2024-08-23 22:25:00,145,lightning strike,,297
OG-000011,FD-009,2024-01-10 09:15:00,2024-01-10 13:56:00,281,storm damage,CR-05,3650
OG-001798,FD-019,2025-09-10 07:00:00,2025-09-10 08:23:00,83,pole collapse,CR-10,1623
OG-900142,FD-9142,07/05/2025 10:00,2025-10-04 13:00:00,180,unknown,CR-01,500
OG-002009,FD-012,2025-10-31 05:15:00,2025-10-31 08:29:00,194,pole collapse,CR-09,605
OG-001073,FD-003,09/01/2025 08:15,2025-01-09 11:19:00,184,cable theft,CR-16,4925
OG-000996,FD-033,2024-11-01 01:00:00,2024-11-01 05:05:00,245,planned maintenance,CR-08,581
OG-001460,FD-004,2025-06-27 03:00:00,2025-06-27 06:07:00,187,pole collapse,CR-16,2380
OG-002469,FD-032,2026-06-11 03:15:00,2026-06-11 06:41:00,206,storm damage,CR-02,2197
OG-000080,FD-030,2024-03-05 16:00:00,2024-03-05 17:42:00,102,unknown,CR-18,7267
OG-001173,FD-037,2025-03-25 18:30:00,2025-03-25 19:30:00,60,planned maintenance,CR-14,619
OG-001984,FD-022,1761336900,2025-10-24 23:52:00,217,lightning strike,CR-10,709
OG-001266,FD-003,2025-04-30 15:30:00,30/04/2025 15:38,8,cable theft,CR-09,1949
OG-001033,FD-027,2024-11-21 13:30:00,2024-11-21 15:32:00,122,lightning strike,CR-17,1678
OG-000999,FD-035,1730565900,2024-11-02 18:59:00,134,planned maintenance,CR-11,413
OG-001407,FD-001,1749539700,2025-06-10 08:04:00,49,storm damage,,7526
OG-001564,FD-037,2025-07-21 20:30:00,2025-07-21 21:55:00,85,lightning strike,CR-10,59
OG-001853,FD-017,1758469500,2025-09-21 17:58:00,133,pole collapse,CR-11,1974
OG-002298,FD-022,1777032900,2026-04-24 13:54:00,99 min,overload,CR-05,599
OG-000445,FD-022,2024-06-29 23:00:00,30/06/2024 00:25,85,unknown,CR-02,91
OG-002079,FD-016,2025-12-21 05:00:00,2025-12-21 06:27:00,87,storm damage,CR-12,2422
OG-002308,FD-014,2026-04-27 23:15:00,2026-04-28 01:15:00,120,lightning strike,CR-17,153
OG-001670,FD-018,1755143100,2025-08-14 09:13:00,328,pole collapse,CR-07,38
OG-000431,FD-010,2024-06-25 08:45:00,2024-06-25 12:00:00,195,transformer fault,CR-06,226
OG-000701,FD-013,1724373000,2024-08-23 00:38:00,8,unknown,CR-04,4318
OG-002319,FD-004,2026-04-30 10:30:00,2026-04-30 12:52:00,142,lightning strike,CR-13,651
OG-000687,FD-003,2024-08-21 16:15:00,2024-08-21 20:30:00,255,lightning strike,CR-16,1768
OG-000089,FD-019,2024-03-09 16:30:00,2024-03-09 17:12:00,42,planned maintenance,,1034
OG-001092,FD-015,2025-02-03 20:45:00,04/02/2025 00:01,196,lightning strike,,568
OG-001207,FD-031,1744177500,2025-04-09 06:35:00,50,equipment failure,CR-04,1798
OG-002211,FD-014,24/03/2026 05:30,2026-03-24 07:27:00,117,unknown,CR-07,4079
OG-000023,FD-031,17/01/2024 14:15,1705504980,68,lightning strike,CR-11,214
OG-001887,FD-026,1759092300,2025-09-29 01:15:00,270,vegetation contact,,2716
OG-001501,FD-024,2025-07-07 17:15:00,07/07/2025 17:23,8,equipment failure,CR-11,3181
OG-000594,FD-030,03/08/2024 16:15,2024-08-03 18:03:00,108,transformer fault,CR-06,2406
OG-002355,FD-018,2026-05-09 14:30:00,2026-05-09 17:12:00,162,storm damage,CR-10,3683
OG-002234,FD-027,2026-04-02 05:30:00,2026-04-02 08:08:00,158,planned maintenance,CR-08,1091
OG-000026,FD-016,18/01/2024 19:30,2024-01-18 19:53:00,23,planned maintenance,CR-14,1937
OG-002322,FD-017,2026-05-02 11:15:00,2026-05-02 11:56:00,41,equipment failure,CR-06,1349
OG-900057,FD-957,2024-06-04 10:00:00,2025-08-17 13:00:00,180,unknown,CR-01,500
OG-000645,FD-006,2024-08-13 00:15:00,2024-08-13 06:16:00,361,vegetation contact,CR-07,6087
OG-000422,FD-003,2024-06-23 08:45:00,1719138000,95,vegetation contact,CR-18,5343
OG-000289,FD-037,2024-05-17 20:00:00,2024-05-17 22:46:00,166,vegetation contact,CR-10,1865
OG-001028,FD-020,2024-11-18 06:15:00,2024-11-18 09:29:00,194,overload,CR-18,173
OG-001653,FD-034,2025-08-11 22:30:00,12/08/2025 02:03,213,pole collapse,CR-05,483
OG-900278,FD-9278,2025-09-22 10:00:00,2025-07-10 13:00:00,180,unknown,CR-01,500
OG-001582,FD-022,26/07/2025 11:45,2025-07-26 15:20:00,215,vegetation contact,CR-05,406
OG-900044,FD-944,2025-04-14 10:00:00,2025-04-13 13:00:00,180,unknown,CR-01,500
OG-002337,FD-015,1778011200,2026-05-05 23:01:00,181,lightning strike,,144
OG-001192,FD-033,2025-04-03 21:15:00,2025-04-04 01:01:00,226,POLE COLLAPSE,CR-18,1002
OG-002487,FD-001,2026-06-17 08:00:00,2026-06-17 10:33:00,153,vegetation contact,CR-10,1938
OG-001543,FD-035,2025-07-16 09:30:00,2025-07-16 10:47:00,77,storm damage,CR-03,1243
OG-002443,FD-008,2026-06-03 10:15:00,2026-06-03 13:37:00,202,lightning strike,,4446
OG-002293,FD-004,2026-04-22 07:30:00,2026-04-22 11:26:00,236,vegetation contact,CR-06,1577
OG-002145,FD-025,2026-02-25 02:45:00,2026-02-25 03:45:00,60,CABLE THEFT,CR-01,2310
OG-000518,FD-004,2024-07-15 21:15:00,2024-07-16 00:28:00,193,storm damage,CR-17,2765
OG-000898,FD-018,2024-09-30 12:00:00,2024-09-30 17:04:00,304,pole collapse,CR-04,4223
OG-001008,FD-018,2024-11-10 03:30:00,10/11/2024 03:38,8,transformer fault,CR-08,3567
OG-000323,FD-023,2024-05-27 00:00:00,27/05/2024 02:59,179,pole collapse,CR-02,970
OG-001452,FD-013,2025-06-26 10:00:00,2025-06-26 13:13:00,193,vegetation contact,,2560
OG-002225,FD-012,2026-03-31 16:45:00,2026-03-31 20:48:00,243,storm damage,CR-05,863
OG-900234,FD-9234,1710151200,2025-07-27 13:00:00,180,unknown,CR-01,500
OG-001251,FD-006,2025-04-24 14:15:00,24/04/2025 16:31,136,storm damage,CR-03,3273
OG-002488,FD-017,2026-06-17 18:30:00,17/06/2026 23:25,295,storm damage,CR-05,1471
OG-000839,FD-005,2024-09-19 03:00:00,2024-09-19 04:47:00,107 min,cable theft,CR-14,6831
OG-000815,FD-035,13/09/2024 02:45,2024-09-13 07:39:00,294,lightning strike,CR-02,864
OG-002530,FD-023,2026-06-27 01:15:00,27/06/2026 04:55,220,planned maintenance,CR-02,1337
OG-000565,FD-036,2024-07-27 16:00:00,2024-07-27 18:31:00,151,equipment failure,CR-06,882
OG-000348,FD-011,2024-06-03 11:00:00,2024-06-03 11:54:00,54,storm damage,CR-17,4342
OG-002442,FD-014,2026-06-02 20:15:00,2026-06-02 21:29:00,74,cable theft,CR-13,4339
OG-001691,FD-036,1755475200,2025-08-18 02:17:00,137,unknown,CR-13,1715
OG-001379,FD-037,01/06/2025 02:00,01/06/2025 02:41,41,cable theft,CR-14,1108
OG-001259,FD-023,2025-04-27 04:15:00,1745734380,118,storm damage,CR-13,2120
OG-000094,FD-018,2024-03-11 00:45:00,1710133980,268,lightning strike,CR-10,4085
OG-002119,FD-010,2026-02-10 16:45:00,10/02/2026 17:59,74,lightning strike,CR-04,413
OG-001249,FD-009,2025-04-22 01:30:00,2025-04-22 07:16:00,346,pole collapse,CR-01,5561
OG-000145,FD-018,2024-03-31 06:30:00,31/03/2024 07:26,56,transformer fault,CR-13,1728
OG-002232,FD-023,1775147400,2026-04-02 20:15:00,225,storm damage,CR-03,340
OG-002326,FD-026,2026-05-02 21:30:00,1777775700,305,storm damage,CR-16,40
OG-001320,FD-036,2025-05-15 12:15:00,2025-05-15 15:36:00,201,pole collapse,CR-08,2090
OG-002226,FD-002,2026-04-01 18:00:00,2026-04-01 21:38:00,218,lightning strike,CR-09,5605
OG-900336,FD-9336,2025-11-02 10:00:00,1765112400,180,unknown,CR-01,500
OG-001812,FD-037,2025-09-12 23:45:00,2025-09-13 00:40:00,55,transformer fault,CR-06,2188
OG-002113,FD-008,2026-02-06 14:15:00,06/02/2026 17:20,185,vegetation contact,CR-07,2414
OG-900054,FD-954,2025-11-05 10:00:00,2025-08-24 13:00:00,180,unknown,CR-01,500
OG-001701,FD-029,2025-08-20 21:15:00,2025-08-20 23:05:00,110,POLE COLLAPSE,CR-12,2048
OG-002405,FD-011,2026-05-24 15:45:00,2026-05-24 20:05:00,260,vegetation contact,CR-18,6991
OG-001756,FD-007,2025-09-01 06:15:00,2025-09-01 08:38:00,143,pole collapse,CR-05,1121
OG-000343,FD-034,1717214400,1717217640,54,vegetation contact,CR-09,543
OG-001449,FD-030,2025-06-25 16:15:00,2025-06-25 21:15:00,300,vegetation contact,CR-06,7080
OG-000469,FD-007,2024-07-04 05:30:00,2024-07-04 10:44:00,314,storm damage,CR-07,299
OG-001571,FD-011,2025-07-23 13:45:00,2025-07-23 18:29:00,284,storm damage,CR-10,2287
OG-000912,FD-016,2024-10-03 01:30:00,2024-10-03 04:43:00,193,pole collapse,,161
OG-001448,FD-021,2025-06-24 03:15:00,1750750140,254,lightning strike,CR-18,1038
OG-900104,FD-9104,2024-06-09 10:00:00,2025-01-25 13:00:00,180,unknown,CR-01,500
OG-000140,FD-002,2024-03-29 20:00:00,2024-03-29 21:14:00,74,pole collapse,CR-09,4191
OG-001638,FD-006,2025-08-08 11:00:00,2025-08-08 13:58:00,178,vegetation contact,CR-01,4656
OG-001026,FD-019,2024-11-18 03:45:00,2024-11-18 05:07:00,82,transformer fault,CR-06,2305
OG-002128,FD-032,16/02/2026 01:15,2026-02-16 01:23:00,8,planned maintenance,CR-17,1043
OG-000456,FD-029,01/07/2024 04:45,2024-07-01 07:49:00,184,pole collapse,CR-05,235
OG-001703,FD-021,2025-08-20 07:30:00,2025-08-20 11:46:00,256,lightning strike,CR-10,459
OG-000479,FD-007,06/07/2024 09:30,2024-07-06 14:07:00,277,vegetation contact,CR-02,1509
OG-001663,FD-010,2025-08-12 13:00:00,2025-08-12 15:52:00,172,storm damage,CR-03,43
OG-900265,FD-9265,2024-02-17 10:00:00,2025-06-08 13:00:00,180,unknown,CR-01,500
OG-000373,FD-018,2024-06-09 11:00:00,2024-06-09 15:17:00,257,pole collapse,CR-04,2262
OG-900123,FD-9123,2024-03-10 10:00:00,1739019600,180,unknown,CR-01,500
OG-001009,FD-015,2024-11-11 00:00:00,2024-11-11 01:19:00,79,planned maintenance,CR-03,752
OG-000264,FD-032,2024-05-10 04:30:00,2024-05-10 06:22:00,112,storm damage,CR-06,990
OG-900261,FD-9261,2024-08-18 10:00:00,2025-09-06 13:00:00,180,unknown,CR-01,500
OG-001659,FD-011,2025-08-12 21:45:00,2025-08-12 23:41:00,116,overload,,5115
OG-000318,FD-005,2024-05-25 08:15:00,25/05/2024 11:57,222,storm damage,CR-15,664
OG-000286,FD-004,2024-05-16 05:00:00,2024-05-16 07:34:00,154,vegetation contact,CR-07,424
OG-000161,FD-007,2024-04-05 09:45:00,2024-04-05 14:23:00,278,pole collapse,CR-06,1143
OG-002263,FD-030,2026-04-12 21:15:00,1776043380,248,lightning strike,CR-04,1614
OG-001172,FD-023,2025-03-25 01:15:00,25/03/2025 05:43,268,transformer fault,CR-07,2494
OG-001583,FD-015,2025-07-26 03:00:00,2025-07-26 06:20:00,200,pole collapse,,857
OG-000402,FD-003,2024-06-18 09:45:00,18/06/2024 10:42,57,unknown,CR-18,6394
OG-001776,FD-032,2025-09-05 17:45:00,2025-09-05 22:26:00,281,pole collapse,CR-17,1611
OG-900309,FD-9309,2025-12-24 10:00:00,08/10/2025 13:00,180,unknown,CR-01,500
OG-900286,FD-9286,2024-07-23 10:00:00,2025-06-09 13:00:00,180,unknown,CR-01,500
OG-002118,FD-024,2026-02-09 14:15:00,2026-02-09 19:59:00,344,equipment failure,CR-03,647
OG-900338,FD-9338,2025-05-03 10:00:00,2025-09-11 13:00:00,180,unknown,CR-01,500
OG-000759,FD-012,2024-09-02 12:15:00,2024-09-02 13:08:00,53,lightning strike,CR-15,120
OG-001695,FD-006,2025-08-19 06:15:00,2025-08-19 07:21:00,66,pole collapse,CR-05,696
OG-002482,FD-026,2026-06-15 14:30:00,2026-06-15 16:32:00,122,storm damage,CR-14,3280
OG-900290,FD-9290,2024-04-15 10:00:00,2025-02-03 13:00:00,180,unknown,CR-01,500
OG-000277,FD-015,2024-05-13 20:30:00,13/05/2024 21:54,84,storm damage,CR-07,1104
OG-001188,FD-002,2025-04-01 01:45:00,01/04/2025 05:49,244,cable theft,CR-17,1224
OG-001125,FD-002,2025-03-03 22:15:00,2025-03-04 01:31:00,196 min,vegetation contact,CR-11,2381
OG-000859,FD-025,2024-09-22 22:15:00,2024-09-23 00:49:00,154,vegetation contact,CR-09,3960
OG-000218,FD-020,2024-04-26 00:30:00,26/04/2024 02:20,110,vegetation contact,CR-01,2145
OG-000230,FD-031,1714603500,2024-05-02 00:48:00,123,transformer fault,CR-09,107
OG-001349,FD-004,2025-05-22 16:00:00,2025-05-22 18:19:00,139,cable theft,CR-09,1443
OG-001643,FD-015,2025-08-09 02:45:00,2025-08-09 02:53:00,8,overload,CR-02,736
OG-000662,FD-011,2024-08-17 02:15:00,2024-08-17 05:50:00,215,overload,CR-02,404
OG-001719,FD-021,2025-08-23 16:45:00,2025-08-23 19:50:00,185,pole collapse,CR-13,968
OG-002435,FD-035,2026-05-31 06:30:00,2026-05-31 10:01:00,211,vegetation contact,CR-15,710
OG-000628,FD-037,2024-08-10 18:30:00,2024-08-10 22:08:00,218,STORM DAMAGE,CR-14,3559
OG-001730,FD-026,2025-08-26 23:00:00,2025-08-27 01:06:00,126,transformer fault,CR-15,1299
OG-000153,FD-007,2024-04-03 04:45:00,1712130060,176,vegetation contact,CR-05,856
OG-002353,FD-029,2026-05-08 06:15:00,2026-05-08 11:17:00,302,vegetation contact,CR-11,724
OG-001494,FD-010,2025-07-06 15:15:00,2025-07-06 16:42:00,87,transformer fault,CR-04,37
OG-000008,FD-009,2024-01-09 17:45:00,09/01/2024 21:08,203,POLE COLLAPSE,CR-15,5522
OG-000188,FD-013,2024-04-16 10:45:00,2024-04-16 13:31:00,166,vegetation contact,CR-17,693
OG-002227,FD-013,2026-04-01 01:45:00,2026-04-01 02:19:00,34,storm damage,CR-17,3474
OG-001497,FD-029,2025-07-06 15:00:00,2025-07-06 16:34:00,94,storm damage,CR-01,505
OG-000689,FD-019,2024-08-21 15:00:00,21/08/2024 15:08,8,transformer fault,CR-16,3691
OG-002515,FD-024,2026-06-23 11:30:00,2026-06-23 15:16:00,226,equipment failure,CR-15,2569
OG-000375,FD-019,2024-06-10 12:30:00,2024-06-10 15:38:00,188,unknown,CR-07,831
OG-000668,FD-009,2024-08-18 04:15:00,2024-08-18 07:02:00,167,VEGETATION CONTACT,CR-09,5554
OG-001054,FD-011,2024-12-21 13:00:00,2024-12-21 14:03:00,63,cable theft,CR-02,1232
OG-002368,FD-019,2026-05-15 08:15:00,2026-05-15 10:43:00,148,pole collapse,CR-01,3141
OG-000936,FD-022,2024-10-09 13:00:00,2024-10-09 16:32:00,212,planned maintenance,CR-13,532
OG-000605,FD-036,2024-08-05 23:00:00,2024-08-06 02:13:00,193,unknown,,3524
OG-001527,FD-001,2025-07-13 21:15:00,2025-07-13 23:17:00,122,storm damage,CR-01,5062
OG-001396,FD-027,2025-06-07 02:30:00,2025-06-07 04:16:00,106 min,storm damage,CR-18,412
OG-002086,FD-023,2025-12-27 21:30:00,2025-12-27 23:49:00,139,planned maintenance,CR-16,105
OG-000017,FD-014,2024-01-13 09:30:00,13/01/2024 09:46,16,overload,CR-10,4298
OG-001894,FD-036,2025-09-29 18:00:00,1759185960,286,lightning strike,CR-03,3625
OG-900041,FD-941,2024-09-25 10:00:00,2025-10-04 13:00:00,180,unknown,CR-01,500
OG-002053,FD-004,2025-12-02 11:00:00,2025-12-02 12:34:00,94,planned maintenance,,2212
OG-900196,FD-9196,2024-08-15 10:00:00,2025-12-17 13:00:00,180,unknown,CR-01,500
OG-001913,FD-017,2025-10-05 23:00:00,06/10/2025 01:25,145,overload,CR-14,136
OG-000122,FD-030,2024-03-22 17:00:00,2024-03-22 18:55:00,115,unknown,CR-15,7661
OG-000457,FD-032,2024-07-01 18:30:00,2024-07-01 21:21:00,171,lightning strike,CR-16,1897
OG-001334,FD-021,2025-05-19 00:30:00,2025-05-19 04:47:00,257,vegetation contact,CR-04,2286
OG-001561,FD-017,21/07/2025 22:00,2025-07-21 23:36:00,96,cable theft,CR-09,2835
OG-001176,FD-018,2025-03-26 17:45:00,2025-03-26 21:33:00,228,transformer fault,CR-02,330
OG-002448,FD-016,2026-06-04 15:15:00,2026-06-04 16:25:00,70,equipment failure,CR-14,1932
OG-900155,FD-9155,2025-03-28 10:00:00,2025-10-27 13:00:00,180,unknown,CR-01,500
OG-900052,FD-952,2024-05-04 10:00:00,2025-10-11 13:00:00,180,unknown,CR-01,500
OG-002096,FD-006,2026-01-12 09:15:00,2026-01-12 11:34:00,139,transformer fault,CR-04,1939
OG-000088,FD-021,2024-03-08 18:30:00,08/03/2024 23:01,271,vegetation contact,CR-04,1765
OG-900220,FD-9220,2024-04-23 10:00:00,2025-05-16 13:00:00,180,unknown,CR-01,500
OG-001464,FD-017,2025-06-28 09:15:00,2025-06-28 12:16:00,181,lightning strike,CR-13,2785
OG-000265,FD-010,2024-05-10 06:45:00,2024-05-10 09:19:00,154,unknown,CR-02,180
OG-002329,FD-024,2026-05-03 15:30:00,2026-05-03 16:55:00,85,vegetation contact,CR-01,2051
OG-000573,FD-015,2024-07-29 11:00:00,2024-07-29 14:04:00,184,storm damage,CR-02,874
OG-001813,FD-025,2025-09-12 09:30:00,2025-09-12 16:21:00,411,pole collapse,CR-12,395
OG-001962,FD-013,2025-10-18 14:00:00,2025-10-18 16:22:00,142,pole collapse,CR-01,1120
OG-000022,FD-001,2024-01-16 18:30:00,2024-01-16 20:56:00,146,vegetation contact,CR-03,3902
OG-001796,FD-012,2025-09-09 09:45:00,2025-09-09 09:53:00,8,unknown,CR-14,1055
OG-001088,FD-014,2025-01-28 19:30:00,2025-01-28 21:00:00,90,equipment failure,CR-07,3725
OG-001892,FD-019,2025-09-29 01:45:00,2025-09-29 05:53:00,248,vegetation contact,CR-01,1873
OG-002523,FD-027,2026-06-25 18:30:00,2026-06-25 19:45:00,75,pole collapse,CR-07,2275
OG-000137,FD-017,1711575900,28/03/2024 00:14,149,transformer fault,CR-01,2387
OG-000972,FD-011,2024-10-23 16:30:00,2024-10-23 20:32:00,242,pole collapse,CR-06,5283
OG-000001,FD-033,02/01/2024 08:15,2024-01-02 08:23:00,8,cable theft,CR-15,283
OG-000066,FD-015,2024-02-25 04:45:00,25/02/2024 08:43,238,transformer fault,CR-12,753
OG-001253,FD-014,2025-04-24 05:45:00,2025-04-24 11:44:00,359,storm damage,CR-12,400
OG-001392,FD-024,2025-06-05 21:00:00,2025-06-05 23:41:00,161,storm damage,CR-11,2550
OG-001889,FD-007,2025-09-28 19:45:00,28/09/2025 23:43,238,pole collapse,CR-01,95
OG-000869,FD-019,2024-09-24 16:30:00,1727212860,291,pole collapse,CR-01,2734
OG-000307,FD-033,1716414300,2024-05-23 00:28:00,163,storm damage,CR-13,1120
OG-002525,FD-022,2026-06-25 14:00:00,2026-06-25 19:10:00,310 min,vegetation contact,CR-17,444
OG-000212,FD-003,2024-04-23 02:45:00,2024-04-23 05:21:00,156 min,overload,CR-12,5355
OG-001175,FD-011,2025-03-26 00:30:00,26/03/2025 00:38,8,storm damage,CR-17,398
OG-900263,FD-9263,1720087200,2025-12-28 13:00:00,180,unknown,CR-01,500
OG-002076,FD-008,2025-12-19 11:30:00,2025-12-19 12:22:00,52,transformer fault,CR-04,2221
OG-001408,FD-003,2025-06-10 19:45:00,2025-06-10 22:50:00,185,vegetation contact,CR-18,6107
OG-000836,FD-032,2024-09-18 03:45:00,2024-09-18 07:09:00,204,lightning strike,CR-07,244
OG-000907,FD-001,2024-10-03 19:15:00,2024-10-03 22:17:00,182,vegetation contact,CR-05,6205
OG-000699,FD-028,2024-08-23 09:15:00,2024-08-23 13:01:00,226,pole collapse,CR-05,1237
OG-000743,FD-003,2024-08-31 18:30:00,2024-09-01 02:02:00,452 min,storm damage,CR-14,5747
OG-001787,FD-005,07/09/2025 05:00,2025-09-07 07:42:00,162,TRANSFORMER FAULT,CR-03,139
OG-002314,FD-025,2026-04-29 22:00:00,2026-04-29 23:31:00,91,lightning strike,CR-02,647
OG-002502,FD-004,2026-06-20 15:30:00,2026-06-20 16:21:00,51,vegetation contact,CR-05,2664
OG-001052,FD-005,2024-12-20 03:30:00,1734665880,8,unknown,CR-11,6402
OG-000791,FD-007,2024-09-09 14:30:00,2024-09-09 16:37:00,127,equipment failure,CR-11,1811
OG-000824,FD-032,2024-09-15 21:45:00,2024-09-15 21:59:00,14,storm damage,CR-03,1275
OG-001519,FD-036,2025-07-11 17:30:00,2025-07-11 19:31:00,121,storm damage,CR-02,1775
OG-000214,FD-014,2024-04-24 09:30:00,2024-04-24 11:49:00,139,storm damage,CR-07,2307
OG-900151,FD-9151,2024-12-12 10:00:00,2025-11-06 13:00:00,180,unknown,CR-01,500
OG-001101,FD-032,2025-02-16 10:15:00,16/02/2025 15:40,325,overload,,1254
OG-900127,FD-9127,2025-03-03 10:00:00,2025-01-04 13:00:00,180,unknown,CR-01,500
OG-001753,FD-014,2025-08-31 12:30:00,2025-08-31 14:54:00,144,cable theft,CR-17,918
OG-001000,FD-008,2024-11-02 12:45:00,2024-11-02 13:23:00,38,planned maintenance,CR-07,6046
OG-000521,FD-032,2024-07-16 10:30:00,2024-07-16 12:45:00,135,pole collapse,CR-05,1241
OG-000390,FD-005,2024-06-14 23:00:00,2024-06-15 03:42:00,282,pole collapse,CR-12,6421
OG-001481,FD-021,2025-07-02 09:00:00,02/07/2025 12:58,238,storm damage,CR-05,2465
OG-000379,FD-018,2024-06-11 06:00:00,2024-06-11 11:56:00,356,pole collapse,CR-18,3624
OG-000363,FD-024,2024-06-07 10:30:00,07/06/2024 10:54,24,storm damage,CR-02,3366
OG-000412,FD-007,2024-06-21 13:15:00,2024-06-21 14:44:00,89,pole collapse,CR-16,875
OG-002027,FD-009,2025-11-12 10:00:00,1762950180,143,unknown,CR-04,1295
OG-001490,FD-024,2025-07-04 22:00:00,2025-07-05 00:01:00,121,pole collapse,CR-18,118
OG-000567,FD-017,2024-07-28 19:30:00,2024-07-28 21:30:00,120,planned maintenance,CR-05,2372
OG-900260,FD-9260,2024-11-08 10:00:00,1765803600,180,unknown,CR-01,500
OG-001522,FD-001,12/07/2025 03:45,1752295440,59,vegetation contact,CR-17,1089
OG-001955,FD-012,2025-10-16 14:30:00,2025-10-16 16:49:00,139,equipment failure,CR-10,263
OG-000468,FD-020,2024-07-04 22:00:00,2024-07-04 23:57:00,117,vegetation contact,,2673
OG-001096,FD-003,2025-02-08 09:30:00,2025-02-08 13:26:00,236,vegetation contact,CR-08,4537
OG-001423,FD-023,2025-06-15 06:30:00,15/06/2025 10:08,218,lightning strike,CR-03,1781
OG-002065,FD-018,2025-12-10 23:30:00,2025-12-10 23:38:00,8,cable theft,CR-10,3304
OG-002171,FD-007,06/03/2026 06:00,06/03/2026 07:31,91,unknown,CR-11,1384
OG-002459,FD-030,2026-06-08 01:00:00,2026-06-08 02:55:00,115,unknown,CR-05,3165
OG-001493,FD-002,2025-07-06 20:15:00,06/07/2025 23:19,184,vegetation contact,CR-14,746
OG-900270,FD-9270,2025-04-24 10:00:00,2025-05-09 13:00:00,180,unknown,CR-01,500
OG-002143,FD-007,2026-02-25 08:00:00,2026-02-25 09:11:00,71,planned maintenance,CR-07,79
OG-001223,FD-012,2025-04-14 23:15:00,2025-04-15 03:16:00,241,storm damage,CR-08,1302
OG-001074,FD-014,2025-01-10 09:45:00,1736511660,156,pole collapse,CR-13,5557
OG-000874,FD-014,2024-09-25 19:00:00,25/09/2024 22:21,201,equipment failure,CR-01,5213
OG-002396,FD-037,22/05/2026 21:45,2026-05-22 23:56:00,131,overload,CR-01,1833
OG-001656,FD-003,2025-08-11 13:15:00,2025-08-11 15:32:00,137,lightning strike,CR-15,6527
OG-000052,FD-031,2024-02-11 20:30:00,2024-02-11 22:28:00,118,equipment failure,CR-09,1270
OG-000562,FD-011,2024-07-26 05:15:00,2024-07-26 08:02:00,167,storm damage,CR-08,4267
OG-000400,FD-012,2024-06-18 05:00:00,2024-06-18 08:22:00,202 min,vegetation contact,CR-16,871
OG-000868,FD-014,24/09/2024 07:15,2024-09-24 12:02:00,287,lightning strike,CR-04,3179
OG-000135,FD-002,2024-03-27 13:00:00,2024-03-27 14:20:00,80,cable theft,CR-14,5097
OG-900282,FD-9282,2025-07-01 10:00:00,1755781200,180,unknown,CR-01,500
OG-000488,FD-012,2024-07-08 12:00:00,2024-07-08 17:41:00,341,vegetation contact,CR-04,1477
OG-001179,FD-019,2025-03-27 21:30:00,2025-03-28 02:45:00,315,planned maintenance,CR-15,1958
OG-000714,FD-010,2024-08-26 20:00:00,2024-08-26 23:25:00,205,lightning strike,CR-05,121
OG-001128,FD-035,2025-03-05 07:15:00,05/03/2025 11:25,250,vegetation contact,CR-01,868
OG-001394,FD-035,2025-06-05 18:30:00,2025-06-05 21:44:00,194 min,vegetation contact,CR-11,341
OG-000779,FD-007,2024-09-07 12:15:00,07/09/2024 14:28,133,pole collapse,CR-02,299
OG-900167,FD-9167,1705312800,2025-02-10 13:00:00,180,unknown,CR-01,500
OG-900071,FD-971,2025-08-03 10:00:00,2025-03-28 13:00:00,180,unknown,CR-01,500
OG-002067,FD-026,2025-12-12 00:15:00,2025-12-12 05:43:00,328,unknown,CR-01,1779
OG-000393,FD-027,2024-06-16 14:15:00,2024-06-16 19:17:00,302,overload,CR-15,181
OG-000906,FD-023,2024-10-02 00:30:00,2024-10-02 01:41:00,71,vegetation contact,CR-05,1993
OG-000655,FD-001,15/08/2024 10:30,2024-08-15 14:08:00,218,vegetation contact,CR-07,6610
OG-002131,FD-026,17/02/2026 03:00,2026-02-17 03:44:00,44,planned maintenance,CR-11,2987
OG-001624,FD-013,2025-08-05 23:30:00,2025-08-06 02:20:00,170,vegetation contact,CR-01,3149
OG-000828,FD-005,2024-09-17 13:30:00,2024-09-17 17:37:00,247,vegetation contact,CR-02,3593
OG-002163,FD-025,2026-03-04 16:15:00,2026-03-04 18:09:00,114,equipment failure,CR-01,1229
OG-000890,FD-002,2024-09-28 20:15:00,29/09/2024 02:43,388,pole collapse,CR-04,4882
OG-002207,FD-008,2026-03-21 04:30:00,1774077840,174,lightning strike,CR-14,1506
OG-900141,FD-9141,1713175200,2025-02-07 13:00:00,180,unknown,CR-01,500
OG-001271,FD-010,2025-05-02 19:45:00,2025-05-02 21:17:00,92 min,lightning strike,CR-06,51
OG-900285,FD-9285,2024-11-19 10:00:00,1755435600,180,unknown,CR-01,500
OG-001206,FD-022,2025-04-08 21:00:00,08/04/2025 22:36,96,pole collapse,CR-10,562
OG-900102,FD-9102,2025-11-10 10:00:00,2025-02-18 13:00:00,180,unknown,CR-01,500
OG-000500,FD-031,11/07/2024 12:15,2024-07-11 16:48:00,273,storm damage,CR-13,1234
OG-000382,FD-010,2024-06-12 20:00:00,2024-06-12 21:59:00,119,storm damage,CR-09,118
OG-000878,FD-033,26/09/2024 04:15,2024-09-26 06:28:00,133,storm damage,CR-10,725
OG-002229,FD-020,2026-04-01 00:15:00,2026-04-01 02:21:00,126,overload,CR-04,902
OG-000172,FD-020,2024-04-09 10:30:00,09/04/2024 14:04,214,pole collapse,CR-13,2623
OG-002114,FD-032,06/02/2026 03:30,2026-02-06 04:31:00,61,storm damage,,1438
OG-001767,FD-035,2025-09-03 23:00:00,2025-09-03 23:08:00,8,lightning strike,CR-05,673
OG-000055,FD-014,2024-02-14 21:15:00,2024-02-15 01:40:00,265 min,cable theft,CR-02,1240
OG-002454,FD-013,1780761600,2026-06-06 17:22:00,82,transformer fault,CR-14,8789
OG-001549,FD-028,2025-07-18 07:15:00,2025-07-18 08:16:00,61,overload,,647
OG-001130,FD-018,2025-03-06 18:45:00,2025-03-06 22:07:00,202,equipment failure,CR-08,335
OG-000302,FD-001,2024-05-21 08:15:00,21/05/2024 11:28,193,lightning strike,CR-11,4203
OG-000610,FD-017,2024-08-05 01:00:00,2024-08-05 06:20:00,320,STORM DAMAGE,CR-14,2629
OG-001119,FD-020,2025-03-01 13:15:00,01/03/2025 16:39,204,LIGHTNING STRIKE,CR-13,1624
OG-900152,FD-9152,2025-07-26 10:00:00,2025-04-20 13:00:00,180,unknown,CR-01,500
OG-001169,FD-017,2025-03-23 23:15:00,2025-03-24 00:56:00,101,storm damage,CR-09,2274
OG-900064,FD-964,2024-01-08 10:00:00,2025-01-11 13:00:00,180,unknown,CR-01,500
OG-000201,FD-003,2024-04-20 01:30:00,2024-04-20 04:48:00,198,POLE COLLAPSE,CR-11,6601
OG-002046,FD-010,2025-11-25 18:15:00,2025-11-25 18:23:00,8,overload,CR-14,213
OG-001406,FD-002,2025-06-09 15:45:00,2025-06-09 18:52:00,187,pole collapse,CR-09,1950
OG-002138,FD-017,2026-02-22 04:45:00,2026-02-22 06:50:00,125,pole collapse,CR-04,1429
OG-900108,FD-9108,2024-01-26 10:00:00,2025-05-23 13:00:00,180,unknown,CR-01,500
OG-900273,FD-9273,2025-01-11 10:00:00,07/04/2025 13:00,180,unknown,CR-01,500
OG-001117,FD-033,28/02/2025 09:00,2025-02-28 09:50:00,50,vegetation contact,,123
OG-001040,FD-021,2024-11-27 03:15:00,2024-11-27 06:16:00,181,overload,CR-04,124
OG-001365,FD-026,2025-05-27 00:00:00,2025-05-27 04:44:00,284,pole collapse,CR-03,2244
OG-000490,FD-025,2024-07-09 20:30:00,2024-07-09 23:07:00,157,unknown,CR-15,2054
OG-001642,FD-017,2025-08-09 21:45:00,10/08/2025 01:07,202,vegetation contact,CR-07,2189
OG-001948,FD-028,2025-10-15 07:00:00,15/10/2025 11:15,255,pole collapse,CR-07,1964
OG-001677,FD-012,2025-08-15 04:45:00,2025-08-15 09:53:00,308,lightning strike,CR-15,1376
OG-000294,FD-034,2024-05-18 18:00:00,18/05/2024 22:35,275,lightning strike,CR-11,1282
OG-000312,FD-018,2024-05-23 02:45:00,2024-05-23 05:00:00,135,planned maintenance,CR-07,4591
OG-001903,FD-027,2025-10-02 08:30:00,2025-10-02 09:45:00,75,vegetation contact,CR-11,1207
OG-001541,FD-037,2025-07-16 00:30:00,2025-07-16 03:23:00,173,vegetation contact,CR-16,557
OG-001361,FD-001,2025-05-25 00:45:00,2025-05-25 03:48:00,183,lightning strike,CR-08,2757
OG-000889,FD-023,2024-09-28 20:45:00,2024-09-28 21:06:00,21,VEGETATION CONTACT,,1200
OG-001754,FD-023,2025-08-31 11:15:00,2025-08-31 16:36:00,321,storm damage,CR-04,2667
OG-000684,FD-024,2024-08-21 03:15:00,21/08/2024 07:56,281,storm damage,CR-06,1297
OG-000969,FD-031,1729521900,2024-10-21 18:00:00,195,vegetation contact,CR-06,721
OG-000155,FD-009,2024-04-03 02:30:00,1712118180,113,transformer fault,CR-17,2904
OG-001098,FD-026,2025-02-09 03:30:00,2025-02-09 05:14:00,104,unknown,CR-03,230
OG-900040,FD-940,2025-02-27 10:00:00,1765803600,180,unknown,CR-01,500
OG-002307,FD-032,2026-04-26 20:30:00,2026-04-26 22:51:00,141,vegetation contact,CR-06,107
OG-000225,FD-026,2024-04-29 01:30:00,2024-04-29 05:48:00,258,lightning strike,CR-10,657
OG-001888,FD-033,2025-09-28 02:00:00,28/09/2025 06:09,249,vegetation contact,CR-03,1111
OG-001936,FD-027,2025-10-12 11:30:00,2025-10-12 16:41:00,311,lightning strike,CR-11,610
OG-000926,FD-021,2024-10-06 15:00:00,06/10/2024 16:27,87,storm damage,CR-06,1593
OG-000473,FD-001,1720167300,2024-07-05 12:54:00,279,vegetation contact,CR-11,1961
OG-000563,FD-009,2024-07-27 03:00:00,2024-07-27 07:10:00,250,lightning strike,CR-16,5822
OG-001604,FD-026,01/08/2025 12:00,1754055060,91,unknown,CR-16,1389
OG-900303,FD-9303,2024-07-19 10:00:00,2025-05-07 13:00:00,180,unknown,CR-01,500
OG-002140,FD-011,2026-02-23 18:45:00,2026-02-23 20:25:00,100,vegetation contact,CR-03,6857
OG-000713,FD-010,25/08/2024 00:00,25/08/2024 02:50,170,pole collapse,CR-15,95
OG-002255,FD-003,2026-04-08 18:15:00,2026-04-08 21:56:00,221,pole collapse,CR-05,3420
OG-000102,FD-021,2024-03-14 17:15:00,2024-03-14 21:14:00,239,storm damage,CR-10,206
OG-001302,FD-033,2025-05-11 09:45:00,2025-05-11 12:45:00,180,pole collapse,CR-16,922
OG-001360,FD-015,25/05/2025 17:15,2025-05-25 17:24:00,9,unknown,CR-16,378
OG-000935,FD-021,09/10/2024 07:15,2024-10-09 10:19:00,184 min,lightning strike,CR-11,1644
OG-002351,FD-016,2026-05-08 19:30:00,2026-05-08 22:23:00,173,lightning strike,CR-12,2333
OG-000450,FD-002,2024-06-29 09:30:00,2024-06-29 12:00:00,150,equipment failure,CR-07,5738
OG-002223,FD-019,2026-03-30 10:45:00,1774877940,174,overload,CR-18,1522
OG-000171,FD-023,2024-04-08 12:15:00,2024-04-08 14:19:00,124,storm damage,CR-09,941
OG-002346,FD-028,2026-05-07 03:00:00,2026-05-07 04:28:00,88,cable theft,CR-08,3225
OG-000628,FD-037,2024-08-10 18:30:00,2024-08-10 22:08:00,218,STORM DAMAGE,CR-14,3559
OG-000808,FD-012,2024-09-12 05:45:00,2024-09-12 09:30:00,225,pole collapse,CR-10,1244
OG-000944,FD-037,2024-10-12 12:45:00,2024-10-12 14:08:00,83,storm damage,CR-09,3357
OG-002465,FD-023,2026-06-10 17:00:00,1781124180,223,vegetation contact,CR-11,1145
OG-001769,FD-010,03/09/2025 13:30,2025-09-03 14:18:00,48,planned maintenance,CR-02,116
OG-000304,FD-020,2024-05-21 19:30:00,2024-05-21 22:53:00,203,vegetation contact,CR-03,475
OG-000016,FD-006,2024-01-13 10:15:00,2024-01-13 12:29:00,134,storm damage,CR-15,421
OG-001720,FD-007,2025-08-23 15:00:00,2025-08-23 18:38:00,218,storm damage,CR-07,840
OG-000516,FD-036,2024-07-15 09:30:00,2024-07-15 14:18:00,288,STORM DAMAGE,CR-16,38
OG-900219,FD-9219,2024-10-11 10:00:00,2025-03-23 13:00:00,180,unknown,CR-01,500
OG-000299,FD-036,2024-05-20 02:30:00,2024-05-20 08:40:00,370,lightning strike,CR-13,3235
OG-000608,FD-023,2024-08-05 01:30:00,2024-08-05 03:04:00,94,pole collapse,CR-10,2467
OG-002387,FD-027,2026-05-20 12:30:00,2026-05-20 14:25:00,115,overload,,666
OG-001270,FD-031,2025-05-01 13:15:00,2025-05-01 13:23:00,8,overload,CR-02,434
OG-002427,FD-036,2026-05-29 02:45:00,2026-05-29 07:53:00,308 min,vegetation contact,CR-16,945
OG-900233,FD-9233,1733997600,2025-02-01 13:00:00,180,unknown,CR-01,500
OG-002344,FD-036,2026-05-07 23:15:00,08/05/2026 02:50,215,vegetation contact,CR-09,713
OG-900315,FD-9315,2025-07-17 10:00:00,2025-04-14 13:00:00,180,unknown,CR-01,500
OG-000010,FD-015,2024-01-10 00:30:00,2024-01-10 00:38:00,8,overload,CR-15,217
OG-000739,FD-012,1725016500,2024-08-30 14:58:00,223,vegetation contact,CR-02,1324
OG-002180,FD-004,2026-03-08 09:00:00,2026-03-08 10:23:00,83,lightning strike,CR-04,854
OG-900089,FD-989,2025-03-04 10:00:00,2025-09-24 13:00:00,180,unknown,CR-01,500
OG-000648,FD-021,2024-08-13 09:15:00,13/08/2024 11:05,110,pole collapse,CR-08,3125
OG-001658,FD-008,12/08/2025 14:30,2025-08-12 18:25:00,235 min,storm damage,CR-05,4653
OG-000941,FD-019,2024-10-11 18:00:00,2024-10-11 19:18:00,78,storm damage,CR-11,1731
OG-001964,FD-019,19/10/2025 21:15,2025-10-19 21:50:00,35,equipment failure,CR-10,3697
OG-900049,FD-949,2025-09-15 10:00:00,2025-03-01 13:00:00,180,unknown,CR-01,500
OG-001342,FD-030,2025-05-21 14:15:00,21/05/2025 15:24,69,equipment failure,CR-17,2128
OG-001127,FD-021,05/03/2025 13:30,2025-03-05 15:53:00,143,vegetation contact,CR-10,857
OG-001264,FD-030,2025-04-28 14:30:00,2025-04-28 17:43:00,193,lightning strike,CR-12,3996
OG-900230,FD-9230,2024-10-27 10:00:00,1750770000,180,unknown,CR-01,500
OG-000563,FD-009,2024-07-27 03:00:00,2024-07-27 07:10:00,250,lightning strike,CR-16,5822
OG-000905,FD-032,2024-10-02 11:45:00,2024-10-02 16:02:00,257,pole collapse,CR-16,1178
OG-001405,FD-007,2025-06-09 03:30:00,2025-06-09 07:18:00,228,vegetation contact,CR-01,1196
OG-000560,FD-019,2024-07-26 15:00:00,2024-07-26 17:00:00,120,pole collapse,CR-09,2549
OG-000206,FD-010,2024-04-22 13:15:00,2024-04-22 19:18:00,363 min,pole collapse,CR-06,362
OG-001732,FD-002,2025-08-26 09:30:00,1756216860,271,storm damage,,5279
OG-001118,FD-019,2025-02-28 11:00:00,2025-02-28 13:22:00,142,planned maintenance,CR-13,3535
OG-002328,FD-027,2026-05-03 10:45:00,2026-05-03 12:26:00,101,pole collapse,CR-16,1719
OG-001996,FD-033,1761526800,2025-10-27 01:55:00,55,transformer fault,CR-08,1355
OG-900239,FD-9239,1764237600,2025-04-04 13:00:00,180,unknown,CR-01,500
OG-001068,FD-028,2025-01-04 22:00:00,2025-01-05 01:01:00,181,pole collapse,CR-07,1825
OG-900004,FD-904,2024-05-05 10:00:00,2025-08-12 13:00:00,180,unknown,CR-01,500
OG-001313,FD-001,2025-05-13 00:45:00,2025-05-13 02:18:00,93,equipment failure,CR-16,8193
OG-000704,FD-026,2024-08-24 19:45:00,2024-08-24 19:53:00,8,unknown,CR-14,551
OG-002038,FD-011,2025-11-16 02:30:00,2025-11-16 03:12:00,42,equipment failure,CR-14,5309
OG-001970,FD-027,2025-10-20 06:45:00,2025-10-20 07:10:00,25,storm damage,CR-04,451
OG-001006,FD-005,2024-11-10 12:30:00,2024-11-10 13:44:00,74,pole collapse,CR-05,1842
OG-000404,FD-022,19/06/2024 13:45,1718822100,290,POLE COLLAPSE,CR-10,305
OG-000314,FD-025,2024-05-23 16:30:00,2024-05-23 19:15:00,165,lightning strike,CR-08,3467
OG-002188,FD-034,2026-03-11 22:15:00,2026-03-12 03:20:00,305,storm damage,CR-07,982
OG-900165,FD-9165,2024-09-23 10:00:00,2025-08-03 13:00:00,180,unknown,CR-01,500
OG-000531,FD-030,2024-07-18 11:45:00,2024-07-18 14:46:00,181,pole collapse,CR-13,3385
OG-001055,FD-020,2024-12-22 16:15:00,2024-12-22 16:23:00,8,vegetation contact,CR-03,4538
OG-900324,FD-9324,2024-01-03 10:00:00,2025-07-05 13:00:00,180,unknown,CR-01,500
OG-000261,FD-004,2024-05-09 07:30:00,2024-05-09 09:37:00,127,unknown,CR-08,3118
OG-000243,FD-020,2024-05-05 23:00:00,06/05/2024 02:14,194,lightning strike,CR-15,1382
OG-900221,FD-9221,21/01/2024 10:00,2025-07-01 13:00:00,180,unknown,CR-01,500
OG-900300,FD-9300,2025-06-20 10:00:00,2025-12-07 13:00:00,180,unknown,CR-01,500
OG-001943,FD-017,2025-10-14 21:30:00,2025-10-14 23:37:00,127 min,planned maintenance,CR-14,908
OG-002414,FD-034,2026-05-26 06:30:00,2026-05-26 10:23:00,233,lightning strike,,154
OG-900147,FD-9147,2025-12-21 10:00:00,2025-07-26 13:00:00,180,unknown,CR-01,500
OG-900168,FD-9168,2024-02-09 10:00:00,2025-01-07 13:00:00,180,unknown,CR-01,500
OG-900325,FD-9325,2024-07-26 10:00:00,2025-04-11 13:00:00,180,unknown,CR-01,500
OG-000814,FD-036,2024-09-13 15:30:00,2024-09-13 20:15:00,285 min,pole collapse,CR-12,1386
OG-000566,FD-001,2024-07-27 17:30:00,27/07/2024 19:42,132,vegetation contact,CR-05,380
OG-001459,FD-034,2025-06-27 20:15:00,1751060940,94,storm damage,CR-01,685
OG-001916,FD-028,2025-10-06 22:45:00,2025-10-07 02:54:00,249,pole collapse,CR-10,554
OG-002250,FD-015,1775538000,2026-04-07 09:13:00,253,overload,CR-18,250
OG-002156,FD-007,01/03/2026 01:15,2026-03-01 04:22:00,187,lightning strike,CR-06,1376
OG-001515,FD-001,2025-07-11 09:00:00,2025-07-11 10:14:00,74 min,overload,CR-04,8149
OG-001050,FD-020,2024-12-14 17:15:00,14/12/2024 22:42,327,vegetation contact,CR-06,4246
OG-000515,FD-031,14/07/2024 19:45,2024-07-15 00:34:00,289,LIGHTNING STRIKE,CR-09,1555
OG-001300,FD-006,10/05/2025 08:15,2025-05-10 09:35:00,80,lightning strike,CR-01,2900
OG-000036,FD-016,2024-01-24 19:30:00,1706125080,8,equipment failure,CR-08,135
OG-000447,FD-025,2024-06-29 07:00:00,29/06/2024 10:36,216,pole collapse,CR-07,3740
OG-000220,FD-035,2024-04-27 11:00:00,2024-04-27 16:38:00,338,vegetation contact,CR-06,520
OG-001706,FD-028,1755774000,2025-08-21 15:15:00,255,pole collapse,CR-11,2543
OG-000875,FD-033,2024-09-25 23:15:00,2024-09-26 01:06:00,111,pole collapse,CR-18,963
OG-001112,FD-037,2025-02-25 00:45:00,25/02/2025 02:44,119,planned maintenance,CR-10,2981
OG-900188,FD-9188,13/09/2024 10:00,1749646800,180,unknown,CR-01,500
OG-002059,FD-001,2025-12-07 00:00:00,2025-12-07 02:26:00,146,transformer fault,CR-06,5873
OG-002162,FD-023,03/03/2026 02:00,2026-03-03 03:34:00,94,transformer fault,CR-02,2316
OG-002246,FD-015,2026-04-06 19:15:00,2026-04-06 19:35:00,20,transformer fault,CR-18,198
OG-000185,FD-028,2024-04-15 10:15:00,2024-04-15 12:56:00,161,vegetation contact,CR-04,3239
OG-001800,FD-021,2025-09-10 09:45:00,1757508120,177,pole collapse,CR-11,2493
OG-000014,FD-031,1705071600,2024-01-12 15:08:00,8,transformer fault,CR-03,648
OG-000002,FD-023,02/01/2024 20:30,2024-01-03 02:15:00,345,lightning strike,CR-03,1021
OG-001089,FD-037,2025-01-31 21:30:00,2025-02-01 01:33:00,243 min,storm damage,CR-08,394
OG-000369,FD-004,2024-06-08 13:45:00,2024-06-08 20:30:00,405,storm damage,CR-04,2599
OG-001574,FD-030,2025-07-24 18:00:00,24/07/2025 21:57,237,vegetation contact,CR-18,2930
OG-000752,FD-005,2024-09-01 15:00:00,2024-09-01 17:34:00,154,lightning strike,CR-12,3416
OG-001972,FD-007,2025-10-21 01:15:00,2025-10-21 01:48:00,33,lightning strike,CR-14,1402
OG-002160,FD-036,2026-03-03 03:30:00,2026-03-03 03:38:00,8,overload,CR-06,411
OG-900067,FD-967,2025-04-13 10:00:00,1743512400,180,unknown,CR-01,500
OG-000809,FD-017,2024-09-12 11:30:00,2024-09-12 15:31:00,241,vegetation contact,CR-12,2450
OG-002132,FD-004,2026-02-18 00:45:00,1771375980,8,overload,CR-08,423
OG-001102,FD-012,2025-02-18 02:00:00,18/02/2025 03:21,81,storm damage,CR-02,429
OG-900262,FD-9262,2025-10-24 10:00:00,2025-12-19 13:00:00,180,unknown,CR-01,500
OG-000290,FD-010,2024-05-17 07:45:00,2024-05-17 10:07:00,142,unknown,CR-06,301
OG-900337,FD-9337,2025-07-01 10:00:00,2025-01-02 13:00:00,180,unknown,CR-01,500
OG-001163,FD-001,2025-03-20 12:00:00,20/03/2025 16:20,260,vegetation contact,CR-08,1142
OG-000925,FD-027,2024-10-06 21:45:00,07/10/2024 00:14,149,storm damage,CR-03,1179
OG-000948,FD-026,2024-10-14 07:30:00,2024-10-14 08:07:00,37,equipment failure,CR-18,3002
OG-002373,FD-019,16/05/2026 08:45,2026-05-16 10:57:00,132 min,vegetation contact,CR-09,2189
OG-000543,FD-015,2024-07-22 02:45:00,2024-07-22 02:53:00,8,unknown,CR-14,171
OG-001514,FD-029,2025-07-11 14:30:00,2025-07-11 17:38:00,188,storm damage,CR-14,1254
OG-900018,FD-918,05/02/2024 10:00,18/05/2025 13:00,180,unknown,CR-01,500
OG-001470,FD-023,2025-06-29 13:45:00,2025-06-29 17:14:00,209,pole collapse,CR-02,1976
OG-001265,FD-015,2025-04-29 00:00:00,2025-04-29 00:08:00,8,vegetation contact,CR-03,97
OG-001755,FD-034,2025-08-31 22:15:00,2025-09-01 03:37:00,322,pole collapse,CR-03,1183
OG-000423,FD-010,2024-06-23 03:00:00,2024-06-23 06:30:00,210,storm damage,CR-07,288
OG-002034,FD-003,2025-11-16 18:15:00,2025-11-16 20:40:00,145,overload,CR-08,4324
OG-001982,FD-022,2025-10-24 02:45:00,2025-10-24 04:56:00,131,lightning strike,CR-01,196
OG-001376,FD-024,2025-05-31 21:15:00,2025-06-01 01:49:00,274,cable theft,CR-17,836
OG-900268,FD-9268,11/02/2025 10:00,2025-07-21 13:00:00,180,unknown,CR-01,500
OG-002517,FD-018,2026-06-23 09:30:00,2026-06-23 12:27:00,177,pole collapse,CR-13,713
OG-000351,FD-006,2024-06-04 09:00:00,2024-06-04 11:07:00,127,equipment failure,CR-03,6877
OG-001742,FD-027,1756459800,2025-08-29 14:03:00,273,storm damage,CR-11,622
OG-900226,FD-9226,2025-03-10 10:00:00,2025-10-08 13:00:00,180,unknown,CR-01,500
OG-002050,FD-014,2025-11-26 11:00:00,26/11/2025 11:58,58,unknown,CR-10,2806
OG-001550,FD-026,2025-07-18 22:15:00,2025-07-19 02:35:00,260,cable theft,CR-05,1826
OG-000371,FD-019,09/06/2024 08:45,2024-06-09 09:51:00,66,vegetation contact,CR-03,2722
OG-001726,FD-031,2025-08-25 17:30:00,2025-08-25 20:33:00,183,pole collapse,CR-04,783
OG-002192,FD-007,2026-03-14 19:15:00,2026-03-14 20:32:00,77 min,unknown,CR-08,730
OG-000268,FD-021,2024-05-11 18:30:00,11/05/2024 21:40,190,pole collapse,CR-06,1687
OG-001867,FD-033,2025-09-24 23:00:00,25/09/2025 02:44,224,lightning strike,CR-07,387
OG-001257,FD-009,2025-04-26 11:15:00,2025-04-26 15:29:00,254,lightning strike,CR-16,4323
OG-001735,FD-019,2025-08-27 08:30:00,2025-08-27 10:25:00,115,storm damage,CR-10,709
OG-001918,FD-016,2025-10-07 13:15:00,2025-10-07 13:23:00,8,unknown,,531
OG-001153,FD-016,2025-03-17 19:15:00,2025-03-17 20:25:00,70,overload,CR-08,893
OG-001681,FD-022,2025-08-15 21:45:00,2025-08-16 04:53:00,428,lightning strike,CR-09,141
OG-000372,FD-018,2024-06-09 14:00:00,09/06/2024 17:37,217,storm damage,CR-02,1038
OG-001427,FD-015,2025-06-16 16:00:00,2025-06-16 18:44:00,164,storm damage,CR-05,827
OG-001850,FD-003,2025-09-20 12:15:00,2025-09-20 16:22:00,247,storm damage,CR-15,2021
OG-000060,FD-014,2024-02-19 20:30:00,2024-02-19 21:56:00,86,storm damage,CR-16,5613
OG-001240,FD-035,20/04/2025 00:00,2025-04-20 02:12:00,132,lightning strike,CR-17,779
OG-001585,FD-030,2025-07-26 00:15:00,2025-07-26 02:35:00,140,unknown,CR-15,7314
OG-000112,FD-027,2024-03-17 22:15:00,2024-03-18 01:03:00,168,cable theft,CR-15,2253
OG-000395,FD-029,2024-06-16 17:00:00,2024-06-16 20:13:00,193,vegetation contact,CR-13,408
OG-000341,FD-013,2024-06-01 09:15:00,01/06/2024 10:30,75,OVERLOAD,CR-06,6023
OG-001066,FD-031,2025-01-04 23:45:00,1736041620,122,planned maintenance,CR-03,987
OG-000749,FD-033,2024-09-01 19:00:00,2024-09-01 20:20:00,80,LIGHTNING STRIKE,CR-15,39
OG-002060,FD-035,07/12/2025 17:00,2025-12-07 18:15:00,75,unknown,CR-03,1393
OG-002090,FD-035,2025-12-31 12:00:00,2025-12-31 15:08:00,188,planned maintenance,CR-09,55
OG-002359,FD-007,2026-05-10 16:00:00,2026-05-10 17:46:00,106,overload,CR-01,389
OG-001336,FD-009,2025-05-19 03:45:00,1747634100,130 min,unknown,CR-01,4710
OG-000362,FD-010,2024-06-06 03:30:00,2024-06-06 07:40:00,250,transformer fault,,239
OG-001363,FD-036,2025-05-26 16:15:00,26/05/2025 20:32,257,POLE COLLAPSE,CR-05,3331
OG-000915,FD-016,2024-10-04 22:30:00,2024-10-05 04:00:00,330,vegetation contact,CR-05,1517
OG-002394,FD-003,2026-05-22 04:15:00,2026-05-22 05:22:00,67,vegetation contact,CR-14,3924
OG-000771,FD-030,2024-09-05 11:30:00,05/09/2024 13:56,146,lightning strike,CR-12,988
OG-000823,FD-010,2024-09-15 21:45:00,2024-09-16 01:02:00,197 min,pole collapse,CR-18,249
OG-002088,FD-010,2025-12-29 02:30:00,2025-12-29 05:08:00,158,planned maintenance,CR-18,204
OG-900291,FD-9291,23/02/2025 10:00,2025-10-14 13:00:00,180,unknown,CR-01,500
OG-000338,FD-035,2024-05-31 11:45:00,2024-05-31 15:35:00,230,planned maintenance,CR-15,1161
OG-002183,FD-004,1773045900,1773050460,76,overload,CR-11,2847
OG-002035,FD-023,2025-11-16 15:45:00,2025-11-16 18:30:00,165,overload,CR-09,2609
OG-001731,FD-027,2025-08-26 10:30:00,26/08/2025 12:29,119,pole collapse,CR-04,705
OG-001037,FD-015,25/11/2024 16:30,2024-11-25 18:36:00,126,cable theft,CR-02,1005
OG-002285,FD-030,2026-04-20 20:15:00,2026-04-20 23:47:00,212,vegetation contact,CR-01,7176
OG-001040,FD-021,2024-11-27 03:15:00,2024-11-27 06:16:00,181,overload,CR-04,124
OG-000099,FD-029,2024-03-13 21:45:00,2024-03-14 01:48:00,243,pole collapse,CR-17,1786
OG-002478,FD-003,2026-06-14 20:45:00,2026-06-14 20:53:00,8,transformer fault,CR-04,3307
OG-000812,FD-010,1726224300,13/09/2024 13:25,160,planned maintenance,CR-06,342
OG-000160,FD-016,2024-04-05 09:45:00,2024-04-05 11:31:00,106,cable theft,CR-14,1227
OG-000653,FD-004,2024-08-15 08:00:00,2024-08-15 11:58:00,238,LIGHTNING STRIKE,CR-07,1558
OG-000413,FD-035,2024-06-21 12:15:00,2024-06-21 16:46:00,271,pole collapse,CR-06,1378
OG-002300,FD-003,2026-04-25 05:30:00,1777107840,214,unknown,CR-15,2547
OG-000228,FD-024,29/04/2024 10:00,29/04/2024 14:54,294,vegetation contact,CR-04,1928
OG-000159,FD-028,2024-04-04 22:30:00,2024-04-05 02:56:00,266,storm damage,CR-07,1260
OG-000391,FD-009,15/06/2024 15:15,1718469060,76,storm damage,CR-08,3544
OG-000978,FD-020,2024-10-24 02:45:00,2024-10-24 05:36:00,171,lightning strike,CR-11,1431
OG-000850,FD-029,1726893900,1726905600,195,pole collapse,CR-03,2570
OG-000559,FD-033,2024-07-26 22:15:00,2024-07-27 01:19:00,184,pole collapse,CR-12,525
OG-001474,FD-032,2025-06-30 04:30:00,1751265900,135,storm damage,CR-14,1772
OG-000483,FD-029,2024-07-07 17:15:00,2024-07-07 20:35:00,200,pole collapse,CR-16,801
OG-001749,FD-032,2025-08-31 22:00:00,2025-08-31 22:54:00,54,storm damage,CR-16,124
OG-002508,FD-002,2026-06-22 19:30:00,22/06/2026 20:54,84,overload,CR-15,545
OG-001674,FD-013,2025-08-14 18:15:00,2025-08-14 21:31:00,196,lightning strike,CR-09,8597
OG-001185,FD-006,2025-03-29 08:45:00,2025-03-29 11:56:00,191,storm damage,CR-11,5595
OG-000677,FD-009,2024-08-19 09:45:00,2024-08-19 12:51:00,186,pole collapse,CR-08,2231
OG-001826,FD-011,2025-09-15 09:30:00,2025-09-15 12:58:00,208,lightning strike,CR-17,895
OG-900235,FD-9235,2025-03-08 10:00:00,2025-04-21 13:00:00,180,unknown,CR-01,500
OG-001203,FD-006,2025-04-07 16:30:00,2025-04-07 20:52:00,262,pole collapse,CR-01,5691
OG-002216,FD-014,27/03/2026 22:45,2026-03-27 22:53:00,8,unknown,CR-16,138
OG-002341,FD-011,2026-05-06 17:45:00,2026-05-06 23:20:00,335,lightning strike,CR-02,6587
OG-001003,FD-011,2024-11-04 13:45:00,2024-11-04 16:19:00,154,unknown,CR-18,28
OG-000350,FD-013,04/06/2024 18:45,2024-06-04 21:51:00,186,vegetation contact,CR-07,3920
OG-001860,FD-035,2025-09-23 07:15:00,2025-09-23 09:58:00,163,pole collapse,CR-05,538
OG-001630,FD-035,2025-08-07 04:15:00,2025-08-07 08:49:00,274,lightning strike,,480
OG-002512,FD-034,2026-06-23 00:15:00,2026-06-23 01:31:00,76,overload,CR-09,834
OG-001523,FD-016,2025-07-12 18:30:00,2025-07-12 18:38:00,8,planned maintenance,CR-16,1869
OG-001072,FD-008,2025-01-09 10:00:00,2025-01-09 10:26:00,26,cable theft,CR-11,6471
OG-001261,FD-004,2025-04-27 04:15:00,2025-04-27 07:54:00,219,storm damage,CR-02,1068
OG-000359,FD-027,2024-06-06 12:30:00,2024-06-06 15:04:00,154,unknown,CR-11,221
OG-000888,FD-003,2024-09-28 14:15:00,2024-09-28 19:01:00,286,storm damage,CR-03,5653
OG-001137,FD-022,2025-03-11 02:00:00,2025-03-11 02:40:00,40,unknown,CR-04,933
OG-001369,FD-001,2025-05-29 20:30:00,29/05/2025 22:40,130,planned maintenance,CR-11,3560
OG-000507,FD-007,2024-07-12 12:45:00,2024-07-12 17:20:00,275,vegetation contact,CR-14,1331
OG-000777,FD-013,2024-09-06 06:15:00,2024-09-06 09:17:00,182,lightning strike,CR-07,6524
OG-001680,FD-006,2025-08-15 20:00:00,15/08/2025 22:23,143,pole collapse,,3012
OG-001388,FD-001,2025-06-04 07:45:00,2025-06-04 08:04:00,19,transformer fault,CR-08,4895
OG-002048,FD-021,2025-11-25 08:15:00,2025-11-25 10:31:00,136,lightning strike,CR-10,2114
OG-001086,FD-001,2025-01-24 08:30:00,2025-01-24 13:28:00,298,vegetation contact,CR-02,8318
OG-000595,FD-003,2024-08-03 20:30:00,04/08/2024 00:57,267 min,pole collapse,CR-07,1922
OG-002376,FD-028,2026-05-17 18:00:00,17/05/2026 19:25,85,lightning strike,CR-12,4265
OG-001383,FD-012,2025-06-02 16:30:00,2025-06-02 19:36:00,186,vegetation contact,CR-03,1158
OG-001633,FD-032,1754597700,08/08/2025 00:35,260,pole collapse,CR-10,932
OG-000208,FD-021,2024-04-22 04:45:00,2024-04-22 06:39:00,114,pole collapse,CR-15,1765
OG-002206,FD-003,2026-03-20 08:15:00,2026-03-20 10:51:00,156,storm damage,,2253
OG-001151,FD-018,2025-03-17 11:45:00,17/03/2025 14:50,185,vegetation contact,CR-12,684
OG-900019,FD-919,2025-05-15 10:00:00,2025-11-11 13:00:00,180,unknown,CR-01,500
OG-000555,FD-020,1721844900,2024-07-25 00:19:00,364,pole collapse,CR-04,1231
OG-000675,FD-015,2024-08-19 02:15:00,2024-08-19 05:40:00,205,storm damage,CR-16,686
OG-000803,FD-010,2024-09-11 09:00:00,2024-09-11 10:47:00,107,vegetation contact,CR-03,99
OG-001163,FD-001,2025-03-20 12:00:00,20/03/2025 16:20,260,vegetation contact,CR-08,1142
OG-001120,FD-020,2025-03-01 19:30:00,01/03/2025 22:19,169,pole collapse,CR-08,4018
OG-000051,FD-011,2024-02-10 17:30:00,2024-02-10 21:40:00,250,storm damage,CR-15,5210
OG-001196,FD-011,2025-04-06 21:30:00,2025-04-06 22:23:00,53,storm damage,CR-16,6482
OG-000424,FD-027,2024-06-23 14:45:00,2024-06-23 16:01:00,76,cable theft,CR-11,2418
OG-000651,FD-030,2024-08-14 03:15:00,2024-08-14 06:08:00,173,pole collapse,CR-05,2100
OG-900206,FD-9206,2024-06-04 10:00:00,2025-02-25 13:00:00,180,unknown,CR-01,500
OG-000492,FD-015,2024-07-09 23:15:00,2024-07-10 00:31:00,76 min,vegetation contact,CR-09,205
OG-001380,FD-036,01/06/2025 17:15,2025-06-01 22:50:00,335,POLE COLLAPSE,CR-16,2485
OG-000994,FD-017,2024-10-31 01:45:00,2024-10-31 03:27:00,102 min,lightning strike,CR-03,1802
OG-000148,FD-005,2024-04-01 15:00:00,2024-04-01 18:00:00,180,transformer fault,,2402
OG-001279,FD-035,2025-05-04 08:15:00,2025-05-04 08:27:00,12,lightning strike,CR-14,714
OG-900116,FD-9116,2024-06-01 10:00:00,2025-06-13 13:00:00,180,unknown,CR-01,500
OG-002426,FD-032,2026-05-28 15:15:00,28/05/2026 21:19,364,storm damage,CR-01,81
OG-001977,FD-031,22/10/2025 09:30,2025-10-22 10:13:00,43,unknown,CR-17,1862
OG-002063,FD-036,09/12/2025 22:45,1765325040,79,unknown,CR-04,3791
OG-002412,FD-035,25/05/2026 06:30,2026-05-25 09:32:00,182,pole collapse,CR-10,1120
OG-001744,FD-021,2025-08-29 11:00:00,2025-08-29 15:35:00,275,lightning strike,CR-13,2994
OG-001472,FD-031,2025-06-30 20:00:00,2025-06-30 22:24:00,144,transformer fault,CR-15,1010
OG-001083,FD-031,19/01/2025 11:15,2025-01-19 13:12:00,117,transformer fault,CR-13,132
OG-900244,FD-9244,2024-12-22 10:00:00,2025-07-03 13:00:00,180,unknown,CR-01,500
OG-001485,FD-017,03/07/2025 22:30,1751583240,24,unknown,CR-15,2004
OG-000330,FD-027,29/05/2024 21:00,2024-05-29 22:20:00,80,vegetation contact,CR-07,2532
OG-000639,FD-022,1723348800,2024-08-11 07:26:00,206,pole collapse,CR-11,364
OG-001246,FD-010,2025-04-21 10:30:00,2025-04-21 12:53:00,143,vegetation contact,CR-10,287
OG-000661,FD-004,2024-08-16 19:15:00,2024-08-16 21:51:00,156,pole collapse,CR-06,1920
OG-002439,FD-029,01/06/2026 08:00,2026-06-01 09:29:00,89,vegetation contact,CR-10,2495
OG-001626,FD-028,1754523900,07/08/2025 01:18,93 min,equipment failure,CR-01,451
OG-000280,FD-030,1715713200,2024-05-14 22:46:00,226,lightning strike,CR-05,3023
OG-001178,FD-020,2025-03-27 14:15:00,2025-03-27 16:28:00,133,overload,CR-04,3018
OG-000464,FD-009,2024-07-03 04:30:00,2024-07-03 04:54:00,24,cable theft,CR-14,5699
OG-001935,FD-009,2025-10-12 01:30:00,1760242740,169,storm damage,CR-15,4671
OG-000649,FD-028,2024-08-14 10:30:00,2024-08-14 13:11:00,161,vegetation contact,CR-14,4230
OG-000489,FD-001,2024-07-09 04:30:00,2024-07-09 08:34:00,244,pole collapse,CR-04,6132
OG-001030,FD-037,2024-11-19 12:15:00,2024-11-19 12:23:00,8 min,planned maintenance,CR-03,370
OG-001082,FD-010,2025-01-18 03:15:00,2025-01-18 03:23:00,8,equipment failure,CR-02,421
OG-002423,FD-014,2026-05-27 13:45:00,2026-05-27 16:43:00,178,vegetation contact,CR-15,5331
OG-002170,FD-036,2026-03-06 23:45:00,2026-03-07 02:34:00,169,planned maintenance,CR-13,663
OG-001929,FD-016,2025-10-10 05:00:00,2025-10-10 07:13:00,133,pole collapse,CR-08,1738
OG-002437,FD-032,2026-06-01 19:30:00,2026-06-01 23:52:00,262,lightning strike,CR-18,262
OG-002167,FD-012,2026-03-05 07:00:00,05/03/2026 08:50,110,unknown,CR-09,292
OG-001593,FD-036,2025-07-29 13:45:00,1753809360,211,vegetation contact,CR-09,508
OG-900122,FD-9122,1705831200,2025-07-01 13:00:00,180,unknown,CR-01,500
OG-900035,FD-935,2025-07-14 10:00:00,2025-10-26 13:00:00,180,unknown,CR-01,500
OG-001809,FD-011,12/09/2025 14:00,1757706120,342,lightning strike,CR-17,3239
OG-002009,FD-012,2025-10-31 05:15:00,2025-10-31 08:29:00,194,pole collapse,CR-09,605
OG-000657,FD-028,2024-08-16 19:00:00,2024-08-16 22:33:00,213,vegetation contact,CR-11,153
OG-001135,FD-035,2025-03-09 21:00:00,2025-03-10 00:11:00,191,pole collapse,CR-15,416
OG-000440,FD-032,28/06/2024 18:30,2024-06-28 20:42:00,132,lightning strike,CR-01,1007
OG-900172,FD-9172,2025-02-21 10:00:00,2025-10-27 13:00:00,180,unknown,CR-01,500
OG-001166,FD-037,1742709600,2025-03-23 09:01:00,181,equipment failure,CR-12,1131
OG-002514,FD-030,2026-06-23 09:00:00,23/06/2026 09:08,8,unknown,CR-07,843
OG-002491,FD-002,2026-06-18 00:15:00,2026-06-18 01:59:00,104,vegetation contact,CR-07,3545
OG-900323,FD-9323,2025-02-08 10:00:00,2025-12-12 13:00:00,180,unknown,CR-01,500
OG-002304,FD-004,2026-04-25 20:15:00,2026-04-26 01:23:00,308,storm damage,CR-13,175
OG-001322,FD-035,2025-05-15 05:30:00,2025-05-15 06:43:00,73,storm damage,CR-06,1157
OG-001965,FD-010,2025-10-20 11:30:00,2025-10-20 16:50:00,320,storm damage,CR-08,262
OG-000575,FD-027,2024-07-29 13:15:00,2024-07-29 15:57:00,162,unknown,CR-17,1838
OG-001479,FD-006,2025-07-02 23:45:00,2025-07-03 02:57:00,192,pole collapse,CR-13,1095
OG-002499,FD-009,19/06/2026 05:30,2026-06-19 06:05:00,35,lightning strike,CR-06,2021
OG-900051,FD-951,2025-02-05 10:00:00,2025-08-11 13:00:00,180,unknown,CR-01,500
OG-002327,FD-004,2026-05-03 09:15:00,03/05/2026 12:44,209,lightning strike,CR-10,1092
OG-002379,FD-017,2026-05-18 17:30:00,2026-05-18 19:50:00,140,vegetation contact,CR-04,2012
OG-001214,FD-035,2025-04-11 04:15:00,2025-04-11 06:49:00,154,vegetation contact,CR-18,1393
OG-001022,FD-030,2024-11-17 23:15:00,2024-11-17 23:23:00,8 min,cable theft,CR-18,5818
OG-000854,FD-025,2024-09-21 01:15:00,2024-09-21 01:52:00,37,equipment failure,CR-03,2986
OG-000821,FD-027,2024-09-15 11:00:00,15/09/2024 11:08,8,unknown,CR-12,1293
OG-002201,FD-021,2026-03-18 09:15:00,2026-03-18 12:44:00,209 min,vegetation contact,CR-11,2804
OG-900289,FD-9289,09/08/2025 10:00,2025-04-09 13:00:00,180,unknown,CR-01,500
OG-900213,FD-9213,2024-08-27 10:00:00,2025-10-15 13:00:00,180,unknown,CR-01,500
OG-000360,FD-011,2024-06-06 18:15:00,06/06/2024 19:07,52,pole collapse,CR-12,3701
OG-002362,FD-010,11/05/2026 20:15,2026-05-11 22:01:00,106,vegetation contact,CR-14,49
OG-001456,FD-017,2025-06-26 14:15:00,2025-06-26 16:39:00,144,pole collapse,CR-06,628
OG-000232,FD-021,2024-05-01 05:15:00,2024-05-01 09:26:00,251,storm damage,CR-07,1884
OG-000607,FD-006,2024-08-05 19:15:00,2024-08-05 21:55:00,160,storm damage,CR-18,5927
OG-000858,FD-016,2024-09-22 06:30:00,2024-09-22 09:53:00,203,lightning strike,,2414
OG-000524,FD-014,2024-07-17 08:00:00,17/07/2024 10:55,175,transformer fault,CR-10,5839
OG-000054,FD-017,2024-02-14 06:30:00,2024-02-14 07:21:00,51,overload,CR-11,2176
OG-000467,FD-001,2024-07-03 21:45:00,04/07/2024 02:13,268,lightning strike,CR-02,1554
OG-001273,FD-029,03/05/2025 19:30,2025-05-03 20:07:00,37,pole collapse,CR-14,1394
OG-002202,FD-023,2026-03-18 04:00:00,2026-03-18 07:32:00,212,cable theft,CR-07,114
OG-900091,FD-991,2025-04-01 10:00:00,26/08/2025 13:00,180,unknown,CR-01,500
OG-000950,FD-007,2024-10-14 15:15:00,1728932340,224,storm damage,CR-17,710
OG-000993,FD-006,2024-10-30 05:30:00,2024-10-30 07:48:00,138,vegetation contact,CR-01,5605
OG-001306,FD-001,2025-05-12 13:00:00,2025-05-12 13:08:00,8,cable theft,CR-11,6205
OG-001795,FD-035,2025-09-09 07:00:00,09/09/2025 12:18,318,lightning strike,,763
OG-000857,FD-025,2024-09-22 03:30:00,22/09/2024 08:31,301,storm damage,CR-15,3431
OG-000616,FD-004,2024-08-07 19:30:00,07/08/2024 21:27,117,overload,CR-04,1380
OG-001902,FD-001,2025-10-01 18:30:00,2025-10-01 20:21:00,111,planned maintenance,CR-09,4650
OG-002189,FD-006,2026-03-11 16:45:00,2026-03-11 18:47:00,122,lightning strike,CR-06,6020
OG-000527,FD-007,2024-07-17 14:00:00,17/07/2024 15:45,105,overload,CR-18,818
OG-000625,FD-031,2024-08-09 16:45:00,09/08/2024 22:00,315,storm damage,CR-10,794
OG-000316,FD-018,2024-05-24 09:30:00,1716569640,444,pole collapse,,1775
OG-000656,FD-023,2024-08-15 11:45:00,2024-08-15 13:05:00,80,lightning strike,CR-15,215
OG-000425,FD-024,24/06/2024 16:30,2024-06-24 17:45:00,75,cable theft,CR-06,1792
OG-000191,FD-003,2024-04-17 10:15:00,1713368520,327,vegetation contact,,1608
OG-900151,FD-9151,2024-12-12 10:00:00,2025-11-06 13:00:00,180,unknown,CR-01,500
OG-001938,FD-026,2025-10-12 18:45:00,2025-10-13 01:24:00,399,lightning strike,CR-08,967
OG-001327,FD-025,2025-05-17 18:45:00,2025-05-17 22:09:00,204,lightning strike,CR-10,2192
OG-001986,FD-020,2025-10-25 08:00:00,25/10/2025 08:46,46,planned maintenance,,4513
OG-001338,FD-018,2025-05-20 23:00:00,2025-05-21 01:51:00,171,lightning strike,CR-10,310
OG-001669,FD-001,13/08/2025 21:00,2025-08-13 22:09:00,69,cable theft,CR-13,2525
OG-001094,FD-026,2025-02-06 20:30:00,2025-02-07 00:37:00,247,lightning strike,CR-18,988
OG-000193,FD-005,2024-04-17 14:45:00,2024-04-17 14:53:00,8,transformer fault,CR-16,3295
OG-900317,FD-9317,2025-02-17 10:00:00,2025-10-08 13:00:00,180,unknown,CR-01,500
OG-000512,FD-018,2024-07-14 07:15:00,2024-07-14 10:31:00,196,lightning strike,CR-17,1040
OG-001508,FD-035,2025-07-09 00:00:00,09/07/2025 04:28,268,pole collapse,CR-04,542
OG-001979,FD-012,23/10/2025 16:30,2025-10-23 20:03:00,213,pole collapse,CR-12,1093
OG-001016,FD-009,2024-11-15 04:00:00,2024-11-15 04:08:00,8,storm damage,CR-07,3402
OG-900048,FD-948,23/01/2024 10:00,2025-02-21 13:00:00,180,unknown,CR-01,500
OG-001002,FD-023,03/11/2024 14:15,2024-11-03 17:55:00,220,vegetation contact,CR-12,317
OG-000298,FD-023,2024-05-20 10:00:00,2024-05-20 14:11:00,251,storm damage,CR-12,1643
OG-000590,FD-021,1722570300,2024-08-02 05:25:00,100,transformer fault,CR-18,3032
OG-001341,FD-018,2025-05-21 17:15:00,2025-05-21 19:18:00,123 min,storm damage,CR-09,4397
OG-000880,FD-031,2024-09-26 07:45:00,26/09/2024 12:00,255,pole collapse,,295
OG-001095,FD-026,2025-02-07 05:00:00,07/02/2025 10:00,300,lightning strike,CR-07,2129
OG-001741,FD-005,2025-08-29 07:15:00,29/08/2025 07:59,44,pole collapse,CR-04,1417
OG-000691,FD-036,2024-08-21 01:30:00,2024-08-21 04:19:00,169,lightning strike,CR-18,3912
OG-002215,FD-012,2026-03-26 12:15:00,2026-03-26 12:23:00,8,transformer fault,CR-03,548
OG-900043,FD-943,2025-05-24 10:00:00,2025-09-02 13:00:00,180,unknown,CR-01,500
OG-001655,FD-026,2025-08-11 00:30:00,11/08/2025 00:38,8,transformer fault,CR-14,2166
OG-001870,FD-027,2025-09-25 10:45:00,25/09/2025 13:26,161,vegetation contact,CR-18,962
OG-000203,FD-027,21/04/2024 17:00,2024-04-21 18:10:00,70,pole collapse,CR-03,655
OG-002291,FD-024,2026-04-22 06:00:00,22/04/2026 11:23,323,storm damage,CR-04,1110
OG-001269,FD-022,2025-05-01 11:30:00,2025-05-01 14:19:00,169,pole collapse,CR-12,34
OG-000044,FD-012,2024-02-03 21:30:00,2024-02-03 23:01:00,91,cable theft,CR-17,1247
OG-002513,FD-024,2026-06-23 13:00:00,2026-06-23 14:20:00,80,overload,CR-05,2247
OG-001404,FD-003,09/06/2025 10:45,2025-06-09 12:33:00,108,equipment failure,,4128
OG-000311,FD-017,2024-05-23 06:00:00,2024-05-23 12:15:00,375,vegetation contact,CR-09,2427
OG-001866,FD-023,1758737700,1758744180,108,vegetation contact,CR-09,123
OG-000934,FD-002,2024-10-09 15:45:00,2024-10-09 19:56:00,251,storm damage,CR-17,5276
OG-900224,FD-9224,2024-05-28 10:00:00,2025-12-06 13:00:00,180,unknown,CR-01,500
OG-000385,FD-026,2024-06-13 18:30:00,2024-06-13 19:36:00,66,equipment failure,CR-07,455
OG-001312,FD-007,13/05/2025 14:45,2025-05-13 15:14:00,29,lightning strike,CR-14,1903
OG-001231,FD-027,2025-04-16 08:15:00,2025-04-16 11:15:00,180,storm damage,CR-11,1953
OG-001328,FD-023,2025-05-17 23:45:00,1747532880,123,vegetation contact,CR-11,748
OG-000024,FD-006,2024-01-17 20:15:00,2024-01-18 00:00:00,225,storm damage,CR-06,2630
OG-000876,FD-021,2024-09-25 04:00:00,2024-09-25 08:17:00,257,vegetation contact,CR-10,1905
OG-002274,FD-028,2026-04-15 03:30:00,2026-04-15 03:38:00,8,equipment failure,CR-16,5172
OG-000751,FD-017,2024-09-01 04:30:00,2024-09-01 06:16:00,106,vegetation contact,CR-12,893
OG-002026,FD-022,2025-11-10 14:00:00,2025-11-10 18:35:00,275,lightning strike,CR-08,42
OG-000426,FD-010,2024-06-24 14:15:00,1719244800,105,overload,CR-17,245
OG-002107,FD-036,2026-01-30 03:00:00,2026-01-30 03:08:00,8,transformer fault,CR-03,3839
OG-000848,FD-005,1726840800,20/09/2024 17:07,187,storm damage,CR-11,1005
OG-000114,FD-032,2024-03-20 21:15:00,2024-03-20 23:42:00,147,storm damage,CR-05,941
OG-001377,FD-023,2025-06-01 20:00:00,2025-06-02 00:21:00,261,lightning strike,CR-08,1279
OG-000430,FD-002,2024-06-25 20:30:00,2024-06-26 00:01:00,211,planned maintenance,CR-13,1136
OG-900005,FD-905,2025-08-18 10:00:00,2025-11-23 13:00:00,180,unknown,CR-01,500
OG-002001,FD-010,2025-10-29 07:00:00,2025-10-29 09:29:00,149,storm damage,,244
OG-001331,FD-034,2025-05-18 05:45:00,2025-05-18 09:08:00,203,overload,CR-09,1014
OG-000933,FD-013,2024-10-08 02:45:00,1728363780,138,storm damage,CR-15,5355
OG-001100,FD-014,2025-02-11 11:30:00,2025-02-11 14:56:00,206,storm damage,CR-09,3324
OG-000367,FD-017,2024-06-08 03:00:00,2024-06-08 06:31:00,211,cable theft,CR-02,2918
OG-000065,FD-008,2024-02-25 23:30:00,2024-02-26 03:43:00,253 min,lightning strike,CR-10,3006
OG-000204,FD-032,2024-04-21 23:30:00,2024-04-22 03:31:00,241,storm damage,CR-01,353
OG-001475,FD-033,2025-06-30 03:15:00,2025-06-30 06:57:00,222,storm damage,CR-18,926
OG-001309,FD-032,2025-05-12 18:00:00,2025-05-12 22:05:00,245,lightning strike,CR-15,562
OG-001693,FD-023,2025-08-19 18:00:00,2025-08-19 22:26:00,266,lightning strike,CR-02,2445
OG-001825,FD-031,2025-09-15 03:00:00,15/09/2025 03:46,46,pole collapse,CR-02,1657
OG-000181,FD-007,2024-04-13 16:15:00,13/04/2024 17:51,96,vegetation contact,CR-06,1124
OG-000063,FD-001,2024-02-22 07:00:00,2024-02-22 08:51:00,111,equipment failure,CR-04,5523
OG-900274,FD-9274,14/04/2024 10:00,2025-06-23 13:00:00,180,unknown,CR-01,500
OG-000281,FD-012,2024-05-15 18:00:00,1715805420,157,cable theft,CR-01,220
OG-900050,FD-950,2025-09-16 10:00:00,2025-11-13 13:00:00,180,unknown,CR-01,500
OG-001283,FD-028,2025-05-05 04:30:00,2025-05-05 07:15:00,165,storm damage,CR-07,1112
OG-000894,FD-009,2024-09-29 17:15:00,2024-09-29 22:37:00,322,vegetation contact,CR-17,3494
OG-001023,FD-027,2024-11-17 09:30:00,2024-11-17 10:55:00,85,cable theft,CR-12,2418
OG-001858,FD-009,2025-09-22 22:45:00,1758586200,85,POLE COLLAPSE,CR-03,2782
OG-001499,FD-004,2025-07-06 02:15:00,2025-07-06 07:17:00,302,lightning strike,CR-03,3034
OG-900106,FD-9106,2025-02-23 10:00:00,2025-08-13 13:00:00,180,unknown,CR-01,500
OG-001591,FD-018,2025-07-27 01:15:00,27/07/2025 06:15,300,vegetation contact,,2917
OG-000879,FD-007,2024-09-26 12:00:00,2024-09-26 12:41:00,41,planned maintenance,,731
OG-001748,FD-006,2025-08-31 04:45:00,2025-08-31 05:12:00,27,equipment failure,CR-05,2705
OG-002500,FD-009,2026-06-20 15:00:00,2026-06-20 17:18:00,138,lightning strike,CR-06,1668
OG-001139,FD-025,1741765500,2025-03-12 11:12:00,207,overload,CR-06,4809
OG-001345,FD-031,2025-05-21 23:45:00,2025-05-22 04:54:00,309,vegetation contact,CR-16,256
OG-000731,FD-033,29/08/2024 10:30,2024-08-29 14:49:00,259,storm damage,CR-04,777
OG-001899,FD-001,2025-10-01 09:15:00,01/10/2025 10:00,45,storm damage,CR-06,992
OG-000429,FD-027,2024-06-25 17:45:00,2024-06-25 23:25:00,340,lightning strike,CR-18,194
OG-001877,FD-006,1758845700,26/09/2025 02:53,158,pole collapse,CR-13,4999
OG-900294,FD-9294,2024-07-04 10:00:00,2025-01-08 13:00:00,180,unknown,CR-01,500
OG-000822,FD-009,2024-09-15 05:45:00,2024-09-15 07:27:00,102,lightning strike,CR-11,2683
OG-900121,FD-9121,28/08/2025 10:00,2025-04-10 13:00:00,180,unknown,CR-01,500
OG-900277,FD-9277,07/09/2024 10:00,02/11/2025 13:00,180,unknown,CR-01,500
OG-900215,FD-9215,2025-06-11 10:00:00,2025-06-22 13:00:00,180,unknown,CR-01,500
OG-002367,FD-013,2026-05-14 10:15:00,2026-05-14 10:23:00,8,pole collapse,CR-09,2885
OG-900021,FD-921,2024-05-04 10:00:00,2025-12-13 13:00:00,180,unknown,CR-01,500
OG-001629,FD-035,2025-08-07 08:45:00,2025-08-07 13:04:00,259,lightning strike,CR-17,748
OG-002253,FD-006,08/04/2026 17:30,2026-04-08 21:59:00,269,storm damage,,2236
OG-000973,FD-016,2024-10-23 23:45:00,1729732980,98,overload,CR-15,610
OG-002121,FD-009,1770841800,2026-02-11 20:38:00,8,vegetation contact,CR-14,351
OG-000862,FD-003,2024-09-23 12:00:00,2024-09-23 12:52:00,52,transformer fault,CR-13,6202
OG-001637,FD-033,2025-08-08 03:30:00,08/08/2025 07:38,248,vegetation contact,,1403
OG-900190,FD-9190,16/10/2024 10:00,2025-10-17 13:00:00,180,unknown,CR-01,500
OG-001893,FD-028,2025-09-29 12:30:00,2025-09-29 14:21:00,111,cable theft,CR-04,122
OG-001709,FD-032,2025-08-21 23:15:00,2025-08-22 03:01:00,226,pole collapse,CR-09,1288
OG-000132,FD-036,2024-03-26 21:45:00,2024-03-27 03:23:00,338,vegetation contact,CR-17,1878
OG-000340,FD-006,2024-05-31 08:30:00,31/05/2024 08:38,8,transformer fault,CR-12,5769
OG-900046,FD-946,2025-05-10 10:00:00,2025-05-15 13:00:00,180,unknown,CR-01,500
OG-002540,FD-003,2026-06-30 15:00:00,2026-06-30 17:28:00,148,vegetation contact,CR-05,787
OG-000709,FD-001,2024-08-25 00:45:00,2024-08-25 01:26:00,41,overload,CR-03,8364
OG-000790,FD-014,2024-09-09 02:45:00,1725854640,79,equipment failure,CR-08,4557
OG-001572,FD-027,2025-07-24 10:45:00,2025-07-24 14:25:00,220,planned maintenance,CR-06,1082
OG-002342,FD-031,2026-05-07 06:30:00,2026-05-07 10:44:00,254,vegetation contact,CR-13,374
OG-000279,FD-015,14/05/2024 14:00,14/05/2024 16:21,141,planned maintenance,CR-02,1218
OG-002036,FD-018,2025-11-16 06:00:00,2025-11-16 10:00:00,240,unknown,CR-15,3422
OG-900164,FD-9164,1747389600,2025-01-07 13:00:00,180,unknown,CR-01,500
OG-001746,FD-028,2025-08-30 10:00:00,2025-08-30 13:28:00,208,vegetation contact,CR-12,3409
OG-000805,FD-021,2024-09-11 06:45:00,2024-09-11 07:58:00,73,VEGETATION CONTACT,CR-01,2205
OG-900139,FD-9139,2025-12-19 10:00:00,2025-09-01 13:00:00,180,unknown,CR-01,500
OG-001482,FD-003,2025-07-03 11:15:00,1751556060,246,pole collapse,CR-15,5747
OG-000672,FD-005,2024-08-18 16:00:00,2024-08-18 18:41:00,161,pole collapse,CR-01,1624
OG-001235,FD-011,2025-04-18 14:15:00,2025-04-18 14:42:00,27,overload,CR-12,1239
OG-000129,FD-001,25/03/2024 15:30,2024-03-25 19:38:00,248,equipment failure,CR-04,5086
OG-001148,FD-003,2025-03-16 10:15:00,16/03/2025 12:55,160,overload,CR-12,1129
OG-001500,FD-025,2025-07-06 23:15:00,1751857260,226,VEGETATION CONTACT,CR-02,769
OG-900150,FD-9150,2025-01-21 10:00:00,1737464400,180,unknown,CR-01,500
OG-000194,FD-018,1713370500,17/04/2024 17:30,75,vegetation contact,CR-02,697
OG-001228,FD-027,2025-04-16 00:45:00,2025-04-16 02:51:00,126,cable theft,CR-06,56
OG-001887,FD-026,1759092300,2025-09-29 01:15:00,270,vegetation contact,,2716
OG-000028,FD-024,2024-01-19 06:45:00,2024-01-19 11:21:00,276,equipment failure,CR-13,1041
OG-002141,FD-028,2026-02-24 02:15:00,2026-02-24 07:31:00,316,vegetation contact,CR-12,2631
OG-900185,FD-9185,2025-05-19 10:00:00,2025-11-02 13:00:00,180,unknown,CR-01,500
OG-001329,FD-024,2025-05-17 00:00:00,2025-05-17 04:08:00,248,storm damage,,1555
OG-002331,FD-033,04/05/2026 08:45,2026-05-04 09:06:00,21 min,PLANNED MAINTENANCE,CR-04,262
OG-000361,FD-030,2024-06-06 20:45:00,2024-06-07 00:41:00,236,cable theft,CR-09,3696
OG-000882,FD-007,2024-09-27 08:00:00,2024-09-27 11:24:00,204,planned maintenance,,160
OG-002240,FD-027,2026-04-04 01:30:00,2026-04-04 04:33:00,183,lightning strike,CR-04,1260
OG-900284,FD-9284,2025-01-23 10:00:00,2025-08-03 13:00:00,180,unknown,CR-01,500
OG-000113,FD-007,2024-03-20 12:15:00,1710954720,297,pole collapse,CR-01,602
OG-000438,FD-023,1719480600,27/06/2024 11:45,135,pole collapse,CR-09,1546
OG-000842,FD-022,2024-09-19 03:45:00,1726739340,364,lightning strike,CR-05,787
OG-000673,FD-031,2024-08-18 14:00:00,2024-08-18 14:53:00,53,vegetation contact,CR-15,1117
OG-000534,FD-022,2024-07-19 22:45:00,2024-07-20 04:23:00,338,LIGHTNING STRIKE,CR-08,52
OG-000598,FD-029,1722670200,2024-08-03 10:00:00,150,transformer fault,CR-15,36
OG-002403,FD-009,2026-05-23 15:15:00,2026-05-23 17:22:00,127,planned maintenance,CR-18,2192
OG-000589,FD-009,1722587400,2024-08-02 10:14:00,104,unknown,CR-01,5768
OG-001143,FD-015,2025-03-13 18:30:00,2025-03-13 19:36:00,66,pole collapse,CR-12,501
OG-001177,FD-014,2025-03-26 19:00:00,2025-03-26 19:54:00,54,lightning strike,CR-18,3593
OG-000735,FD-034,30/08/2024 05:15,1725003360,141,vegetation contact,CR-07,1082
OG-001634,FD-012,2025-08-07 00:45:00,07/08/2025 04:39,234,lightning strike,CR-17,1125
OG-001410,FD-009,2025-06-11 02:45:00,1749623220,222 min,lightning strike,CR-17,751
OG-002382,FD-022,2026-05-19 23:00:00,2026-05-20 00:10:00,70,equipment failure,,412
OG-002399,FD-025,22/05/2026 00:00,1779414900,115,vegetation contact,CR-01,1266
OG-001967,FD-025,2025-10-20 02:15:00,2025-10-20 05:16:00,181,vegetation contact,CR-14,5084
OG-000272,FD-028,2024-05-12 17:15:00,2024-05-12 18:42:00,87,pole collapse,CR-04,4735
OG-002296,FD-015,2026-04-23 08:00:00,1776938340,119,vegetation contact,CR-03,284
OG-001036,FD-028,2024-11-22 12:15:00,2024-11-22 13:06:00,51 min,pole collapse,CR-06,4388
OG-000748,FD-015,2024-09-01 23:15:00,2024-09-02 01:26:00,131,vegetation contact,CR-11,948
OG-000049,FD-017,2024-02-09 10:45:00,09/02/2024 12:46,121,unknown,CR-07,20
OG-001060,FD-021,2024-12-29 00:15:00,2024-12-29 03:04:00,169,overload,CR-15,2843
OG-001478,FD-004,2025-07-02 21:45:00,03/07/2025 03:09,324,lightning strike,CR-11,1182
OG-002417,FD-018,2026-05-26 11:30:00,2026-05-26 11:38:00,8,VEGETATION CONTACT,,1782
OG-002266,FD-034,12/04/2026 05:15,12/04/2026 12:00,405,pole collapse,CR-08,271
OG-001303,FD-005,11/05/2025 13:45,2025-05-11 15:12:00,87,storm damage,CR-01,2828
OG-001987,FD-002,2025-10-25 12:30:00,2025-10-25 13:55:00,85,overload,CR-04,423
OG-001823,FD-028,2025-09-14 06:45:00,2025-09-14 08:38:00,113,transformer fault,CR-05,5615
OG-001832,FD-029,2025-09-16 17:45:00,16/09/2025 19:48,123,transformer fault,CR-14,594
OG-001600,FD-019,2025-08-01 12:00:00,2025-08-01 17:31:00,331,storm damage,CR-16,3247
OG-000381,FD-003,2024-06-12 09:45:00,2024-06-12 13:08:00,203,vegetation contact,CR-06,5617
OG-002464,FD-025,10/06/2026 05:00,2026-06-10 08:15:00,195,planned maintenance,CR-08,3596
OG-001025,FD-035,2024-11-17 18:00:00,2024-11-17 18:08:00,8,unknown,CR-11,737
OG-000532,FD-013,2024-07-18 21:45:00,2024-07-18 23:16:00,91,storm damage,CR-02,4679
OG-900090,FD-990,2025-07-26 10:00:00,2025-07-27 13:00:00,180,unknown,CR-01,500
OG-001010,FD-024,12/11/2024 23:30,1731463980,163,unknown,CR-04,1347
OG-000954,FD-001,1728997200,2024-10-15 17:33:00,273,lightning strike,CR-14,3291
OG-000389,FD-008,14/06/2024 04:00,1718352060,241,vegetation contact,CR-10,5506
OG-000778,FD-018,2024-09-06 01:45:00,2024-09-06 03:59:00,134,pole collapse,,2390
OG-001483,FD-020,2025-07-03 04:00:00,2025-07-03 08:06:00,246,storm damage,CR-07,983
OG-000891,FD-024,2024-09-29 15:45:00,1727626380,28,lightning strike,CR-12,2346
OG-002320,FD-013,1777622400,01/05/2026 10:12,132,vegetation contact,CR-14,4087
OG-000263,FD-023,2024-05-09 21:45:00,2024-05-10 00:47:00,182,equipment failure,CR-05,801
OG-900232,FD-9232,2024-01-25 10:00:00,2025-12-07 13:00:00,180,unknown,CR-01,500
OG-001836,FD-016,1758075300,2025-09-17 06:29:00,254,vegetation contact,CR-17,80
OG-000349,FD-018,2024-06-03 05:15:00,2024-06-03 09:26:00,251,vegetation contact,CR-13,3995
OG-001421,FD-029,2025-06-15 20:45:00,2025-06-15 23:49:00,184,vegetation contact,CR-12,1169
OG-000911,FD-001,2024-10-03 14:15:00,2024-10-03 18:49:00,274,pole collapse,CR-11,8549
OG-900105,FD-9105,2025-08-27 10:00:00,2025-12-26 13:00:00,180,unknown,CR-01,500
OG-000909,FD-005,2024-10-03 10:15:00,03/10/2024 10:26,11,cable theft,CR-16,5636
OG-001452,FD-013,2025-06-26 10:00:00,2025-06-26 13:13:00,193,vegetation contact,,2560
OG-001528,FD-004,1752457500,2025-07-14 05:10:00,205 min,vegetation contact,CR-12,555
OG-002037,FD-016,2025-11-16 06:00:00,1763291220,307,vegetation contact,CR-11,1372
OG-900111,FD-9111,2025-07-11 10:00:00,2025-04-23 13:00:00,180,unknown,CR-01,500
OG-000694,FD-037,2024-08-22 17:00:00,2024-08-22 20:48:00,228 min,lightning strike,CR-10,2223
OG-000553,FD-012,2024-07-24 19:00:00,2024-07-24 23:35:00,275,storm damage,CR-10,1554
OG-001340,FD-014,2025-05-20 23:00:00,21/05/2025 03:02,242,storm damage,CR-11,4015
OG-000321,FD-020,2024-05-26 19:30:00,2024-05-26 21:45:00,135,vegetation contact,CR-01,1416
OG-001849,FD-020,2025-09-20 10:45:00,1758366600,25 min,pole collapse,CR-02,303
OG-002273,FD-022,2026-04-14 15:15:00,2026-04-14 18:28:00,193,storm damage,CR-09,71
OG-002066,FD-036,2025-12-10 19:00:00,2025-12-11 00:36:00,336,pole collapse,CR-04,2899
OG-002295,FD-004,2026-04-23 02:45:00,2026-04-23 07:38:00,293,vegetation contact,CR-16,154
OG-000511,FD-034,2024-07-14 11:00:00,2024-07-14 14:17:00,197,pole collapse,CR-18,552
OG-001945,FD-002,2025-10-14 05:45:00,2025-10-14 05:53:00,8,storm damage,CR-09,2794
OG-002450,FD-009,2026-06-04 09:15:00,1780571100,110 min,lightning strike,CR-11,4388
OG-000383,FD-016,2024-06-13 16:30:00,1718305500,155,pole collapse,CR-04,965
OG-001476,FD-005,1751420700,2025-07-02 03:15:00,90,lightning strike,CR-12,5043
OG-001733,FD-010,2025-08-27 01:45:00,2025-08-27 02:15:00,30,vegetation contact,CR-08,227
OG-000309,FD-032,2024-05-22 02:45:00,2024-05-22 07:38:00,293 min,lightning strike,CR-05,1790
OG-000377,FD-005,2024-06-10 23:15:00,2024-06-11 01:11:00,116,storm damage,CR-04,4702
OG-900258,FD-9258,2024-08-21 10:00:00,2025-10-16 13:00:00,180,unknown,CR-01,500
OG-001699,FD-013,2025-08-20 07:30:00,20/08/2025 08:52,82,vegetation contact,CR-06,5610
OG-002095,FD-013,2026-01-07 23:30:00,2026-01-08 03:24:00,234,pole collapse,CR-14,2951
OG-000273,FD-022,2024-05-12 03:30:00,12/05/2024 07:26,236,vegetation contact,CR-03,574
OG-000794,FD-037,2024-09-09 00:00:00,1725862140,369,STORM DAMAGE,CR-15,2129
OG-001611,FD-030,2025-08-03 06:45:00,03/08/2025 09:36,171,vegetation contact,CR-07,1981
OG-001370,FD-027,2025-05-29 14:00:00,1748527680,8,CABLE THEFT,CR-14,1090
OG-000451,FD-005,2024-06-30 08:30:00,30/06/2024 12:22,232,pole collapse,CR-09,5253
OG-001061,FD-019,2024-12-29 15:00:00,2024-12-29 22:04:00,424,vegetation contact,CR-12,3547
OG-000397,FD-018,17/06/2024 23:45,2024-06-18 01:10:00,85,pole collapse,CR-18,198
OG-000913,FD-014,2024-10-04 17:30:00,2024-10-05 00:19:00,409 min,pole collapse,CR-16,3738
OG-001905,FD-020,2025-10-03 03:30:00,1759465860,61,lightning strike,CR-06,2483
OG-001568,FD-019,2025-07-23 15:30:00,2025-07-23 17:44:00,134,planned maintenance,CR-02,1725
OG-002451,FD-018,2026-06-04 19:15:00,1780607460,116,storm damage,CR-18,3468
OG-001747,FD-032,2025-08-30 18:45:00,2025-08-30 20:41:00,116,vegetation contact,CR-16,149
OG-000053,FD-025,2024-02-11 01:15:00,1707620220,102,unknown,CR-14,1261
OG-001804,FD-017,2025-09-11 16:30:00,1757618700,175,storm damage,CR-05,2923
OG-002272,FD-020,2026-04-14 15:30:00,2026-04-14 19:12:00,222,lightning strike,CR-13,4861
OG-000295,FD-011,19/05/2024 17:45,2024-05-19 20:40:00,175,lightning strike,CR-14,4646
OG-900330,FD-9330,2025-05-08 10:00:00,2025-03-24 13:00:00,180,unknown,CR-01,500
OG-000604,FD-019,2024-08-05 02:00:00,2024-08-05 02:32:00,32,unknown,CR-01,3830
OG-002418,FD-001,2026-05-26 01:30:00,2026-05-26 03:27:00,117,pole collapse,CR-02,5469
OG-001818,FD-014,2025-09-13 12:45:00,2025-09-13 15:40:00,175,vegetation contact,CR-04,92
OG-001923,FD-009,2025-10-08 10:15:00,2025-10-08 10:25:00,10,pole collapse,CR-11,3948
OG-000108,FD-007,2024-03-16 19:30:00,2024-03-16 21:08:00,98,UNKNOWN,CR-02,1499
OG-001603,FD-009,2025-08-01 18:00:00,2025-08-01 23:06:00,306,vegetation contact,CR-10,4981
OG-001554,FD-015,2025-07-19 09:15:00,2025-07-19 10:10:00,55,vegetation contact,CR-04,228
OG-001242,FD-014,2025-04-21 19:45:00,2025-04-22 00:09:00,264,vegetation contact,CR-01,1628
OG-000957,FD-003,17/10/2024 10:15,2024-10-17 15:56:00,341,pole collapse,CR-12,1774
OG-001304,FD-037,11/05/2025 22:30,2025-05-11 23:27:00,57,equipment failure,,2850
OG-900304,FD-9304,2024-01-20 10:00:00,2025-11-25 13:00:00,180,unknown,CR-01,500
OG-002105,FD-010,2026-01-24 08:45:00,2026-01-24 10:32:00,107,cable theft,CR-06,229
OG-001708,FD-015,2025-08-21 07:45:00,2025-08-21 13:16:00,331,lightning strike,CR-01,1256
OG-000111,FD-029,2024-03-17 09:15:00,2024-03-17 11:43:00,148,planned maintenance,CR-04,1493
OG-001462,FD-030,2025-06-28 05:45:00,2025-06-28 06:54:00,69,pole collapse,CR-18,7564
OG-001356,FD-020,2025-05-24 09:00:00,24/05/2025 09:09,9,overload,CR-13,4800
OG-002179,FD-028,2026-03-08 07:45:00,1772968020,202,pole collapse,CR-05,3344
OG-001362,FD-021,2025-05-26 16:30:00,2025-05-26 19:33:00,183,unknown,CR-13,2242
OG-000427,FD-014,2024-06-24 20:45:00,1719269940,134,lightning strike,CR-10,1129
OG-000364,FD-027,2024-06-07 15:45:00,2024-06-07 19:06:00,201,vegetation contact,CR-04,294
OG-000344,FD-031,2024-06-02 04:15:00,2024-06-02 06:03:00,108,vegetation contact,,1257
OG-000048,FD-016,2024-02-09 10:00:00,2024-02-09 11:46:00,106,storm damage,,463
OG-000425,FD-024,24/06/2024 16:30,2024-06-24 17:45:00,75,cable theft,CR-06,1792
OG-000792,FD-035,2024-09-09 20:15:00,09/09/2024 23:33,198,pole collapse,CR-17,623
OG-000870,FD-030,24/09/2024 09:30,24/09/2024 12:05,155,vegetation contact,CR-04,2487
OG-001020,FD-021,2024-11-16 12:15:00,2024-11-16 15:44:00,209,vegetation contact,CR-11,576
OG-001648,FD-030,10/08/2025 13:15,2025-08-10 16:15:00,180,cable theft,CR-14,1737
OG-001326,FD-027,2025-05-17 00:30:00,2025-05-17 03:30:00,180,storm damage,CR-09,109
OG-002462,FD-026,2026-06-09 16:45:00,2026-06-09 17:25:00,40,equipment failure,CR-13,3402
OG-000953,FD-032,2024-10-15 17:15:00,2024-10-15 18:24:00,69,storm damage,CR-15,1004
OG-001848,FD-029,2025-09-20 14:00:00,2025-09-20 16:20:00,140 min,pole collapse,CR-05,2907
OG-000745,FD-031,2024-08-31 08:45:00,2024-08-31 11:16:00,151,pole collapse,CR-09,1218
OG-000629,FD-036,10/08/2024 05:45,1723278120,157,vegetation contact,CR-17,1827
OG-000558,FD-019,2024-07-26 14:30:00,2024-07-26 19:09:00,279,LIGHTNING STRIKE,CR-06,3611
OG-001065,FD-025,2025-01-03 12:30:00,2025-01-03 15:01:00,151,overload,CR-01,4205
OG-001468,FD-034,2025-06-29 16:30:00,2025-06-29 18:03:00,93,vegetation contact,CR-05,610
OG-002029,FD-019,2025-11-12 02:15:00,2025-11-12 02:38:00,23,planned maintenance,CR-06,1299
OG-900345,FD-9345,1704448800,2025-06-16 13:00:00,180,unknown,CR-01,500
OG-000354,FD-019,2024-06-04 12:00:00,04/06/2024 13:57,117,lightning strike,CR-02,1471
OG-002245,FD-030,2026-04-06 12:00:00,2026-04-06 17:32:00,332,vegetation contact,CR-10,3369
OG-000079,FD-028,2024-03-05 09:45:00,05/03/2024 11:58,133,LIGHTNING STRIKE,CR-06,5894
OG-000844,FD-012,2024-09-20 21:15:00,1726876260,156,vegetation contact,CR-06,132
OG-900305,FD-9305,2025-03-14 10:00:00,13/04/2025 13:00,180,unknown,CR-01,500
OG-002283,FD-030,2026-04-18 22:00:00,2026-04-18 23:43:00,103,vegetation contact,CR-02,381
OG-001873,FD-026,2025-09-25 02:15:00,2025-09-25 03:49:00,94,pole collapse,CR-17,2935
OG-000623,FD-030,2024-08-09 02:00:00,2024-08-09 04:07:00,127,storm damage,CR-02,5071
OG-000124,FD-027,23/03/2024 18:45,23/03/2024 20:56,131,pole collapse,CR-09,703
OG-001817,FD-015,2025-09-13 17:30:00,13/09/2025 19:28,118,lightning strike,CR-13,651
OG-001553,FD-030,2025-07-19 08:30:00,2025-07-19 13:24:00,294,pole collapse,CR-11,644
OG-002395,FD-011,2026-05-22 20:45:00,2026-05-22 22:26:00,101,pole collapse,CR-18,7415
OG-000414,FD-006,2024-06-21 04:15:00,2024-06-21 04:23:00,8,planned maintenance,CR-17,2046
OG-900204,FD-9204,2024-09-12 10:00:00,2025-11-23 13:00:00,180,unknown,CR-01,500
OG-000744,FD-007,2024-08-31 01:45:00,2024-08-31 01:53:00,8,transformer fault,CR-16,608
OG-001224,FD-026,2025-04-14 08:30:00,2025-04-14 10:33:00,123,overload,CR-16,1583
OG-000266,FD-026,2024-05-10 01:45:00,2024-05-10 03:25:00,100,lightning strike,CR-02,2294
OG-000564,FD-023,27/07/2024 22:15,2024-07-27 22:46:00,31,pole collapse,CR-12,1010
OG-000688,FD-019,2024-08-21 07:15:00,2024-08-21 07:23:00,8,equipment failure,CR-06,2210
OG-900283,FD-9283,17/09/2024 10:00,2025-06-16 13:00:00,180,unknown,CR-01,500
OG-001444,FD-035,2025-06-23 10:15:00,2025-06-23 16:32:00,377,pole collapse,CR-15,483
OG-001927,FD-013,2025-10-10 02:45:00,2025-10-10 05:50:00,185,lightning strike,CR-07,528
OG-000923,FD-018,1728216900,2024-10-06 13:46:00,91,planned maintenance,CR-07,1114
OG-002391,FD-012,2026-05-21 19:15:00,21/05/2026 20:03,48,cable theft,CR-15,1027
OG-000764,FD-016,04/09/2024 04:15,2024-09-04 05:12:00,57,POLE COLLAPSE,CR-05,2505
OG-001199,FD-001,2025-04-07 12:30:00,2025-04-07 17:13:00,283,lightning strike,CR-12,5021
OG-000817,FD-019,1726267500,2024-09-13 22:54:00,9 min,vegetation contact,CR-05,2315
OG-000437,FD-034,2024-06-27 21:15:00,2024-06-28 02:00:00,285 min,lightning strike,CR-15,45
OG-900295,FD-9295,2025-02-20 10:00:00,11/06/2025 13:00,180,unknown,CR-01,500
OG-000983,FD-028,2024-10-26 09:45:00,2024-10-26 09:53:00,8 min,storm damage,CR-01,2740
OG-001647,FD-015,2025-08-10 05:00:00,2025-08-10 07:52:00,172,pole collapse,CR-12,754
OG-000167,FD-017,2024-04-07 19:30:00,2024-04-07 22:58:00,208,lightning strike,CR-08,925
OG-000613,FD-028,2024-08-06 18:15:00,2024-08-06 23:14:00,299,vegetation contact,CR-09,802
OG-001673,FD-028,2025-08-14 11:45:00,2025-08-14 14:18:00,153,pole collapse,CR-01,1026
OG-002261,FD-007,2026-04-10 16:15:00,2026-04-10 22:24:00,369,vegetation contact,CR-03,363
OG-001657,FD-025,2025-08-11 22:15:00,2025-08-12 00:17:00,122,cable theft,CR-06,673
OG-900194,FD-9194,1708250400,2025-06-28 13:00:00,180,unknown,CR-01,500
OG-900256,FD-9256,2024-08-21 10:00:00,2025-03-12 13:00:00,180,unknown,CR-01,500
OG-001644,FD-022,2025-08-09 21:45:00,2025-08-10 00:48:00,183,vegetation contact,CR-06,92
OG-001083,FD-031,19/01/2025 11:15,2025-01-19 13:12:00,117,transformer fault,CR-13,132
OG-001391,FD-026,05/06/2025 07:30,2025-06-05 07:38:00,8,equipment failure,CR-17,446
OG-000273,FD-022,2024-05-12 03:30:00,12/05/2024 07:26,236,vegetation contact,CR-03,574
OG-001417,FD-019,2025-06-12 14:45:00,2025-06-12 17:32:00,167,lightning strike,CR-11,4042
OG-002446,FD-028,2026-06-03 14:15:00,2026-06-03 15:50:00,95,equipment failure,CR-17,2467
OG-001792,FD-026,2025-09-08 08:30:00,1757333220,217,planned maintenance,CR-10,3381
OG-001522,FD-001,12/07/2025 03:45,1752295440,59,vegetation contact,CR-17,1089
OG-001301,FD-003,2025-05-10 12:30:00,2025-05-10 12:38:00,8,unknown,CR-16,7241
OG-000417,FD-017,2024-06-22 08:45:00,2024-06-22 10:02:00,77,pole collapse,CR-13,2084
OG-001147,FD-031,2025-03-16 11:30:00,2025-03-16 13:52:00,142,planned maintenance,CR-02,741
OG-000679,FD-014,19/08/2024 21:15,2024-08-19 23:10:00,115,lightning strike,CR-07,3054
OG-002230,FD-003,2026-04-02 12:30:00,2026-04-02 16:45:00,255,planned maintenance,CR-14,831
OG-001852,FD-014,2025-09-21 18:00:00,2025-09-21 23:01:00,301,pole collapse,CR-14,5154
OG-002185,FD-029,2026-03-10 13:30:00,2026-03-10 17:07:00,217,vegetation contact,CR-03,2426
OG-000654,FD-019,1723734900,2024-08-15 15:23:00,8,storm damage,CR-14,993
OG-001409,FD-005,2025-06-11 08:30:00,2025-06-11 10:48:00,138,lightning strike,CR-11,6336
OG-001324,FD-031,16/05/2025 18:15,2025-05-16 20:32:00,137,storm damage,,1094
OG-001058,FD-014,2024-12-26 09:30:00,26/12/2024 13:43,253,lightning strike,CR-12,1063
OG-001784,FD-037,2025-09-06 19:00:00,2025-09-06 23:20:00,260,VEGETATION CONTACT,CR-12,2508
OG-001059,FD-007,2024-12-28 02:15:00,1735359420,122,overload,CR-16,1786
OG-001067,FD-025,2025-01-04 20:45:00,2025-01-04 22:18:00,93,equipment failure,CR-10,2303
OG-001910,FD-020,05/10/2025 07:15,05/10/2025 11:24,249,vegetation contact,CR-03,788
OG-002521,FD-016,2026-06-24 02:00:00,2026-06-24 07:16:00,316,pole collapse,CR-02,1813
OG-002099,FD-011,2026-01-14 13:00:00,2026-01-14 14:45:00,105,storm damage,CR-17,1716
OG-000877,FD-009,2024-09-26 23:30:00,2024-09-27 01:13:00,103,pole collapse,CR-01,1100
OG-000995,FD-001,2024-10-31 08:45:00,2024-10-31 11:29:00,164,unknown,CR-01,642
OG-900217,FD-9217,2024-06-23 10:00:00,23/02/2025 13:00,180,unknown,CR-01,500
OG-000127,FD-001,2024-03-24 17:30:00,2024-03-24 21:57:00,267,transformer fault,CR-12,6964
OG-002005,FD-004,2025-10-30 20:30:00,2025-10-30 23:11:00,161,lightning strike,CR-09,2392
OG-000895,FD-017,2024-09-29 05:15:00,2024-09-29 05:23:00,8,lightning strike,CR-14,1138
OG-000434,FD-019,2024-06-26 04:30:00,2024-06-26 08:44:00,254,pole collapse,CR-13,2808
OG-001694,FD-028,2025-08-19 21:00:00,2025-08-19 23:20:00,140,storm damage,CR-10,5752
OG-001736,FD-020,2025-08-27 03:15:00,2025-08-27 06:51:00,216,vegetation contact,CR-09,2261
OG-000920,FD-005,2024-10-05 21:30:00,1728177960,236,storm damage,CR-16,6190
OG-001507,FD-024,09/07/2025 02:15,2025-07-09 04:24:00,129,overload,CR-04,716
OG-000733,FD-030,2024-08-29 09:30:00,2024-08-29 11:40:00,130,pole collapse,CR-03,4046
OG-000176,FD-024,2024-04-10 06:30:00,1712737800,120,equipment failure,CR-18,1214
OG-000845,FD-007,2024-09-20 20:30:00,2024-09-20 23:40:00,190,planned maintenance,CR-15,1112
OG-001298,FD-006,2025-05-09 13:15:00,2025-05-09 13:50:00,35,cable theft,CR-01,215
OG-000020,FD-007,2024-01-14 00:45:00,2024-01-14 04:41:00,236,overload,CR-15,1218
OG-900112,FD-9112,2024-08-08 10:00:00,2025-04-26 13:00:00,180,unknown,CR-01,500
OG-000552,FD-021,1721729700,2024-07-23 12:37:00,142 min,planned maintenance,CR-16,1882
OG-900002,FD-902,1745661600,2025-06-21 13:00:00,180,unknown,CR-01,500
OG-002447,FD-027,03/06/2026 20:45,2026-06-03 20:53:00,8,unknown,CR-08,1157
OG-001645,FD-007,2025-08-09 12:45:00,2025-08-09 14:37:00,112,lightning strike,CR-07,1207
OG-000687,FD-003,2024-08-21 16:15:00,2024-08-21 20:30:00,255,lightning strike,CR-16,1768
OG-002490,FD-007,2026-06-17 14:45:00,2026-06-17 16:20:00,95,vegetation contact,CR-16,1612
OG-002123,FD-037,2026-02-12 17:45:00,2026-02-12 17:53:00,8,equipment failure,CR-11,3072
OG-001285,FD-010,2025-05-05 03:30:00,2025-05-05 06:14:00,164,pole collapse,CR-06,103
OG-900022,FD-922,1741946400,2025-12-07 13:00:00,180,unknown,CR-01,500
OG-001442,FD-027,2025-06-22 19:00:00,1750636380,293,vegetation contact,CR-15,629
OG-000226,FD-004,2024-04-29 18:45:00,2024-04-29 20:15:00,90,vegetation contact,CR-11,1111
OG-000152,FD-013,2024-04-02 20:45:00,2024-04-02 21:55:00,70,transformer fault,CR-01,601
OG-900193,FD-9193,2025-12-12 10:00:00,2025-03-25 13:00:00,180,unknown,CR-01,500
OG-001509,FD-002,2025-07-10 01:30:00,2025-07-10 07:36:00,366,lightning strike,CR-12,1748
OG-000981,FD-022,25/10/2024 11:45,2024-10-25 16:01:00,256,lightning strike,CR-17,434
OG-900248,FD-9248,2024-01-04 10:00:00,10/11/2025 13:00,180,unknown,CR-01,500
OG-002424,FD-021,2026-05-28 17:45:00,2026-05-28 21:38:00,233,lightning strike,CR-01,1047
OG-000012,FD-021,2024-01-10 09:15:00,2024-01-10 11:47:00,152,overload,CR-13,1156
OG-001925,FD-018,09/10/2025 15:15,2025-10-09 17:27:00,132,cable theft,CR-06,3178
OG-000455,FD-035,2024-06-30 14:15:00,1719760980,68,planned maintenance,CR-03,1255
OG-000441,FD-019,2024-06-28 01:15:00,2024-06-28 05:31:00,256,vegetation contact,CR-15,1572
OG-001807,FD-034,2025-09-11 17:45:00,11/09/2025 20:35,170 min,storm damage,CR-10,1371
OG-001770,FD-033,2025-09-03 03:15:00,2025-09-03 07:06:00,231,lightning strike,CR-11,205
OG-002492,FD-006,18/06/2026 11:30,1781794980,213,pole collapse,,561
OG-000047,FD-020,2024-02-09 07:15:00,2024-02-09 08:03:00,48,planned maintenance,CR-17,213
OG-900161,FD-9161,2024-03-15 10:00:00,2025-03-18 13:00:00,180,unknown,CR-01,500
OG-000335,FD-023,2024-05-30 02:30:00,2024-05-30 03:30:00,60 min,cable theft,CR-16,1679
OG-900072,FD-972,2024-04-22 10:00:00,1737723600,180,unknown,CR-01,500
OG-900146,FD-9146,2025-08-19 10:00:00,2025-04-16 13:00:00,180,unknown,CR-01,500
OG-900241,FD-9241,2025-12-12 10:00:00,09/01/2025 13:00,180,unknown,CR-01,500
OG-000387,FD-037,13/06/2024 05:45,2024-06-13 05:53:00,8,equipment failure,CR-09,2143
OG-000750,FD-004,2024-09-01 14:30:00,2024-09-01 17:40:00,190,POLE COLLAPSE,CR-03,2868
OG-002343,FD-027,1778190300,2026-05-07 21:53:00,8,POLE COLLAPSE,CR-08,312
OG-000945,FD-024,13/10/2024 02:30,2024-10-13 07:12:00,282,storm damage,CR-18,1317
OG-900200,FD-9200,2024-08-28 10:00:00,2025-09-14 13:00:00,180,unknown,CR-01,500
OG-002051,FD-018,2025-11-29 14:30:00,2025-11-29 19:46:00,316,lightning strike,CR-11,3673
OG-000358,FD-016,05/06/2024 21:45,2024-06-06 00:08:00,143,CABLE THEFT,CR-03,1732
OG-000372,FD-018,2024-06-09 14:00:00,09/06/2024 17:37,217,storm damage,CR-02,1038
OG-001290,FD-009,2025-05-07 15:45:00,2025-05-07 16:28:00,43,cable theft,,5241
OG-002204,FD-008,19/03/2026 07:00,2026-03-19 10:10:00,190,transformer fault,CR-13,3794
OG-900082,FD-982,2024-12-28 10:00:00,2025-08-28 13:00:00,180,unknown,CR-01,500
OG-001725,FD-019,2025-08-25 12:45:00,2025-08-25 14:17:00,92,planned maintenance,CR-10,3503
OG-000131,FD-016,2024-03-26 16:30:00,2024-03-26 19:26:00,176,pole collapse,CR-16,1150
OG-002104,FD-007,2026-01-22 00:15:00,2026-01-22 04:05:00,230,lightning strike,CR-03,391
OG-000068,FD-004,2024-02-28 01:45:00,1709089740,84,cable theft,CR-03,1717
OG-000940,FD-006,2024-10-11 11:45:00,11/10/2024 15:49,244,planned maintenance,CR-09,3846
OG-001855,FD-024,2025-09-22 06:45:00,2025-09-22 07:34:00,49,equipment failure,CR-16,3152
OG-000760,FD-031,2024-09-03 09:45:00,2024-09-03 11:26:00,101,pole collapse,CR-05,1300
OG-002364,FD-034,2026-05-12 01:45:00,2026-05-12 05:27:00,222,lightning strike,CR-16,1600
OG-000515,FD-031,14/07/2024 19:45,2024-07-15 00:34:00,289,LIGHTNING STRIKE,CR-09,1555
OG-000031,FD-020,1705836600,21/01/2024 11:38,8,cable theft,CR-17,4474
OG-000763,FD-036,03/09/2024 09:00,2024-09-03 13:05:00,245,vegetation contact,,2819
OG-000899,FD-003,2024-09-30 22:00:00,2024-10-01 02:41:00,281,lightning strike,CR-06,938
OG-001690,FD-007,2025-08-18 15:15:00,18/08/2025 17:21,126,vegetation contact,CR-05,441
OG-001029,FD-008,2024-11-19 22:30:00,19/11/2024 23:24,54,overload,CR-05,6531
OG-001318,FD-001,2025-05-14 05:45:00,2025-05-14 08:57:00,192,overload,CR-03,6034
OG-900060,FD-960,2025-01-16 10:00:00,2025-04-13 13:00:00,180,unknown,CR-01,500
OG-001315,FD-009,14/05/2025 20:15,2025-05-14 23:05:00,170,lightning strike,,4967
OG-900077,FD-977,2024-05-27 10:00:00,2025-06-09 13:00:00,180,unknown,CR-01,500
OG-002516,FD-017,2026-06-23 21:45:00,2026-06-23 21:53:00,8,vegetation contact,,233
OG-900225,FD-9225,2024-01-10 10:00:00,2025-03-22 13:00:00,180,unknown,CR-01,500
OG-001782,FD-029,2025-09-06 23:00:00,2025-09-07 04:07:00,307,vegetation contact,CR-13,2064
OG-001737,FD-006,2025-08-28 20:15:00,28/08/2025 23:05,170,lightning strike,CR-13,4650
OG-000855,FD-032,2024-09-21 22:30:00,2024-09-22 02:03:00,213,lightning strike,CR-03,582
OG-001535,FD-029,2025-07-15 00:00:00,2025-07-15 02:19:00,139,pole collapse,CR-10,237
OG-900015,FD-915,2025-11-10 10:00:00,2025-09-11 13:00:00,180,unknown,CR-01,500
OG-000334,FD-010,30/05/2024 20:30,2024-05-31 02:04:00,334,storm damage,,212
OG-000241,FD-037,2024-05-04 06:45:00,04/05/2024 09:43,178,storm damage,CR-08,527
OG-002136,FD-032,2026-02-20 18:45:00,2026-02-20 19:24:00,39,overload,CR-12,1760
OG-001758,FD-012,2025-09-01 18:30:00,2025-09-01 21:31:00,181,pole collapse,CR-04,448
OG-900227,FD-9227,2024-11-03 10:00:00,20/01/2025 13:00,180,unknown,CR-01,500
OG-001131,FD-018,2025-03-07 07:45:00,1741339980,108,unknown,CR-02,2895
OG-900053,FD-953,2024-12-04 10:00:00,23/09/2025 13:00,180,unknown,CR-01,500
OG-002056,FD-016,2025-12-05 18:30:00,2025-12-05 19:52:00,82,cable theft,CR-14,55
OG-001109,FD-023,1740222900,2025-02-22 15:02:00,227 min,unknown,CR-03,1514
OG-002460,FD-006,2026-06-08 21:45:00,2026-06-09 01:35:00,230,lightning strike,CR-13,2439
OG-001113,FD-015,2025-02-25 10:00:00,2025-02-25 11:05:00,65,vegetation contact,CR-12,53
OG-900326,FD-9326,2024-12-08 10:00:00,2025-11-16 13:00:00,180,unknown,CR-01,500
OG-002297,FD-012,1777058100,2026-04-24 20:17:00,62,lightning strike,CR-06,666
OG-000109,FD-002,2024-03-17 19:30:00,2024-03-17 20:12:00,42,transformer fault,CR-04,348
OG-000971,FD-029,1729515600,2024-10-21 14:47:00,107,storm damage,CR-15,1155
OG-002441,FD-020,02/06/2026 07:30,2026-06-02 10:35:00,185,planned maintenance,CR-15,1042
OG-000976,FD-001,24/10/2024 17:30,2024-10-24 19:32:00,122,storm damage,CR-02,7856
OG-000962,FD-026,2024-10-19 08:30:00,19/10/2024 10:52,142,lightning strike,CR-15,2033
OG-001200,FD-008,2025-04-07 20:00:00,2025-04-07 21:32:00,92,storm damage,CR-01,4850
OG-900083,FD-983,2024-02-11 10:00:00,2025-04-02 13:00:00,180,unknown,CR-01,500
OG-900033,FD-933,2025-07-15 10:00:00,2025-11-25 13:00:00,180,unknown,CR-01,500
OG-001154,FD-007,2025-03-18 00:45:00,2025-03-18 04:28:00,223,planned maintenance,CR-03,1562
OG-001851,FD-020,2025-09-21 08:00:00,21/09/2025 10:28,148,overload,CR-16,691
OG-000729,FD-037,2024-08-28 04:15:00,28/08/2024 05:11,56,unknown,CR-07,1762
OG-900176,FD-9176,2024-03-05 10:00:00,28/10/2025 13:00,180,unknown,CR-01,500
OG-002020,FD-028,2025-11-06 18:30:00,2025-11-06 23:41:00,311,overload,CR-13,3706
OG-001959,FD-004,2025-10-18 22:30:00,2025-10-18 23:41:00,71,lightning strike,,1420
OG-900346,FD-9346,2024-09-09 10:00:00,2025-12-01 13:00:00,180,unknown,CR-01,500
OG-000405,FD-002,2024-06-19 07:30:00,19/06/2024 08:57,87,lightning strike,CR-14,4726
OG-000581,FD-007,2024-07-31 04:45:00,2024-07-31 06:05:00,80,overload,CR-16,338
OG-002407,FD-023,2026-05-24 06:30:00,2026-05-24 09:00:00,150,lightning strike,CR-09,1677
OG-002311,FD-037,1777292100,27/04/2026 14:25,130,unknown,CR-04,379
OG-000238,FD-010,2024-05-04 14:15:00,2024-05-04 15:17:00,62,pole collapse,CR-09,257
OG-000686,FD-005,1724264100,21/08/2024 20:25,130,lightning strike,CR-15,3518
OG-001822,FD-023,2025-09-14 01:30:00,2025-09-14 02:00:00,30,vegetation contact,CR-02,2350
OG-002142,FD-001,2026-02-24 14:15:00,24/02/2026 14:23,8,equipment failure,CR-15,5813
OG-000058,FD-029,2024-02-17 17:15:00,2024-02-17 17:23:00,8,transformer fault,CR-13,688
OG-000712,FD-019,2024-08-25 05:00:00,25/08/2024 07:50,170,lightning strike,CR-10,2850
OG-000937,FD-018,2024-10-10 10:15:00,1728569940,244,storm damage,CR-03,1356
OG-900096,FD-996,08/09/2024 10:00,1765544400,180,unknown,CR-01,500
OG-000795,FD-035,2024-09-09 12:00:00,2024-09-09 14:16:00,136,planned maintenance,CR-08,152
OG-002039,FD-034,2025-11-17 08:00:00,2025-11-17 12:10:00,250,cable theft,CR-16,1148
OG-001400,FD-014,2025-06-08 17:45:00,2025-06-08 19:48:00,123,planned maintenance,CR-04,5312
OG-000234,FD-014,2024-05-01 19:15:00,2024-05-01 21:31:00,136,lightning strike,CR-08,790
OG-002280,FD-019,2026-04-16 02:45:00,2026-04-16 07:14:00,269,planned maintenance,CR-16,3128
OG-001440,FD-009,22/06/2025 11:15,2025-06-22 13:55:00,160,lightning strike,CR-06,2251
OG-001906,FD-010,2025-10-03 18:00:00,2025-10-03 18:08:00,8,equipment failure,CR-14,295
OG-001598,FD-004,2025-07-31 03:45:00,2025-07-31 07:42:00,237,lightning strike,CR-15,950
OG-000988,FD-007,28/10/2024 07:15,2024-10-28 08:21:00,66,pole collapse,CR-11,997
OG-001372,FD-029,1748618100,2025-05-30 20:16:00,301,storm damage,CR-02,969
OG-900264,FD-9264,2024-11-01 10:00:00,2025-04-28 13:00:00,180,unknown,CR-01,500
OG-002124,FD-020,2026-02-14 06:00:00,2026-02-14 06:24:00,24,storm damage,CR-16,2015
OG-001332,FD-035,2025-05-18 15:15:00,2025-05-18 17:29:00,134 min,storm damage,CR-10,102
OG-000182,FD-036,2024-04-13 22:00:00,2024-04-13 22:42:00,42,planned maintenance,CR-17,877
OG-000005,FD-035,2024-01-06 02:30:00,2024-01-06 04:13:00,103,cable theft,CR-04,666
OG-000685,FD-028,2024-08-21 22:45:00,2024-08-22 03:35:00,290,transformer fault,,1935
OG-002453,FD-008,2026-06-06 09:15:00,06/06/2026 14:23,308,vegetation contact,CR-14,1569
OG-002092,FD-005,2026-01-05 22:00:00,2026-01-05 22:50:00,50,storm damage,,6223
OG-002166,FD-027,1772585100,2026-03-04 02:09:00,84,unknown,CR-08,601
OG-002494,FD-032,2026-06-18 10:30:00,18/06/2026 10:38,8,unknown,CR-01,1389
OG-900250,FD-9250,2024-05-05 10:00:00,2025-12-15 13:00:00,180,unknown,CR-01,500
OG-001098,FD-026,2025-02-09 03:30:00,2025-02-09 05:14:00,104,unknown,CR-03,230
OG-000475,FD-023,2024-07-06 14:15:00,2024-07-06 16:13:00,118,storm damage,CR-01,1754
OG-000705,FD-006,1724515200,2024-08-24 18:43:00,163,storm damage,CR-14,5553
OG-001513,FD-036,2025-07-10 23:15:00,2025-07-11 03:39:00,264,storm damage,CR-04,2034
OG-002248,FD-024,2026-04-07 05:30:00,1775550360,176,planned maintenance,CR-06,2384
OG-000765,FD-027,04/09/2024 04:15,2024-09-04 04:23:00,8,lightning strike,CR-13,1762
OG-001717,FD-018,2025-08-23 19:30:00,1755984300,115,transformer fault,CR-01,4493
OG-001878,FD-026,2025-09-26 07:45:00,2025-09-26 08:26:00,41,overload,CR-16,1129
OG-000806,FD-029,2024-09-12 09:30:00,12/09/2024 13:17,227,vegetation contact,CR-17,609
OG-001152,FD-011,2025-03-17 03:15:00,17/03/2025 06:17,182,transformer fault,CR-18,774
OG-002484,FD-025,2026-06-16 09:00:00,16/06/2026 12:25,205,vegetation contact,CR-16,4755
OG-001314,FD-006,1747219500,2025-05-14 15:25:00,280,lightning strike,CR-03,350
OG-900145,FD-9145,2024-08-26 10:00:00,2025-10-15 13:00:00,180,unknown,CR-01,500
OG-000821,FD-027,2024-09-15 11:00:00,15/09/2024 11:08,8,unknown,CR-12,1293
OG-002094,FD-036,2026-01-06 10:45:00,2026-01-06 12:30:00,105,STORM DAMAGE,CR-14,3167
OG-002386,FD-003,2026-05-20 06:45:00,2026-05-20 08:08:00,83,lightning strike,CR-08,3947
OG-001918,FD-016,2025-10-07 13:15:00,2025-10-07 13:23:00,8,unknown,,531
OG-000638,FD-006,2024-08-11 12:15:00,11/08/2024 13:58,103,vegetation contact,CR-04,2027
OG-001351,FD-022,2025-05-23 00:00:00,2025-05-23 00:08:00,8,planned maintenance,CR-12,240
OG-001466,FD-034,2025-06-28 10:30:00,2025-06-28 11:35:00,65,storm damage,CR-12,179
OG-001704,FD-027,2025-08-21 01:00:00,2025-08-21 01:08:00,8,pole collapse,CR-06,514
OG-900314,FD-9314,16/12/2024 10:00,1760965200,180,unknown,CR-01,500
OG-002461,FD-023,09/06/2026 03:30,2026-06-09 05:51:00,141,lightning strike,CR-07,1142
OG-001777,FD-020,1757045700,2025-09-05 08:08:00,233,pole collapse,CR-12,4555
OG-001897,FD-010,2025-09-30 00:15:00,2025-09-30 03:51:00,216,pole collapse,CR-13,373
OG-000352,FD-033,2024-06-04 08:45:00,04/06/2024 12:28,223,storm damage,CR-12,1136
OG-900198,FD-9198,2024-05-13 10:00:00,2025-07-16 13:00:00,180,unknown,CR-01,500
OG-002260,FD-032,2026-04-10 13:45:00,2026-04-10 15:55:00,130,storm damage,CR-18,1849
OG-000658,FD-027,2024-08-16 03:45:00,2024-08-16 07:35:00,230,unknown,CR-10,63
OG-001248,FD-009,1745358300,2025-04-22 23:16:00,91,lightning strike,CR-12,5096
OG-001949,FD-027,2025-10-15 10:15:00,2025-10-15 10:48:00,33,lightning strike,CR-04,999
OG-001103,FD-013,2025-02-18 12:30:00,2025-02-18 14:36:00,126,equipment failure,CR-16,6879
OG-000045,FD-030,2024-02-07 09:45:00,2024-02-07 11:54:00,129 min,storm damage,CR-16,110
OG-002466,FD-014,2026-06-11 03:30:00,2026-06-11 09:49:00,379 min,lightning strike,CR-18,4640
OG-000050,FD-019,2024-02-09 10:00:00,2024-02-09 13:03:00,183 min,overload,CR-02,1699
OG-001917,FD-032,2025-10-07 08:00:00,2025-10-07 08:08:00,8,storm damage,CR-16,2143
OG-001234,FD-015,2025-04-18 22:15:00,19/04/2025 02:08,233,lightning strike,CR-10,1376
OG-002106,FD-033,1769673600,2026-01-29 10:35:00,155,equipment failure,CR-01,391
OG-000716,FD-020,2024-08-26 01:45:00,2024-08-26 03:02:00,77,vegetation contact,CR-09,269
OG-000644,FD-001,2024-08-12 21:00:00,2024-08-12 23:42:00,162,pole collapse,CR-15,6551
OG-900179,FD-9179,2025-07-08 10:00:00,2025-01-18 13:00:00,180,unknown,CR-01,500
OG-000520,FD-036,2024-07-16 18:45:00,16/07/2024 20:35,110,pole collapse,CR-01,300
OG-001080,FD-021,2025-01-18 11:45:00,2025-01-18 14:27:00,162,equipment failure,CR-12,758
OG-001079,FD-035,2025-01-14 15:45:00,2025-01-14 19:32:00,227,vegetation contact,CR-09,44
OG-001950,FD-023,2025-10-15 08:15:00,2025-10-15 10:27:00,132,planned maintenance,CR-15,1325
OG-002098,FD-009,12/01/2026 04:00,2026-01-12 05:20:00,80,planned maintenance,CR-17,5408
OG-001087,FD-010,2025-01-25 12:30:00,25/01/2025 13:58,88,unknown,CR-11,163
OG-900236,FD-9236,2025-05-28 10:00:00,2025-12-14 13:00:00,180,unknown,CR-01,500
OG-001195,FD-027,2025-04-06 10:15:00,2025-04-06 16:07:00,352,pole collapse,CR-18,697
OG-900056,FD-956,2025-02-06 10:00:00,2025-12-26 13:00:00,180,unknown,CR-01,500
OG-000136,FD-011,2024-03-27 05:00:00,2024-03-27 06:57:00,117,pole collapse,CR-01,6416
OG-002406,FD-011,2026-05-24 03:30:00,2026-05-24 09:15:00,345,pole collapse,,417
OG-001319,FD-033,2025-05-15 13:30:00,2025-05-15 15:51:00,141,POLE COLLAPSE,CR-18,253
OG-001631,FD-008,2025-08-07 03:30:00,2025-08-07 06:43:00,193,lightning strike,CR-07,6392
OG-001618,FD-025,2025-08-05 19:15:00,2025-08-05 20:33:00,78,overload,CR-11,370
OG-000964,FD-035,2024-10-19 08:15:00,2024-10-19 09:01:00,46,storm damage,CR-06,680
OG-900267,FD-9267,1747476000,2025-09-19 13:00:00,180,unknown,CR-01,500
OG-000769,FD-035,2024-09-04 08:45:00,04/09/2024 08:53,8,pole collapse,CR-12,641
OG-000683,FD-026,2024-08-20 12:15:00,20/08/2024 16:26,251,vegetation contact,CR-08,537
OG-001441,FD-018,2025-06-22 08:30:00,22/06/2025 10:02,92,equipment failure,CR-01,351
OG-002473,FD-022,12/06/2026 17:15,2026-06-12 23:01:00,346 min,lightning strike,CR-03,163
OG-001422,FD-028,2025-06-15 23:00:00,1750043640,254,lightning strike,CR-07,5497
OG-000867,FD-031,2024-09-24 19:00:00,2024-09-24 20:55:00,115,VEGETATION CONTACT,CR-11,1286
OG-001679,FD-021,15/08/2025 12:45,2025-08-15 12:53:00,8,pole collapse,CR-02,2640
OG-001759,FD-017,2025-09-02 21:30:00,03/09/2025 02:06,276,pole collapse,CR-06,1870
OG-000477,FD-035,2024-07-06 08:45:00,2024-07-06 15:23:00,398,storm damage,CR-13,1117
OG-000966,FD-002,2024-10-20 21:45:00,2024-10-21 01:31:00,226,storm damage,CR-05,3690
OG-000087,FD-005,07/03/2024 05:45,2024-03-07 08:01:00,136,unknown,,5733
OG-000781,FD-020,2024-09-07 07:30:00,2024-09-07 08:26:00,56,overload,CR-09,4044
OG-001879,FD-013,2025-09-27 08:30:00,2025-09-27 12:17:00,227,pole collapse,CR-13,8271
OG-000660,FD-005,2024-08-16 06:30:00,2024-08-16 07:32:00,62,pole collapse,CR-13,4778
OG-002506,FD-003,2026-06-21 10:30:00,21/06/2026 13:57,207,pole collapse,CR-07,1251
OG-001126,FD-006,2025-03-03 07:30:00,2025-03-03 09:39:00,129,equipment failure,CR-17,2571
OG-000542,FD-024,1721555100,2024-07-21 13:57:00,252,vegetation contact,CR-09,2344
OG-000606,FD-027,2024-08-05 09:00:00,1722861600,220,pole collapse,CR-08,1947
OG-001473,FD-016,2025-06-30 22:30:00,2025-06-30 23:55:00,85,storm damage,CR-17,1136
OG-900073,FD-973,2025-05-21 10:00:00,04/03/2025 13:00,180,unknown,CR-01,500
OG-002385,FD-013,2026-05-20 17:15:00,2026-05-20 21:18:00,243 min,vegetation contact,CR-04,6342
OG-000834,FD-002,2024-09-18 23:00:00,1726700880,8,LIGHTNING STRIKE,CR-13,3361
OG-002257,FD-032,2026-04-10 21:00:00,2026-04-10 23:24:00,144,transformer fault,CR-02,2137
OG-000897,FD-002,2024-09-30 11:45:00,2024-09-30 14:13:00,148,storm damage,CR-07,2520
OG-000365,FD-004,2024-06-08 16:15:00,2024-06-08 19:08:00,173,LIGHTNING STRIKE,CR-02,36
OG-000458,FD-002,01/07/2024 01:30,01/07/2024 02:38,68,POLE COLLAPSE,CR-03,1960
OG-000163,FD-006,2024-04-06 05:00:00,06/04/2024 08:52,232,lightning strike,CR-03,24
OG-000746,FD-016,2024-08-31 17:15:00,31/08/2024 21:43,268,vegetation contact,CR-15,1716
OG-000715,FD-014,2024-08-26 08:45:00,2024-08-26 12:38:00,233,storm damage,CR-01,2465
OG-000006,FD-006,2024-01-08 02:30:00,2024-01-08 07:51:00,321,lightning strike,CR-16,3994
OG-001289,FD-011,07/05/2025 02:30,2025-05-07 05:10:00,160,lightning strike,CR-08,3642
OG-002313,FD-001,1777360500,28/04/2026 08:46,91 min,overload,CR-07,1568
OG-002033,FD-035,1763210700,1763217660,116,transformer fault,CR-03,268
OG-001162,FD-037,2025-03-19 06:45:00,2025-03-19 11:55:00,310,storm damage,CR-08,2984
OG-002430,FD-025,2026-05-30 00:30:00,30/05/2026 02:49,139,storm damage,,4732
OG-001173,FD-037,2025-03-25 18:30:00,2025-03-25 19:30:00,60,planned maintenance,CR-14,619
OG-001145,FD-030,2025-03-15 23:45:00,2025-03-16 04:50:00,305,planned maintenance,CR-14,2266
OG-002330,FD-003,2026-05-03 12:00:00,2026-05-03 13:58:00,118,lightning strike,CR-18,1204
OG-001689,FD-014,2025-08-18 13:45:00,2025-08-18 18:50:00,305,lightning strike,CR-18,3391
OG-001788,FD-025,2025-09-07 00:45:00,2025-09-07 00:53:00,8,overload,CR-01,3687
OG-900207,FD-9207,2025-03-27 10:00:00,2025-04-21 13:00:00,180,unknown,CR-01,500
OG-000931,FD-025,2024-10-08 01:00:00,2024-10-08 01:56:00,56,vegetation contact,CR-09,3663
OG-002046,FD-010,2025-11-25 18:15:00,2025-11-25 18:23:00,8,overload,CR-14,213
OG-900182,FD-9182,2025-05-26 10:00:00,10/03/2025 13:00,180,unknown,CR-01,500
OG-000916,FD-025,2024-10-05 05:30:00,2024-10-05 09:30:00,240,storm damage,CR-13,3100
OG-000742,FD-024,1725139800,01/09/2024 02:09,279,vegetation contact,CR-16,484
OG-002194,FD-004,2026-03-14 01:15:00,2026-03-14 03:21:00,126,transformer fault,CR-10,64
OG-000495,FD-018,2024-07-10 23:30:00,11/07/2024 06:13,403,vegetation contact,CR-10,1989
OG-001075,FD-002,2025-01-10 05:15:00,2025-01-10 06:21:00,66,storm damage,,4140
OG-000526,FD-016,2024-07-17 18:00:00,2024-07-17 20:20:00,140,storm damage,CR-10,2321
OG-000086,FD-015,07/03/2024 15:15,2024-03-07 15:23:00,8,equipment failure,CR-13,899
OG-002000,FD-022,2025-10-29 18:15:00,2025-10-29 19:16:00,61,pole collapse,CR-06,634
OG-001104,FD-026,2025-02-18 23:30:00,2025-02-18 23:56:00,26,lightning strike,CR-05,137
OG-000617,FD-024,2024-08-07 13:00:00,2024-08-07 18:02:00,302,vegetation contact,CR-02,3389
OG-000615,FD-023,07/08/2024 10:15,2024-08-07 11:00:00,45,lightning strike,CR-03,1527
OG-001123,FD-006,2025-03-02 22:00:00,2025-03-03 02:11:00,251,storm damage,CR-15,6972
OG-000190,FD-028,17/04/2024 11:15,2024-04-17 16:13:00,298,lightning strike,CR-01,2713
OG-001608,FD-029,02/08/2025 05:15,2025-08-02 07:06:00,111,equipment failure,CR-09,2924
OG-001616,FD-031,2025-08-04 22:30:00,2025-08-04 23:48:00,78,cable theft,,1365
OG-001635,FD-015,2025-08-08 04:00:00,1754629620,67,lightning strike,CR-05,1200
OG-001739,FD-023,2025-08-29 11:45:00,2025-08-29 15:56:00,251,planned maintenance,CR-14,1671
OG-001438,FD-006,2025-06-20 20:30:00,1750461240,164,storm damage,CR-13,1329
OG-000432,FD-024,2024-06-26 20:30:00,2024-06-26 23:30:00,180,lightning strike,CR-13,359
OG-002043,FD-026,2025-11-23 08:30:00,1763905980,323,transformer fault,CR-15,925
OG-002310,FD-015,2026-04-27 19:15:00,2026-04-27 23:24:00,249,vegetation contact,CR-07,1055
OG-001398,FD-034,2025-06-07 17:45:00,2025-06-07 23:10:00,325 min,storm damage,CR-07,60
OG-001122,FD-031,2025-03-02 17:30:00,2025-03-02 20:17:00,167,storm damage,CR-15,1075
OG-002222,FD-021,30/03/2026 20:45,2026-03-30 22:58:00,133 min,planned maintenance,CR-04,2652
OG-001398,FD-034,2025-06-07 17:45:00,2025-06-07 23:10:00,325 min,storm damage,CR-07,60
OG-002019,FD-029,2025-11-06 05:15:00,2025-11-06 05:25:00,10,unknown,CR-05,1989
OG-001641,FD-005,2025-08-09 15:45:00,1754766780,208,lightning strike,CR-09,3647
OG-001245,FD-011,2025-04-21 11:00:00,2025-04-21 16:11:00,311,lightning strike,CR-12,6831
OG-000801,FD-014,2024-09-10 09:00:00,2024-09-10 14:23:00,323,vegetation contact,,3656
OG-000747,FD-031,2024-08-31 02:00:00,2024-08-31 02:08:00,8,cable theft,CR-06,1112
OG-000388,FD-010,2024-06-14 13:45:00,1718385720,217,storm damage,CR-02,109
OG-000614,FD-019,2024-08-06 09:00:00,2024-08-06 09:08:00,8,cable theft,CR-07,946
OG-002489,FD-015,2026-06-17 04:00:00,2026-06-17 08:04:00,244,pole collapse,CR-14,903
OG-000970,FD-001,2024-10-21 07:45:00,2024-10-21 09:30:00,105,lightning strike,CR-04,5665
OG-002270,FD-036,2026-04-14 14:45:00,2026-04-14 16:48:00,123 min,lightning strike,CR-14,2403
OG-000285,FD-013,2024-05-16 22:30:00,2024-05-17 02:11:00,221,pole collapse,CR-16,2125
OG-001350,FD-014,2025-05-22 00:45:00,1747891620,282,vegetation contact,CR-01,1508
OG-002369,FD-002,15/05/2026 14:30,2026-05-15 18:59:00,269,lightning strike,CR-17,977
OG-000761,FD-003,2024-09-03 19:15:00,2024-09-03 21:35:00,140,unknown,CR-05,6003
OG-001779,FD-006,2025-09-05 10:30:00,2025-09-05 15:03:00,273,lightning strike,CR-11,307
OG-002390,FD-034,21/05/2026 16:30,2026-05-21 18:46:00,136,unknown,CR-09,685
OG-000037,FD-022,2024-01-25 08:00:00,2024-01-25 14:55:00,415,lightning strike,CR-03,628
OG-000059,FD-022,2024-02-19 07:30:00,2024-02-19 09:18:00,108,lightning strike,CR-01,415
OG-001498,FD-016,2025-07-06 05:15:00,06/07/2025 07:36,141,pole collapse,CR-13,1404
OG-001941,FD-032,13/10/2025 09:15,2025-10-13 11:24:00,129,vegetation contact,CR-04,1632
OG-900205,FD-9205,1757671200,2025-06-28 13:00:00,180,unknown,CR-01,500
OG-002173,FD-017,1772757900,2026-03-06 00:58:00,13,transformer fault,CR-12,1283
OG-002476,FD-026,2026-06-12 22:00:00,2026-06-12 23:32:00,92,storm damage,CR-03,1391
OG-002434,FD-006,31/05/2026 05:00,2026-05-31 08:05:00,185,storm damage,CR-18,1366
OG-001110,FD-029,2025-02-24 03:00:00,2025-02-24 04:11:00,71,lightning strike,CR-06,1041
OG-000832,FD-013,2024-09-17 03:15:00,17/09/2024 06:25,190,pole collapse,CR-04,3958
OG-000737,FD-034,2024-08-30 13:15:00,2024-08-30 17:10:00,235,lightning strike,CR-04,1511
OG-900001,FD-901,2024-03-06 10:00:00,1751115600,180,unknown,CR-01,500
OG-001660,FD-014,2025-08-12 23:45:00,2025-08-13 04:20:00,275,pole collapse,CR-17,739
OG-002111,FD-021,2026-02-05 23:00:00,2026-02-06 01:36:00,156,lightning strike,CR-10,859
OG-000717,FD-010,2024-08-26 09:00:00,2024-08-26 12:13:00,193,vegetation contact,CR-10,49
OG-000787,FD-012,2024-09-08 07:15:00,2024-09-08 07:47:00,32,transformer fault,CR-04,1394
OG-001797,FD-017,2025-09-09 12:00:00,2025-09-09 14:42:00,162,storm damage,CR-16,1880
OG-001958,FD-032,17/10/2025 13:15,17/10/2025 17:18,243,pole collapse,,1282
OG-002167,FD-012,2026-03-05 07:00:00,05/03/2026 08:50,110,unknown,CR-09,292
OG-900302,FD-9302,2025-04-19 10:00:00,22/11/2025 13:00,180,unknown,CR-01,500
OG-002012,FD-002,2025-10-31 08:15:00,1761908820,172,storm damage,CR-01,1917
OG-000726,FD-006,2024-08-28 03:00:00,28/08/2024 05:53,173,lightning strike,,6293
OG-001187,FD-035,1743423300,2025-03-31 14:36:00,141,planned maintenance,CR-18,434
OG-001891,FD-023,2025-09-28 06:45:00,28/09/2025 11:23,278,pole collapse,CR-08,2588
OG-000013,FD-021,12/01/2024 13:30,2024-01-12 13:56:00,26,transformer fault,CR-07,335
OG-001121,FD-031,2025-03-01 09:45:00,2025-03-01 13:58:00,253,storm damage,CR-10,42
OG-000421,FD-016,23/06/2024 10:15,2024-06-23 14:55:00,280,storm damage,,1124
OG-002269,FD-005,2026-04-13 14:45:00,13/04/2026 16:04,79,vegetation contact,CR-13,2992
OG-001136,FD-011,1741588200,2025-03-10 06:42:00,12,overload,CR-02,2011
OG-000222,FD-015,2024-04-28 21:15:00,2024-04-29 00:14:00,179,storm damage,CR-08,282
OG-002058,FD-013,2025-12-06 12:45:00,2025-12-06 14:17:00,92,overload,CR-05,513
OG-001590,FD-031,2025-07-27 05:45:00,2025-07-27 08:03:00,138,vegetation contact,CR-12,1254
OG-001628,FD-024,2025-08-06 10:45:00,2025-08-06 13:46:00,181,equipment failure,CR-01,2252
OG-900175,FD-9175,2025-03-04 10:00:00,2025-09-23 13:00:00,180,unknown,CR-01,500
OG-001526,FD-001,1752381900,2025-07-13 06:45:00,120,cable theft,CR-17,892
OG-900320,FD-9320,2024-12-11 10:00:00,2025-04-07 13:00:00,180,unknown,CR-01,500
OG-900243,FD-9243,2025-09-03 10:00:00,2025-08-27 13:00:00,180,unknown,CR-01,500
OG-000775,FD-018,1725622200,2024-09-06 12:05:00,35,planned maintenance,CR-15,590
OG-000568,FD-030,2024-07-28 05:15:00,1722145380,28,storm damage,CR-06,7552
OG-000974,FD-008,2024-10-23 21:00:00,2024-10-23 23:30:00,150,vegetation contact,CR-12,2333
OG-000422,FD-003,2024-06-23 08:45:00,1719138000,95,vegetation contact,CR-18,5343
OG-000601,FD-003,2024-08-04 19:45:00,2024-08-04 22:29:00,164,vegetation contact,CR-08,7034
OG-000061,FD-034,2024-02-20 05:15:00,2024-02-20 05:26:00,11,pole collapse,,1097
OG-900339,FD-9339,2025-12-16 10:00:00,1747573200,180,unknown,CR-01,500
OG-002193,FD-034,2026-03-14 07:30:00,2026-03-14 08:39:00,69,planned maintenance,CR-03,705
OG-000236,FD-018,2024-05-02 14:15:00,2024-05-02 18:06:00,231,storm damage,CR-09,4542
OG-001014,FD-036,2024-11-14 10:45:00,1731587520,107,planned maintenance,CR-18,1385
OG-002018,FD-033,2025-11-04 13:45:00,2025-11-04 15:25:00,100,pole collapse,CR-15,754
OG-001358,FD-004,2025-05-25 22:30:00,2025-05-26 03:27:00,297,storm damage,CR-13,419
OG-001431,FD-017,2025-06-17 09:30:00,1750172160,326,lightning strike,CR-02,700
OG-000904,FD-023,2024-10-02 04:45:00,1727850360,101,lightning strike,CR-03,1069
OG-001488,FD-011,2025-07-04 14:00:00,1751653800,270,equipment failure,CR-06,1382
OG-000829,FD-010,2024-09-17 18:30:00,2024-09-17 21:30:00,180,lightning strike,CR-02,193
OG-000118,FD-025,2024-03-21 22:45:00,2024-03-22 00:02:00,77,lightning strike,CR-12,2303
OG-000411,FD-028,2024-06-20 20:15:00,20/06/2024 20:50,35,planned maintenance,CR-12,1913
OG-001810,FD-013,2025-09-12 08:30:00,2025-09-12 12:27:00,237,vegetation contact,CR-09,5477
OG-000578,FD-035,2024-07-30 08:45:00,2024-07-30 10:00:00,75,overload,CR-11,917
OG-000471,FD-030,05/07/2024 05:30,05/07/2024 07:11,101,transformer fault,CR-11,3884
OG-000620,FD-007,08/08/2024 11:30,2024-08-08 15:37:00,247,lightning strike,CR-18,655
OG-001357,FD-014,2025-05-25 10:30:00,2025-05-25 14:25:00,235,storm damage,,4148
OG-000827,FD-014,2024-09-16 07:30:00,2024-09-16 11:10:00,220,lightning strike,CR-04,2574
OG-000091,FD-019,09/03/2024 00:00,1709951220,147,transformer fault,CR-14,3040
OG-001859,FD-007,2025-09-23 21:15:00,2025-09-24 00:39:00,204,storm damage,CR-18,1571
OG-001174,FD-005,1742869800,1742876940,119,transformer fault,CR-11,533
OG-002475,FD-010,12/06/2026 02:30,2026-06-12 04:08:00,98,pole collapse,,76
OG-900010,FD-910,2024-10-07 10:00:00,2025-04-16 13:00:00,180,unknown,CR-01,500
OG-001840,FD-021,2025-09-18 04:00:00,2025-09-18 08:35:00,275,transformer fault,CR-17,2274
OG-001487,FD-037,2025-07-04 07:30:00,2025-07-04 10:04:00,154,vegetation contact,CR-05,1683
OG-002251,FD-006,2026-04-07 10:30:00,2026-04-07 15:02:00,272,storm damage,CR-04,2942
OG-002299,FD-009,2026-04-24 21:45:00,24/04/2026 22:45,60,pole collapse,CR-04,4385
OG-002187,FD-006,2026-03-11 06:30:00,1773219060,141,lightning strike,CR-15,6569
OG-900210,FD-9210,2025-09-23 10:00:00,2025-10-13 13:00:00,180,unknown,CR-01,500
OG-002247,FD-008,1775468700,2026-04-06 12:43:00,178,vegetation contact,CR-02,5777
OG-002279,FD-010,2026-04-16 10:30:00,2026-04-16 11:51:00,81,equipment failure,CR-09,364
OG-001204,FD-017,2025-04-07 02:00:00,1744004820,227,overload,CR-03,1294
OG-000987,FD-013,1730151000,2024-10-29 02:13:00,283,storm damage,CR-08,5947
OG-001666,FD-031,2025-08-13 13:00:00,2025-08-13 13:08:00,8,pole collapse,CR-03,374
OG-001723,FD-015,2025-08-24 21:00:00,2025-08-25 00:39:00,219,storm damage,CR-13,470
OG-900081,FD-981,2025-06-15 10:00:00,2025-03-27 13:00:00,180,unknown,CR-01,500
OG-000536,FD-024,2024-07-20 17:45:00,20/07/2024 21:48,243,pole collapse,CR-13,1655
OG-001560,FD-005,21/07/2025 13:00,2025-07-21 15:59:00,179,vegetation contact,CR-09,6631
OG-000667,FD-020,17/08/2024 04:15,2024-08-17 08:25:00,250,pole collapse,CR-08,939
OG-000510,FD-013,2024-07-13 02:45:00,2024-07-13 08:15:00,330,vegetation contact,CR-07,1310
OG-000030,FD-036,2024-01-21 09:30:00,2024-01-21 12:53:00,203,unknown,CR-16,3420
OG-000376,FD-013,10/06/2024 23:45,11/06/2024 00:50,65,vegetation contact,CR-04,6656
OG-002182,FD-012,2026-03-09 02:00:00,2026-03-09 06:16:00,256,lightning strike,CR-17,1586
OG-000297,FD-022,2024-05-19 11:45:00,2024-05-19 14:57:00,192,lightning strike,,418
OG-001650,FD-021,2025-08-10 00:00:00,10/08/2025 01:28,88,vegetation contact,CR-18,103
OG-000333,FD-005,1716995700,2024-05-29 15:23:00,8,planned maintenance,CR-09,5724
OG-000740,FD-016,2024-08-31 00:30:00,2024-08-31 04:32:00,242,vegetation contact,CR-17,1884
OG-001202,FD-002,2025-04-07 08:45:00,2025-04-07 10:38:00,113,overload,CR-09,3644
OG-000009,FD-004,2024-01-09 23:15:00,2024-01-10 02:01:00,166,overload,CR-09,748
OG-001671,FD-029,2025-08-14 11:00:00,2025-08-14 14:28:00,208,storm damage,CR-18,831
OG-000544,FD-037,2024-07-22 11:45:00,2024-07-22 13:12:00,87,transformer fault,CR-15,1924
OG-001378,FD-033,2025-06-01 19:45:00,2025-06-02 00:29:00,284 min,lightning strike,CR-13,33
OG-002537,FD-022,1782715500,2026-06-29 07:09:00,24,lightning strike,CR-11,691
OG-001596,FD-036,2025-07-30 08:15:00,2025-07-30 10:43:00,148,pole collapse,,150
OG-000531,FD-030,2024-07-18 11:45:00,2024-07-18 14:46:00,181,pole collapse,CR-13,3385
OG-900129,FD-9129,2024-12-14 10:00:00,2025-10-16 13:00:00,180,unknown,CR-01,500
OG-001696,FD-014,19/08/2025 09:15,19/08/2025 09:23,8,pole collapse,CR-14,3116
OG-000486,FD-027,08/07/2024 22:00,2024-07-09 01:57:00,237,lightning strike,CR-01,1018
OG-001316,FD-029,2025-05-14 04:00:00,1747196700,25,lightning strike,CR-14,752
OG-001190,FD-027,02/04/2025 14:15,1743614940,194,vegetation contact,CR-12,1968
OG-000123,FD-024,2024-03-23 15:00:00,2024-03-23 19:09:00,249,lightning strike,CR-02,3109
OG-000101,FD-031,2024-03-13 20:00:00,2024-03-13 22:41:00,161,lightning strike,,1636
OG-000797,FD-020,2024-09-10 22:30:00,2024-09-11 02:07:00,217,pole collapse,CR-06,628
OG-001401,FD-018,2025-06-08 06:15:00,2025-06-08 10:05:00,230,storm damage,CR-05,3432
OG-001133,FD-031,2025-03-08 17:15:00,08/03/2025 18:56,101,planned maintenance,CR-17,634
OG-900134,FD-9134,2024-03-26 10:00:00,2025-11-11 13:00:00,180,unknown,CR-01,500
OG-001803,FD-011,2025-09-11 13:15:00,2025-09-11 16:26:00,191,overload,CR-16,5556
OG-001692,FD-004,2025-08-18 20:15:00,2025-08-18 22:19:00,124,lightning strike,CR-10,1170
OG-000128,FD-019,2024-03-24 22:00:00,2024-03-25 04:08:00,368,lightning strike,CR-13,1671
OG-000057,FD-011,2024-02-16 10:15:00,2024-02-16 12:52:00,157,cable theft,CR-10,6550
OG-000631,FD-024,2024-08-10 11:45:00,2024-08-10 17:22:00,337,storm damage,CR-12,2777
OG-000255,FD-031,2024-05-08 23:15:00,2024-05-09 01:21:00,126,storm damage,CR-15,868
OG-002501,FD-036,20/06/2026 18:30,2026-06-20 23:27:00,297,pole collapse,CR-14,1452
OG-000227,FD-016,29/04/2024 17:30,2024-04-29 18:12:00,42,transformer fault,CR-18,44
OG-000484,FD-033,2024-07-07 23:30:00,2024-07-08 01:19:00,109,transformer fault,CR-13,383
OG-002089,FD-016,2025-12-31 06:45:00,2025-12-31 07:34:00,49,storm damage,CR-15,2369
OG-001047,FD-017,1733707800,2024-12-09 03:41:00,131,equipment failure,CR-02,2579
OG-900237,FD-9237,2024-04-10 10:00:00,2025-12-01 13:00:00,180,unknown,CR-01,500
OG-001429,FD-016,2025-06-16 20:00:00,2025-06-16 23:37:00,217,POLE COLLAPSE,CR-02,1982
OG-001189,FD-029,2025-04-02 14:45:00,2025-04-02 17:14:00,149 min,planned maintenance,CR-18,649
OG-001069,FD-029,2025-01-05 10:45:00,2025-01-05 11:50:00,65,planned maintenance,CR-06,1643
OG-002197,FD-025,2026-03-15 18:15:00,15/03/2026 21:11,176,planned maintenance,CR-09,3792
OG-002083,FD-007,2025-12-25 22:00:00,25/12/2025 22:57,57,lightning strike,CR-12,801
OG-001286,FD-024,2025-05-06 02:15:00,1746520080,373 min,storm damage,CR-16,2192
OG-002438,FD-004,2026-06-01 03:00:00,2026-06-01 06:22:00,202,planned maintenance,CR-07,149
OG-001700,FD-032,20/08/2025 16:45,2025-08-20 19:21:00,156,pole collapse,CR-03,290
OG-000640,FD-007,2024-08-12 04:15:00,2024-08-12 07:37:00,202,storm damage,,831
OG-000541,FD-037,2024-07-21 07:00:00,2024-07-21 07:31:00,31,lightning strike,CR-13,2387
OG-000258,FD-037,08/05/2024 16:15,2024-05-08 17:37:00,82,vegetation contact,CR-10,2548
OG-001928,FD-012,2025-10-10 07:30:00,2025-10-10 10:26:00,176,storm damage,CR-10,944
OG-001158,FD-014,19/03/2025 01:30,2025-03-19 04:51:00,201,vegetation contact,CR-08,1638
OG-000347,FD-005,2024-06-03 20:15:00,2024-06-03 21:52:00,97,lightning strike,CR-03,1189
OG-000860,FD-012,2024-09-22 22:45:00,2024-09-23 01:07:00,142,pole collapse,CR-14,498
OG-900099,FD-999,02/12/2025 10:00,2025-12-02 13:00:00,180,unknown,CR-01,500
OG-002436,FD-033,2026-05-31 12:00:00,2026-05-31 14:47:00,167,storm damage,CR-14,681
OG-002049,FD-005,2025-11-26 03:45:00,2025-11-26 03:53:00,8,unknown,CR-06,3041
OG-002388,FD-028,2026-05-20 12:15:00,20/05/2026 16:36,261,vegetation contact,CR-05,590
OG-001707,FD-013,2025-08-21 18:15:00,2025-08-21 18:51:00,36,storm damage,CR-15,2802
OG-001907,FD-031,2025-10-03 07:45:00,2025-10-03 14:20:00,395,storm damage,CR-12,689
OG-900107,FD-9107,2025-07-24 10:00:00,2025-07-01 13:00:00,180,unknown,CR-01,500
OG-000570,FD-014,28/07/2024 10:30,2024-07-28 12:27:00,117,POLE COLLAPSE,CR-14,4087
OG-001534,FD-011,2025-07-15 16:00:00,2025-07-15 17:27:00,87,pole collapse,CR-02,7223
OG-000736,FD-020,2024-08-30 04:45:00,2024-08-30 07:29:00,164,equipment failure,CR-12,2787
OG-001395,FD-023,2025-06-06 17:45:00,2025-06-06 20:23:00,158,vegetation contact,CR-18,1856
OG-002265,FD-027,2026-04-12 02:45:00,2026-04-12 03:39:00,54,equipment failure,CR-10,773
OG-000722,FD-024,2024-08-27 04:30:00,27/08/2024 08:30,240,lightning strike,CR-06,1902
OG-002264,FD-008,2026-04-12 07:15:00,2026-04-12 10:35:00,200,storm damage,CR-07,1785
OG-001675,FD-005,2025-08-15 19:00:00,2025-08-15 22:22:00,202 min,pole collapse,CR-09,504
OG-001480,FD-017,2025-07-02 10:00:00,2025-07-02 12:16:00,136,transformer fault,CR-18,2291
OG-000967,FD-012,1729422000,2024-10-20 11:17:00,17,STORM DAMAGE,,944
OG-002010,FD-025,2025-10-31 17:45:00,2025-10-31 21:28:00,223,overload,CR-04,5129
OG-001317,FD-024,2025-05-14 10:15:00,2025-05-14 11:39:00,84,storm damage,,2401
OG-000056,FD-036,2024-02-15 01:00:00,1707963960,86,equipment failure,CR-01,1245
OG-001883,FD-013,2025-09-27 14:15:00,27/09/2025 16:01,106,overload,CR-08,8476
OG-001773,FD-013,2025-09-04 19:30:00,2025-09-04 23:04:00,214,lightning strike,,8216
OG-002336,FD-032,2026-05-05 07:00:00,2026-05-05 10:51:00,231 min,lightning strike,CR-10,198
OG-000676,FD-034,19/08/2024 22:45,2024-08-20 03:09:00,264,lightning strike,CR-15,1424
OG-001520,FD-001,2025-07-12 06:00:00,2025-07-12 11:50:00,350,storm damage,CR-16,8221
OG-000634,FD-029,2024-08-11 22:00:00,12/08/2024 02:33,273,pole collapse,CR-10,108
OG-001531,FD-028,2025-07-14 16:45:00,1752515160,61,storm damage,CR-15,2298
OG-001697,FD-007,2025-08-19 06:30:00,19/08/2025 10:43,253,VEGETATION CONTACT,CR-07,804
OG-900255,FD-9255,2024-08-09 10:00:00,1735995600,180,unknown,CR-01,500
OG-002429,FD-013,2026-05-29 08:00:00,2026-05-29 10:34:00,154,storm damage,CR-05,6441
OG-002463,FD-008,09/06/2026 06:00,2026-06-09 09:31:00,211,vegetation contact,CR-16,5093
OG-000665,FD-033,2024-08-17 17:45:00,2024-08-17 21:59:00,254,lightning strike,CR-01,1305
OG-000755,FD-007,2024-09-02 15:45:00,2024-09-02 15:53:00,8,TRANSFORMER FAULT,CR-13,347
OG-001601,FD-034,2025-08-01 20:45:00,2025-08-02 00:33:00,228,storm damage,CR-07,1475
OG-002401,FD-001,2026-05-23 21:45:00,2026-05-23 23:18:00,93,pole collapse,CR-08,1368
OG-001921,FD-008,2025-10-07 12:00:00,1759854360,266,lightning strike,CR-13,3722
OG-001062,FD-009,2025-01-02 06:30:00,2025-01-02 09:03:00,153,cable theft,CR-15,658
OG-002196,FD-036,2026-03-15 23:45:00,2026-03-16 02:10:00,145,equipment failure,CR-04,1690
OG-900311,FD-9311,2024-08-14 10:00:00,2025-12-25 13:00:00,180,unknown,CR-01,500
OG-900020,FD-920,2025-12-05 10:00:00,2025-06-12 13:00:00,180,unknown,CR-01,500
OG-001529,FD-016,2025-07-14 19:30:00,2025-07-14 21:15:00,105,pole collapse,CR-16,2096
OG-002426,FD-032,2026-05-28 15:15:00,28/05/2026 21:19,364,storm damage,CR-01,81
OG-002254,FD-018,2026-04-08 00:30:00,08/04/2026 02:06,96,cable theft,,907
OG-002023,FD-024,09/11/2025 20:15,2025-11-09 20:23:00,8,cable theft,CR-02,893
OG-000331,FD-028,2024-05-29 16:45:00,2024-05-29 17:15:00,30,unknown,CR-16,2166
OG-000582,FD-014,2024-07-31 10:15:00,2024-07-31 14:47:00,272 min,lightning strike,CR-11,6038
OG-002195,FD-018,2026-03-15 11:15:00,2026-03-15 11:23:00,8,cable theft,CR-14,2044
OG-000519,FD-007,2024-07-15 04:00:00,2024-07-15 06:45:00,165,pole collapse,CR-16,318
OG-001111,FD-035,2025-02-25 07:30:00,2025-02-25 08:56:00,86,equipment failure,CR-02,532
OG-001569,FD-001,2025-07-23 04:30:00,2025-07-23 04:54:00,24,overload,CR-13,5284
OG-001090,FD-023,2025-01-31 23:30:00,2025-02-01 03:21:00,231,equipment failure,CR-13,965
OG-000246,FD-021,05/05/2024 17:00,2024-05-05 20:48:00,228,pole collapse,CR-14,1857
OG-001607,FD-001,2025-08-02 06:45:00,2025-08-02 07:23:00,38,unknown,CR-12,7822
OG-000692,FD-009,2024-08-22 05:30:00,1724311140,109,storm damage,CR-02,4488
OG-001980,FD-032,2025-10-24 10:30:00,2025-10-24 13:22:00,172,vegetation contact,CR-08,714
OG-001415,FD-019,1749734100,2025-06-12 16:27:00,192,lightning strike,CR-10,2143
OG-001599,FD-024,2025-07-31 14:00:00,2025-07-31 19:09:00,309,cable theft,CR-15,596
OG-000107,FD-015,2024-03-16 06:45:00,2024-03-16 10:21:00,216,storm damage,CR-10,891
OG-002400,FD-033,2026-05-23 09:15:00,2026-05-23 12:44:00,209,planned maintenance,CR-04,1408
OG-000919,FD-015,2024-10-05 04:15:00,2024-10-05 08:28:00,253,lightning strike,CR-16,776
OG-002077,FD-034,2025-12-21 15:00:00,2025-12-21 19:08:00,248,storm damage,CR-06,1401
OG-002449,FD-022,2026-06-04 22:15:00,04/06/2026 22:41,26 min,planned maintenance,CR-11,834
OG-000282,FD-016,2024-05-15 23:45:00,2024-05-16 04:15:00,270,storm damage,CR-07,87
OG-900117,FD-9117,2025-08-06 10:00:00,2025-06-05 13:00:00,180,unknown,CR-01,500
OG-001577,FD-035,2025-07-25 22:30:00,2025-07-26 02:17:00,227,storm damage,CR-01,103
OG-000776,FD-030,2024-09-06 16:45:00,2024-09-06 21:48:00,303,lightning strike,CR-04,1343
OG-001053,FD-005,2024-12-21 12:15:00,2024-12-21 12:23:00,8,transformer fault,CR-05,211
OG-002100,FD-035,2026-01-16 14:30:00,2026-01-16 15:00:00,30,equipment failure,CR-08,737
OG-000018,FD-012,1705204800,2024-01-14 04:08:00,8 min,lightning strike,CR-10,596
OG-001461,FD-024,27/06/2025 00:45,2025-06-27 06:05:00,320,lightning strike,CR-07,2106
OG-001001,FD-005,2024-11-03 14:45:00,2024-11-03 16:22:00,97,transformer fault,CR-08,2397
OG-000103,FD-007,2024-03-15 07:00:00,2024-03-15 09:53:00,173,cable theft,CR-08,834
OG-000618,FD-036,2024-08-07 09:00:00,2024-08-07 09:27:00,27,transformer fault,CR-18,3673
OG-001714,FD-032,2025-08-22 07:45:00,2025-08-22 10:51:00,186,vegetation contact,,2060
OG-000647,FD-016,2024-08-13 12:15:00,1723565160,231,lightning strike,CR-13,2317
OG-001516,FD-029,2025-07-11 05:00:00,2025-07-11 08:58:00,238,pole collapse,CR-02,885
OG-001165,FD-026,22/03/2025 01:00,2025-03-22 01:54:00,54,equipment failure,CR-03,1762
OG-000577,FD-009,2024-07-30 07:30:00,2024-07-30 10:00:00,150,pole collapse,CR-10,1288
OG-900348,FD-9348,09/03/2025 10:00,2025-05-20 13:00:00,180,unknown,CR-01,500
OG-001555,FD-034,20/07/2025 07:45,2025-07-20 07:53:00,8,overload,CR-04,1404
OG-002455,FD-033,2026-06-06 19:30:00,2026-06-07 00:13:00,283,storm damage,CR-11,84
OG-000474,FD-024,1720153800,2024-07-05 06:05:00,95,unknown,CR-15,3315
OG-900240,FD-9240,2025-03-26 10:00:00,2025-07-06 13:00:00,180,unknown,CR-01,500
OG-000798,FD-025,2024-09-10 18:30:00,2024-09-10 22:48:00,258,pole collapse,CR-12,2838
OG-001613,FD-037,2025-08-04 16:15:00,04/08/2025 18:52,157,lightning strike,CR-12,711
OG-000262,FD-020,2024-05-09 03:15:00,2024-05-09 05:15:00,120,lightning strike,CR-04,2903
OG-001198,FD-014,2025-04-07 14:45:00,2025-04-07 19:05:00,260,storm damage,CR-13,4304
OG-002372,FD-035,2026-05-16 21:15:00,2026-05-16 23:42:00,147,pole collapse,CR-10,61
OG-000207,FD-006,2024-04-22 05:45:00,2024-04-22 08:32:00,167,vegetation contact,CR-07,6540
OG-900201,FD-9201,03/06/2024 10:00,2025-05-04 13:00:00,180,unknown,CR-01,500
OG-900257,FD-9257,2025-11-23 10:00:00,2025-12-04 13:00:00,180,unknown,CR-01,500
OG-002122,FD-035,2026-02-12 10:15:00,2026-02-12 10:23:00,8,cable theft,CR-13,833
OG-000892,FD-035,2024-09-29 12:15:00,29/09/2024 16:25,250,pole collapse,CR-09,690
OG-001808,FD-001,2025-09-11 22:30:00,2025-09-12 01:56:00,206,lightning strike,CR-03,7971
OG-900184,FD-9184,2025-01-26 10:00:00,2025-10-02 13:00:00,180,unknown,CR-01,500
OG-001445,FD-007,2025-06-23 15:00:00,2025-06-23 17:23:00,143,vegetation contact,CR-12,432
OG-002238,FD-030,04/04/2026 08:15,2026-04-04 10:45:00,150,transformer fault,CR-08,3131
OG-000125,FD-031,23/03/2024 08:45,2024-03-23 12:41:00,236,storm damage,CR-07,269
OG-001992,FD-030,2025-10-26 20:15:00,26/10/2025 23:50,215,storm damage,CR-16,1193
OG-000235,FD-034,2024-05-01 23:00:00,2024-05-02 05:17:00,377,storm damage,CR-07,849
OG-002239,FD-031,2026-04-04 00:30:00,04/04/2026 05:03,273,storm damage,CR-06,71
OG-900269,FD-9269,2025-10-25 10:00:00,17/04/2025 13:00,180,unknown,CR-01,500
OG-001831,FD-033,2025-09-16 14:00:00,2025-09-16 17:58:00,238,storm damage,CR-05,1395
OG-001330,FD-025,18/05/2025 07:15,18/05/2025 09:18,123,pole collapse,CR-03,2246
OG-001159,FD-035,19/03/2025 21:45,2025-03-20 00:16:00,151,UNKNOWN,CR-16,1227
OG-000762,FD-003,2024-09-03 12:45:00,2024-09-03 15:17:00,152,unknown,CR-15,3175
OG-002061,FD-030,1765234800,2025-12-08 23:25:00,25,transformer fault,CR-06,6595
OG-002474,FD-032,1781299800,2026-06-12 23:27:00,117,pole collapse,CR-11,1837
OG-000840,FD-011,2024-09-19 18:15:00,2024-09-19 21:11:00,176,storm damage,CR-06,6107
OG-002084,FD-016,1766868300,27/12/2025 22:34,109,lightning strike,CR-06,1168
OG-001869,FD-021,25/09/2025 20:00,2025-09-25 23:15:00,195,POLE COLLAPSE,CR-11,604
OG-000149,FD-019,01/04/2024 00:45,2024-04-01 04:14:00,209,pole collapse,CR-02,1331
OG-001562,FD-026,2025-07-21 15:00:00,2025-07-21 17:08:00,128,lightning strike,CR-08,244
OG-001347,FD-020,2025-05-22 05:30:00,2025-05-22 09:59:00,269,vegetation contact,CR-02,4274
OG-001606,FD-031,2025-08-02 19:45:00,2025-08-03 00:49:00,304,overload,CR-15,1425
OG-000156,FD-001,2024-04-03 01:45:00,2024-04-03 05:40:00,235,lightning strike,CR-14,7969
OG-001597,FD-034,2025-07-30 10:45:00,2025-07-30 16:04:00,319,vegetation contact,CR-09,1238
OG-000633,FD-009,2024-08-11 02:15:00,2024-08-11 06:42:00,267,unknown,CR-17,3708
OG-000233,FD-006,2024-05-01 08:15:00,2024-05-01 10:07:00,112,storm damage,CR-15,6770
OG-001142,FD-011,2025-03-13 10:45:00,2025-03-13 13:34:00,169,transformer fault,CR-07,205
OG-001942,FD-003,2025-10-14 12:45:00,2025-10-14 15:54:00,189,lightning strike,CR-10,50
OG-001915,FD-006,2025-10-06 15:45:00,2025-10-06 19:44:00,239,vegetation contact,CR-10,6611
OG-001975,FD-031,2025-10-22 03:15:00,1761116580,228,storm damage,CR-10,321
OG-001989,FD-010,25/10/2025 15:45,1761416820,162,vegetation contact,CR-15,51
OG-000956,FD-001,2024-10-16 04:15:00,2024-10-16 05:03:00,48,overload,CR-08,3569
OG-002271,FD-018,2026-04-14 15:30:00,2026-04-14 17:15:00,105,overload,CR-04,2515
OG-001254,FD-035,25/04/2025 20:00,2025-04-25 22:38:00,158,storm damage,CR-11,1463
OG-002068,FD-014,2025-12-12 19:30:00,2025-12-12 20:24:00,54,equipment failure,CR-18,4734
OG-000420,FD-036,2024-06-23 10:30:00,2024-06-23 14:10:00,220,vegetation contact,CR-18,1519
OG-000635,FD-012,2024-08-11 12:15:00,2024-08-11 15:41:00,206,vegetation contact,CR-01,553
OG-000650,FD-010,2024-08-14 16:45:00,2024-08-14 20:30:00,225,STORM DAMAGE,CR-06,307
OG-002518,FD-015,24/06/2026 10:30,2026-06-24 11:20:00,50,planned maintenance,CR-01,532
OG-000838,FD-006,2024-09-18 14:30:00,2024-09-18 19:00:00,270,storm damage,CR-12,860
OG-000073,FD-023,2024-03-02 04:30:00,1709357220,57,cable theft,CR-03,1446
OG-900319,FD-9319,2024-06-27 10:00:00,2025-04-14 13:00:00,180,unknown,CR-01,500
OG-000990,FD-037,2024-10-28 17:45:00,2024-10-28 20:33:00,168,vegetation contact,CR-10,631
OG-900239,FD-9239,1764237600,2025-04-04 13:00:00,180,unknown,CR-01,500
OG-002024,FD-034,10/11/2025 00:45,2025-11-10 01:41:00,56,overload,CR-16,947
OG-000959,FD-034,2024-10-17 06:00:00,2024-10-17 09:38:00,218,storm damage,CR-04,653
OG-002497,FD-001,2026-06-19 14:00:00,19/06/2026 15:47,107,storm damage,CR-18,7990
OG-001763,FD-013,02/09/2025 05:30,2025-09-02 05:42:00,12,vegetation contact,CR-01,5493
OG-000939,FD-024,2024-10-11 11:15:00,2024-10-11 13:58:00,163,lightning strike,CR-15,1251
OG-000098,FD-001,1710324000,2024-03-13 12:08:00,128,equipment failure,CR-05,2662
OG-900014,FD-914,2024-08-10 10:00:00,2025-12-16 13:00:00,180,unknown,CR-01,500
OG-900311,FD-9311,2024-08-14 10:00:00,2025-12-25 13:00:00,180,unknown,CR-01,500
OG-000863,FD-008,2024-09-23 05:00:00,1727081400,230,lightning strike,CR-11,2805
OG-002155,FD-031,01/03/2026 09:15,2026-03-01 11:00:00,105,lightning strike,CR-06,222
OG-000547,FD-004,2024-07-22 02:45:00,1721616780,8,equipment failure,CR-17,1584
OG-000989,FD-012,28/10/2024 10:30,2024-10-28 10:38:00,8 min,lightning strike,CR-01,1406
OG-001277,FD-003,2025-05-04 17:30:00,2025-05-04 19:53:00,143,pole collapse,CR-16,3574
OG-002377,FD-005,17/05/2026 00:00,2026-05-17 03:04:00,184,storm damage,CR-01,5212
OG-001781,FD-032,06/09/2025 01:15,2025-09-06 02:26:00,71,equipment failure,CR-05,1099
OG-000799,FD-002,10/09/2024 00:00,10/09/2024 03:58,238,storm damage,CR-02,3187
OG-000569,FD-023,2024-07-28 12:15:00,2024-07-28 15:13:00,178,pole collapse,,1457
OG-001278,FD-026,2025-05-04 16:45:00,2025-05-04 19:49:00,184,vegetation contact,CR-04,759
OG-002007,FD-026,2025-10-30 05:45:00,30/10/2025 09:21,216,storm damage,CR-14,1063
OG-000478,FD-017,2024-07-06 10:30:00,2024-07-06 12:33:00,123,planned maintenance,CR-13,2262
OG-900038,FD-938,2025-08-23 10:00:00,2025-09-19 13:00:00,180,unknown,CR-01,500
OG-001716,FD-009,2025-08-23 17:45:00,2025-08-23 21:55:00,250,vegetation contact,CR-14,2758
OG-002164,FD-006,2026-03-04 02:15:00,2026-03-04 03:51:00,96,vegetation contact,CR-07,444
OG-001538,FD-021,2025-07-15 17:45:00,1752621840,339,pole collapse,CR-15,2109
OG-002397,FD-028,2026-05-22 14:00:00,2026-05-22 15:36:00,96,storm damage,CR-14,2304
OG-000813,FD-037,2024-09-13 23:45:00,2024-09-14 04:30:00,285,lightning strike,CR-13,88
OG-002375,FD-015,2026-05-16 20:45:00,2026-05-16 20:53:00,8,UNKNOWN,CR-02,1285
OG-000502,FD-002,11/07/2024 09:00,2024-07-11 12:32:00,212,lightning strike,CR-15,328
OG-000773,FD-010,1725506100,2024-09-05 07:11:00,236,lightning strike,CR-13,283
OG-002452,FD-029,2026-06-04 22:15:00,2026-06-04 22:50:00,35,lightning strike,CR-07,1728
OG-002533,FD-004,28/06/2026 23:30,2026-06-29 02:47:00,197,vegetation contact,CR-13,331
OG-001072,FD-008,2025-01-09 10:00:00,2025-01-09 10:26:00,26,cable theft,CR-11,6471
OG-001424,FD-004,2025-06-15 06:45:00,2025-06-15 08:47:00,122,transformer fault,CR-18,2805
OG-900178,FD-9178,2025-01-13 10:00:00,17/10/2025 13:00,180,unknown,CR-01,500
OG-900251,FD-9251,2025-10-21 10:00:00,22/04/2025 13:00,180,unknown,CR-01,500
OG-001683,FD-013,2025-08-16 11:30:00,1755355740,199,equipment failure,CR-02,6927
OG-000505,FD-014,2024-07-12 17:30:00,2024-07-12 20:50:00,200,storm damage,CR-13,2154
OG-000816,FD-020,2024-09-13 19:15:00,2024-09-13 22:54:00,219,vegetation contact,CR-07,3598
OG-001981,FD-008,2025-10-24 19:15:00,2025-10-24 21:57:00,162,pole collapse,CR-12,5748
OG-002208,FD-029,2026-03-23 13:30:00,2026-03-23 14:49:00,79,cable theft,CR-15,30
OG-002334,FD-027,2026-05-04 07:15:00,2026-05-04 07:23:00,8,transformer fault,CR-14,1513
OG-002109,FD-012,2026-02-04 02:15:00,2026-02-04 05:12:00,177,planned maintenance,CR-04,891
OG-000403,FD-004,1718791200,2024-06-19 13:14:00,194,storm damage,CR-08,1323
OG-000485,FD-010,2024-07-07 21:30:00,2024-07-08 00:00:00,150,pole collapse,CR-07,49
OG-000213,FD-016,2024-04-24 13:45:00,2024-04-24 16:27:00,162,pole collapse,CR-15,2545
OG-001790,FD-029,08/09/2025 08:45,2025-09-08 12:11:00,206 min,storm damage,CR-09,2712
OG-000674,FD-030,2024-08-18 20:45:00,18/08/2024 21:50,65,lightning strike,CR-13,2433
OG-001339,FD-001,2025-05-20 20:15:00,2025-05-20 23:58:00,223,vegetation contact,CR-17,8125
OG-900114,FD-9114,2025-01-28 10:00:00,1746882000,180,unknown,CR-01,500
OG-001743,FD-004,1756458900,1756471440,209,vegetation contact,CR-18,2786
OG-001021,FD-014,1731817800,17/11/2024 04:39,9,lightning strike,CR-07,4739
OG-002214,FD-010,2026-03-26 00:15:00,2026-03-26 00:23:00,8,equipment failure,CR-04,285
OG-000146,FD-005,2024-04-01 07:15:00,01/04/2024 09:11,116,planned maintenance,CR-09,6549
OG-001640,FD-020,2025-08-08 09:45:00,2025-08-08 11:13:00,88,pole collapse,CR-18,805
OG-001876,FD-004,2025-09-26 14:30:00,2025-09-26 17:22:00,172,planned maintenance,CR-10,1527
OG-000847,FD-011,2024-09-20 22:00:00,1726886100,275,vegetation contact,,4058
OG-000406,FD-015,2024-06-19 23:00:00,20/06/2024 02:39,219,lightning strike,CR-17,296
OG-002287,FD-007,2026-04-20 11:00:00,2026-04-20 15:05:00,245,pole collapse,CR-14,1503
OG-001886,FD-014,2025-09-28 14:45:00,28/09/2025 19:07,262,storm damage,CR-16,505
OG-001247,FD-031,2025-04-22 04:45:00,2025-04-22 05:27:00,42,transformer fault,CR-08,777
OG-900000,FD-900,19/10/2024 10:00,1759496400,180,unknown,CR-01,500
OG-001627,FD-015,06/08/2025 07:00,2025-08-06 10:08:00,188,storm damage,CR-15,971
OG-900118,FD-9118,2024-09-27 10:00:00,2025-03-16 13:00:00,180,unknown,CR-01,500
OG-000961,FD-001,1729278900,2024-10-18 21:12:00,117,unknown,CR-15,2367
OG-000453,FD-036,1719774900,2024-06-30 21:33:00,138,storm damage,CR-15,1779
OG-002154,FD-011,2026-03-01 00:00:00,2026-03-01 00:08:00,8,transformer fault,CR-01,3847
OG-002363,FD-026,2026-05-11 09:30:00,11/05/2026 11:16,106,unknown,CR-15,3043
OG-002196,FD-036,2026-03-15 23:45:00,2026-03-16 02:10:00,145,equipment failure,CR-04,1690
OG-001682,FD-013,16/08/2025 21:30,16/08/2025 23:57,147,vegetation contact,CR-11,6285
OG-002321,FD-030,2026-05-01 10:45:00,2026-05-01 15:03:00,258,unknown,CR-18,3065
OG-002245,FD-030,2026-04-06 12:00:00,2026-04-06 17:32:00,332,vegetation contact,CR-10,3369
OG-000293,FD-012,2024-05-18 21:15:00,2024-05-19 05:33:00,498,storm damage,CR-13,484
OG-001578,FD-035,2025-07-25 08:15:00,2025-07-25 11:37:00,202,lightning strike,CR-09,362
OG-000030,FD-036,2024-01-21 09:30:00,2024-01-21 12:53:00,203,unknown,CR-16,3420
OG-900110,FD-9110,2025-04-10 10:00:00,2025-07-18 13:00:00,180,unknown,CR-01,500
OG-000448,FD-037,29/06/2024 23:45,2024-06-30 01:58:00,133,vegetation contact,CR-16,2328
OG-000278,FD-015,1715724900,2024-05-15 02:39:00,264,storm damage,CR-14,763
OG-000219,FD-004,2024-04-26 01:45:00,2024-04-26 05:21:00,216,pole collapse,CR-04,1188
OG-001263,FD-027,2025-04-28 22:00:00,2025-04-29 02:00:00,240,lightning strike,CR-05,140
OG-001311,FD-009,2025-05-13 06:15:00,2025-05-13 08:25:00,130,lightning strike,CR-06,4254
OG-002324,FD-022,2026-05-02 02:00:00,2026-05-02 02:08:00,8,transformer fault,CR-01,478
OG-002456,FD-027,2026-06-07 12:00:00,07/06/2026 15:32,212,lightning strike,CR-11,2358
OG-001632,FD-022,2025-08-07 08:00:00,2025-08-07 11:26:00,206,VEGETATION CONTACT,CR-14,763
OG-900246,FD-9246,2024-10-18 10:00:00,2025-07-25 13:00:00,180,unknown,CR-01,500
OG-001954,FD-032,2025-10-16 02:00:00,2025-10-16 05:16:00,196,storm damage,CR-01,1806
OG-001017,FD-002,2024-11-15 07:00:00,2024-11-15 09:54:00,174,overload,CR-13,2549
OG-000517,FD-033,2024-07-15 21:00:00,2024-07-16 00:03:00,183,vegetation contact,CR-05,1205
OG-001684,FD-015,2025-08-16 15:00:00,2025-08-16 17:57:00,177,lightning strike,CR-01,986
OG-002161,FD-004,03/03/2026 05:15,03/03/2026 06:19,64,overload,,562
OG-900249,FD-9249,2025-08-14 10:00:00,2025-12-23 13:00:00,180,unknown,CR-01,500
OG-001968,FD-008,2025-10-20 19:15:00,2025-10-20 22:07:00,172,pole collapse,CR-07,1943
OG-001626,FD-028,1754523900,07/08/2025 01:18,93 min,equipment failure,CR-01,451
OG-002306,FD-036,2026-04-26 14:45:00,2026-04-26 17:40:00,175,storm damage,CR-12,3466
OG-000670,FD-028,2024-08-18 06:15:00,2024-08-18 08:56:00,161,STORM DAMAGE,CR-01,799
OG-000965,FD-030,1729420200,2024-10-20 14:29:00,239,storm damage,CR-11,7741
OG-000085,FD-033,2024-03-06 03:00:00,2024-03-06 04:40:00,100,vegetation contact,CR-12,692
OG-900055,FD-955,2024-02-03 10:00:00,2025-07-19 13:00:00,180,unknown,CR-01,500
OG-001761,FD-019,2025-09-02 19:15:00,2025-09-02 19:23:00,8,unknown,CR-03,1400
OG-002169,FD-029,2026-03-06 15:30:00,06/03/2026 17:17,107,transformer fault,CR-05,1995
OG-002541,FD-024,2026-06-30 07:00:00,2026-06-30 07:41:00,41,LIGHTNING STRIKE,CR-09,1716
OG-001335,FD-003,2025-05-19 20:00:00,2025-05-19 21:36:00,96,planned maintenance,CR-12,1393
OG-001465,FD-033,1751115600,28/06/2025 14:36,96,vegetation contact,CR-06,435
OG-000834,FD-002,2024-09-18 23:00:00,1726700880,8,LIGHTNING STRIKE,CR-13,3361
OG-000327,FD-003,28/05/2024 10:15,1716900180,148,planned maintenance,CR-10,3858
OG-000546,FD-005,22/07/2024 12:15,2024-07-22 13:28:00,73,unknown,CR-03,4810
OG-002292,FD-018,2026-04-22 08:00:00,2026-04-22 12:03:00,243,vegetation contact,CR-07,4663
OG-000900,FD-028,30/09/2024 06:00,2024-09-30 06:08:00,8,planned maintenance,CR-04,1718
OG-001768,FD-012,2025-09-03 13:15:00,1756914780,158,storm damage,CR-08,1082
OG-900079,FD-979,1726480800,2025-09-20 13:00:00,180,unknown,CR-01,500
OG-001076,FD-028,2025-01-12 19:30:00,2025-01-12 23:24:00,234,lightning strike,CR-14,5737
OG-000706,FD-022,1724485500,2024-08-24 12:05:00,260,pole collapse,CR-12,839
OG-001896,FD-005,1759201200,2025-09-30 03:41:00,41,vegetation contact,CR-17,3270
OG-002042,FD-022,2025-11-20 19:45:00,1763686620,312,storm damage,CR-18,937
OG-001837,FD-009,2025-09-18 01:15:00,2025-09-18 03:10:00,115 min,vegetation contact,CR-17,3240
OG-000166,FD-013,1712522700,2024-04-08 00:03:00,198,pole collapse,CR-03,7979
OG-000494,FD-027,1720592100,1720606140,234,planned maintenance,CR-08,1688
OG-000067,FD-031,27/02/2024 00:30,2024-02-27 03:00:00,150,cable theft,CR-11,643
OG-001411,FD-002,2025-06-11 19:15:00,2025-06-11 20:03:00,48,cable theft,CR-06,2722
OG-001213,FD-033,2025-04-10 01:00:00,2025-04-10 01:33:00,33 min,vegetation contact,CR-15,555
OG-001722,FD-001,2025-08-24 12:15:00,1756051080,223,vegetation contact,CR-10,660
OG-001343,FD-024,21/05/2025 15:15,21/05/2025 15:57,42,pole collapse,CR-18,1097
OG-000681,FD-011,2024-08-20 02:00:00,2024-08-20 03:50:00,110,overload,CR-07,7504
OG-001275,FD-035,2025-05-03 22:45:00,2025-05-04 00:32:00,107,pole collapse,CR-17,1067
OG-001651,FD-028,2025-08-10 09:30:00,2025-08-10 10:18:00,48,transformer fault,CR-04,5824
OG-001225,FD-002,2025-04-15 01:30:00,2025-04-15 02:56:00,86,pole collapse,CR-18,2980
OG-001783,FD-022,06/09/2025 06:15,2025-09-06 06:23:00,8,equipment failure,CR-16,902
OG-002259,FD-001,2026-04-10 23:30:00,2026-04-10 23:47:00,17,unknown,CR-09,2202
OG-000460,FD-031,2024-07-02 12:15:00,2024-07-02 15:47:00,212,vegetation contact,CR-03,1004
OG-000506,FD-013,2024-07-12 05:00:00,2024-07-12 05:37:00,37,overload,CR-10,3128
OG-001164,FD-026,2025-03-21 12:45:00,2025-03-21 13:28:00,43,unknown,CR-08,3331
OG-000818,FD-016,2024-09-14 02:15:00,2024-09-14 04:24:00,129,cable theft,CR-16,1972
OG-002085,FD-025,2025-12-27 02:15:00,2025-12-27 04:54:00,159,storm damage,CR-02,1823
OG-000780,FD-014,2024-09-07 13:00:00,2024-09-07 13:08:00,8 min,vegetation contact,CR-18,1535
OG-001132,FD-001,2025-03-08 05:15:00,2025-03-08 07:18:00,123,pole collapse,CR-01,3041
OG-000157,FD-008,2024-04-04 18:30:00,04/04/2024 21:07,157,transformer fault,CR-06,4424
OG-900187,FD-9187,2024-09-05 10:00:00,09/01/2025 13:00,180,unknown,CR-01,500
OG-001890,FD-007,2025-09-28 08:00:00,2025-09-28 11:11:00,191,pole collapse,CR-17,836
OG-001386,FD-004,2025-06-03 08:15:00,1748946720,137,vegetation contact,CR-05,3036
OG-000522,FD-013,17/07/2024 06:45,2024-07-17 11:26:00,281,lightning strike,CR-11,4686
OG-000242,FD-008,2024-05-04 23:30:00,05/05/2024 01:57,147,lightning strike,CR-09,3800
OG-002529,FD-014,27/06/2026 13:30,2026-06-27 16:34:00,184,lightning strike,CR-04,4990
OG-000975,FD-029,2024-10-23 15:00:00,2024-10-23 19:20:00,260,pole collapse,CR-15,986
OG-000680,FD-023,2024-08-20 04:15:00,20/08/2024 09:06,291,storm damage,CR-10,881
OG-900029,FD-929,13/08/2024 10:00,1742734800,180,unknown,CR-01,500
OG-000826,FD-031,2024-09-16 05:15:00,2024-09-16 07:56:00,161,pole collapse,CR-16,1532
OG-001649,FD-034,2025-08-10 06:00:00,2025-08-10 08:59:00,179,lightning strike,CR-01,1253
OG-001367,FD-011,2025-05-28 07:15:00,2025-05-28 12:24:00,309,storm damage,CR-16,7490
OG-002073,FD-009,17/12/2025 18:15,1766004420,152,storm damage,CR-06,4746
OG-900173,FD-9173,2024-06-24 10:00:00,09/12/2025 13:00,180,unknown,CR-01,500
OG-001940,FD-022,2025-10-13 18:00:00,2025-10-13 21:19:00,199,pole collapse,CR-04,902
OG-000496,FD-026,2024-07-10 19:45:00,10/07/2024 23:38,233,pole collapse,CR-13,345
OG-000782,FD-034,1725739200,08/09/2024 00:12,252,unknown,CR-08,1463
OG-000027,FD-030,2024-01-18 03:30:00,2024-01-18 03:38:00,8,cable theft,CR-06,7878
OG-001134,FD-026,2025-03-08 18:30:00,1741465320,112,lightning strike,CR-18,2633
OG-001453,FD-012,2025-06-26 06:45:00,26/06/2025 10:47,242,storm damage,CR-13,1506
OG-000774,FD-034,2024-09-06 15:00:00,2024-09-06 17:40:00,160,lightning strike,CR-15,231
OG-000942,FD-017,2024-10-11 04:15:00,2024-10-11 07:25:00,190,pole collapse,CR-08,315
OG-001141,FD-006,2025-03-12 12:45:00,2025-03-12 15:25:00,160,lightning strike,CR-09,6565
OG-900003,FD-903,2024-04-13 10:00:00,26/10/2025 13:00,180,unknown,CR-01,500
OG-900027,FD-927,2025-04-04 10:00:00,2025-12-12 13:00:00,180,unknown,CR-01,500
OG-000719,FD-009,2024-08-27 00:30:00,2024-08-27 02:01:00,91,cable theft,CR-17,4020
OG-001774,FD-017,2025-09-04 00:15:00,1756959360,241,pole collapse,CR-02,43
OG-002317,FD-035,2026-04-29 09:15:00,29/04/2026 12:40,205,vegetation contact,CR-10,1350
OG-001081,FD-006,2025-01-18 18:30:00,2025-01-18 19:55:00,85,unknown,CR-10,1583
OG-000843,FD-011,2024-09-19 13:30:00,19/09/2024 15:15,105,storm damage,CR-12,7026
OG-000210,FD-008,2024-04-23 03:15:00,2024-04-23 04:19:00,64,overload,CR-17,1384
OG-002002,FD-003,2025-10-29 12:45:00,2025-10-29 15:15:00,150,storm damage,CR-10,5798
OG-900075,FD-975,28/08/2024 10:00,08/12/2025 13:00,180,unknown,CR-01,500
OG-000215,FD-006,1714019400,2024-04-25 04:38:00,8,unknown,CR-11,5383
OG-002148,FD-023,2026-02-26 15:30:00,1772134680,248,lightning strike,CR-15,1258
OG-001107,FD-021,2025-02-20 23:45:00,2025-02-21 01:48:00,123,overload,CR-15,1049
OG-002402,FD-004,2026-05-23 13:15:00,2026-05-23 16:46:00,211,vegetation contact,CR-06,1216
OG-000306,FD-018,22/05/2024 13:45,2024-05-22 18:59:00,314,storm damage,CR-16,3945
OG-001186,FD-007,2025-03-31 21:30:00,2025-03-31 21:39:00,9,transformer fault,CR-01,1467
OG-000482,FD-023,2024-07-07 16:15:00,07/07/2024 20:56,281,pole collapse,,1542
OG-000732,FD-025,2024-08-29 03:00:00,2024-08-29 05:52:00,172,storm damage,CR-13,2611
OG-002108,FD-012,2026-02-04 13:45:00,2026-02-04 16:47:00,182,equipment failure,CR-14,995
OG-002015,FD-004,2025-11-01 02:00:00,2025-11-01 05:58:00,238,lightning strike,CR-09,920
OG-002318,FD-023,2026-04-30 21:30:00,1777590240,94,EQUIPMENT FAILURE,CR-01,1520
OG-000025,FD-022,17/01/2024 18:45,2024-01-17 18:53:00,8,planned maintenance,CR-08,830
OG-001093,FD-012,2025-02-05 22:00:00,1738798680,98,unknown,CR-12,343
OG-000930,FD-032,2024-10-08 15:30:00,2024-10-08 19:35:00,245,storm damage,CR-17,2168
OG-900247,FD-9247,2025-06-01 10:00:00,14/02/2025 13:00,180,unknown,CR-01,500
OG-000678,FD-013,19/08/2024 20:00,1724110620,217,unknown,CR-11,7624
OG-900306,FD-9306,2025-03-18 10:00:00,2025-10-20 13:00:00,180,unknown,CR-01,500
OG-000881,FD-003,2024-09-27 00:30:00,2024-09-27 05:13:00,283,storm damage,CR-13,5292
OG-001721,FD-016,2025-08-24 12:15:00,24/08/2025 14:35,140,overload,CR-14,1402
OG-002348,FD-029,2026-05-08 07:30:00,2026-05-08 08:20:00,50,equipment failure,CR-10,544
OG-002534,FD-029,2026-06-28 17:45:00,28/06/2026 21:48,243,pole collapse,CR-15,172
OG-000095,FD-015,2024-03-11 10:00:00,2024-03-11 11:33:00,93,equipment failure,CR-03,230
OG-000698,FD-025,23/08/2024 12:30,2024-08-23 16:20:00,230,lightning strike,,1367
OG-002422,FD-013,2026-05-27 10:00:00,2026-05-27 10:31:00,31,cable theft,CR-17,1495
OG-001544,FD-036,2025-07-17 06:15:00,2025-07-17 09:56:00,221,storm damage,CR-03,3937
OG-001212,FD-003,2025-04-10 12:15:00,2025-04-10 15:50:00,215,lightning strike,CR-15,4448
OG-900331,FD-9331,2024-05-20 10:00:00,2025-07-28 13:00:00,180,unknown,CR-01,500
OG-000796,FD-012,2024-09-09 05:00:00,2024-09-09 05:08:00,8,storm damage,CR-03,439
OG-000033,FD-031,2024-01-21 23:15:00,2024-01-21 23:23:00,8,cable theft,,233
OG-002159,FD-028,2026-03-02 22:15:00,2026-03-03 00:45:00,150,unknown,CR-01,3973
OG-000836,FD-032,2024-09-18 03:45:00,2024-09-18 07:09:00,204,lightning strike,CR-07,244
OG-000200,FD-023,2024-04-20 01:15:00,1713589020,222,storm damage,CR-12,72
OG-001846,FD-007,2025-09-20 20:15:00,20/09/2025 20:23,8,lightning strike,CR-13,656
OG-001567,FD-026,2025-07-22 18:45:00,2025-07-22 22:14:00,209,vegetation contact,CR-08,3176
OG-000195,FD-024,17/04/2024 17:45,1713387960,201,storm damage,CR-03,2892
OG-002017,FD-011,1762250400,2025-11-04 13:03:00,183,transformer fault,CR-18,72
OG-000946,FD-019,2024-10-13 19:45:00,13/10/2024 20:47,62,vegetation contact,,2356
OG-001824,FD-033,2025-09-15 08:30:00,15/09/2025 10:19,109,planned maintenance,CR-09,1214
OG-000549,FD-003,2024-07-23 06:15:00,2024-07-23 06:23:00,8,unknown,CR-06,3535
OG-000786,FD-025,2024-09-08 03:00:00,08/09/2024 03:08,8,overload,CR-07,3111
OG-002339,FD-020,2026-05-06 08:45:00,2026-05-06 11:43:00,178,storm damage,CR-04,3579
OG-000083,FD-008,2024-03-06 16:45:00,2024-03-06 16:53:00,8,cable theft,CR-11,2361
OG-001841,FD-022,2025-09-19 07:45:00,2025-09-19 07:53:00,8,overload,CR-03,397
OG-000499,FD-021,11/07/2024 07:30,1720692540,159,pole collapse,CR-16,587
OG-000910,FD-029,2024-10-03 12:15:00,2024-10-03 16:11:00,236,planned maintenance,CR-04,1522
OG-000345,FD-026,1717365600,2024-06-03 00:27:00,147,lightning strike,CR-12,2226
OG-000004,FD-009,2024-01-05 21:00:00,2024-01-05 21:51:00,51,overload,CR-14,1820
OG-001814,FD-014,12/09/2025 08:45,2025-09-12 12:51:00,246,pole collapse,CR-02,2915
OG-001978,FD-004,2025-10-23 11:30:00,1761232140,219,transformer fault,CR-05,745
OG-002268,FD-007,2026-04-13 06:15:00,2026-04-13 09:21:00,186,pole collapse,CR-15,1328
OG-000955,FD-005,1729074600,2024-10-16 14:24:00,234,lightning strike,CR-11,6305
OG-000444,FD-033,2024-06-29 00:00:00,1719635460,271,storm damage,CR-07,1392
OG-001588,FD-004,27/07/2025 03:00,2025-07-27 08:16:00,316 min,lightning strike,CR-04,2861
OG-001215,FD-010,2025-04-12 18:45:00,2025-04-12 20:50:00,125,storm damage,CR-15,81
OG-000353,FD-021,1717495200,2024-06-04 13:14:00,194,storm damage,CR-04,2014
OG-900087,FD-987,2025-11-12 10:00:00,2025-02-03 13:00:00,180,unknown,CR-01,500
OG-002070,FD-015,2025-12-13 07:00:00,1765622040,214,unknown,CR-01,1207
OG-000663,FD-026,1723919400,2024-08-18 00:20:00,350,pole collapse,CR-18,2339
OG-002440,FD-026,2026-06-01 14:30:00,2026-06-01 15:01:00,31,pole collapse,CR-15,2208
OG-001840,FD-021,2025-09-18 04:00:00,2025-09-18 08:35:00,275,transformer fault,CR-17,2274
OG-001428,FD-015,1750084200,2025-06-16 18:54:00,264,equipment failure,CR-08,1321
OG-001762,FD-028,2025-09-02 07:45:00,2025-09-02 09:53:00,128,lightning strike,CR-03,3167
OG-002420,FD-003,2026-05-27 22:15:00,2026-05-27 23:43:00,88,lightning strike,CR-01,2300
OG-001961,FD-027,2025-10-18 13:30:00,18/10/2025 14:03,33,overload,CR-07,1704
OG-002097,FD-005,1768233600,2026-01-12 19:48:00,228,transformer fault,CR-12,1617
OG-002431,FD-023,2026-05-30 17:00:00,2026-05-30 20:48:00,228,transformer fault,CR-17,1350
OG-000374,FD-004,2024-06-10 07:00:00,2024-06-10 10:24:00,204,storm damage,CR-04,3007
OG-002393,FD-003,2026-05-21 02:30:00,2026-05-21 05:58:00,208,lightning strike,CR-09,6360
OG-001194,FD-031,2025-04-06 03:45:00,2025-04-06 07:13:00,208,storm damage,CR-14,726
OG-001576,FD-001,2025-07-25 21:30:00,2025-07-26 00:58:00,208,storm damage,CR-08,1751
OG-001868,FD-015,2025-09-24 10:15:00,2025-09-24 10:31:00,16,overload,CR-15,300
OG-001019,FD-018,2024-11-16 15:15:00,2024-11-16 16:10:00,55,storm damage,CR-07,2991
OG-000621,FD-033,2024-08-08 02:00:00,2024-08-08 05:58:00,238,vegetation contact,CR-04,749
OG-000758,FD-009,2024-09-02 00:00:00,2024-09-02 01:49:00,109,equipment failure,CR-01,4564
OG-000410,FD-017,2024-06-20 01:45:00,2024-06-20 02:39:00,54,storm damage,CR-02,472
OG-002158,FD-032,2026-03-02 21:45:00,2026-03-03 02:05:00,260,pole collapse,CR-07,194
OG-000192,FD-010,2024-04-17 21:30:00,18/04/2024 00:58,208,storm damage,CR-12,73
OG-000766,FD-037,2024-09-04 15:30:00,04/09/2024 16:29,59,transformer fault,CR-03,2170
OG-001209,FD-013,09/04/2025 10:30,2025-04-09 13:21:00,171,vegetation contact,CR-06,7702
OG-001757,FD-009,2025-09-01 00:30:00,2025-09-01 04:41:00,251,storm damage,CR-03,2233
OG-001031,FD-012,20/11/2024 06:15,2024-11-20 09:42:00,207,vegetation contact,CR-08,441
OG-002284,FD-026,2026-04-19 09:15:00,2026-04-19 11:11:00,116,vegetation contact,CR-05,828
OG-001011,FD-015,2024-11-13 21:45:00,2024-11-14 00:15:00,150,vegetation contact,CR-01,312
OG-000110,FD-006,2024-03-17 06:30:00,2024-03-17 09:06:00,156,overload,CR-12,6606
OG-900028,FD-928,2024-01-21 10:00:00,2025-03-23 13:00:00,180,unknown,CR-01,500
OG-000209,FD-016,2024-04-23 16:00:00,23/04/2024 20:56,296,storm damage,CR-04,844
OG-900301,FD-9301,17/10/2024 10:00,06/10/2025 13:00,180,unknown,CR-01,500
OG-002496,FD-007,2026-06-19 10:45:00,2026-06-19 12:16:00,91,cable theft,CR-06,289
OG-900063,FD-963,2024-06-15 10:00:00,2025-05-25 13:00:00,180,unknown,CR-01,500
OG-900120,FD-9120,1762077600,2025-05-19 13:00:00,180,unknown,CR-01,500
OG-001661,FD-009,2025-08-12 06:00:00,12/08/2025 10:33,273,storm damage,CR-07,5622
OG-002069,FD-017,2025-12-12 01:15:00,2025-12-12 05:13:00,238,vegetation contact,CR-02,1162
OG-001267,FD-014,2025-04-30 10:15:00,2025-04-30 11:19:00,64,overload,CR-02,2826
OG-000275,FD-001,2024-05-13 18:45:00,2024-05-13 19:04:00,19,pole collapse,CR-10,4970
OG-001944,FD-012,2025-10-14 01:30:00,1760414700,155,storm damage,CR-04,245
OG-002212,FD-020,2026-03-24 09:15:00,2026-03-24 12:20:00,185,cable theft,CR-15,2499
OG-900100,FD-9100,1717581600,2025-08-18 13:00:00,180,unknown,CR-01,500
OG-000247,FD-004,2024-05-06 15:30:00,2024-05-06 18:02:00,152 min,vegetation contact,CR-04,108
OG-000578,FD-035,2024-07-30 08:45:00,2024-07-30 10:00:00,75,overload,CR-11,917
OG-002532,FD-028,28/06/2026 01:15,2026-06-28 05:10:00,235,pole collapse,CR-10,369
OG-001667,FD-011,13/08/2025 00:15,2025-08-13 00:23:00,8,equipment failure,CR-10,3153
OG-001451,FD-008,2025-06-25 00:30:00,2025-06-25 04:43:00,253,vegetation contact,CR-03,706
OG-001064,FD-001,1735906500,2025-01-03 13:55:00,100 min,pole collapse,CR-17,1526
OG-002126,FD-022,2026-02-16 16:00:00,2026-02-16 18:24:00,144,unknown,CR-12,67
OG-000497,FD-033,2024-07-10 23:00:00,2024-07-10 23:08:00,8,unknown,CR-09,1102
OG-002345,FD-025,07/05/2026 22:15,2026-05-08 00:20:00,125,unknown,CR-07,1477
OG-001308,FD-003,2025-05-12 04:15:00,1747035420,202,pole collapse,CR-10,3233
OG-000416,FD-009,2024-06-22 04:30:00,2024-06-22 06:06:00,96,pole collapse,CR-07,3528
OG-000328,FD-014,2024-05-28 09:45:00,2024-05-28 12:32:00,167,storm damage,CR-13,2809
OG-002231,FD-021,2026-04-02 05:30:00,2026-04-02 06:47:00,77,overload,CR-15,1205
OG-001035,FD-034,2024-11-21 10:15:00,2024-11-21 13:51:00,216,lightning strike,CR-10,846
OG-000356,FD-010,2024-06-05 07:00:00,2024-06-05 08:12:00,72,planned maintenance,CR-10,22
OG-001718,FD-032,2025-08-23 12:00:00,2025-08-23 16:40:00,280,planned maintenance,CR-13,565
OG-900078,FD-978,2025-09-23 10:00:00,2025-10-13 13:00:00,180,unknown,CR-01,500
OG-001211,FD-037,2025-04-10 23:00:00,2025-04-11 00:05:00,65,vegetation contact,CR-12,330
OG-000596,FD-032,2024-08-03 20:15:00,1722733380,288,vegetation contact,CR-16,1601
OG-002358,FD-017,2026-05-09 21:15:00,1778367720,107,equipment failure,CR-08,1708
OG-001778,FD-019,2025-09-05 14:30:00,2025-09-05 16:19:00,109,overload,CR-05,612
OG-002116,FD-012,2026-02-08 04:30:00,2026-02-08 06:16:00,106,lightning strike,CR-06,72
OG-001039,FD-033,2024-11-25 08:30:00,25/11/2024 10:25,115,cable theft,CR-05,1118
OG-001994,FD-034,2025-10-27 14:00:00,2025-10-27 15:58:00,118,cable theft,CR-13,1119
OG-001446,FD-020,2025-06-23 09:00:00,2025-06-23 13:26:00,266 min,storm damage,CR-10,1055
OG-000168,FD-007,2024-04-07 09:45:00,2024-04-07 12:43:00,178,vegetation contact,CR-09,502
OG-001587,FD-004,2025-07-27 00:00:00,1753582920,142,storm damage,CR-08,1194
OG-001827,FD-003,2025-09-15 19:15:00,2025-09-16 03:33:00,498,lightning strike,CR-10,4551
OG-001750,FD-036,2025-08-31 20:00:00,2025-08-31 22:32:00,152,vegetation contact,CR-02,2007
OG-001802,FD-037,2025-09-10 20:30:00,2025-09-11 02:51:00,381,storm damage,CR-11,1083
OG-900197,FD-9197,2024-09-15 10:00:00,2025-04-07 13:00:00,180,unknown,CR-01,500
OG-001256,FD-033,2025-04-26 09:30:00,2025-04-26 12:16:00,166,pole collapse,CR-06,378
OG-002081,FD-018,2025-12-23 01:45:00,2025-12-23 03:15:00,90,cable theft,CR-11,834
OG-900199,FD-9199,2025-06-21 10:00:00,2025-01-01 13:00:00,180,unknown,CR-01,500
OG-001711,FD-016,2025-08-22 07:15:00,2025-08-22 08:50:00,95,equipment failure,CR-10,769
OG-000901,FD-007,01/10/2024 12:00,2024-10-01 14:16:00,136,vegetation contact,CR-13,237
OG-001998,FD-028,2025-10-28 12:15:00,2025-10-28 16:33:00,258,vegetation contact,CR-14,4360
OG-002074,FD-036,2025-12-18 21:00:00,2025-12-19 00:46:00,226,planned maintenance,CR-12,1115
OG-000038,FD-031,2024-01-26 03:00:00,2024-01-26 05:10:00,130,lightning strike,CR-15,1111
OG-000833,FD-012,2024-09-18 12:30:00,18/09/2024 15:19,169,vegetation contact,CR-14,1570
OG-001609,FD-032,2025-08-02 10:15:00,02/08/2025 14:43,268,cable theft,CR-15,934
OG-000185,FD-028,2024-04-15 10:15:00,2024-04-15 12:56:00,161,vegetation contact,CR-04,3239
OG-001105,FD-024,2025-02-18 06:30:00,1739867640,124,lightning strike,CR-06,2445
OG-000252,FD-004,1715071500,07/05/2024 10:37,112,lightning strike,CR-08,1031
OG-000097,FD-023,12/03/2024 03:30,2024-03-12 07:46:00,256 min,lightning strike,CR-07,1214
OG-001282,FD-033,2025-05-05 17:30:00,2025-05-05 22:43:00,313,storm damage,CR-14,1124
OG-001934,FD-013,2025-10-11 06:15:00,2025-10-11 11:43:00,328,pole collapse,CR-16,6873
OG-001049,FD-032,2024-12-14 08:15:00,2024-12-14 09:59:00,104 min,unknown,CR-12,1376
OG-000274,FD-021,2024-05-13 13:00:00,2024-05-13 16:13:00,193,pole collapse,CR-05,2476
OG-000446,FD-006,2024-06-29 18:45:00,2024-06-29 22:59:00,254,pole collapse,CR-16,6077
OG-000646,FD-029,2024-08-13 22:30:00,2024-08-14 02:05:00,215,pole collapse,,1078
OG-900208,FD-9208,2024-08-13 10:00:00,2025-02-28 13:00:00,180,unknown,CR-01,500
OG-001180,FD-005,1743066900,2025-03-27 11:39:00,144 min,cable theft,CR-16,6114
OG-900069,FD-969,2025-02-24 10:00:00,2025-06-14 13:00:00,180,unknown,CR-01,500
OG-000072,FD-001,02/03/2024 07:00,1709366520,62,unknown,CR-10,7320
OG-001786,FD-021,1757262600,2025-09-07 17:56:00,86,cable theft,CR-09,110
OG-001551,FD-027,2025-07-18 00:15:00,2025-07-18 03:15:00,180 min,storm damage,CR-02,2050
OG-001399,FD-025,1749360600,1749374880,238 min,pole collapse,CR-05,803
OG-001435,FD-019,1750223700,2025-06-18 07:31:00,136,planned maintenance,CR-08,3283
OG-002165,FD-015,2026-03-04 14:15:00,2026-03-04 16:51:00,156,cable theft,CR-16,1264
OG-000463,FD-014,2024-07-02 01:15:00,1719897120,237,equipment failure,CR-02,1322
OG-002178,FD-027,2026-03-07 05:45:00,2026-03-07 06:37:00,52,equipment failure,CR-09,2253
OG-002528,FD-002,2026-06-26 06:30:00,2026-06-26 09:47:00,197,storm damage,CR-17,3827
OG-001650,FD-021,2025-08-10 00:00:00,10/08/2025 01:28,88,vegetation contact,CR-18,103
OG-001532,FD-010,2025-07-14 13:00:00,1752500220,37,lightning strike,CR-13,247
OG-900130,FD-9130,2025-01-23 10:00:00,26/03/2025 13:00,180,unknown,CR-01,500
OG-002098,FD-009,12/01/2026 04:00,2026-01-12 05:20:00,80,planned maintenance,CR-17,5408
OG-001115,FD-013,2025-02-26 04:00:00,2025-02-26 05:32:00,92,equipment failure,CR-13,1754
OG-900039,FD-939,2025-01-07 10:00:00,2025-12-06 13:00:00,180,unknown,CR-01,500
OG-000046,FD-026,2024-02-09 18:45:00,1707513780,158,cable theft,CR-14,1257
OG-002302,FD-018,25/04/2026 06:15,1777129320,527,storm damage,CR-02,2618
OG-900209,FD-9209,2024-07-18 10:00:00,2025-05-20 13:00:00,180,unknown,CR-01,500
OG-001625,FD-001,2025-08-06 07:00:00,2025-08-06 11:10:00,250,equipment failure,CR-04,7521
OG-000768,FD-020,2024-09-04 20:30:00,2024-09-05 01:16:00,286,vegetation contact,CR-01,326
OG-001146,FD-028,2025-03-15 16:15:00,2025-03-15 19:00:00,165,equipment failure,CR-04,5599
OG-001974,FD-026,2025-10-21 12:45:00,2025-10-21 14:07:00,82,storm damage,CR-06,3377
OG-001546,FD-009,2025-07-17 22:30:00,2025-07-17 22:40:00,10,storm damage,CR-16,2312
OG-000260,FD-036,1715268600,2024-05-09 19:15:00,225,storm damage,,3949
OG-900124,FD-9124,2025-07-19 10:00:00,2025-10-21 13:00:00,180,unknown,CR-01,500
OG-001939,FD-023,2025-10-12 13:15:00,2025-10-12 14:15:00,60,storm damage,CR-13,2298
OG-000710,FD-033,2024-08-25 01:45:00,25/08/2024 04:44,179,vegetation contact,CR-17,559
OG-001815,FD-024,2025-09-13 04:15:00,2025-09-13 07:59:00,224,lightning strike,CR-16,329
OG-001426,FD-032,2025-06-16 15:45:00,16/06/2025 20:04,259,pole collapse,CR-08,106
OG-001305,FD-027,11/05/2025 03:30,11/05/2025 06:16,166,vegetation contact,CR-15,2196
OG-000619,FD-025,1722996900,2024-08-07 02:27:00,12 min,unknown,CR-08,2925
OG-002110,FD-036,2026-02-04 03:45:00,2026-02-04 07:13:00,208,cable theft,CR-05,1418
OG-002115,FD-025,2026-02-07 23:15:00,1770520080,233,storm damage,CR-17,1783
OG-001108,FD-025,2025-02-22 14:45:00,2025-02-22 20:31:00,346,lightning strike,CR-17,2036
OG-000154,FD-012,2024-04-03 02:15:00,03/04/2024 05:07,172,lightning strike,CR-03,236
OG-001710,FD-006,2025-08-22 17:00:00,2025-08-22 20:36:00,216,pole collapse,CR-07,1323
OG-001623,FD-004,1754387100,2025-08-05 13:42:00,237,vegetation contact,CR-18,1573
OG-001766,FD-035,2025-09-03 22:00:00,2025-09-03 23:51:00,111,pole collapse,CR-16,155
OG-001548,FD-036,2025-07-17 16:00:00,2025-07-17 17:42:00,102,pole collapse,CR-16,3610
OG-000951,FD-028,1728891900,2024-10-14 10:19:00,154,pole collapse,CR-11,448
OG-900254,FD-9254,2024-10-27 10:00:00,19/05/2025 13:00,180,unknown,CR-01,500
OG-001991,FD-006,1761505200,2025-10-26 21:18:00,138,vegetation contact,CR-05,7083
OG-900266,FD-9266,2025-07-09 10:00:00,2025-07-26 13:00:00,180,unknown,CR-01,500
OG-001854,FD-005,2025-09-21 11:30:00,21/09/2025 15:17,227,vegetation contact,CR-02,890
OG-000914,FD-015,2024-10-04 23:00:00,2024-10-05 03:21:00,261,LIGHTNING STRIKE,CR-10,862
OG-000337,FD-002,2024-05-30 16:00:00,2024-05-30 16:09:00,9,lightning strike,CR-07,1186
OG-000597,FD-003,03/08/2024 23:30,2024-08-04 04:32:00,302 min,pole collapse,,4750
OG-002172,FD-029,06/03/2026 00:30,06/03/2026 02:24,114,transformer fault,CR-10,734
OG-001218,FD-002,2025-04-12 02:00:00,2025-04-12 04:49:00,169,overload,CR-18,2070
OG-001337,FD-018,2025-05-19 18:15:00,2025-05-19 19:12:00,57,unknown,CR-02,2964
OG-000239,FD-003,2024-05-04 16:30:00,2024-05-04 19:54:00,204,lightning strike,CR-08,5363
OG-000788,FD-009,1725754500,2024-09-08 03:24:00,189,storm damage,CR-13,3362
OG-001437,FD-016,2025-06-20 14:00:00,2025-06-20 18:11:00,251,storm damage,CR-12,230
OG-001381,FD-006,2025-06-02 10:00:00,1748874900,275,vegetation contact,CR-09,2343
OG-900094,FD-994,2025-01-05 10:00:00,2025-02-05 13:00:00,180,unknown,CR-01,500
OG-002383,FD-010,19/05/2026 02:15,2026-05-19 05:41:00,206,lightning strike,CR-03,141
OG-001447,FD-022,1750745700,1750749780,68 min,overload,CR-10,315
OG-002205,FD-015,2026-03-19 21:15:00,2026-03-19 23:15:00,120,lightning strike,CR-07,330
OG-001197,FD-031,2025-04-07 12:00:00,07/04/2025 15:02,182,vegetation contact,CR-03,715
OG-001418,FD-023,2025-06-13 01:15:00,1749794460,286 min,storm damage,CR-04,1903
OG-001919,FD-023,07/10/2025 21:30,2025-10-08 00:39:00,189,pole collapse,,2739
OG-001792,FD-026,2025-09-08 08:30:00,1757333220,217,planned maintenance,CR-10,3381
OG-900096,FD-996,08/09/2024 10:00,1765544400,180,unknown,CR-01,500
OG-002166,FD-027,1772585100,2026-03-04 02:09:00,84,unknown,CR-08,601
OG-000175,FD-001,2024-04-10 14:15:00,2024-04-10 16:16:00,121,equipment failure,CR-17,5314
OG-001819,FD-011,2025-09-13 11:45:00,2025-09-13 13:03:00,78,storm damage,CR-07,6089
OG-000090,FD-033,2024-03-09 18:45:00,2024-03-09 21:55:00,190,unknown,CR-08,1252
OG-000592,FD-024,2024-08-02 05:45:00,1722592680,253,vegetation contact,CR-11,94
OG-001230,FD-017,2025-04-16 14:30:00,2025-04-16 16:15:00,105,cable theft,CR-15,1561
OG-000693,FD-030,2024-08-22 13:45:00,22/08/2024 17:42,237,vegetation contact,CR-10,885
OG-000725,FD-031,2024-08-28 22:00:00,28/08/2024 22:57,57,pole collapse,CR-14,872
OG-000183,FD-030,2024-04-13 12:30:00,2024-04-13 14:02:00,92,vegetation contact,CR-04,5423
OG-002209,FD-018,2026-03-23 08:30:00,2026-03-23 11:50:00,200,cable theft,CR-14,4245
OG-900103,FD-9103,2025-07-12 10:00:00,2025-12-17 13:00:00,180,unknown,CR-01,500
OG-001908,FD-005,2025-10-04 13:30:00,2025-10-04 16:00:00,150,overload,CR-15,138
OG-001085,FD-019,2025-01-24 09:15:00,2025-01-24 16:09:00,414,PLANNED MAINTENANCE,,464
OG-001566,FD-036,2025-07-22 23:15:00,2025-07-22 23:23:00,8,storm damage,CR-16,1435
OG-002315,FD-033,2026-04-29 14:00:00,2026-04-29 14:18:00,18,equipment failure,CR-07,227
OG-001751,FD-003,2025-08-31 19:00:00,2025-08-31 21:12:00,132,vegetation contact,CR-06,7303
OG-000415,FD-016,21/06/2024 15:45,2024-06-21 19:34:00,229,pole collapse,,2546
OG-001639,FD-037,1754627400,08/08/2025 05:20,50,vegetation contact,CR-08,2663
OG-001771,FD-014,2025-09-04 11:45:00,2025-09-04 13:14:00,89 min,lightning strike,CR-15,5988
OG-900186,FD-9186,2025-05-16 10:00:00,07/11/2025 13:00,180,unknown,CR-01,500
OG-900340,FD-9340,2024-06-12 10:00:00,1746622800,180,unknown,CR-01,500
OG-002510,FD-025,2026-06-22 10:15:00,2026-06-22 13:08:00,173 min,cable theft,CR-14,2760
OG-002392,FD-034,2026-05-21 14:15:00,1779380700,130,pole collapse,CR-05,1062
OG-900119,FD-9119,2024-06-07 10:00:00,2025-02-05 13:00:00,180,unknown,CR-01,500
OG-002021,FD-026,1762600500,2025-11-08 13:12:00,117,cable theft,CR-05,2776
OG-000998,FD-019,2024-11-02 20:45:00,2024-11-02 23:18:00,153,lightning strike,CR-04,1214
OG-000481,FD-011,2024-07-07 16:45:00,2024-07-07 17:59:00,74,overload,CR-11,1392
OG-002288,FD-025,2026-04-20 13:00:00,2026-04-20 18:19:00,319,vegetation contact,CR-18,5168
OG-001579,FD-029,2025-07-25 19:30:00,2025-07-25 23:35:00,245,overload,CR-05,2751
OG-000491,FD-037,2024-07-09 15:45:00,09/07/2024 19:05,200,storm damage,CR-05,566
OG-000270,FD-005,2024-05-12 22:45:00,2024-05-13 01:31:00,166,TRANSFORMER FAULT,CR-08,5978
OG-001584,FD-002,2025-07-26 12:30:00,2025-07-26 14:28:00,118,lightning strike,CR-16,4172
OG-001057,FD-006,2024-12-24 17:30:00,2024-12-24 19:39:00,129,pole collapse,CR-07,4140
OG-002378,FD-016,2026-05-17 19:30:00,2026-05-17 21:20:00,110,unknown,CR-11,1962
OG-001909,FD-001,1759564800,2025-10-04 10:21:00,141,transformer fault,CR-08,1373
OG-001414,FD-004,2025-06-12 12:00:00,2025-06-12 12:26:00,26,lightning strike,CR-05,316
OG-900088,FD-988,2025-06-21 10:00:00,1742562000,180,unknown,CR-01,500
OG-000116,FD-008,2024-03-20 04:15:00,2024-03-20 04:53:00,38,cable theft,CR-07,428
OG-000528,FD-026,2024-07-18 08:45:00,2024-07-18 09:53:00,68,lightning strike,CR-07,3244
OG-001167,FD-017,2025-03-23 03:15:00,2025-03-23 05:37:00,142,lightning strike,CR-08,954
OG-000509,FD-007,1720885500,2024-07-13 19:20:00,215,lightning strike,CR-06,1760
OG-001161,FD-006,2025-03-19 02:45:00,2025-03-19 03:21:00,36,unknown,CR-12,2926
OG-001295,FD-007,2025-05-08 02:45:00,2025-05-08 04:41:00,116,storm damage,CR-04,426
OG-900281,FD-9281,2024-01-13 10:00:00,2025-12-16 13:00:00,180,unknown,CR-01,500
OG-002237,FD-001,2026-04-03 22:30:00,04/04/2026 03:08,278,vegetation contact,CR-12,7080
OG-001971,FD-021,2025-10-21 12:30:00,2025-10-21 17:56:00,326,storm damage,CR-13,2358
OG-900163,FD-9163,2025-09-20 10:00:00,2025-07-14 13:00:00,180,unknown,CR-01,500
OG-001775,FD-003,2025-09-04 22:45:00,2025-09-04 22:53:00,8,planned maintenance,,6986
OG-001545,FD-026,2025-07-17 19:15:00,1752788940,154,lightning strike,CR-11,2529
OG-900183,FD-9183,2025-02-21 10:00:00,2025-11-15 13:00:00,180,unknown,CR-01,500
OG-002057,FD-013,1765023300,1765025160,31 min,equipment failure,CR-04,1947
OG-001291,FD-036,2025-05-07 08:15:00,1746622260,276,vegetation contact,CR-01,3296
OG-001221,FD-034,14/04/2025 23:30,2025-04-15 03:33:00,243,storm damage,CR-08,267
OG-000887,FD-007,2024-09-28 15:15:00,28/09/2024 17:52,157 min,OVERLOAD,CR-02,1514
OG-002127,FD-035,2026-02-16 14:00:00,16/02/2026 14:48,48,overload,CR-09,254
OG-900238,FD-9238,2025-11-06 10:00:00,07/08/2025 13:00,180,unknown,CR-01,500
OG-900098,FD-998,2025-08-22 10:00:00,2025-12-13 13:00:00,180,unknown,CR-01,500
OG-000211,FD-003,2024-04-23 11:00:00,23/04/2024 11:27,27,STORM DAMAGE,CR-08,3170
OG-002301,FD-001,2026-04-25 11:15:00,2026-04-25 14:28:00,193,vegetation contact,CR-11,532
OG-002415,FD-037,1779815700,2026-05-26 18:11:00,56,overload,CR-03,3331
OG-900158,FD-9158,2025-05-03 10:00:00,2025-10-17 13:00:00,180,unknown,CR-01,500
OG-001458,FD-024,2025-06-27 06:30:00,2025-06-27 10:26:00,236,lightning strike,CR-10,3417
OG-001208,FD-010,2025-04-09 03:30:00,2025-04-09 05:36:00,126,storm damage,CR-03,281
OG-001241,FD-013,2025-04-20 16:00:00,2025-04-20 20:19:00,259,lightning strike,CR-02,1142
OG-000571,FD-027,1722239100,2024-07-29 08:43:00,58,planned maintenance,,619
OG-001966,FD-009,2025-10-20 05:00:00,2025-10-20 07:44:00,164,storm damage,CR-10,2234
OG-001450,FD-030,25/06/2025 00:45,2025-06-25 03:09:00,144,OVERLOAD,CR-04,5555
OG-000728,FD-004,2024-08-28 10:00:00,2024-08-28 12:52:00,172,storm damage,CR-07,2086
OG-000315,FD-006,2024-05-24 16:15:00,2024-05-24 16:43:00,28,lightning strike,CR-14,3763
OG-002389,FD-023,20/05/2026 15:30,2026-05-20 18:29:00,179,lightning strike,CR-07,493
OG-900279,FD-9279,2025-08-18 10:00:00,2025-05-21 13:00:00,180,unknown,CR-01,500
OG-002419,FD-014,2026-05-27 10:45:00,1779886200,125,vegetation contact,CR-01,1564
OG-002433,FD-029,2026-05-31 16:00:00,2026-05-31 16:49:00,49,lightning strike,CR-17,1145
OG-002157,FD-034,2026-03-02 00:45:00,2026-03-02 05:37:00,292,storm damage,CR-10,1193
OG-000139,FD-006,2024-03-29 04:15:00,2024-03-29 04:40:00,25,overload,CR-06,4142
OG-900155,FD-9155,2025-03-28 10:00:00,2025-10-27 13:00:00,180,unknown,CR-01,500
OG-001454,FD-025,2025-06-26 14:15:00,2025-06-26 18:58:00,283,lightning strike,CR-13,2913
OG-001310,FD-008,2025-05-13 09:00:00,2025-05-13 09:43:00,43,planned maintenance,CR-14,439
OG-000052,FD-031,2024-02-11 20:30:00,2024-02-11 22:28:00,118,equipment failure,CR-09,1270
OG-000853,FD-007,2024-09-21 08:45:00,2024-09-21 08:53:00,8,transformer fault,,637
OG-000283,FD-011,2024-05-15 16:15:00,2024-05-15 17:34:00,79,cable theft,CR-07,4886
OG-002381,FD-021,2026-05-19 01:30:00,2026-05-19 02:52:00,82,vegetation contact,CR-08,131
OG-000873,FD-033,2024-09-25 09:30:00,2024-09-25 12:10:00,160,lightning strike,CR-03,1225
OG-001235,FD-011,2025-04-18 14:15:00,2025-04-18 14:42:00,27,overload,CR-12,1239
OG-001456,FD-017,2025-06-26 14:15:00,2025-06-26 16:39:00,144,pole collapse,CR-06,628
OG-000130,FD-030,2024-03-25 15:00:00,1711384560,96,cable theft,CR-08,285
OG-001024,FD-005,2024-11-17 06:45:00,2024-11-17 09:49:00,184,cable theft,CR-03,1015
OG-001997,FD-012,2025-10-28 05:15:00,2025-10-28 09:47:00,272,vegetation contact,CR-13,1442
OG-000819,FD-034,2024-09-14 01:00:00,2024-09-14 02:26:00,86 min,vegetation contact,CR-10,647
OG-900242,FD-9242,2025-10-26 10:00:00,13/12/2025 13:00,180,unknown,CR-01,500
OG-001276,FD-034,2025-05-04 06:45:00,1746346200,85,lightning strike,CR-14,1104
OG-900026,FD-926,10/05/2025 10:00,1737378000,180,unknown,CR-01,500
OG-900170,FD-9170,2024-03-13 10:00:00,27/10/2025 13:00,180,unknown,CR-01,500
OG-000927,FD-029,2024-10-07 21:45:00,1728347160,161,lightning strike,CR-01,623
OG-000738,FD-010,2024-08-30 09:45:00,2024-08-30 14:06:00,261,planned maintenance,CR-14,180
OG-001296,FD-023,2025-05-09 02:30:00,09/05/2025 06:38,248,lightning strike,CR-15,1252
OG-000064,FD-007,2024-02-24 05:45:00,2024-02-24 05:53:00,8,transformer fault,CR-04,1237
OG-001463,FD-011,2025-06-28 22:30:00,2025-06-29 01:29:00,179 min,pole collapse,CR-07,2400
OG-001738,FD-008,2025-08-28 05:30:00,2025-08-28 09:30:00,240,pole collapse,CR-16,1885
OG-900195,FD-9195,2025-03-05 10:00:00,2025-01-22 13:00:00,180,unknown,CR-01,500
OG-002509,FD-024,2026-06-22 19:45:00,1782162060,76,pole collapse,CR-08,3385
OG-900191,FD-9191,2024-11-10 10:00:00,08/11/2025 13:00,180,unknown,CR-01,500
OG-001540,FD-034,2025-07-16 00:30:00,1752629580,63,pole collapse,CR-06,1005
OG-002458,FD-033,2026-06-08 13:30:00,2026-06-08 15:58:00,148,pole collapse,CR-10,1136
OG-000576,FD-002,2024-07-30 21:30:00,2024-07-30 23:12:00,102,pole collapse,CR-17,3451
OG-000695,FD-016,2024-08-22 06:30:00,22/08/2024 09:11,161,unknown,CR-12,1443
OG-001699,FD-013,2025-08-20 07:30:00,20/08/2025 08:52,82,vegetation contact,CR-06,5610
OG-000301,FD-023,1716278400,21/05/2024 11:33,213,overload,CR-02,55
OG-001397,FD-023,2025-06-07 18:15:00,2025-06-07 20:08:00,113,unknown,CR-09,324
OG-000104,FD-019,2024-03-15 16:15:00,2024-03-15 16:23:00,8,cable theft,CR-03,2381
OG-002404,FD-016,2026-05-24 14:45:00,2026-05-24 17:07:00,142,cable theft,CR-12,1610
OG-002062,FD-025,2025-12-09 05:15:00,2025-12-09 07:47:00,152,lightning strike,CR-08,4456
OG-000179,FD-036,12/04/2024 05:00,2024-04-12 05:08:00,8,equipment failure,CR-12,1798
OG-001106,FD-032,2025-02-20 07:15:00,2025-02-20 07:47:00,32,cable theft,CR-03,1761
OG-002309,FD-033,2026-04-27 07:15:00,2026-04-27 09:29:00,134,transformer fault,CR-16,892
OG-000885,FD-031,2024-09-27 16:30:00,27/09/2024 21:18,288,pole collapse,CR-08,970
OG-002213,FD-009,2026-03-25 09:45:00,1774440060,136,planned maintenance,CR-08,4980
OG-001745,FD-033,2025-08-30 21:45:00,2025-08-30 23:45:00,120,planned maintenance,,1313
OG-000538,FD-018,2024-07-20 16:00:00,2024-07-20 19:17:00,197,pole collapse,CR-06,852
OG-900140,FD-9140,2024-11-05 10:00:00,2025-08-02 13:00:00,180,unknown,CR-01,500
OG-900131,FD-9131,2025-10-08 10:00:00,1747659600,180,unknown,CR-01,500
OG-002139,FD-016,2026-02-22 16:30:00,1771782540,79,cable theft,CR-10,1553
OG-000078,FD-002,04/03/2024 09:00,2024-03-04 11:46:00,166,cable theft,CR-07,3918
OG-900328,FD-9328,2025-08-11 10:00:00,2025-02-13 13:00:00,180,unknown,CR-01,500
OG-000530,FD-036,2024-07-18 22:30:00,2024-07-19 01:13:00,163,storm damage,CR-08,1107
OG-000169,FD-003,2024-04-08 02:30:00,2024-04-08 03:38:00,68,storm damage,CR-04,1969
OG-002305,FD-022,2026-04-26 02:45:00,26/04/2026 05:30,165,pole collapse,CR-07,357
OG-000042,FD-018,2024-01-28 14:15:00,2024-01-28 16:10:00,115,equipment failure,CR-04,2607
OG-000945,FD-024,13/10/2024 02:30,2024-10-13 07:12:00,282,storm damage,CR-18,1317
OG-000476,FD-017,06/07/2024 08:00,2024-07-06 10:07:00,127,lightning strike,CR-11,672
OG-900008,FD-908,02/10/2025 10:00,2025-11-02 13:00:00,180,unknown,CR-01,500
OG-000251,FD-023,2024-05-07 09:30:00,2024-05-07 13:35:00,245,lightning strike,CR-13,1866
OG-001951,FD-001,2025-10-15 01:15:00,2025-10-15 01:44:00,29,lightning strike,CR-05,6038
OG-002471,FD-012,2026-06-11 23:30:00,2026-06-12 01:52:00,142,cable theft,,982
OG-000178,FD-007,1712818800,11/04/2024 08:24,84,storm damage,CR-05,1399
OG-000830,FD-004,17/09/2024 23:45,1726627080,173,lightning strike,,521
OG-000465,FD-029,2024-07-03 13:00:00,2024-07-03 15:21:00,141,vegetation contact,CR-11,133
OG-001258,FD-015,2025-04-26 08:45:00,2025-04-26 10:27:00,102,storm damage,CR-01,1048
OG-001920,FD-037,07/10/2025 01:00,07/10/2025 03:24,144,transformer fault,CR-13,179
OG-000498,FD-001,2024-07-11 11:00:00,2024-07-11 12:48:00,108,pole collapse,CR-08,8214
OG-000029,FD-024,1705662000,2024-01-19 14:03:00,183 min,vegetation contact,CR-11,1507
OG-001985,FD-024,2025-10-25 00:00:00,2025-10-25 03:11:00,191,planned maintenance,CR-13,3412
OG-000419,FD-036,2024-06-23 12:30:00,2024-06-23 14:18:00,108,overload,CR-16,3969
OG-002031,FD-011,2025-11-14 13:00:00,2025-11-14 18:46:00,346,pole collapse,CR-01,3590
OG-002045,FD-005,1763986500,2025-11-24 14:18:00,123,vegetation contact,CR-18,6256
OG-000741,FD-002,2024-08-31 04:15:00,2024-08-31 07:03:00,168,pole collapse,CR-11,4208
OG-001829,FD-017,2025-09-15 06:00:00,2025-09-15 08:03:00,123,cable theft,CR-12,871
OG-000362,FD-010,2024-06-06 03:30:00,2024-06-06 07:40:00,250,transformer fault,,239
OG-001419,FD-005,13/06/2025 07:15,2025-06-13 09:29:00,134,storm damage,CR-13,1248
OG-002352,FD-018,1778231700,2026-05-08 11:45:00,150,pole collapse,CR-16,452
OG-000535,FD-032,2024-07-19 11:15:00,2024-07-19 15:17:00,242,vegetation contact,CR-07,851
OG-001901,FD-023,2025-10-01 08:45:00,2025-10-01 09:45:00,60,lightning strike,CR-05,2666
OG-002016,FD-024,2025-11-02 06:15:00,2025-11-02 09:19:00,184,vegetation contact,CR-07,734
OG-001432,FD-011,2025-06-17 14:30:00,17/06/2025 17:59,209,unknown,CR-13,3657
OG-900032,FD-932,2025-06-19 10:00:00,2025-12-27 13:00:00,180,unknown,CR-01,500
OG-000003,FD-025,2024-01-05 05:30:00,2024-01-05 08:13:00,163,vegetation contact,CR-14,2141
OG-900154,FD-9154,2024-02-12 10:00:00,2025-02-03 13:00:00,180,unknown,CR-01,500
OG-000324,FD-013,27/05/2024 07:00,2024-05-27 08:42:00,102,pole collapse,CR-01,7870
OG-001236,FD-027,2025-04-18 00:00:00,2025-04-18 02:11:00,131,lightning strike,CR-11,2338
OG-002199,FD-035,2026-03-17 20:00:00,2026-03-17 22:09:00,129,vegetation contact,CR-11,679
OG-000452,FD-033,1719768600,2024-06-30 17:38:00,8,equipment failure,CR-07,376
OG-001911,FD-037,1759648500,2025-10-05 09:57:00,162,storm damage,CR-18,2420
OG-000540,FD-025,20/07/2024 14:00,2024-07-20 16:52:00,172,POLE COLLAPSE,CR-08,829
OG-900115,FD-9115,09/03/2025 10:00,2025-01-13 13:00:00,180,unknown,CR-01,500
OG-000734,FD-007,1724922000,29/08/2024 14:55,355,storm damage,CR-05,1288
OG-000134,FD-032,1711503900,1711521840,299,vegetation contact,CR-09,2052
OG-002511,FD-032,2026-06-22 09:45:00,1782123420,32 min,lightning strike,CR-05,266
OG-001280,FD-030,2025-05-04 20:15:00,2025-05-04 23:52:00,217,vegetation contact,CR-10,622
OG-000435,FD-031,2024-06-26 00:30:00,26/06/2024 05:16,286,lightning strike,CR-10,1743
OG-000849,FD-015,2024-09-21 10:15:00,2024-09-21 13:31:00,196,pole collapse,CR-06,865
OG-001255,FD-006,2025-04-26 16:15:00,2025-04-26 21:23:00,308 min,lightning strike,CR-07,5129
OG-002003,FD-014,2025-10-29 00:00:00,29/10/2025 02:16,136 min,storm damage,CR-01,1887
OG-900055,FD-955,2024-02-03 10:00:00,2025-07-19 13:00:00,180,unknown,CR-01,500
OG-900273,FD-9273,2025-01-11 10:00:00,07/04/2025 13:00,180,unknown,CR-01,500
OG-001833,FD-006,2025-09-16 16:00:00,2025-09-16 20:58:00,298,lightning strike,,3438
OG-002416,FD-003,2026-05-26 06:30:00,2026-05-26 06:56:00,26,vegetation contact,CR-17,2676
OG-001002,FD-023,03/11/2024 14:15,2024-11-03 17:55:00,220,vegetation contact,CR-12,317
OG-001375,FD-019,1748726100,2025-05-31 22:08:00,53,overload,CR-06,1133
OG-000115,FD-031,2024-03-20 02:15:00,2024-03-20 04:00:00,105,equipment failure,CR-02,674
OG-001110,FD-029,2025-02-24 03:00:00,2025-02-24 04:11:00,71,lightning strike,CR-06,1041
OG-002273,FD-022,2026-04-14 15:15:00,2026-04-14 18:28:00,193,storm damage,CR-09,71
OG-900259,FD-9259,21/08/2024 10:00,2025-02-07 13:00:00,180,unknown,CR-01,500
OG-002278,FD-036,2026-04-16 03:00:00,2026-04-16 05:43:00,163,storm damage,CR-11,1932
OG-900153,FD-9153,2025-09-16 10:00:00,2025-06-26 13:00:00,180,unknown,CR-01,500
OG-001861,FD-012,23/09/2025 05:30,2025-09-23 08:18:00,168,equipment failure,CR-05,116
OG-900233,FD-9233,1733997600,2025-02-01 13:00:00,180,unknown,CR-01,500
OG-900177,FD-9177,2024-02-27 10:00:00,2025-06-06 13:00:00,180,unknown,CR-01,500
OG-000240,FD-022,2024-05-04 04:30:00,04/05/2024 07:39,189,storm damage,CR-07,392
OG-001772,FD-005,2025-09-04 16:45:00,2025-09-04 17:24:00,39,lightning strike,CR-08,2222
OG-001268,FD-010,2025-05-01 08:00:00,2025-05-01 12:28:00,268,lightning strike,,116
OG-002480,FD-030,2026-06-15 14:15:00,2026-06-15 15:08:00,53,storm damage,CR-04,283
OG-000599,FD-006,04/08/2024 00:15,2024-08-04 02:12:00,117,storm damage,CR-06,1453
OG-001904,FD-018,2025-10-02 14:45:00,2025-10-02 17:02:00,137,pole collapse,CR-11,3664
OG-002333,FD-034,2026-05-04 18:45:00,2026-05-04 22:37:00,232,lightning strike,CR-18,724
OG-001926,FD-037,2025-10-09 04:45:00,2025-10-09 11:12:00,387,storm damage,CR-09,1214
OG-900218,FD-9218,2024-04-05 10:00:00,2025-01-20 13:00:00,180,unknown,CR-01,500
OG-001393,FD-030,05/06/2025 08:45,1749124920,197,lightning strike,CR-10,4186
OG-000666,FD-033,2024-08-17 02:45:00,2024-08-17 05:22:00,157 min,storm damage,CR-03,432
OG-000642,FD-016,12/08/2024 04:15,12/08/2024 07:15,180,storm damage,CR-08,2474
OG-001816,FD-011,2025-09-13 03:15:00,2025-09-13 05:46:00,151,lightning strike,CR-03,2787
OG-000682,FD-036,2024-08-20 22:45:00,2024-08-21 04:10:00,325,vegetation contact,CR-07,3969
OG-000006,FD-006,2024-01-08 02:30:00,2024-01-08 07:51:00,321,lightning strike,CR-16,3994
OG-002347,FD-020,2026-05-07 04:30:00,2026-05-07 06:17:00,107,lightning strike,CR-06,450
OG-001505,FD-018,2025-07-08 15:45:00,08/07/2025 19:13,208,unknown,CR-09,4716
OG-000903,FD-001,2024-10-01 22:15:00,2024-10-02 00:26:00,131,pole collapse,CR-14,3296
OG-000308,FD-018,2024-05-22 11:00:00,2024-05-22 12:59:00,119,vegetation contact,CR-13,3640
OG-001705,FD-030,1755798300,2025-08-21 22:47:00,302,vegetation contact,CR-07,5862
OG-002357,FD-030,2026-05-09 10:45:00,2026-05-09 15:51:00,306,pole collapse,CR-12,4931
OG-002335,FD-024,2026-05-04 12:30:00,2026-05-04 16:25:00,235,lightning strike,CR-18,3422
OG-000454,FD-001,1719725400,2024-06-30 07:06:00,96,pole collapse,CR-05,5226
OG-002354,FD-024,09/05/2026 20:15,1778362440,79,overload,CR-11,2277
OG-900308,FD-9308,2025-08-19 10:00:00,2025-01-19 13:00:00,180,unknown,CR-01,500
OG-002236,FD-023,2026-04-03 18:45:00,03/04/2026 20:59,134,transformer fault,CR-04,1025
OG-001004,FD-030,2024-11-07 17:30:00,07/11/2024 17:38,8,overload,CR-12,2113
OG-000611,FD-027,2024-08-06 17:15:00,1722971160,111,vegetation contact,,2440
OG-000600,FD-034,2024-08-04 15:30:00,2024-08-04 16:26:00,56,transformer fault,CR-07,94
OG-900024,FD-924,1740045600,2025-10-24 13:00:00,180,unknown,CR-01,500
OG-001267,FD-014,2025-04-30 10:15:00,2025-04-30 11:19:00,64,overload,CR-02,2826
OG-000724,FD-022,2024-08-28 05:45:00,2024-08-28 10:36:00,291,storm damage,CR-07,608
OG-900231,FD-9231,04/06/2025 10:00,2025-02-20 13:00:00,180,unknown,CR-01,500
OG-900349,FD-9349,2025-09-18 10:00:00,2025-11-22 13:00:00,180,unknown,CR-01,500
OG-001620,FD-034,2025-08-05 23:15:00,06/08/2025 01:31,136,storm damage,CR-03,897
OG-900216,FD-9216,2025-10-21 10:00:00,2025-04-20 13:00:00,180,unknown,CR-01,500
OG-900025,FD-925,2024-04-16 10:00:00,2025-09-06 13:00:00,180,unknown,CR-01,500
OG-001605,FD-007,2025-08-02 14:00:00,2025-08-02 18:59:00,299,storm damage,CR-05,1839
OG-001043,FD-022,01/12/2024 01:15,2024-12-01 01:45:00,30,transformer fault,CR-09,449
OG-001243,FD-020,21/04/2025 04:30,21/04/2025 08:36,246 min,pole collapse,CR-09,103
OG-002371,FD-029,2026-05-15 16:30:00,2026-05-15 19:03:00,153 min,planned maintenance,CR-14,1766
OG-000938,FD-034,1728561600,2024-10-10 12:08:00,8,cable theft,CR-02,155
OG-000626,FD-006,2024-08-09 01:00:00,1723178280,218,storm damage,CR-13,7400
OG-002221,FD-003,2026-03-28 11:45:00,1774703640,89,lightning strike,CR-10,4484
OG-900169,FD-9169,2024-12-15 10:00:00,12/02/2025 13:00,180,unknown,CR-01,500
OG-000963,FD-013,2024-10-19 20:00:00,19/10/2024 20:08,8,pole collapse,CR-03,3131
OG-001297,FD-016,2025-05-09 09:15:00,2025-05-09 13:33:00,258,pole collapse,CR-09,1667
OG-000545,FD-021,2024-07-22 02:45:00,1721620980,78,lightning strike,CR-07,2301
OG-001355,FD-006,1748123100,2025-05-25 02:20:00,275,storm damage,CR-15,6079
OG-000591,FD-017,2024-08-02 12:15:00,2024-08-02 15:19:00,184,overload,CR-02,1443
OG-002282,FD-014,2026-04-17 23:45:00,2026-04-18 01:21:00,96,lightning strike,CR-06,4433
OG-001884,FD-010,2025-09-27 15:45:00,2025-09-27 20:44:00,299,lightning strike,CR-05,179
OG-002468,FD-002,2026-06-11 14:45:00,2026-06-11 20:11:00,326,pole collapse,CR-06,4982
OG-002235,FD-009,2026-04-03 13:45:00,2026-04-03 16:55:00,190,vegetation contact,CR-08,3346
OG-002032,FD-035,2025-11-15 06:30:00,2025-11-15 07:14:00,44,transformer fault,CR-16,488
OG-001482,FD-003,2025-07-03 11:15:00,1751556060,246,pole collapse,CR-15,5747
OG-002522,FD-037,2026-06-25 12:30:00,2026-06-25 17:00:00,270,lightning strike,CR-04,2677
OG-002477,FD-001,2026-06-13 17:30:00,2026-06-13 20:40:00,190,pole collapse,CR-10,2067
OG-001045,FD-035,2024-12-05 22:00:00,2024-12-06 02:11:00,251,lightning strike,CR-14,1420
OG-002444,FD-010,03/06/2026 12:00,1780498320,172,vegetation contact,CR-14,394
OG-900144,FD-9144,2025-06-26 10:00:00,2025-02-22 13:00:00,180,unknown,CR-01,500
OG-000392,FD-022,16/06/2024 19:15,2024-06-16 23:46:00,271,lightning strike,CR-12,187
OG-000800,FD-015,2024-09-10 14:15:00,10/09/2024 16:25,130,lightning strike,CR-17,1272
OG-001734,FD-031,2025-08-27 07:30:00,2025-08-27 12:25:00,295,lightning strike,CR-06,1791
OG-002199,FD-035,2026-03-17 20:00:00,2026-03-17 22:09:00,129,vegetation contact,CR-11,679
OG-002524,FD-031,2026-06-25 02:45:00,2026-06-25 04:25:00,100,equipment failure,CR-16,1815
OG-000401,FD-020,2024-06-18 06:30:00,2024-06-18 07:03:00,33,equipment failure,CR-06,2902
OG-900276,FD-9276,10/07/2024 10:00,2025-12-02 13:00:00,180,unknown,CR-01,500
OG-002219,FD-036,28/03/2026 04:30,2026-03-28 04:38:00,8,planned maintenance,CR-18,3791
OG-001793,FD-025,08/09/2025 20:00,2025-09-08 22:21:00,141,lightning strike,CR-13,3134
OG-001688,FD-013,2025-08-18 22:15:00,1755574560,321,vegetation contact,,3089
OG-001385,FD-006,2025-06-03 02:00:00,2025-06-03 03:55:00,115,planned maintenance,CR-11,6657
OG-900113,FD-9113,1749117600,08/04/2025 13:00,180,unknown,CR-01,500
OG-000772,FD-024,2024-09-05 17:00:00,05/09/2024 21:30,270,pole collapse,CR-09,2352
OG-002281,FD-025,2026-04-17 05:00:00,2026-04-17 10:58:00,358,storm damage,CR-04,1088
OG-001704,FD-027,2025-08-21 01:00:00,2025-08-21 01:08:00,8,pole collapse,CR-06,514
OG-900013,FD-913,2025-08-09 10:00:00,2025-12-28 13:00:00,180,unknown,CR-01,500
OG-900066,FD-966,2025-01-22 10:00:00,2025-03-10 13:00:00,180,unknown,CR-01,500
OG-000092,FD-025,2024-03-10 03:15:00,2024-03-10 06:04:00,169,pole collapse,CR-17,3488
OG-000069,FD-002,2024-03-01 03:00:00,2024-03-01 04:56:00,116,planned maintenance,CR-14,808
OG-002312,FD-006,2026-04-28 23:00:00,2026-04-29 05:07:00,367,storm damage,CR-07,755
OG-000151,FD-018,02/04/2024 03:30,2024-04-02 08:25:00,295,vegetation contact,CR-15,1600
OG-900189,FD-9189,2024-03-13 10:00:00,1742648400,180,unknown,CR-01,500
OG-000825,FD-033,16/09/2024 00:15,2024-09-16 01:45:00,90,overload,CR-02,1234
OG-000643,FD-021,2024-08-12 12:15:00,2024-08-12 14:19:00,124,pole collapse,CR-13,1595
OG-900271,FD-9271,2024-10-27 10:00:00,2025-11-22 13:00:00,180,unknown,CR-01,500
OG-001765,FD-020,2025-09-02 23:00:00,2025-09-03 02:19:00,199,planned maintenance,CR-11,462
OG-900275,FD-9275,2025-08-18 10:00:00,2025-11-25 13:00:00,180,unknown,CR-01,500
OG-000525,FD-019,2024-07-17 09:30:00,2024-07-17 14:22:00,292,vegetation contact,CR-06,2760
OG-900160,FD-9160,2025-03-12 10:00:00,2025-11-12 13:00:00,180,unknown,CR-01,500
OG-002374,FD-026,2026-05-16 09:45:00,2026-05-16 13:35:00,230,POLE COLLAPSE,CR-12,29
OG-900341,FD-9341,2025-07-16 10:00:00,04/12/2025 13:00,180,unknown,CR-01,500
OG-001885,FD-015,2025-09-27 13:45:00,2025-09-27 18:39:00,294,lightning strike,CR-10,1356
OG-001403,FD-007,2025-06-09 10:30:00,2025-06-09 16:13:00,343,pole collapse,CR-01,825
OG-900085,FD-985,2025-03-07 10:00:00,18/01/2025 13:00,180,unknown,CR-01,500
OG-001170,FD-030,2025-03-25 16:30:00,2025-03-25 20:02:00,212,overload,CR-01,5393
OG-002011,FD-037,2025-10-31 13:15:00,2025-10-31 16:02:00,167,pole collapse,CR-08,1987
OG-002286,FD-002,2026-04-20 10:00:00,2026-04-20 13:50:00,230,pole collapse,CR-03,2959
OG-000550,FD-019,2024-07-23 13:15:00,2024-07-23 14:16:00,61,storm damage,CR-10,1363
OG-001436,FD-002,2025-06-19 04:45:00,2025-06-19 08:48:00,243,LIGHTNING STRIKE,CR-18,5947
OG-002303,FD-004,2026-04-25 06:45:00,2026-04-25 07:36:00,51,equipment failure,CR-18,2744
OG-001843,FD-002,19/09/2025 04:45,2025-09-19 08:20:00,215,pole collapse,CR-18,3336
OG-000297,FD-022,2024-05-19 11:45:00,2024-05-19 14:57:00,192,lightning strike,,418
OG-002008,FD-019,30/10/2025 02:00,30/10/2025 03:10,70,planned maintenance,CR-12,826
OG-001963,FD-035,1760835600,2025-10-19 03:01:00,121,equipment failure,CR-03,685
OG-000034,FD-005,2024-01-23 16:00:00,23/01/2024 19:12,192 min,overload,CR-01,4912
OG-900272,FD-9272,16/11/2024 10:00,03/09/2025 13:00,180,unknown,CR-01,500
OG-000572,FD-034,2024-07-29 11:00:00,2024-07-29 16:12:00,312,lightning strike,CR-16,821
OG-000310,FD-009,1716465600,2024-05-23 16:04:00,244,lightning strike,CR-05,3599
OG-002528,FD-002,2026-06-26 06:30:00,2026-06-26 09:47:00,197,storm damage,CR-17,3827
OG-000386,FD-014,2024-06-13 12:00:00,2024-06-13 15:24:00,204,cable theft,CR-18,3458
OG-001210,FD-004,09/04/2025 19:00,2025-04-09 19:08:00,8,vegetation contact,CR-16,2513
OG-900321,FD-9321,2024-06-26 10:00:00,2025-05-22 13:00:00,180,unknown,CR-01,500
OG-001672,FD-006,2025-08-14 17:00:00,14/08/2025 19:18,138,unknown,CR-15,5354
OG-001517,FD-007,2025-07-11 19:30:00,11/07/2025 19:38,8,equipment failure,CR-04,401
OG-000141,FD-005,1711727100,2024-03-29 18:59:00,194,lightning strike,CR-07,499
OG-000493,FD-003,2024-07-10 14:00:00,10/07/2024 17:41,221,equipment failure,CR-14,1964
OG-000753,FD-028,2024-09-01 05:00:00,2024-09-01 09:10:00,250,pole collapse,CR-03,2681
OG-001469,FD-011,1751219100,29/06/2025 22:42,297,pole collapse,CR-17,3513
OG-001700,FD-032,20/08/2025 16:45,2025-08-20 19:21:00,156,pole collapse,CR-03,290
OG-000835,FD-030,2024-09-18 02:15:00,1726638780,218,lightning strike,CR-08,2521
OG-001665,FD-016,13/08/2025 14:15,2025-08-13 17:50:00,215,vegetation contact,CR-12,292
OG-001960,FD-013,2025-10-18 03:30:00,2025-10-18 06:49:00,199,storm damage,,5750
OG-000075,FD-006,2024-03-02 19:45:00,2024-03-03 00:40:00,295,pole collapse,CR-11,3489
OG-001184,FD-013,2025-03-29 04:15:00,29/03/2025 04:37,22,planned maintenance,CR-09,7585
OG-000196,FD-020,2024-04-18 08:15:00,2024-04-18 13:32:00,317,pole collapse,CR-12,3230
OG-002297,FD-012,1777058100,2026-04-24 20:17:00,62,lightning strike,CR-06,666
OG-001226,FD-007,2025-04-15 18:15:00,2025-04-15 22:09:00,234,storm damage,CR-15,805
OG-001027,FD-023,2024-11-18 15:00:00,2024-11-18 17:20:00,140,storm damage,CR-01,2741
OG-001654,FD-031,2025-08-11 11:45:00,1754926980,238,vegetation contact,CR-17,483
OG-001140,FD-015,2025-03-12 21:45:00,2025-03-13 02:26:00,281,pole collapse,CR-11,787
OG-001416,FD-024,2025-06-12 04:00:00,12/06/2025 08:19,259,storm damage,CR-09,2368
OG-000138,FD-026,2024-03-29 16:00:00,2024-03-29 17:28:00,88,unknown,CR-05,2797
OG-000096,FD-004,2024-03-12 10:15:00,2024-03-12 12:55:00,160,STORM DAMAGE,CR-10,2948
OG-001581,FD-030,2025-07-26 01:15:00,26/07/2025 05:19,244,vegetation contact,CR-09,2049
OG-001518,FD-017,2025-07-11 12:15:00,2025-07-11 14:39:00,144,storm damage,CR-01,2495
OG-001217,FD-004,1744431300,2025-04-12 09:16:00,301,lightning strike,CR-08,2440
OG-001307,FD-013,2025-05-12 06:15:00,12/05/2025 06:23,8,equipment failure,CR-03,5843
OG-000336,FD-033,2024-05-30 21:30:00,2024-05-31 00:35:00,185,equipment failure,CR-05,724
OG-002233,FD-027,02/04/2026 07:45,2026-04-02 09:31:00,106,unknown,CR-15,299
OG-001952,FD-027,2025-10-16 20:45:00,1760654700,120,lightning strike,CR-13,152
OG-002483,FD-010,2026-06-15 11:00:00,2026-06-15 15:26:00,266,storm damage,CR-18,300
OG-001114,FD-013,2025-02-26 14:00:00,2025-02-26 18:07:00,247,transformer fault,CR-13,6521
OG-001071,FD-014,2025-01-09 10:45:00,2025-01-09 13:13:00,148,overload,CR-07,5036
OG-001368,FD-008,1748411100,2025-05-28 08:02:00,137 min,pole collapse,CR-09,4851
OG-001292,FD-021,2025-05-08 05:30:00,08/05/2025 09:24,234,storm damage,CR-16,588
OG-002252,FD-024,08/04/2026 22:15,2026-04-09 00:48:00,153,storm damage,CR-14,1297
OG-900016,FD-916,2025-05-26 10:00:00,2025-06-25 13:00:00,180,unknown,CR-01,500
OG-001287,FD-020,2025-05-06 04:15:00,2025-05-06 07:04:00,169,overload,CR-05,680
OG-001914,FD-015,1759755600,2025-10-06 13:56:00,56,storm damage,CR-18,1031
OG-001095,FD-026,2025-02-07 05:00:00,07/02/2025 10:00,300,lightning strike,CR-07,2129
OG-001166,FD-037,1742709600,2025-03-23 09:01:00,181,equipment failure,CR-12,1131
OG-000271,FD-015,2024-05-12 23:15:00,12/05/2024 23:38,23,transformer fault,CR-15,265
OG-001272,FD-003,2025-05-03 08:00:00,2025-05-03 09:20:00,80,vegetation contact,CR-06,2224
OG-900293,FD-9293,2025-12-28 10:00:00,2025-03-05 13:00:00,180,unknown,CR-01,500
OG-002144,FD-020,2026-02-25 18:45:00,2026-02-25 20:35:00,110,TRANSFORMER FAULT,CR-06,4783
OG-002539,FD-028,1782843300,30/06/2026 18:52,37 min,storm damage,CR-18,3067
OG-000143,FD-034,1711809900,2024-03-30 18:01:00,196,pole collapse,CR-07,1176
OG-002316,FD-011,2026-04-29 23:15:00,2026-04-30 01:51:00,156,pole collapse,CR-16,3775
OG-001484,FD-037,2025-07-03 16:15:00,2025-07-03 20:50:00,275,lightning strike,CR-10,927
OG-002186,FD-015,10/03/2026 16:30,2026-03-10 19:18:00,168,planned maintenance,CR-13,607
OG-000622,FD-024,2024-08-08 12:15:00,2024-08-08 16:24:00,249,equipment failure,CR-12,3137
OG-000977,FD-024,2024-10-24 17:45:00,1729802760,181,storm damage,CR-18,1618
OG-000708,FD-019,1724525100,2024-08-24 20:55:00,130,storm damage,CR-11,3717
OG-001993,FD-022,2025-10-26 03:30:00,2025-10-26 04:41:00,71,transformer fault,,470
OG-001205,FD-017,08/04/2025 17:15,2025-04-08 21:02:00,227,vegetation contact,CR-14,1590
OG-000269,FD-004,2024-05-11 17:45:00,2024-05-11 20:45:00,180,pole collapse,CR-13,2468
OG-002039,FD-034,2025-11-17 08:00:00,2025-11-17 12:10:00,250,cable theft,CR-16,1148
OG-000504,FD-019,2024-07-11 07:45:00,2024-07-11 08:54:00,69,storm damage,CR-02,4020
OG-001193,FD-018,2025-04-06 13:45:00,2025-04-06 17:30:00,225,vegetation contact,CR-15,2860
OG-900296,FD-9296,2025-03-12 10:00:00,1756040400,180,unknown,CR-01,500
OG-002137,FD-018,2026-02-21 15:15:00,2026-02-21 17:37:00,142 min,planned maintenance,,275
OG-900017,FD-917,2025-09-16 10:00:00,2025-07-25 13:00:00,180,unknown,CR-01,500
OG-000700,FD-031,1724443200,2024-08-23 22:25:00,145,lightning strike,,297
OG-900034,FD-934,2025-09-06 10:00:00,2025-05-01 13:00:00,180,unknown,CR-01,500
OG-001051,FD-006,2024-12-17 13:30:00,2024-12-17 18:19:00,289,lightning strike,CR-04,4139
OG-001542,FD-030,2025-07-16 15:45:00,2025-07-16 20:12:00,267,VEGETATION CONTACT,CR-10,7858
OG-000200,FD-023,2024-04-20 01:15:00,1713589020,222,storm damage,CR-12,72
OG-000019,FD-010,2024-01-14 18:15:00,2024-01-14 20:50:00,155,cable theft,CR-13,406
OG-001875,FD-029,2025-09-26 19:45:00,26/09/2025 23:22,217,OVERLOAD,CR-06,363
OG-002526,FD-012,2026-06-26 23:00:00,2026-06-27 03:36:00,276,storm damage,CR-02,388
OG-002472,FD-001,2026-06-11 12:00:00,2026-06-11 15:46:00,226,storm damage,CR-04,5304
OG-000202,FD-032,2024-04-20 08:00:00,20/04/2024 12:08,248 min,lightning strike,CR-03,1100
OG-001760,FD-016,2025-09-02 17:30:00,2025-09-02 22:41:00,311,lightning strike,CR-14,1415
OG-001099,FD-008,11/02/2025 04:30,2025-02-11 06:52:00,142,transformer fault,CR-05,4419
OG-002210,FD-008,2026-03-23 18:15:00,2026-03-23 20:05:00,110,storm damage,CR-01,5466
OG-000783,FD-004,2024-09-07 02:45:00,2024-09-07 04:33:00,108,storm damage,CR-09,1419
OG-001685,FD-019,1755452700,17/08/2025 21:35,230,lightning strike,CR-06,2876
OG-000180,FD-033,2024-04-12 05:15:00,1712913480,243,OVERLOAD,CR-08,1281
OG-002413,FD-019,2026-05-25 11:30:00,1779732900,405,vegetation contact,CR-14,2048
OG-001662,FD-009,2025-08-12 10:00:00,2025-08-12 11:50:00,110,pole collapse,CR-02,1848
OG-001715,FD-008,2025-08-22 13:30:00,2025-08-22 13:38:00,8,equipment failure,CR-10,5388
OG-001728,FD-020,2025-08-25 21:15:00,25/08/2025 22:12,57,overload,CR-13,3780
OG-900135,FD-9135,2024-12-10 10:00:00,28/03/2025 13:00,180,unknown,CR-01,500
OG-001882,FD-008,2025-09-27 17:15:00,27/09/2025 20:14,179,unknown,CR-06,5102
OG-001988,FD-021,25/10/2025 23:00,2025-10-26 00:50:00,110,pole collapse,CR-18,263
OG-000785,FD-015,2024-09-08 03:15:00,2024-09-08 05:15:00,120,pole collapse,CR-06,81
OG-000300,FD-024,2024-05-21 07:30:00,21/05/2024 11:02,212,storm damage,CR-09,560
OG-001492,FD-028,2025-07-05 18:00:00,2025-07-05 19:54:00,114,lightning strike,CR-13,2359
OG-001325,FD-022,2025-05-16 09:15:00,2025-05-16 11:35:00,140,vegetation contact,CR-10,317
OG-001900,FD-032,01/10/2025 09:30,1759320360,156,lightning strike,CR-04,1177
OG-001586,FD-013,2025-07-27 23:45:00,2025-07-28 04:13:00,268,vegetation contact,CR-06,7616
OG-001201,FD-030,2025-04-07 15:30:00,2025-04-07 17:25:00,115,vegetation contact,CR-13,1985
OG-000459,FD-002,2024-07-01 23:15:00,1719888300,210,vegetation contact,CR-04,3637
OG-000883,FD-024,2024-09-27 04:15:00,2024-09-27 09:02:00,287,lightning strike,CR-05,2874
OG-001539,FD-031,16/07/2025 03:30,2025-07-16 05:14:00,104,vegetation contact,,1209
OG-000574,FD-011,2024-07-29 06:30:00,2024-07-29 08:10:00,100,lightning strike,CR-13,6884
OG-000641,FD-021,1723473900,12/08/2024 18:45,240,overload,CR-15,3031
OG-000313,FD-021,23/05/2024 19:45,2024-05-23 22:37:00,172,vegetation contact,CR-09,1702
OG-000960,FD-037,1729244700,2024-10-18 12:28:00,163,storm damage,CR-12,3070
OG-001616,FD-031,2025-08-04 22:30:00,2025-08-04 23:48:00,78,cable theft,,1365
OG-001727,FD-026,2025-08-25 07:30:00,2025-08-25 09:00:00,90,overload,CR-17,746
OG-900171,FD-9171,2024-04-02 10:00:00,2025-11-07 13:00:00,180,unknown,CR-01,500
OG-000287,FD-011,2024-05-17 16:15:00,2024-05-17 17:55:00,100,transformer fault,CR-02,2736
OG-001038,FD-003,2024-11-25 08:15:00,2024-11-25 12:30:00,255,overload,CR-11,1970
OG-002519,FD-005,2026-06-24 14:30:00,1782315660,71,lightning strike,CR-05,2245
OG-001575,FD-018,1753365600,2025-07-24 17:09:00,189,vegetation contact,CR-02,525
OG-002507,FD-020,2026-06-21 05:00:00,2026-06-21 09:15:00,255,lightning strike,CR-11,1785
OG-000548,FD-005,23/07/2024 23:30,2024-07-24 03:28:00,238,lightning strike,,5996
OG-001764,FD-028,2025-09-02 12:45:00,2025-09-02 15:44:00,179,vegetation contact,CR-13,1378
OG-002190,FD-036,2026-03-13 14:45:00,2026-03-13 18:11:00,206,unknown,CR-10,584
OG-001018,FD-004,2024-11-16 20:30:00,2024-11-16 20:38:00,8,equipment failure,CR-05,1585
OG-001621,FD-027,2025-08-05 01:00:00,2025-08-05 02:32:00,92,POLE COLLAPSE,CR-17,598
OG-000305,FD-028,2024-05-21 15:45:00,2024-05-21 17:31:00,106,pole collapse,CR-05,750
OG-000659,FD-002,2024-08-16 18:30:00,2024-08-16 21:21:00,171,lightning strike,CR-18,2416
OG-001366,FD-021,2025-05-27 08:15:00,2025-05-27 10:11:00,116,overload,CR-07,410
OG-002217,FD-003,2026-03-27 15:15:00,2026-03-27 20:04:00,289,storm damage,CR-08,6771
OG-000636,FD-030,11/08/2024 15:30,2024-08-11 20:44:00,314,pole collapse,CR-07,6268
OG-000696,FD-034,2024-08-22 07:15:00,2024-08-22 11:08:00,233,vegetation contact,CR-09,342
OG-000267,FD-034,2024-05-10 16:30:00,2024-05-10 19:32:00,182,storm damage,CR-15,951
OG-900156,FD-9156,05/10/2024 10:00,2025-03-07 13:00:00,180,unknown,CR-01,500
OG-000586,FD-019,2024-08-01 23:45:00,2024-08-01 23:53:00,8,transformer fault,CR-05,2736
OG-002078,FD-005,2025-12-21 14:15:00,2025-12-21 16:20:00,125,vegetation contact,,5899
OG-001056,FD-016,2024-12-24 10:15:00,2024-12-24 11:15:00,60,transformer fault,CR-17,1169
OG-000554,FD-031,2024-07-24 11:15:00,2024-07-24 17:06:00,351,planned maintenance,CR-07,383
OG-900332,FD-9332,2024-06-05 10:00:00,2025-01-24 13:00:00,180,unknown,CR-01,500
OG-900058,FD-958,21/04/2025 10:00,22/08/2025 13:00,180,unknown,CR-01,500
OG-000501,FD-006,2024-07-11 12:00:00,2024-07-11 12:55:00,55,storm damage,CR-16,950
OG-900316,FD-9316,2025-04-25 10:00:00,2025-10-19 13:00:00,180,unknown,CR-01,500
OG-000537,FD-035,2024-07-20 10:45:00,2024-07-20 14:27:00,222,vegetation contact,CR-07,220
OG-001983,FD-029,1761273000,2025-10-24 04:18:00,108,pole collapse,CR-12,2671
OG-900125,FD-9125,2024-04-17 10:00:00,2025-09-15 13:00:00,180,unknown,CR-01,500
OG-002249,FD-019,2026-04-07 23:00:00,2026-04-08 00:02:00,62,pole collapse,,1118
OG-002527,FD-033,2026-06-26 12:45:00,1782490740,214,pole collapse,CR-06,473
OG-900165,FD-9165,2024-09-23 10:00:00,2025-08-03 13:00:00,180,unknown,CR-01,500
OG-900006,FD-906,25/10/2024 10:00,2025-12-04 13:00:00,180,unknown,CR-01,500
OG-900095,FD-995,2025-07-22 10:00:00,2025-03-10 13:00:00,180,unknown,CR-01,500
OG-002445,FD-010,2026-06-03 12:45:00,1780504620,232,lightning strike,CR-17,322
OG-001871,FD-037,2025-09-25 12:15:00,2025-09-25 13:40:00,85,unknown,CR-08,1676
OG-001471,FD-018,2025-06-30 19:45:00,2025-06-30 19:53:00,8,planned maintenance,,3616
OG-001922,FD-036,2025-10-07 12:30:00,2025-10-07 16:08:00,218,lightning strike,CR-11,2173
OG-000205,FD-025,2024-04-22 23:30:00,2024-04-23 00:20:00,50,cable theft,CR-11,3314
OG-000041,FD-013,2024-01-27 03:45:00,2024-01-27 07:56:00,251,pole collapse,CR-06,1605
OG-000529,FD-025,18/07/2024 01:45,2024-07-18 04:20:00,155,planned maintenance,CR-15,657
OG-000727,FD-019,2024-08-28 04:30:00,2024-08-28 04:38:00,8,unknown,CR-13,2938
OG-001835,FD-009,2025-09-17 10:00:00,2025-09-17 15:47:00,347,lightning strike,CR-05,3753
OG-001631,FD-008,2025-08-07 03:30:00,2025-08-07 06:43:00,193,lightning strike,CR-07,6392
OG-001389,FD-010,2025-06-04 04:30:00,04/06/2025 08:10,220,lightning strike,CR-18,239
OG-000074,FD-014,2024-03-02 23:45:00,2024-03-03 00:11:00,26,cable theft,CR-04,5869
OG-002380,FD-004,2026-05-19 21:45:00,2026-05-19 21:53:00,8,storm damage,CR-17,2082
OG-001005,FD-010,2024-11-09 09:15:00,2024-11-09 12:18:00,183,pole collapse,CR-16,38
OG-002080,FD-037,2025-12-21 16:30:00,2025-12-21 19:19:00,169,unknown,CR-15,3032
OG-001612,FD-026,2025-08-03 18:45:00,2025-08-03 21:57:00,192,pole collapse,CR-04,460
OG-000652,FD-018,2024-08-14 14:45:00,2024-08-14 17:28:00,163,vegetation contact,CR-04,2349
OG-000332,FD-026,2024-05-29 19:45:00,2024-05-29 23:35:00,230 min,vegetation contact,CR-09,3788
OG-000811,FD-035,13/09/2024 04:45,13/09/2024 09:32,287,lightning strike,CR-08,83
OG-900137,FD-9137,1733911200,2025-01-07 13:00:00,180,unknown,CR-01,500
OG-000721,FD-004,2024-08-27 06:00:00,2024-08-27 08:45:00,165 min,pole collapse,CR-06,1383
OG-001455,FD-028,2025-06-26 02:30:00,2025-06-26 04:51:00,141,storm damage,CR-07,2813
OG-001034,FD-001,2024-11-21 03:15:00,2024-11-21 06:46:00,211,equipment failure,CR-13,3917
OG-000958,FD-027,2024-10-17 03:45:00,2024-10-17 06:39:00,174,unknown,CR-12,897
OG-000173,FD-037,2024-04-09 05:45:00,1712648580,118,pole collapse,CR-05,2411
OG-900031,FD-931,2025-03-03 10:00:00,2025-12-14 13:00:00,180,unknown,CR-01,500
OG-900329,FD-9329,2025-01-10 10:00:00,2025-12-16 13:00:00,180,unknown,CR-01,500
OG-001116,FD-028,2025-02-27 23:45:00,2025-02-28 03:05:00,200,lightning strike,CR-05,5900
OG-900159,FD-9159,2024-05-16 10:00:00,2025-06-09 13:00:00,180,unknown,CR-01,500
OG-001847,FD-018,2025-09-20 23:30:00,2025-09-21 03:24:00,234,vegetation contact,CR-16,3260
OG-900036,FD-936,2025-02-16 10:00:00,2025-12-07 13:00:00,180,unknown,CR-01,500
OG-900287,FD-9287,2024-11-02 10:00:00,2025-01-11 13:00:00,180,unknown,CR-01,500
OG-000627,FD-001,2024-08-10 23:45:00,2024-08-11 01:59:00,134,pole collapse,CR-07,8194
OG-000999,FD-035,1730565900,2024-11-02 18:59:00,134,planned maintenance,CR-11,413
OG-002151,FD-002,2026-02-27 12:45:00,27/02/2026 15:02,137,transformer fault,,5821
OG-900045,FD-945,2025-02-24 10:00:00,04/07/2025 13:00,180,unknown,CR-01,500
OG-000462,FD-015,2024-07-02 17:15:00,02/07/2024 21:58,283,lightning strike,,417
OG-900214,FD-9214,1744279200,05/11/2025 13:00,180,unknown,CR-01,500
OG-000084,FD-011,2024-03-06 18:30:00,2024-03-06 20:11:00,101,overload,CR-12,4165
OG-002130,FD-003,2026-02-17 07:30:00,2026-02-17 10:03:00,153,lightning strike,CR-10,3086
OG-002133,FD-032,2026-02-18 15:00:00,18/02/2026 18:15,195,transformer fault,CR-13,1663
OG-000902,FD-021,01/10/2024 00:30,01/10/2024 01:04,34,equipment failure,,2930
OG-000121,FD-026,2024-03-22 16:15:00,2024-03-22 18:45:00,150,overload,CR-10,3479
OG-001288,FD-020,07/05/2025 09:30,2025-05-07 15:10:00,340,lightning strike,,4849
OG-001556,FD-014,2025-07-20 08:15:00,2025-07-20 10:58:00,163,storm damage,CR-15,5045
OG-000394,FD-013,2024-06-16 02:30:00,16/06/2024 03:16,46,overload,CR-08,6887
OG-002093,FD-002,1767687300,06/01/2026 08:59,44,vegetation contact,CR-14,704
OG-002470,FD-019,2026-06-11 12:00:00,2026-06-11 14:54:00,174,lightning strike,CR-10,2129
OG-000770,FD-024,2024-09-05 13:00:00,2024-09-05 15:30:00,150,planned maintenance,CR-01,3218
OG-002097,FD-005,1768233600,2026-01-12 19:48:00,228,transformer fault,CR-12,1617
OG-000170,FD-035,2024-04-08 18:45:00,2024-04-08 21:28:00,163,storm damage,CR-04,1367
OG-002112,FD-036,2026-02-05 01:30:00,2026-02-05 08:14:00,404,storm damage,CR-13,234
OG-000864,FD-013,23/09/2024 06:45,2024-09-23 08:24:00,99,cable theft,CR-18,97
OG-001063,FD-014,2025-01-03 13:15:00,2025-01-03 14:16:00,61,transformer fault,CR-15,4291
OG-000164,FD-011,2024-04-06 13:15:00,2024-04-06 16:12:00,177,lightning strike,CR-05,7052
OG-000551,FD-011,2024-07-23 09:00:00,2024-07-23 13:30:00,270,vegetation contact,CR-15,6951
OG-001702,FD-018,2025-08-20 18:30:00,20/08/2025 23:35,305,lightning strike,CR-08,3225
OG-002168,FD-019,05/03/2026 07:30,2026-03-05 08:19:00,49,transformer fault,CR-09,3725
OG-000767,FD-020,2024-09-04 05:15:00,04/09/2024 08:16,181,storm damage,CR-10,3936
OG-900310,FD-9310,27/09/2024 10:00,2025-06-28 13:00:00,180,unknown,CR-01,500
OG-000165,FD-007,2024-04-06 18:45:00,2024-04-06 21:17:00,152,lightning strike,CR-14,1064
OG-000557,FD-003,2024-07-25 14:30:00,2024-07-25 16:17:00,107,storm damage,CR-13,2251
OG-000237,FD-027,2024-05-02 09:00:00,2024-05-02 11:47:00,167,pole collapse,CR-02,645
OG-002087,FD-032,28/12/2025 19:15,28/12/2025 21:05,110,pole collapse,CR-16,628
OG-000380,FD-012,1718081100,2024-06-11 09:51:00,306,storm damage,CR-06,742
OG-000037,FD-022,2024-01-25 08:00:00,2024-01-25 14:55:00,415,lightning strike,CR-03,628
OG-000947,FD-035,2024-10-14 16:15:00,2024-10-14 17:42:00,87,vegetation contact,CR-09,794
OG-001664,FD-009,2025-08-12 11:00:00,1755006540,169,lightning strike,CR-15,5718
OG-002520,FD-013,2026-06-24 17:30:00,2026-06-24 17:38:00,8,equipment failure,CR-12,1182
OG-002022,FD-020,2025-11-08 03:15:00,2025-11-08 05:09:00,114,planned maintenance,CR-04,1593
OG-001740,FD-031,29/08/2025 11:45,2025-08-29 13:12:00,87,lightning strike,CR-12,233
OG-000461,FD-016,2024-07-02 19:15:00,2024-07-03 00:11:00,296,pole collapse,CR-12,2414
OG-900076,FD-976,2025-02-11 10:00:00,2025-03-01 13:00:00,180,unknown,CR-01,500
OG-002262,FD-033,11/04/2026 04:45,2026-04-11 09:11:00,266,vegetation contact,,152
OG-000339,FD-024,2024-05-31 00:30:00,2024-05-31 04:15:00,225,vegetation contact,CR-09,1942
OG-000062,FD-001,2024-02-20 15:00:00,2024-02-20 17:39:00,159,transformer fault,CR-11,8511
OG-002176,FD-033,2026-03-07 02:15:00,2026-03-07 04:12:00,117,transformer fault,CR-04,403
OG-900012,FD-912,2024-06-01 10:00:00,2025-02-14 13:00:00,180,unknown,CR-01,500
OG-900245,FD-9245,2025-05-04 10:00:00,1752757200,180,unknown,CR-01,500
OG-002153,FD-007,2026-03-01 18:15:00,2026-03-01 19:19:00,64,pole collapse,CR-16,1640
OG-000472,FD-011,1720217700,2024-07-06 03:54:00,339,vegetation contact,CR-15,7587
OG-002409,FD-035,2026-05-25 19:45:00,2026-05-26 00:17:00,272,pole collapse,CR-02,47
OG-001676,FD-003,2025-08-15 09:00:00,2025-08-15 13:52:00,292,pole collapse,CR-11,6091
OG-001752,FD-034,31/08/2025 20:15,2025-08-31 23:47:00,212,vegetation contact,CR-16,1169
OG-001160,FD-012,2025-03-19 19:00:00,2025-03-19 21:47:00,167,transformer fault,CR-13,1162
OG-002425,FD-015,2026-05-28 19:15:00,2026-05-29 01:54:00,399,lightning strike,CR-12,1322
OG-001592,FD-017,2025-07-29 01:00:00,2025-07-29 01:08:00,8,pole collapse,CR-10,1629
OG-000669,FD-010,2024-08-18 07:15:00,2024-08-18 08:00:00,45,lightning strike,CR-02,83
OG-900203,FD-9203,2024-02-13 10:00:00,2025-03-19 13:00:00,180,unknown,CR-01,500
OG-002457,FD-027,08/06/2026 13:00,2026-06-08 15:34:00,154,vegetation contact,CR-05,1335
OG-900322,FD-9322,16/02/2025 10:00,2025-05-11 13:00:00,180,unknown,CR-01,500
OG-001352,FD-010,2025-05-23 09:15:00,2025-05-23 15:04:00,349,vegetation contact,CR-12,379
OG-001219,FD-020,13/04/2025 17:00,1744577700,235,vegetation contact,,1185
OG-001862,FD-036,2025-09-23 21:15:00,2025-09-24 00:11:00,176,vegetation contact,CR-15,1391
OG-000198,FD-016,1713483000,2024-04-19 02:46:00,196,pole collapse,CR-11,1401
OG-001041,FD-024,2024-11-27 16:45:00,2024-11-27 16:53:00,8,vegetation contact,CR-12,605
OG-001619,FD-005,1754369100,2025-08-05 05:57:00,72,lightning strike,CR-04,5912
OG-000224,FD-027,2024-04-28 02:00:00,2024-04-28 06:45:00,285,storm damage,CR-03,1103
OG-002243,FD-005,05/04/2026 09:45,2026-04-05 13:32:00,227,vegetation contact,CR-17,2384
OG-900011,FD-911,2024-09-16 10:00:00,2025-12-01 13:00:00,180,unknown,CR-01,500
OG-002120,FD-032,2026-02-10 20:45:00,2026-02-10 21:31:00,46,planned maintenance,CR-12,2269
OG-001413,FD-019,2025-06-12 07:15:00,2025-06-12 10:29:00,194,pole collapse,CR-15,232
OG-000189,FD-004,2024-04-16 00:45:00,2024-04-16 06:10:00,325,lightning strike,CR-06,624
OG-900252,FD-9252,2025-05-08 10:00:00,2025-08-26 13:00:00,180,unknown,CR-01,500
OG-001580,FD-026,2025-07-26 18:45:00,2025-07-26 19:25:00,40,equipment failure,CR-06,2346
OG-001636,FD-001,2025-08-08 17:15:00,1754683140,164,vegetation contact,CR-16,2826
OG-002134,FD-015,18/02/2026 16:45,18/02/2026 20:06,201,transformer fault,CR-08,350
OG-900202,FD-9202,2024-08-19 10:00:00,2025-05-21 13:00:00,180,unknown,CR-01,500
OG-000837,FD-022,2024-09-18 05:30:00,18/09/2024 07:36,126,vegetation contact,CR-14,683
OG-900298,FD-9298,03/05/2025 10:00,14/04/2025 13:00,180,unknown,CR-01,500
OG-002146,FD-003,25/02/2026 02:00,25/02/2026 06:12,252,vegetation contact,CR-09,2756
OG-001032,FD-018,2024-11-21 13:00:00,2024-11-21 13:57:00,57,planned maintenance,CR-06,331
OG-900101,FD-9101,2025-01-07 10:00:00,15/04/2025 13:00,180,unknown,CR-01,500
OG-000186,FD-013,2024-04-15 09:45:00,2024-04-15 11:40:00,115,pole collapse,CR-09,6422
OG-000325,FD-037,2024-05-27 08:45:00,27/05/2024 10:27,102,overload,CR-16,1873
OG-001233,FD-016,1744929000,2025-04-17 23:36:00,66,POLE COLLAPSE,CR-11,2453
OG-900344,FD-9344,2025-08-26 10:00:00,2025-10-25 13:00:00,180,unknown,CR-01,500
OG-000922,FD-015,2024-10-05 01:45:00,2024-10-05 01:53:00,8,overload,CR-11,732
OG-001348,FD-016,1747944900,2025-05-22 22:41:00,146,pole collapse,CR-02,1830
OG-000802,FD-028,11/09/2024 07:30,2024-09-11 11:51:00,261,vegetation contact,CR-16,4201
OG-002432,FD-017,2026-05-30 18:45:00,2026-05-30 23:24:00,279,STORM DAMAGE,CR-14,323
OG-900109,FD-9109,1737280800,27/07/2025 13:00,180,unknown,CR-01,500
OG-000320,FD-007,2024-05-26 03:30:00,2024-05-26 06:39:00,189,lightning strike,CR-14,1769
OG-000177,FD-005,1712736900,10/04/2024 12:38,263 min,lightning strike,,7282
OG-000932,FD-009,1728417600,2024-10-08 21:53:00,113 min,equipment failure,CR-02,3948
OG-002001,FD-010,2025-10-29 07:00:00,2025-10-29 09:29:00,149,storm damage,,244
OG-000561,FD-013,2024-07-26 23:45:00,27/07/2024 04:45,300,lightning strike,CR-02,8099
OG-000556,FD-003,2024-07-25 05:00:00,25/07/2024 08:11,191,vegetation contact,CR-04,1934
OG-000010,FD-015,2024-01-10 00:30:00,2024-01-10 00:38:00,8,overload,CR-15,217
OG-900192,FD-9192,2025-02-26 10:00:00,2025-12-21 13:00:00,180,unknown,CR-01,500
OG-001785,FD-008,2025-09-06 10:00:00,2025-09-06 14:04:00,244,vegetation contact,CR-02,2935
OG-001260,FD-004,2025-04-27 16:00:00,1745772600,50,vegetation contact,CR-03,1712
OG-900084,FD-984,2025-05-21 10:00:00,01/08/2025 13:00,180,unknown,CR-01,500
OG-000254,FD-012,2024-05-07 05:15:00,2024-05-07 07:31:00,136,lightning strike,CR-10,1038
OG-001048,FD-007,2024-12-10 15:15:00,1733850780,118,pole collapse,CR-10,1721
OG-001084,FD-026,2025-01-20 17:45:00,1737397560,41,unknown,CR-09,186
OG-000757,FD-025,2024-09-02 01:15:00,2024-09-02 03:15:00,120,vegetation contact,CR-16,4589
OG-000436,FD-018,2024-06-26 08:15:00,2024-06-26 13:02:00,287,lightning strike,CR-08,687
OG-001250,FD-034,1745379900,2025-04-23 07:33:00,228,VEGETATION CONTACT,CR-08,1137
OG-001863,FD-036,2025-09-23 02:15:00,1758609180,258,vegetation contact,CR-14,3434
OG-900074,FD-974,2025-11-28 10:00:00,2025-06-17 13:00:00,180,unknown,CR-01,500
OG-002527,FD-033,2026-06-26 12:45:00,1782490740,214,pole collapse,CR-06,473
OG-001013,FD-032,2024-11-13 04:00:00,2024-11-13 05:50:00,110,pole collapse,CR-01,393
OG-000997,FD-029,2024-11-01 01:15:00,2024-11-01 03:34:00,139,storm damage,CR-13,1618
OG-001557,FD-012,2025-07-20 11:00:00,2025-07-20 13:41:00,161,overload,,751
OG-900068,FD-968,2025-06-18 10:00:00,2025-02-16 13:00:00,180,unknown,CR-01,500
OG-900047,FD-947,2024-11-03 10:00:00,2025-03-20 13:00:00,180,unknown,CR-01,500
OG-000980,FD-012,25/10/2024 02:30,2024-10-25 04:20:00,110,cable theft,CR-16,1401
OG-001425,FD-012,2025-06-15 03:00:00,2025-06-15 08:00:00,300,storm damage,CR-03,631
OG-000162,FD-006,2024-04-06 01:00:00,2024-04-06 04:04:00,184,lightning strike,CR-01,6175
OG-000624,FD-036,2024-08-09 21:45:00,09/08/2024 23:47,122,vegetation contact,CR-18,3322
OG-000288,FD-010,17/05/2024 14:00,2024-05-17 15:16:00,76,transformer fault,CR-11,248
OG-002218,FD-024,2026-03-28 22:45:00,2026-03-29 00:01:00,76,transformer fault,CR-10,3273
OG-002360,FD-007,2026-05-10 14:00:00,2026-05-10 14:08:00,8 min,unknown,CR-17,1118
OG-900228,FD-9228,24/06/2024 10:00,2025-12-23 13:00:00,180,unknown,CR-01,500
OG-000396,FD-026,2024-06-17 10:45:00,2024-06-17 11:46:00,61,storm damage,CR-09,246
OG-000861,FD-014,2024-09-23 08:30:00,2024-09-23 12:05:00,215,lightning strike,CR-17,6322
OG-001229,FD-037,2025-04-16 16:30:00,16/04/2025 19:24,174,vegetation contact,CR-11,471
OG-001510,FD-025,2025-07-10 09:00:00,2025-07-10 10:33:00,93,storm damage,,2349
OG-001821,FD-023,2025-09-14 18:15:00,14/09/2025 20:30,135,lightning strike,,1854
OG-002152,FD-002,2026-02-28 17:15:00,2026-02-28 21:08:00,233,pole collapse,CR-16,1997
OG-002338,FD-030,2026-05-06 08:00:00,2026-05-06 10:21:00,141,vegetation contact,CR-08,5136
OG-002408,FD-008,2026-05-24 19:30:00,1779662880,198,storm damage,CR-18,6514
OG-001523,FD-016,2025-07-12 18:30:00,2025-07-12 18:38:00,8,planned maintenance,CR-16,1869
OG-001078,FD-030,14/01/2025 02:30,2025-01-14 04:12:00,102,equipment failure,CR-18,1499
OG-000730,FD-026,28/08/2024 16:00,2024-08-28 20:50:00,290,vegetation contact,CR-09,1709
OG-001489,FD-037,2025-07-04 15:45:00,2025-07-04 17:17:00,92,pole collapse,,1168
OG-900292,FD-9292,2024-08-19 10:00:00,2025-04-10 13:00:00,180,unknown,CR-01,500
OG-001552,FD-029,2025-07-18 14:00:00,2025-07-18 16:01:00,121,storm damage,CR-13,108
OG-001924,FD-014,2025-10-08 11:15:00,08/10/2025 15:21,246,storm damage,CR-05,1028
OG-001947,FD-014,1760528700,2025-10-15 14:25:00,160,storm damage,CR-06,1391
OG-000291,FD-034,2024-05-18 04:45:00,2024-05-18 09:23:00,278,vegetation contact,CR-14,114
OG-000484,FD-033,2024-07-07 23:30:00,2024-07-08 01:19:00,109,transformer fault,CR-13,383
OG-000851,FD-031,2024-09-21 06:30:00,2024-09-21 08:37:00,127,vegetation contact,CR-11,643
OG-000380,FD-012,1718081100,2024-06-11 09:51:00,306,storm damage,CR-06,742
OG-000223,FD-035,2024-04-28 15:45:00,28/04/2024 17:52,127,unknown,CR-07,730
OG-000158,FD-030,2024-04-04 04:00:00,2024-04-04 04:30:00,30,overload,CR-02,6144
OG-000968,FD-030,2024-10-21 14:30:00,2024-10-21 18:35:00,245,vegetation contact,CR-06,6552
OG-000007,FD-029,2024-01-09 09:15:00,09/01/2024 13:55,280,lightning strike,CR-10,1718
OG-001865,FD-019,2025-09-24 17:00:00,2025-09-24 19:28:00,148,pole collapse,CR-10,74
OG-000319,FD-015,2024-05-25 05:00:00,25/05/2024 09:11,251,LIGHTNING STRIKE,CR-04,915
OG-000119,FD-003,21/03/2024 02:15,2024-03-21 05:28:00,193,lightning strike,CR-18,2235
OG-000982,FD-031,2024-10-25 09:45:00,2024-10-25 11:54:00,129,vegetation contact,CR-08,1367
OG-002244,FD-033,1775388600,2026-04-05 14:08:00,158,unknown,CR-01,1150
OG-001805,FD-021,2025-09-11 23:00:00,2025-09-12 00:21:00,81,pole collapse,CR-05,2770
OG-000174,FD-024,2024-04-10 09:00:00,1712759400,330,storm damage,CR-05,210
OG-002340,FD-019,2026-05-06 06:30:00,06/05/2026 08:19,109,pole collapse,CR-06,505
OG-000394,FD-013,2024-06-16 02:30:00,16/06/2024 03:16,46,overload,CR-08,6887
OG-001932,FD-004,2025-10-11 22:45:00,2025-10-12 00:14:00,89,vegetation contact,CR-13,2033
OG-000183,FD-030,2024-04-13 12:30:00,2024-04-13 14:02:00,92,vegetation contact,CR-04,5423
OG-900327,FD-9327,2025-09-01 10:00:00,2025-12-06 13:00:00,180,unknown,CR-01,500
OG-001345,FD-031,2025-05-21 23:45:00,2025-05-22 04:54:00,309,vegetation contact,CR-16,256
OG-001359,FD-037,2025-05-25 21:00:00,26/05/2025 00:20,200,equipment failure,CR-16,1079
OG-900172,FD-9172,2025-02-21 10:00:00,2025-10-27 13:00:00,180,unknown,CR-01,500
OG-000032,FD-011,2024-01-21 00:30:00,2024-01-21 02:22:00,112,planned maintenance,CR-06,6641
OG-001354,FD-016,2025-05-23 23:00:00,2025-05-24 01:14:00,134 min,vegetation contact,CR-04,198
OG-002055,FD-029,2025-12-05 12:45:00,2025-12-05 13:05:00,20,transformer fault,CR-02,1316
OG-002495,FD-005,2026-06-18 23:15:00,2026-06-19 00:14:00,59 min,unknown,CR-16,5905
OG-001820,FD-009,1757835900,2025-09-14 11:56:00,251,lightning strike,CR-07,589
OG-000357,FD-030,2024-06-05 22:15:00,2024-06-06 02:03:00,228,storm damage,CR-18,4787
OG-001956,FD-031,2025-10-17 06:30:00,2025-10-17 10:22:00,232,lightning strike,CR-08,1722
OG-000231,FD-032,2024-05-01 23:15:00,1714608360,51 min,vegetation contact,CR-01,2186
OG-000711,FD-005,2024-08-25 00:15:00,2024-08-25 03:56:00,221,transformer fault,CR-05,3265
OG-002485,FD-024,2026-06-16 05:00:00,16/06/2026 05:11,11,cable theft,CR-04,1112
OG-900229,FD-9229,2024-10-16 10:00:00,2025-11-07 13:00:00,180,unknown,CR-01,500
OG-000082,FD-021,2024-03-05 06:00:00,1709620380,33,cable theft,CR-15,2452
OG-002316,FD-011,2026-04-29 23:15:00,2026-04-30 01:51:00,156,pole collapse,CR-16,3775
OG-001503,FD-029,2025-07-07 21:45:00,2025-07-08 00:12:00,147,cable theft,CR-11,460
OG-001536,FD-006,2025-07-15 03:00:00,2025-07-15 06:00:00,180,vegetation contact,CR-09,2309
OG-000852,FD-035,21/09/2024 15:30,2024-09-21 21:35:00,365,storm damage,CR-08,274
OG-000612,FD-006,2024-08-06 09:30:00,06/08/2024 10:14,44,vegetation contact,CR-11,6170
OG-002260,FD-032,2026-04-10 13:45:00,2026-04-10 15:55:00,130,storm damage,CR-18,1849
OG-002220,FD-013,2026-03-28 03:00:00,28/03/2026 09:25,385,lightning strike,CR-18,7768
OG-000216,FD-010,2024-04-25 03:45:00,2024-04-25 08:09:00,264,storm damage,CR-17,195
OG-002332,FD-036,2026-05-04 23:30:00,2026-05-05 04:38:00,308,storm damage,,2048
OG-900124,FD-9124,2025-07-19 10:00:00,2025-10-21 13:00:00,180,unknown,CR-01,500
OG-001880,FD-004,2025-09-27 02:45:00,2025-09-27 03:43:00,58,storm damage,CR-12,2530
OG-002277,FD-034,2026-04-16 01:30:00,2026-04-16 05:05:00,215,LIGHTNING STRIKE,CR-13,818
OG-001238,FD-029,19/04/2025 01:30,1745036460,171 min,pole collapse,CR-01,640
OG-000081,FD-033,2024-03-05 11:45:00,2024-03-05 12:12:00,27,transformer fault,CR-10,1294
OG-001467,FD-004,1751216400,2025-06-29 21:58:00,298,vegetation contact,CR-12,707
OG-001806,FD-001,2025-09-11 16:45:00,1757615700,110,storm damage,CR-08,6819
OG-000533,FD-028,2024-07-19 14:45:00,2024-07-19 17:32:00,167,lightning strike,CR-09,1641
OG-000366,FD-026,08/06/2024 17:00,2024-06-08 18:59:00,119,vegetation contact,CR-07,2899
OG-001570,FD-014,2025-07-23 11:00:00,2025-07-23 13:11:00,131,pole collapse,CR-03,2586
OG-000245,FD-005,2024-05-05 18:00:00,2024-05-05 19:08:00,68,vegetation contact,CR-09,2054
OG-002014,FD-014,1761952500,2025-11-01 02:03:00,168,pole collapse,CR-10,2887
OG-001430,FD-010,2025-06-17 04:15:00,1750143420,162,planned maintenance,CR-05,36
OG-000952,FD-028,2024-10-15 05:30:00,2024-10-15 05:56:00,26,pole collapse,CR-15,1500
OG-000979,FD-007,2024-10-24 22:45:00,24/10/2024 23:22,37,lightning strike,CR-09,1573
OG-002294,FD-002,2026-04-22 15:45:00,22/04/2026 18:27,162 min,pole collapse,CR-01,2176
OG-000466,FD-003,2024-07-03 19:30:00,03/07/2024 20:36,66,unknown,CR-03,1173
OG-000632,FD-036,2024-08-10 01:15:00,2024-08-10 05:13:00,238,storm damage,CR-04,2329
OG-002044,FD-005,2025-11-23 21:30:00,2025-11-24 01:21:00,231 min,vegetation contact,CR-17,3542
OG-900059,FD-959,2024-11-21 10:00:00,2025-09-10 13:00:00,180,unknown,CR-01,500
OG-900148,FD-9148,09/01/2024 10:00,2025-08-11 13:00:00,180,unknown,CR-01,500
OG-000664,FD-016,2024-08-17 03:15:00,2024-08-17 06:55:00,220,pole collapse,,482
OG-900299,FD-9299,2025-06-20 10:00:00,2025-12-02 13:00:00,180,unknown,CR-01,500
OG-001015,FD-002,2024-11-15 11:15:00,1731677220,132,storm damage,CR-06,3796
OG-001364,FD-032,2025-05-27 03:00:00,2025-05-27 04:04:00,64,pole collapse,CR-08,2003
OG-000244,FD-035,2024-05-05 07:30:00,2024-05-05 07:56:00,26,cable theft,CR-10,696
OG-900092,FD-992,2024-07-01 10:00:00,2025-05-01 13:00:00,180,unknown,CR-01,500
OG-001533,FD-008,2025-07-14 02:45:00,2025-07-14 04:43:00,118,unknown,CR-16,6528
OG-001384,FD-022,02/06/2025 20:45,2025-06-02 21:12:00,27,pole collapse,,755
OG-001495,FD-024,06/07/2025 15:45,2025-07-06 20:16:00,271,lightning strike,CR-10,1522
OG-001857,FD-010,2025-09-22 20:45:00,2025-09-23 01:02:00,257,lightning strike,CR-16,154
OG-000690,FD-023,2024-08-21 15:45:00,2024-08-21 15:56:00,11,planned maintenance,CR-13,2224
OG-000100,FD-023,2024-03-13 08:00:00,2024-03-13 10:33:00,153,overload,CR-16,2123
OG-000896,FD-034,2024-09-30 20:15:00,2024-10-01 00:56:00,281,pole collapse,CR-14,1503
OG-000221,FD-032,2024-04-27 15:45:00,2024-04-27 20:15:00,270,storm damage,CR-18,473
OG-001502,FD-032,2025-07-07 08:45:00,2025-07-07 11:38:00,173,cable theft,CR-09,805
OG-002101,FD-002,2026-01-17 00:00:00,2026-01-17 03:24:00,204,transformer fault,CR-07,861
OG-002361,FD-016,2026-05-10 21:00:00,1778453040,104,storm damage,CR-05,2561
OG-900003,FD-903,2024-04-13 10:00:00,26/10/2025 13:00,180,unknown,CR-01,500
OG-001872,FD-031,2025-09-25 11:15:00,2025-09-25 13:14:00,119,vegetation contact,CR-01,1508
OG-001565,FD-018,2025-07-22 21:45:00,2025-07-22 23:39:00,114,vegetation contact,CR-06,201
OG-002174,FD-012,2026-03-07 05:30:00,07/03/2026 12:08,398,vegetation contact,CR-02,947
OG-000144,FD-034,2024-03-31 05:30:00,2024-03-31 05:38:00,8,pole collapse,CR-01,1079
OG-900223,FD-9223,2025-11-23 10:00:00,2025-04-08 13:00:00,180,unknown,CR-01,500
OG-900009,FD-909,2025-12-27 10:00:00,2025-03-27 13:00:00,180,unknown,CR-01,500
OG-000593,FD-023,2024-08-02 19:30:00,2024-08-02 21:39:00,129,cable theft,CR-07,309
OG-001091,FD-026,2025-02-03 02:30:00,2025-02-03 02:38:00,8,unknown,CR-13,1215
OG-001589,FD-021,2025-07-27 09:15:00,2025-07-27 13:39:00,264,lightning strike,CR-05,3066
OG-000346,FD-015,2024-06-02 20:00:00,2024-06-02 23:43:00,223,storm damage,CR-18,1098
OG-001044,FD-021,2024-12-01 05:15:00,2024-12-01 10:02:00,287 min,pole collapse,CR-05,32
OG-001284,FD-009,2025-05-05 17:15:00,2025-05-05 22:43:00,328,vegetation contact,,1831
OG-001434,FD-018,2025-06-18 06:30:00,18/06/2025 11:15,285,unknown,CR-02,2202
OG-001828,FD-015,2025-09-15 13:45:00,2025-09-15 15:17:00,92,planned maintenance,CR-17,1134
OG-000433,FD-013,26/06/2024 08:00,26/06/2024 12:47,287,vegetation contact,CR-14,6717
OG-002289,FD-021,2026-04-21 23:00:00,2026-04-22 00:02:00,62,storm damage,CR-14,2276
OG-000871,FD-020,2024-09-25 07:45:00,2024-09-25 10:54:00,189,storm damage,CR-10,3832
OG-001946,FD-021,15/10/2025 18:15,15/10/2025 20:58,163,equipment failure,CR-11,1353
OG-000384,FD-034,2024-06-13 13:00:00,13/06/2024 15:56,176,lightning strike,CR-06,887
OG-001346,FD-015,22/05/2025 17:00,2025-05-22 20:02:00,182,pole collapse,CR-06,1138
OG-001999,FD-021,2025-10-29 06:15:00,2025-10-29 11:09:00,294,pole collapse,CR-17,348
OG-000991,FD-003,2024-10-29 18:15:00,2024-10-29 19:19:00,64,storm damage,CR-17,5740
OG-900065,FD-965,2024-10-03 10:00:00,2025-04-15 13:00:00,180,unknown,CR-01,500
OG-001486,FD-026,2025-07-04 04:15:00,2025-07-04 07:09:00,174,vegetation contact,CR-12,1168
OG-001424,FD-004,2025-06-15 06:45:00,2025-06-15 08:47:00,122,transformer fault,CR-18,2805
OG-001506,FD-018,2025-07-08 23:45:00,2025-07-09 03:36:00,231,vegetation contact,CR-10,1438
OG-001512,FD-001,2025-07-10 19:15:00,2025-07-10 23:15:00,240,storm damage,CR-03,115
OG-000831,FD-035,2024-09-17 05:30:00,2024-09-17 09:18:00,228,lightning strike,CR-17,506
OG-002150,FD-024,2026-02-27 03:45:00,2026-02-27 05:06:00,81,TRANSFORMER FAULT,CR-18,1959
OG-000133,FD-033,26/03/2024 08:15,26/03/2024 13:48,333,vegetation contact,,99
OG-002149,FD-036,2026-02-27 23:30:00,2026-02-28 04:52:00,322,planned maintenance,CR-07,2344
OG-001845,FD-027,2025-09-19 14:00:00,2025-09-19 16:11:00,131,storm damage,CR-10,1801
OG-001953,FD-026,1760580900,2025-10-16 06:30:00,255,lightning strike,CR-04,1899
OG-000043,FD-031,2024-02-03 10:30:00,03/02/2024 11:33,63,equipment failure,CR-02,890
OG-001227,FD-005,2025-04-15 07:45:00,2025-04-15 10:01:00,136,storm damage,CR-12,2010
OG-002013,FD-021,2025-10-31 05:45:00,1761890880,23,unknown,CR-10,294
OG-002040,FD-001,2025-11-18 07:45:00,18/11/2025 13:20,335,OVERLOAD,,6317
OG-001537,FD-016,15/07/2025 02:45,2025-07-15 06:36:00,231,STORM DAMAGE,CR-07,124
OG-001789,FD-029,2025-09-08 04:45:00,2025-09-08 09:27:00,282,lightning strike,CR-09,2084
OG-001933,FD-004,2025-10-11 18:45:00,2025-10-11 22:21:00,216,planned maintenance,CR-11,1071
OG-002503,FD-009,2026-06-20 22:15:00,1782007800,235,vegetation contact,,4628
OG-002203,FD-021,18/03/2026 12:15,2026-03-18 14:02:00,107,overload,CR-17,196
OG-002370,FD-006,2026-05-15 08:15:00,15/05/2026 09:32,77,transformer fault,CR-06,6817
OG-002493,FD-031,2026-06-18 03:45:00,2026-06-18 07:52:00,247,lightning strike,CR-07,1750
OG-002236,FD-023,2026-04-03 18:45:00,03/04/2026 20:59,134,transformer fault,CR-04,1025
OG-002536,FD-015,2026-06-29 09:15:00,2026-06-29 12:47:00,212,overload,CR-06,481
OG-000059,FD-022,2024-02-19 07:30:00,2024-02-19 09:18:00,108,lightning strike,CR-01,415
OG-002064,FD-021,2025-12-09 09:15:00,2025-12-09 11:57:00,162,pole collapse,CR-11,2722
OG-000929,FD-003,2024-10-08 11:15:00,2024-10-08 16:18:00,303,lightning strike,CR-05,2225
OG-002410,FD-033,2026-05-25 13:15:00,1779724860,166,VEGETATION CONTACT,CR-08,1235
OG-001811,FD-035,2025-09-12 20:15:00,1757713140,84,cable theft,CR-10,944
OG-900042,FD-942,2024-08-19 10:00:00,2025-07-05 13:00:00,180,unknown,CR-01,500
OG-001138,FD-001,2025-03-11 06:00:00,2025-03-11 08:20:00,140,transformer fault,CR-17,8161
OG-000443,FD-004,1719541800,2024-06-28 04:01:00,91,storm damage,CR-03,206
OG-000407,FD-015,2024-06-20 03:45:00,2024-06-20 07:06:00,201,pole collapse,CR-18,169
OG-001864,FD-029,2025-09-23 11:00:00,2025-09-23 17:06:00,366,storm damage,CR-12,1245
OG-000784,FD-008,1725775200,2024-09-08 09:48:00,228,pole collapse,CR-09,2659
OG-900212,FD-9212,2024-12-25 10:00:00,2025-10-22 13:00:00,180,unknown,CR-01,500
OG-000039,FD-026,2024-01-26 21:00:00,2024-01-27 01:20:00,260,vegetation contact,CR-18,1113
OG-002398,FD-033,22/05/2026 15:45,2026-05-22 20:29:00,284,vegetation contact,CR-06,913
OG-001713,FD-005,2025-08-22 01:00:00,2025-08-22 06:58:00,358,vegetation contact,CR-18,826
OG-900307,FD-9307,2025-10-27 10:00:00,09/01/2025 13:00,180,unknown,CR-01,500
OG-000697,FD-031,1724452200,2024-08-23 22:46:00,16,planned maintenance,CR-06,271
OG-000630,FD-031,10/08/2024 13:30,10/08/2024 15:31,121,vegetation contact,CR-10,1826
OG-002191,FD-035,2026-03-13 18:30:00,2026-03-13 21:29:00,179,cable theft,CR-02,1414
OG-000296,FD-012,2024-05-19 11:45:00,2024-05-19 15:41:00,236,storm damage,CR-12,958
OG-000508,FD-002,2024-07-13 13:00:00,13/07/2024 15:04,124,lightning strike,CR-10,1452
OG-001856,FD-022,2025-09-22 12:30:00,2025-09-22 14:12:00,102,pole collapse,CR-03,930
OG-000949,FD-036,2024-10-14 15:30:00,2024-10-14 20:26:00,296,lightning strike,CR-17,2809
OG-001220,FD-001,1744551000,2025-04-13 16:58:00,208,storm damage,CR-05,5200
OG-001930,FD-002,2025-10-10 10:30:00,10/10/2025 10:45,15,pole collapse,CR-01,1144
OG-001262,FD-001,2025-04-28 02:45:00,2025-04-28 08:03:00,318,vegetation contact,CR-10,8032
OG-000841,FD-008,2024-09-19 17:00:00,2024-09-19 20:24:00,204,lightning strike,CR-07,60
OG-001881,FD-037,2025-09-27 19:15:00,27/09/2025 22:32,197 min,lightning strike,CR-04,1018
OG-001150,FD-017,2025-03-16 22:00:00,1742182320,332,storm damage,CR-09,2936
OG-001957,FD-003,2025-10-17 16:30:00,2025-10-17 18:14:00,104,storm damage,CR-10,4065
OG-000985,FD-019,2024-10-27 08:30:00,2024-10-27 12:50:00,260,pole collapse,CR-10,3040
OG-001931,FD-035,2025-10-11 08:30:00,2025-10-11 10:36:00,126,storm damage,CR-06,254
OG-900143,FD-9143,2024-04-06 10:00:00,2025-07-22 13:00:00,180,unknown,CR-01,500
OG-002538,FD-016,2026-06-30 22:30:00,2026-07-01 02:30:00,240,transformer fault,CR-02,874
OG-900174,FD-9174,2024-06-02 10:00:00,1754658000,180,unknown,CR-01,500
OG-900132,FD-9132,2025-03-01 10:00:00,2025-04-09 13:00:00,180,unknown,CR-01,500
OG-001969,FD-014,2025-10-20 22:45:00,2025-10-21 00:39:00,114,storm damage,CR-12,1457
OG-002481,FD-028,2026-06-15 21:30:00,2026-06-15 21:38:00,8,storm damage,CR-17,3792
OG-000442,FD-026,2024-06-28 21:00:00,2024-06-28 21:08:00,8 min,unknown,CR-17,1812
OG-000284,FD-024,2024-05-15 15:00:00,2024-05-15 17:24:00,144,pole collapse,CR-13,759
OG-001457,FD-036,2025-06-26 05:30:00,2025-06-26 05:38:00,8,vegetation contact,CR-02,235
OG-001558,FD-015,2025-07-20 07:45:00,2025-07-20 12:29:00,284,vegetation contact,CR-03,591
OG-002325,FD-009,02/05/2026 15:15,2026-05-02 15:23:00,8,pole collapse,CR-09,2767
OG-001353,FD-010,2025-05-23 12:45:00,23/05/2025 16:33,228,lightning strike,CR-06,388
OG-002467,FD-028,2026-06-11 00:45:00,1781148540,164,pole collapse,CR-11,4048
OG-002147,FD-007,2026-02-26 22:00:00,2026-02-26 23:42:00,102,unknown,CR-07,347
OG-000179,FD-036,12/04/2024 05:00,2024-04-12 05:08:00,8,equipment failure,CR-12,1798
OG-002498,FD-025,2026-06-19 22:15:00,1781922900,260,pole collapse,CR-18,3019
OG-001976,FD-025,2025-10-22 07:00:00,1761125880,158,cable theft,CR-17,375
OG-002082,FD-031,2025-12-23 11:45:00,2025-12-23 15:42:00,237,pole collapse,CR-05,296
OG-900126,FD-9126,21/09/2024 10:00,2025-02-04 13:00:00,180,unknown,CR-01,500
OG-001433,FD-035,2025-06-17 01:30:00,17/06/2025 01:58,28,lightning strike,CR-09,347
OG-000838,FD-006,2024-09-18 14:30:00,2024-09-18 19:00:00,270,storm damage,CR-12,860
OG-900181,FD-9181,23/10/2025 10:00,2025-04-22 13:00:00,180,unknown,CR-01,500
OG-002052,FD-006,1764623700,2025-12-02 02:09:00,294,overload,CR-07,1593
OG-000839,FD-005,2024-09-19 03:00:00,2024-09-19 04:47:00,107 min,cable theft,CR-14,6831
OG-001646,FD-015,2025-08-10 19:00:00,2025-08-10 19:08:00,8,pole collapse,CR-01,588
OG-002384,FD-024,2026-05-20 07:30:00,20/05/2026 11:19,229,storm damage,CR-09,1262
OG-000303,FD-023,2024-05-21 10:45:00,2024-05-21 14:59:00,254,storm damage,CR-11,2226
OG-000147,FD-008,2024-04-01 00:45:00,2024-04-01 03:15:00,150 min,vegetation contact,CR-02,3594
OG-000408,FD-022,2024-06-20 21:45:00,2024-06-21 01:11:00,206,storm damage,CR-17,942
OG-001698,FD-011,2025-08-19 07:15:00,1755592560,81,equipment failure,CR-07,7333
OG-001990,FD-025,26/10/2025 19:30,1761515040,134 min,storm damage,CR-15,2733
OG-000315,FD-006,2024-05-24 16:15:00,2024-05-24 16:43:00,28,lightning strike,CR-14,3763
OG-900070,FD-970,2025-01-06 10:00:00,28/03/2025 13:00,180,unknown,CR-01,500
OG-000793,FD-026,1725859800,2024-09-09 09:50:00,260,vegetation contact,CR-10,2603
OG-900093,FD-993,2024-12-18 10:00:00,2025-07-04 13:00:00,180,unknown,CR-01,500
OG-001323,FD-021,2025-05-15 13:15:00,2025-05-15 13:35:00,20,cable theft,CR-10,3199
OG-000886,FD-027,2024-09-27 06:45:00,2024-09-27 08:11:00,86,lightning strike,CR-08,39
OG-900222,FD-9222,2025-07-02 10:00:00,2025-12-05 13:00:00,180,unknown,CR-01,500
OG-000317,FD-009,2024-05-24 07:00:00,2024-05-24 10:48:00,228,storm damage,CR-05,3224
OG-001412,FD-029,2025-06-12 00:30:00,2025-06-12 03:45:00,195,storm damage,CR-14,1481
OG-000539,FD-020,2024-07-20 19:00:00,1721511240,154,lightning strike,CR-18,2376
OG-000583,FD-007,2024-07-31 09:45:00,2024-07-31 11:47:00,122,unknown,CR-12,1136
OG-002290,FD-016,2026-04-21 03:00:00,2026-04-21 09:46:00,406,vegetation contact,CR-04,1951
OG-900342,FD-9342,2025-04-03 10:00:00,22/11/2025 13:00,180,unknown,CR-01,500
OG-001144,FD-012,2025-03-13 05:15:00,13/03/2025 07:20,125,planned maintenance,CR-12,667
OG-002025,FD-002,2025-11-10 11:15:00,2025-11-10 14:47:00,212,pole collapse,CR-14,751
OG-002350,FD-036,2026-05-08 19:15:00,08/05/2026 22:06,171,pole collapse,CR-10,383
OG-001646,FD-015,2025-08-10 19:00:00,2025-08-10 19:08:00,8,pole collapse,CR-01,588
OG-000984,FD-006,27/10/2024 04:15,27/10/2024 06:47,152,EQUIPMENT FAILURE,CR-06,3295
OG-000602,FD-012,2024-08-04 19:30:00,2024-08-04 21:47:00,137,equipment failure,CR-10,111
OG-002028,FD-015,2025-11-12 01:45:00,2025-11-12 07:13:00,328,vegetation contact,CR-02,197
OG-002198,FD-013,2026-03-16 12:00:00,2026-03-16 12:08:00,8,transformer fault,CR-09,4070
OG-002323,FD-006,2026-05-02 04:45:00,1777717140,334,vegetation contact,CR-08,5606
OG-001299,FD-022,2025-05-10 00:45:00,1746845220,122,unknown,CR-08,756
OG-000718,FD-005,2024-08-26 05:15:00,2024-08-26 09:04:00,229 min,storm damage,CR-01,532
OG-002349,FD-021,1778243400,2026-05-08 14:07:00,97,lightning strike,,1814
OG-000259,FD-007,2024-05-08 05:30:00,08/05/2024 07:38,128,unknown,,902
OG-000529,FD-025,18/07/2024 01:45,2024-07-18 04:20:00,155,planned maintenance,CR-15,657
OG-001573,FD-016,1753326000,2025-07-24 06:10:00,190,pole collapse,CR-12,899
OG-001614,FD-013,04/08/2025 17:45,2025-08-04 18:09:00,24,unknown,CR-03,1617
OG-002006,FD-028,2025-10-30 23:15:00,2025-10-31 03:43:00,268,vegetation contact,CR-08,6278
OG-001594,FD-010,30/07/2025 10:30,2025-07-30 13:34:00,184,lightning strike,CR-05,372
OG-000618,FD-036,2024-08-07 09:00:00,2024-08-07 09:27:00,27,transformer fault,CR-18,3673
OG-001780,FD-019,2025-09-05 06:30:00,1757062440,144,equipment failure,CR-07,1474
OG-001874,FD-030,2025-09-26 11:15:00,2025-09-26 12:25:00,70,planned maintenance,CR-01,5854
OG-900166,FD-9166,2024-12-01 10:00:00,2025-07-12 13:00:00,180,unknown,CR-01,500
OG-001402,FD-005,2025-06-08 00:30:00,2025-06-08 02:49:00,139,storm damage,CR-07,2991
OG-002479,FD-034,2026-06-14 15:15:00,2026-06-14 19:16:00,241,storm damage,CR-02,650
OG-002117,FD-033,2026-02-08 21:00:00,08/02/2026 22:53,113,equipment failure,CR-01,587
OG-000257,FD-001,08/05/2024 12:00,08/05/2024 15:21,201,pole collapse,CR-13,3640
OG-000928,FD-010,1728344700,2024-10-08 03:03:00,198,storm damage,CR-03,282
OG-000184,FD-023,2024-04-14 06:45:00,2024-04-14 09:50:00,185,storm damage,CR-04,419
OG-000262,FD-020,2024-05-09 03:15:00,2024-05-09 05:15:00,120,lightning strike,CR-04,2903
OG-900007,FD-907,2025-04-12 10:00:00,2025-12-08 13:00:00,180,unknown,CR-01,500
OG-001834,FD-026,17/09/2025 09:30,2025-09-17 11:41:00,131 min,lightning strike,CR-15,3294
OG-001524,FD-037,2025-07-12 23:30:00,2025-07-13 02:47:00,197,pole collapse,CR-16,1733
OG-000810,FD-009,2024-09-13 05:30:00,2024-09-13 09:18:00,228,storm damage,CR-02,3850
OG-002125,FD-032,2026-02-14 13:30:00,2026-02-14 13:38:00,8,pole collapse,CR-07,1073
OG-001371,FD-029,2025-05-30 04:45:00,2025-05-30 10:38:00,353,storm damage,CR-17,2657
OG-001264,FD-030,2025-04-28 14:30:00,2025-04-28 17:43:00,193,lightning strike,CR-12,3996
OG-000276,FD-032,2024-05-13 16:00:00,2024-05-13 22:30:00,390,storm damage,CR-02,2266
OG-000503,FD-016,2024-07-11 15:00:00,2024-07-11 18:36:00,216,vegetation contact,CR-07,1401
OG-001791,FD-029,2025-09-08 04:15:00,1757329740,414,storm damage,CR-01,2258
OG-001281,FD-022,2025-05-05 01:30:00,2025-05-05 02:56:00,86,lightning strike,CR-17,88
OG-000229,FD-001,2024-04-30 02:15:00,30/04/2024 06:15,240,unknown,,2923
OG-002486,FD-001,2026-06-16 03:00:00,2026-06-16 06:40:00,220,pole collapse,CR-05,608
OG-001563,FD-030,2025-07-21 10:30:00,2025-07-21 15:29:00,299,lightning strike,CR-09,1701
OG-000253,FD-003,1715070600,07/05/2024 10:13,103,equipment failure,CR-06,321
OG-001387,FD-006,1749008700,2025-06-04 04:11:00,26,vegetation contact,CR-10,4937
OG-001012,FD-027,2024-11-13 20:15:00,2024-11-13 21:24:00,69,TRANSFORMER FAULT,CR-16,132
OG-001344,FD-002,21/05/2025 04:45,2025-05-21 10:36:00,351,lightning strike,CR-14,5603
OG-900080,FD-980,2025-01-17 10:00:00,10/10/2025 13:00,180,unknown,CR-01,500
OG-001937,FD-034,2025-10-12 09:45:00,12/10/2025 12:05,140,lightning strike,CR-14,611
OG-000105,FD-018,2024-03-15 04:00:00,15/03/2024 07:52,232,vegetation contact,CR-02,4019
OG-000924,FD-011,2024-10-06 01:30:00,2024-10-06 01:38:00,8,equipment failure,CR-06,1253
OG-000342,FD-032,01/06/2024 15:00,01/06/2024 16:58,118,vegetation contact,CR-11,2344
OG-000260,FD-036,1715268600,2024-05-09 19:15:00,225,storm damage,,3949
OG-000329,FD-003,2024-05-29 05:00:00,2024-05-29 05:57:00,57,vegetation contact,,3123
OG-001622,FD-005,2025-08-05 17:30:00,2025-08-05 19:20:00,110,transformer fault,CR-03,7353
OG-001559,FD-005,2025-07-21 19:30:00,2025-07-21 20:27:00,57 min,equipment failure,CR-03,2629
OG-900128,FD-9128,2025-02-15 10:00:00,11/11/2025 13:00,180,unknown,CR-01,500
OG-000256,FD-037,2024-05-08 07:15:00,2024-05-08 08:26:00,71,overload,CR-17,2053
OG-000126,FD-001,2024-03-23 20:30:00,23/03/2024 22:15,105,transformer fault,CR-10,6971
OG-001157,FD-023,2025-03-18 13:15:00,2025-03-18 17:27:00,252 min,transformer fault,CR-17,1721
OG-001244,FD-018,2025-04-21 03:45:00,2025-04-21 06:42:00,177,pole collapse,CR-05,982
OG-000135,FD-002,2024-03-27 13:00:00,2024-03-27 14:20:00,80,cable theft,CR-14,5097
OG-000748,FD-015,2024-09-01 23:15:00,2024-09-02 01:26:00,131,vegetation contact,CR-11,948
OG-900133,FD-9133,2024-09-27 10:00:00,2025-12-01 13:00:00,180,unknown,CR-01,500
OG-001216,FD-022,2025-04-12 21:15:00,2025-04-12 23:56:00,161,lightning strike,CR-12,203
OG-000807,FD-014,2024-09-12 23:00:00,2024-09-13 03:05:00,245,overload,CR-10,5561
OG-000077,FD-029,1709551800,2024-03-04 15:31:00,241,vegetation contact,CR-08,129
OG-900264,FD-9264,2024-11-01 10:00:00,2025-04-28 13:00:00,180,unknown,CR-01,500
OG-002428,FD-003,2026-05-29 04:00:00,2026-05-29 05:24:00,84,pole collapse,CR-14,3344
OG-001496,FD-023,2025-07-06 04:45:00,2025-07-06 10:39:00,354,storm damage,CR-13,1758
OG-900136,FD-9136,2024-04-18 10:00:00,2025-12-06 13:00:00,180,unknown,CR-01,500
OG-000249,FD-016,2024-05-06 12:00:00,2024-05-06 15:36:00,216,pole collapse,CR-07,2614
OG-002041,FD-037,2025-11-18 10:00:00,2025-11-18 13:57:00,237,transformer fault,,3327
OG-900343,FD-9343,2024-12-11 10:00:00,08/01/2025 13:00,180,unknown,CR-01,500
OG-002258,FD-010,2026-04-10 16:15:00,2026-04-10 19:14:00,179,equipment failure,CR-17,53
OG-001124,FD-033,2025-03-03 22:45:00,2025-03-04 00:50:00,125,vegetation contact,CR-03,247
OG-900149,FD-9149,04/09/2024 10:00,2025-10-06 13:00:00,180,unknown,CR-01,500
OG-002004,FD-016,2025-10-29 17:30:00,2025-10-29 21:55:00,265,pole collapse,CR-15,492
OG-002184,FD-021,10/03/2026 08:30,2026-03-10 12:08:00,218,vegetation contact,CR-07,2695
OG-002275,FD-017,2026-04-15 17:00:00,2026-04-15 17:37:00,37,storm damage,CR-14,2681
OG-001839,FD-009,18/09/2025 05:00,2025-09-18 08:27:00,207,storm damage,CR-14,3715
OG-001801,FD-024,2025-09-10 12:30:00,10/09/2025 16:00,210,vegetation contact,CR-15,568
OG-000368,FD-001,2024-06-08 18:45:00,2024-06-08 22:12:00,207,overload,CR-05,4899
OG-000754,FD-020,02/09/2024 13:15,2024-09-02 16:13:00,178,storm damage,CR-16,3107
OG-001297,FD-016,2025-05-09 09:15:00,2025-05-09 13:33:00,258,pole collapse,CR-09,1667
OG-001183,FD-002,1743196500,1743199620,52,equipment failure,CR-02,4150
OG-000428,FD-004,2024-06-24 21:45:00,25/06/2024 01:13,208,unknown,CR-04,1427
OG-001252,FD-020,2025-04-24 21:00:00,2025-04-24 23:07:00,127,pole collapse,CR-05,3190
OG-001291,FD-036,2025-05-07 08:15:00,1746622260,276,vegetation contact,CR-01,3296
OG-900097,FD-997,2025-07-23 10:00:00,2025-10-04 13:00:00,180,unknown,CR-01,500
OG-000579,FD-031,2024-07-30 23:45:00,2024-07-31 00:48:00,63,planned maintenance,CR-18,921
OG-001155,FD-029,2025-03-18 11:30:00,2025-03-18 13:32:00,122,planned maintenance,CR-05,1514
OG-001182,FD-001,2025-03-28 20:45:00,28/03/2025 23:54,189,overload,CR-16,152
OG-001443,FD-025,22/06/2025 20:00,2025-06-22 20:34:00,34,transformer fault,,2068
OG-001530,FD-028,14/07/2025 07:45,2025-07-14 11:22:00,217,vegetation contact,CR-08,2220
OG-000106,FD-025,2024-03-16 10:15:00,2024-03-16 11:57:00,102,equipment failure,CR-14,121
OG-001158,FD-014,19/03/2025 01:30,2025-03-19 04:51:00,201,vegetation contact,CR-08,1638
OG-900023,FD-923,19/09/2024 10:00,2025-10-21 13:00:00,180,unknown,CR-01,500
OG-002445,FD-010,2026-06-03 12:45:00,1780504620,232,lightning strike,CR-17,322
OG-002177,FD-028,1772901900,2026-03-07 20:57:00,252,transformer fault,CR-18,4405
OG-000513,FD-018,2024-07-14 01:45:00,2024-07-14 05:16:00,211,planned maintenance,CR-04,1629
OG-001294,FD-022,2025-05-08 03:30:00,2025-05-08 05:20:00,110,pole collapse,CR-18,635
OG-000322,FD-015,2024-05-26 03:45:00,26/05/2024 09:04,319,lightning strike,CR-08,223
OG-000866,FD-011,2024-09-24 12:00:00,2024-09-24 16:47:00,287,lightning strike,CR-09,2787
OG-900335,FD-9335,2024-09-07 10:00:00,2025-02-03 13:00:00,180,unknown,CR-01,500
OG-002103,FD-029,1768984200,2026-01-21 09:14:00,44,cable theft,CR-06,937
OG-001838,FD-031,2025-09-18 17:30:00,2025-09-18 21:08:00,218,storm damage,CR-03,1813
OG-000723,FD-021,2024-08-27 21:30:00,2024-08-28 00:07:00,157,vegetation contact,CR-02,898
OG-002228,FD-033,1775025900,2026-04-01 08:30:00,105,planned maintenance,CR-04,1390
OG-900086,FD-986,2025-04-14 10:00:00,24/03/2025 13:00,180,unknown,CR-01,500
OG-000093,FD-021,2024-03-10 23:15:00,2024-03-11 00:33:00,78,EQUIPMENT FAILURE,,2810
OG-001438,FD-006,2025-06-20 20:30:00,1750461240,164,storm damage,CR-13,1329
OG-000117,FD-028,2024-03-21 01:30:00,1711000140,259,cable theft,CR-11,779
OG-000070,FD-027,1709289900,1709293560,61,overload,CR-03,2476
OG-000585,FD-012,31/07/2024 12:15,2024-07-31 15:24:00,189 min,storm damage,CR-14,561
OG-001077,FD-031,2025-01-12 18:15:00,2025-01-12 21:29:00,194,vegetation contact,CR-07,1053
OG-002142,FD-001,2026-02-24 14:15:00,24/02/2026 14:23,8,equipment failure,CR-15,5813
OG-001687,FD-012,2025-08-18 09:15:00,2025-08-18 15:25:00,370,vegetation contact,CR-17,1262
OG-900037,FD-937,2024-10-25 10:00:00,2025-04-01 13:00:00,180,unknown,CR-01,500
OG-001595,FD-026,2025-07-30 11:15:00,2025-07-30 12:58:00,103,vegetation contact,CR-07,3587
OG-000720,FD-005,2024-08-27 12:30:00,2024-08-27 13:02:00,32,unknown,CR-08,1584
OG-000804,FD-034,2024-09-11 03:45:00,2024-09-11 08:30:00,285,equipment failure,CR-15,1029
OG-002200,FD-010,1773864000,18/03/2026 21:31,91,lightning strike,CR-06,150
OG-001610,FD-004,1754253000,2025-08-03 23:27:00,177,vegetation contact,CR-12,2571
OG-002102,FD-019,2026-01-18 21:15:00,2026-01-19 00:30:00,195,storm damage,CR-18,2960
OG-001794,FD-003,2025-09-09 08:45:00,2025-09-09 10:37:00,112 min,pole collapse,CR-16,4628
OG-900280,FD-9280,2025-12-11 10:00:00,2025-12-09 13:00:00,180,unknown,CR-01,500
OG-001181,FD-021,28/03/2025 09:45,2025-03-28 10:28:00,43,transformer fault,CR-09,2242
OG-002241,FD-035,04/04/2026 07:15,2026-04-04 12:49:00,334,storm damage,CR-04,958
OG-001729,FD-027,26/08/2025 01:00,2025-08-26 03:37:00,157,lightning strike,CR-11,1658
OG-000820,FD-028,14/09/2024 06:00,2024-09-14 10:37:00,277 min,planned maintenance,CR-06,871
OG-000015,FD-031,2024-01-12 16:00:00,2024-01-12 20:58:00,298,pole collapse,CR-13,1699
OG-900180,FD-9180,2024-04-14 10:00:00,04/01/2025 13:00,180,unknown,CR-01,500
OG-900318,FD-9318,2025-07-24 10:00:00,2025-07-04 13:00:00,180,unknown,CR-01,500
OG-001799,FD-015,2025-09-10 09:15:00,2025-09-10 13:02:00,227,planned maintenance,CR-03,795
OG-001239,FD-016,2025-04-20 13:30:00,2025-04-20 16:51:00,201,storm damage,CR-15,2409
